sample_mono_ns,scope,account_index,role,tid,user_cpu_ns,system_cpu_ns,voluntary_context_switches,nonvoluntary_context_switches
7339437433662094,process,-1,process,91,330000000,1350000000,1,2
7339437433662094,thread,-1,producer,91,10000000,40000000,1,2
7339437433662094,thread,-1,sampler,108,0,0,1,0
7339437433662094,thread,0,account_worker,104,0,20000000,0,45092
7339437433662094,thread,0,trader_callback,92,30000000,100000000,0,0
7339437433662094,thread,0,trace_writer,93,10000000,110000000,0,0
7339437433662094,thread,0,latency_writer,94,40000000,80000000,0,2
7339437433662094,thread,1,account_worker,105,0,30000000,0,48136
7339437433662094,thread,1,trader_callback,95,10000000,110000000,0,3
7339437433662094,thread,1,trace_writer,96,20000000,90000000,0,5
7339437433662094,thread,1,latency_writer,97,20000000,90000000,0,1
7339437433662094,thread,2,account_worker,106,0,20000000,0,50032
7339437433662094,thread,2,trader_callback,98,10000000,90000000,0,6
7339437433662094,thread,2,trace_writer,99,10000000,100000000,0,2
7339437433662094,thread,2,latency_writer,100,10000000,90000000,0,5
7339437433662094,thread,3,account_worker,107,20000000,70000000,0,7
7339437433662094,thread,3,trader_callback,101,10000000,90000000,0,3
7339437433662094,thread,3,trace_writer,102,20000000,70000000,0,0
7339437433662094,thread,3,latency_writer,103,20000000,60000000,0,0
7339437534462172,process,-1,process,91,620000000,2530000000,2,2
7339437534462172,thread,-1,producer,91,10000000,40000000,2,2
7339437534462172,thread,-1,sampler,108,0,0,2,0
7339437534462172,thread,0,account_worker,104,20000000,80000000,0,59958
7339437534462172,thread,0,trader_callback,92,60000000,170000000,0,0
7339437534462172,thread,0,trace_writer,93,30000000,190000000,0,0
7339437534462172,thread,0,latency_writer,94,60000000,160000000,0,3
7339437534462172,thread,1,account_worker,105,10000000,60000000,0,117375
7339437534462172,thread,1,trader_callback,95,40000000,190000000,0,3
7339437534462172,thread,1,trace_writer,96,30000000,190000000,0,7
7339437534462172,thread,1,latency_writer,97,50000000,170000000,0,2
7339437534462172,thread,2,account_worker,106,20000000,50000000,0,119400
7339437534462172,thread,2,trader_callback,98,20000000,180000000,0,13
7339437534462172,thread,2,trace_writer,99,30000000,170000000,0,5
7339437534462172,thread,2,latency_writer,100,20000000,180000000,0,13
7339437534462172,thread,3,account_worker,107,60000000,140000000,0,10
7339437534462172,thread,3,trader_callback,101,20000000,180000000,0,4
7339437534462172,thread,3,trace_writer,102,30000000,160000000,0,0
7339437534462172,thread,3,latency_writer,103,40000000,140000000,0,0
7339437635008500,process,-1,process,91,960000000,3700000000,102,2
7339437635008500,thread,-1,producer,91,10000000,40000000,102,2
7339437635008500,thread,-1,sampler,108,0,0,3,0
7339437635008500,thread,0,account_worker,104,50000000,150000000,0,59958
7339437635008500,thread,0,trader_callback,92,80000000,260000000,0,0
7339437635008500,thread,0,trace_writer,93,60000000,260000000,0,0
7339437635008500,thread,0,latency_writer,94,80000000,250000000,0,3
7339437635008500,thread,1,account_worker,105,40000000,80000000,0,186776
7339437635008500,thread,1,trader_callback,95,40000000,280000000,0,7
7339437635008500,thread,1,trace_writer,96,40000000,270000000,0,8
7339437635008500,thread,1,latency_writer,97,50000000,260000000,0,4
7339437635008500,thread,2,account_worker,106,30000000,90000000,0,188798
7339437635008500,thread,2,trader_callback,98,50000000,260000000,0,19
7339437635008500,thread,2,trace_writer,99,50000000,260000000,0,12
7339437635008500,thread,2,latency_writer,100,40000000,260000000,0,17
7339437635008500,thread,3,account_worker,107,110000000,180000000,0,11
7339437635008500,thread,3,trader_callback,101,40000000,260000000,0,6
7339437635008500,thread,3,trace_writer,102,50000000,240000000,0,3
7339437635008500,thread,3,latency_writer,103,50000000,230000000,0,0
7339437735573586,process,-1,process,91,1220000000,4950000000,202,2
7339437735573586,thread,-1,producer,91,10000000,40000000,202,2
7339437735573586,thread,-1,sampler,108,0,0,4,0
7339437735573586,thread,0,account_worker,104,90000000,220000000,0,59958
7339437735573586,thread,0,trader_callback,92,90000000,350000000,0,0
7339437735573586,thread,0,trace_writer,93,90000000,340000000,0,0
7339437735573586,thread,0,latency_writer,94,100000000,330000000,0,3
7339437735573586,thread,1,account_worker,105,50000000,120000000,0,255736
7339437735573586,thread,1,trader_callback,95,60000000,370000000,0,10
7339437735573586,thread,1,trace_writer,96,50000000,370000000,0,13
7339437735573586,thread,1,latency_writer,97,80000000,340000000,0,8
7339437735573586,thread,2,account_worker,106,40000000,130000000,0,257756
7339437735573586,thread,2,trader_callback,98,60000000,350000000,0,19
7339437735573586,thread,2,trace_writer,99,70000000,340000000,0,15
7339437735573586,thread,2,latency_writer,100,40000000,360000000,0,29
7339437735573586,thread,3,account_worker,107,160000000,240000000,0,11
7339437735573586,thread,3,trader_callback,101,50000000,350000000,0,12
7339437735573586,thread,3,trace_writer,102,60000000,330000000,0,3
7339437735573586,thread,3,latency_writer,103,60000000,310000000,0,0
7339437836128906,process,-1,process,91,1540000000,6140000000,303,2
7339437836128906,thread,-1,producer,91,10000000,40000000,303,2
7339437836128906,thread,-1,sampler,108,0,0,5,0
7339437836128906,thread,0,account_worker,104,130000000,280000000,0,59958
7339437836128906,thread,0,trader_callback,92,110000000,430000000,0,0
7339437836128906,thread,0,trace_writer,93,110000000,420000000,0,0
7339437836128906,thread,0,latency_writer,94,120000000,410000000,0,4
7339437836128906,thread,1,account_worker,105,60000000,160000000,0,326224
7339437836128906,thread,1,trader_callback,95,60000000,460000000,0,11
7339437836128906,thread,1,trace_writer,96,60000000,450000000,0,18
7339437836128906,thread,1,latency_writer,97,80000000,430000000,0,13
7339437836128906,thread,2,account_worker,106,50000000,170000000,0,328250
7339437836128906,thread,2,trader_callback,98,80000000,430000000,0,26
7339437836128906,thread,2,trace_writer,99,90000000,410000000,0,15
7339437836128906,thread,2,latency_writer,100,50000000,450000000,0,43
7339437836128906,thread,3,account_worker,107,190000000,300000000,0,11
7339437836128906,thread,3,trader_callback,101,90000000,420000000,0,14
7339437836128906,thread,3,trace_writer,102,80000000,410000000,0,6
7339437836128906,thread,3,latency_writer,103,80000000,400000000,0,0
7339437936693069,process,-1,process,91,1810000000,7370000000,398,2
7339437936693069,thread,-1,producer,91,10000000,40000000,398,2
7339437936693069,thread,-1,sampler,108,0,0,6,0
7339437936693069,thread,0,account_worker,104,160000000,350000000,0,59958
7339437936693069,thread,0,trader_callback,92,130000000,510000000,0,0
7339437936693069,thread,0,trace_writer,93,130000000,500000000,0,1
7339437936693069,thread,0,latency_writer,94,150000000,480000000,0,4
7339437936693069,thread,1,account_worker,105,80000000,190000000,0,389085
7339437936693069,thread,1,trader_callback,95,80000000,550000000,0,13
7339437936693069,thread,1,trace_writer,96,70000000,540000000,0,19
7339437936693069,thread,1,latency_writer,97,90000000,530000000,0,14
7339437936693069,thread,2,account_worker,106,70000000,200000000,0,391110
7339437936693069,thread,2,trader_callback,98,90000000,520000000,0,29
7339437936693069,thread,2,trace_writer,99,110000000,500000000,0,21
7339437936693069,thread,2,latency_writer,100,70000000,530000000,0,49
7339437936693069,thread,3,account_worker,107,230000000,370000000,0,11
7339437936693069,thread,3,trader_callback,101,90000000,510000000,0,16
7339437936693069,thread,3,trace_writer,102,100000000,500000000,0,7
7339437936693069,thread,3,latency_writer,103,90000000,490000000,0,0
7339438037258988,process,-1,process,91,2110000000,8580000000,499,2
7339438037258988,thread,-1,producer,91,10000000,40000000,499,2
7339438037258988,thread,-1,sampler,108,0,0,7,0
7339438037258988,thread,0,account_worker,104,190000000,420000000,0,59958
7339438037258988,thread,0,trader_callback,92,140000000,600000000,0,0
7339438037258988,thread,0,trace_writer,93,150000000,580000000,0,1
7339438037258988,thread,0,latency_writer,94,160000000,570000000,0,6
7339438037258988,thread,1,account_worker,105,90000000,230000000,0,448896
7339438037258988,thread,1,trader_callback,95,90000000,640000000,0,13
7339438037258988,thread,1,trace_writer,96,80000000,630000000,1,20
7339438037258988,thread,1,latency_writer,97,100000000,620000000,0,17
7339438037258988,thread,2,account_worker,106,90000000,230000000,0,450913
7339438037258988,thread,2,trader_callback,98,100000000,610000000,0,35
7339438037258988,thread,2,trace_writer,99,120000000,590000000,0,22
7339438037258988,thread,2,latency_writer,100,80000000,620000000,0,53
7339438037258988,thread,3,account_worker,107,280000000,410000000,0,11
7339438037258988,thread,3,trader_callback,101,110000000,590000000,0,22
7339438037258988,thread,3,trace_writer,102,130000000,560000000,0,8
7339438037258988,thread,3,latency_writer,103,120000000,560000000,0,1
7339438137837843,process,-1,process,91,2380000000,9770000000,599,2
7339438137837843,thread,-1,producer,91,10000000,40000000,599,2
7339438137837843,thread,-1,sampler,108,0,0,8,0
7339438137837843,thread,0,account_worker,104,230000000,480000000,0,59958
7339438137837843,thread,0,trader_callback,92,150000000,690000000,0,2
7339438137837843,thread,0,trace_writer,93,170000000,660000000,0,2
7339438137837843,thread,0,latency_writer,94,170000000,660000000,0,7
7339438137837843,thread,1,account_worker,105,100000000,270000000,0,516380
7339438137837843,thread,1,trader_callback,95,100000000,720000000,0,14
7339438137837843,thread,1,trace_writer,96,100000000,720000000,1,23
7339438137837843,thread,1,latency_writer,97,130000000,690000000,0,20
7339438137837843,thread,2,account_worker,106,90000000,280000000,0,518404
7339438137837843,thread,2,trader_callback,98,110000000,700000000,0,42
7339438137837843,thread,2,trace_writer,99,130000000,680000000,0,25
7339438137837843,thread,2,latency_writer,100,100000000,680000000,0,26662
7339438137837843,thread,3,account_worker,107,320000000,470000000,0,12
7339438137837843,thread,3,trader_callback,101,110000000,660000000,0,26651
7339438137837843,thread,3,trace_writer,102,150000000,650000000,0,8
7339438137837843,thread,3,latency_writer,103,130000000,650000000,0,1
7339438238377818,process,-1,process,91,2670000000,10890000000,700,2
7339438238377818,thread,-1,producer,91,10000000,40000000,700,2
7339438238377818,thread,-1,sampler,108,0,0,9,0
7339438238377818,thread,0,account_worker,104,270000000,530000000,0,59959
7339438238377818,thread,0,trader_callback,92,160000000,780000000,0,2
7339438238377818,thread,0,trace_writer,93,190000000,740000000,0,2
7339438238377818,thread,0,latency_writer,94,190000000,740000000,0,7
7339438238377818,thread,1,account_worker,105,110000000,310000000,0,584068
7339438238377818,thread,1,trader_callback,95,110000000,820000000,0,15
7339438238377818,thread,1,trace_writer,96,100000000,810000000,1,24
7339438238377818,thread,1,latency_writer,97,150000000,760000000,0,21
7339438238377818,thread,2,account_worker,106,100000000,320000000,0,586089
7339438238377818,thread,2,trader_callback,98,130000000,780000000,0,45
7339438238377818,thread,2,trace_writer,99,140000000,760000000,0,25
7339438238377818,thread,2,latency_writer,100,110000000,720000000,0,79549
7339438238377818,thread,3,account_worker,107,380000000,520000000,0,12
7339438238377818,thread,3,trader_callback,101,120000000,710000000,0,79541
7339438238377818,thread,3,trace_writer,102,160000000,740000000,0,12
7339438238377818,thread,3,latency_writer,103,160000000,730000000,0,1
7339438338947056,process,-1,process,91,2910000000,12060000000,801,2
7339438338947056,thread,-1,producer,91,10000000,40000000,801,2
7339438338947056,thread,-1,sampler,108,0,0,10,0
7339438338947056,thread,0,account_worker,104,310000000,600000000,0,59959
7339438338947056,thread,0,trader_callback,92,180000000,870000000,0,2
7339438338947056,thread,0,trace_writer,93,200000000,830000000,0,2
7339438338947056,thread,0,latency_writer,94,200000000,830000000,0,7
7339438338947056,thread,1,account_worker,105,120000000,350000000,0,650972
7339438338947056,thread,1,trader_callback,95,120000000,910000000,0,16
7339438338947056,thread,1,trace_writer,96,120000000,880000000,1,26950
7339438338947056,thread,1,latency_writer,97,170000000,850000000,0,24
7339438338947056,thread,2,account_worker,106,110000000,360000000,0,652995
7339438338947056,thread,2,trader_callback,98,150000000,870000000,0,51
7339438338947056,thread,2,trace_writer,99,160000000,850000000,0,28
7339438338947056,thread,2,latency_writer,100,120000000,780000000,0,112519
7339438338947056,thread,3,account_worker,107,410000000,580000000,0,12
7339438338947056,thread,3,trader_callback,101,130000000,750000000,0,139543
7339438338947056,thread,3,trace_writer,102,170000000,830000000,0,13
7339438338947056,thread,3,latency_writer,103,170000000,810000000,0,1
7339438439540915,process,-1,process,91,3210000000,13170000000,901,2
7339438439540915,thread,-1,producer,91,10000000,40000000,901,2
7339438439540915,thread,-1,sampler,108,0,0,11,0
7339438439540915,thread,0,account_worker,104,310000000,670000000,0,102702
7339438439540915,thread,0,trader_callback,92,200000000,940000000,0,2
7339438439540915,thread,0,trace_writer,93,220000000,910000000,0,3
7339438439540915,thread,0,latency_writer,94,240000000,900000000,0,7
7339438439540915,thread,1,account_worker,105,140000000,380000000,0,719565
7339438439540915,thread,1,trader_callback,95,140000000,990000000,0,17
7339438439540915,thread,1,trace_writer,96,130000000,950000000,1,64632
7339438439540915,thread,1,latency_writer,97,200000000,920000000,0,27
7339438439540915,thread,2,account_worker,106,130000000,390000000,0,721586
7339438439540915,thread,2,trader_callback,98,160000000,950000000,0,55
7339438439540915,thread,2,trace_writer,99,170000000,940000000,0,28
7339438439540915,thread,2,latency_writer,100,130000000,860000000,0,112522
7339438439540915,thread,3,account_worker,107,440000000,660000000,0,12
7339438439540915,thread,3,trader_callback,101,150000000,780000000,0,220057
7339438439540915,thread,3,trace_writer,102,190000000,910000000,0,13
7339438439540915,thread,3,latency_writer,103,190000000,900000000,0,1
7339438540144859,process,-1,process,91,3460000000,14330000000,1002,2
7339438540144859,thread,-1,producer,91,10000000,40000000,1002,2
7339438540144859,thread,-1,sampler,108,0,0,12,0
7339438540144859,thread,0,account_worker,104,330000000,700000000,0,172049
7339438540144859,thread,0,trader_callback,92,210000000,1030000000,0,3
7339438540144859,thread,0,trace_writer,93,240000000,990000000,0,4
7339438540144859,thread,0,latency_writer,94,250000000,980000000,0,7
7339438540144859,thread,1,account_worker,105,140000000,430000000,0,787510
7339438540144859,thread,1,trader_callback,95,160000000,1070000000,0,17
7339438540144859,thread,1,trace_writer,96,140000000,1040000000,1,64634
7339438540144859,thread,1,latency_writer,97,220000000,990000000,0,28
7339438540144859,thread,2,account_worker,106,140000000,440000000,0,789534
7339438540144859,thread,2,trader_callback,98,180000000,1030000000,0,62
7339438540144859,thread,2,trace_writer,99,190000000,1020000000,0,29
7339438540144859,thread,2,latency_writer,100,150000000,950000000,0,112531
7339438540144859,thread,3,account_worker,107,460000000,730000000,0,12
7339438540144859,thread,3,trader_callback,101,160000000,820000000,0,289408
7339438540144859,thread,3,trace_writer,102,190000000,1000000000,0,16
7339438540144859,thread,3,latency_writer,103,200000000,980000000,0,1
7339438640687245,process,-1,process,91,3730000000,15470000000,1102,2
7339438640687245,thread,-1,producer,91,10000000,40000000,1102,2
7339438640687245,thread,-1,sampler,108,0,0,13,0
7339438640687245,thread,0,account_worker,104,340000000,740000000,0,243478
7339438640687245,thread,0,trader_callback,92,230000000,1120000000,0,4
7339438640687245,thread,0,trace_writer,93,250000000,1080000000,0,4
7339438640687245,thread,0,latency_writer,94,260000000,1070000000,0,7
7339438640687245,thread,1,account_worker,105,160000000,460000000,0,850139
7339438640687245,thread,1,trader_callback,95,180000000,1160000000,0,17
7339438640687245,thread,1,trace_writer,96,150000000,1130000000,1,64636
7339438640687245,thread,1,latency_writer,97,250000000,1060000000,0,28
7339438640687245,thread,2,account_worker,106,150000000,470000000,0,852160
7339438640687245,thread,2,trader_callback,98,190000000,1130000000,0,69
7339438640687245,thread,2,trace_writer,99,210000000,1100000000,0,32
7339438640687245,thread,2,latency_writer,100,170000000,1030000000,0,112535
7339438640687245,thread,3,account_worker,107,510000000,790000000,0,12
7339438640687245,thread,3,trader_callback,101,170000000,860000000,0,360900
7339438640687245,thread,3,trace_writer,102,220000000,1080000000,0,16
7339438640687245,thread,3,latency_writer,103,220000000,1060000000,0,2
7339438741467047,process,-1,process,91,4070000000,16540000000,1203,2
7339438741467047,thread,-1,producer,91,10000000,40000000,1203,2
7339438741467047,thread,-1,sampler,108,0,0,14,0
7339438741467047,thread,0,account_worker,104,370000000,760000000,0,305722
7339438741467047,thread,0,trader_callback,92,260000000,1190000000,0,4
7339438741467047,thread,0,trace_writer,93,270000000,1170000000,0,4
7339438741467047,thread,0,latency_writer,94,280000000,1150000000,0,9
7339438741467047,thread,1,account_worker,105,170000000,500000000,0,893693
7339438741467047,thread,1,trader_callback,95,200000000,1230000000,0,17
7339438741467047,thread,1,trace_writer,96,160000000,1220000000,1,64637
7339438741467047,thread,1,latency_writer,97,260000000,1160000000,0,28
7339438741467047,thread,2,account_worker,106,170000000,510000000,0,895718
7339438741467047,thread,2,trader_callback,98,220000000,1190000000,0,73
7339438741467047,thread,2,trace_writer,99,220000000,1190000000,0,35
7339438741467047,thread,2,latency_writer,100,200000000,1100000000,0,112539
7339438741467047,thread,3,account_worker,107,540000000,860000000,0,13
7339438741467047,thread,3,trader_callback,101,180000000,900000000,0,423082
7339438741467047,thread,3,trace_writer,102,250000000,1150000000,0,17
7339438741467047,thread,3,latency_writer,103,240000000,1140000000,0,2
7339438842029520,process,-1,process,91,4360000000,17750000000,1302,2
7339438842029520,thread,-1,producer,91,10000000,40000000,1302,2
7339438842029520,thread,-1,sampler,108,0,0,15,1
7339438842029520,thread,0,account_worker,104,370000000,810000000,0,377669
7339438842029520,thread,0,trader_callback,92,280000000,1260000000,0,8
7339438842029520,thread,0,trace_writer,93,270000000,1260000000,0,8
7339438842029520,thread,0,latency_writer,94,290000000,1250000000,0,15
7339438842029520,thread,1,account_worker,105,200000000,570000000,0,897242
7339438842029520,thread,1,trader_callback,95,220000000,1310000000,0,22
7339438842029520,thread,1,trace_writer,96,170000000,1310000000,1,64643
7339438842029520,thread,1,latency_writer,97,270000000,1250000000,0,35
7339438842029520,thread,2,account_worker,106,210000000,570000000,0,899198
7339438842029520,thread,2,trader_callback,98,230000000,1280000000,0,80
7339438842029520,thread,2,trace_writer,99,240000000,1270000000,0,39
7339438842029520,thread,2,latency_writer,100,220000000,1170000000,0,112547
7339438842029520,thread,3,account_worker,107,580000000,920000000,0,17
7339438842029520,thread,3,trader_callback,101,190000000,940000000,0,494959
7339438842029520,thread,3,trace_writer,102,260000000,1240000000,0,28
7339438842029520,thread,3,latency_writer,103,270000000,1210000000,0,6
7339438942596592,process,-1,process,91,4770000000,18840000000,1403,2
7339438942596592,thread,-1,producer,91,10000000,50000000,1403,2
7339438942596592,thread,-1,sampler,108,0,0,16,1
7339438942596592,thread,0,account_worker,104,390000000,840000000,0,450878
7339438942596592,thread,0,trader_callback,92,290000000,1350000000,0,15
7339438942596592,thread,0,trace_writer,93,290000000,1350000000,0,15
7339438942596592,thread,0,latency_writer,94,320000000,1310000000,0,23
7339438942596592,thread,1,account_worker,105,240000000,620000000,0,897267
7339438942596592,thread,1,trader_callback,95,240000000,1400000000,0,29
7339438942596592,thread,1,trace_writer,96,180000000,1400000000,1,64658
7339438942596592,thread,1,latency_writer,97,290000000,1330000000,0,42
7339438942596592,thread,2,account_worker,106,260000000,610000000,0,899205
7339438942596592,thread,2,trader_callback,98,260000000,1360000000,0,97
7339438942596592,thread,2,trace_writer,99,280000000,1340000000,0,49
7339438942596592,thread,2,latency_writer,100,250000000,1250000000,0,112561
7339438942596592,thread,3,account_worker,107,610000000,990000000,0,28
7339438942596592,thread,3,trader_callback,101,210000000,970000000,0,568220
7339438942596592,thread,3,trace_writer,102,290000000,1310000000,0,35
7339438942596592,thread,3,latency_writer,103,300000000,1290000000,0,13
7339439043151957,process,-1,process,91,5150000000,19970000000,1503,2
7339439043151957,thread,-1,producer,91,10000000,50000000,1503,2
7339439043151957,thread,-1,sampler,108,0,0,17,1
7339439043151957,thread,0,account_worker,104,410000000,870000000,0,524004
7339439043151957,thread,0,trader_callback,92,320000000,1420000000,0,15
7339439043151957,thread,0,trace_writer,93,310000000,1420000000,0,15
7339439043151957,thread,0,latency_writer,94,350000000,1390000000,0,24
7339439043151957,thread,1,account_worker,105,300000000,670000000,0,897273
7339439043151957,thread,1,trader_callback,95,250000000,1480000000,0,29
7339439043151957,thread,1,trace_writer,96,210000000,1470000000,1,64662
7339439043151957,thread,1,latency_writer,97,310000000,1410000000,0,43
7339439043151957,thread,2,account_worker,106,290000000,690000000,0,899206
7339439043151957,thread,2,trader_callback,98,270000000,1440000000,0,99
7339439043151957,thread,2,trace_writer,99,300000000,1410000000,0,51
7339439043151957,thread,2,latency_writer,100,270000000,1330000000,0,112564
7339439043151957,thread,3,account_worker,107,650000000,1050000000,0,31
7339439043151957,thread,3,trader_callback,101,220000000,1010000000,0,641362
7339439043151957,thread,3,trace_writer,102,300000000,1400000000,0,37
7339439043151957,thread,3,latency_writer,103,310000000,1380000000,0,14
7339439143722488,process,-1,process,91,5440000000,21190000000,1600,2
7339439143722488,thread,-1,producer,91,10000000,50000000,1600,2
7339439143722488,thread,-1,sampler,108,0,0,18,1
7339439143722488,thread,0,account_worker,104,420000000,910000000,0,597864
7339439143722488,thread,0,trader_callback,92,330000000,1510000000,0,17
7339439143722488,thread,0,trace_writer,93,340000000,1500000000,0,16
7339439143722488,thread,0,latency_writer,94,370000000,1470000000,0,25
7339439143722488,thread,1,account_worker,105,320000000,750000000,0,897275
7339439143722488,thread,1,trader_callback,95,260000000,1570000000,0,30
7339439143722488,thread,1,trace_writer,96,220000000,1560000000,1,64663
7339439143722488,thread,1,latency_writer,97,320000000,1500000000,0,43
7339439143722488,thread,2,account_worker,106,310000000,760000000,0,899207
7339439143722488,thread,2,trader_callback,98,290000000,1520000000,0,103
7339439143722488,thread,2,trace_writer,99,310000000,1500000000,0,51
7339439143722488,thread,2,latency_writer,100,290000000,1410000000,0,112566
7339439143722488,thread,3,account_worker,107,670000000,1130000000,0,36
7339439143722488,thread,3,trader_callback,101,240000000,1040000000,0,715230
7339439143722488,thread,3,trace_writer,102,330000000,1470000000,0,37
7339439143722488,thread,3,latency_writer,103,320000000,1470000000,0,14
7339439244296684,process,-1,process,91,5820000000,22310000000,1701,2
7339439244296684,thread,-1,producer,91,10000000,50000000,1701,2
7339439244296684,thread,-1,sampler,108,0,0,19,1
7339439244296684,thread,0,account_worker,104,440000000,950000000,0,666147
7339439244296684,thread,0,trader_callback,92,340000000,1600000000,0,17
7339439244296684,thread,0,trace_writer,93,350000000,1580000000,0,16
7339439244296684,thread,0,latency_writer,94,400000000,1540000000,0,25
7339439244296684,thread,1,account_worker,105,370000000,800000000,0,897279
7339439244296684,thread,1,trader_callback,95,280000000,1650000000,0,31
7339439244296684,thread,1,trace_writer,96,240000000,1640000000,1,64665
7339439244296684,thread,1,latency_writer,97,350000000,1570000000,0,43
7339439244296684,thread,2,account_worker,106,360000000,810000000,0,899207
7339439244296684,thread,2,trader_callback,98,320000000,1600000000,0,103
7339439244296684,thread,2,trace_writer,99,340000000,1570000000,0,55
7339439244296684,thread,2,latency_writer,100,310000000,1480000000,0,112569
7339439244296684,thread,3,account_worker,107,710000000,1190000000,0,39
7339439244296684,thread,3,trader_callback,101,250000000,1090000000,0,783500
7339439244296684,thread,3,trace_writer,102,340000000,1560000000,0,37
7339439244296684,thread,3,latency_writer,103,340000000,1550000000,0,14
7339439344861753,process,-1,process,91,6180000000,23470000000,1796,2
7339439344861753,thread,-1,producer,91,10000000,50000000,1796,2
7339439344861753,thread,-1,sampler,108,0,0,20,1
7339439344861753,thread,0,account_worker,104,440000000,990000000,0,734938
7339439344861753,thread,0,trader_callback,92,350000000,1700000000,0,17
7339439344861753,thread,0,trace_writer,93,370000000,1660000000,0,17
7339439344861753,thread,0,latency_writer,94,410000000,1620000000,0,25
7339439344861753,thread,1,account_worker,105,410000000,850000000,0,897284
7339439344861753,thread,1,trader_callback,95,300000000,1740000000,0,31
7339439344861753,thread,1,trace_writer,96,260000000,1720000000,1,64667
7339439344861753,thread,1,latency_writer,97,370000000,1650000000,0,43
7339439344861753,thread,2,account_worker,106,410000000,860000000,0,899207
7339439344861753,thread,2,trader_callback,98,340000000,1680000000,0,106
7339439344861753,thread,2,trace_writer,99,360000000,1650000000,0,56
7339439344861753,thread,2,latency_writer,100,340000000,1550000000,0,112571
7339439344861753,thread,3,account_worker,107,750000000,1250000000,0,40
7339439344861753,thread,3,trader_callback,101,260000000,1130000000,0,852235
7339439344861753,thread,3,trace_writer,102,360000000,1640000000,0,37
7339439344861753,thread,3,latency_writer,103,360000000,1630000000,0,14
7339439445442135,process,-1,process,91,6520000000,24640000000,1886,2
7339439445442135,thread,-1,producer,91,10000000,50000000,1886,2
7339439445442135,thread,-1,sampler,108,0,0,21,1
7339439445442135,thread,0,account_worker,104,460000000,1020000000,0,804018
7339439445442135,thread,0,trader_callback,92,370000000,1780000000,0,17
7339439445442135,thread,0,trace_writer,93,400000000,1740000000,0,17
7339439445442135,thread,0,latency_writer,94,430000000,1710000000,0,26
7339439445442135,thread,1,account_worker,105,430000000,930000000,0,897292
7339439445442135,thread,1,trader_callback,95,310000000,1830000000,0,31
7339439445442135,thread,1,trace_writer,96,290000000,1790000000,1,64669
7339439445442135,thread,1,latency_writer,97,390000000,1730000000,0,43
7339439445442135,thread,2,account_worker,106,450000000,930000000,0,899207
7339439445442135,thread,2,trader_callback,98,350000000,1760000000,0,109
7339439445442135,thread,2,trace_writer,99,380000000,1730000000,0,59
7339439445442135,thread,2,latency_writer,100,360000000,1630000000,0,112576
7339439445442135,thread,3,account_worker,107,800000000,1300000000,0,41
7339439445442135,thread,3,trader_callback,101,260000000,1170000000,0,921377
7339439445442135,thread,3,trace_writer,102,380000000,1720000000,0,37
7339439445442135,thread,3,latency_writer,103,380000000,1710000000,0,14
7339439546018250,process,-1,process,91,6840000000,25810000000,1972,2
7339439546018250,thread,-1,producer,91,10000000,50000000,1972,2
7339439546018250,thread,-1,sampler,108,0,0,22,1
7339439546018250,thread,0,account_worker,104,480000000,1060000000,0,872474
7339439546018250,thread,0,trader_callback,92,380000000,1860000000,0,17
7339439546018250,thread,0,trace_writer,93,410000000,1830000000,0,17
7339439546018250,thread,0,latency_writer,94,450000000,1780000000,0,27
7339439546018250,thread,1,account_worker,105,470000000,990000000,0,897303
7339439546018250,thread,1,trader_callback,95,320000000,1910000000,0,31
7339439546018250,thread,1,trace_writer,96,310000000,1870000000,1,64670
7339439546018250,thread,1,latency_writer,97,400000000,1820000000,0,46
7339439546018250,thread,2,account_worker,106,480000000,1000000000,0,899207
7339439546018250,thread,2,trader_callback,98,390000000,1830000000,0,112
7339439546018250,thread,2,trace_writer,99,410000000,1810000000,0,63
7339439546018250,thread,2,latency_writer,100,380000000,1710000000,0,112580
7339439546018250,thread,3,account_worker,107,820000000,1380000000,0,45
7339439546018250,thread,3,trader_callback,101,270000000,1210000000,0,989915
7339439546018250,thread,3,trace_writer,102,390000000,1810000000,0,37
7339439546018250,thread,3,latency_writer,103,400000000,1790000000,0,15
7339439646761841,process,-1,process,91,7140000000,27010000000,2073,2
7339439646761841,thread,-1,producer,91,10000000,50000000,2073,2
7339439646761841,thread,-1,sampler,108,0,0,23,1
7339439646761841,thread,0,account_worker,104,480000000,1100000000,0,943474
7339439646761841,thread,0,trader_callback,92,390000000,1960000000,0,17
7339439646761841,thread,0,trace_writer,93,420000000,1910000000,0,17
7339439646761841,thread,0,latency_writer,94,470000000,1860000000,0,27
7339439646761841,thread,1,account_worker,105,500000000,1050000000,0,897307
7339439646761841,thread,1,trader_callback,95,340000000,2000000000,0,36
7339439646761841,thread,1,trace_writer,96,320000000,1960000000,1,64671
7339439646761841,thread,1,latency_writer,97,410000000,1910000000,0,46
7339439646761841,thread,2,account_worker,106,510000000,1070000000,0,899207
7339439646761841,thread,2,trader_callback,98,410000000,1900000000,0,117
7339439646761841,thread,2,trace_writer,99,430000000,1890000000,0,70
7339439646761841,thread,2,latency_writer,100,390000000,1800000000,0,112583
7339439646761841,thread,3,account_worker,107,880000000,1420000000,0,51
7339439646761841,thread,3,trader_callback,101,270000000,1260000000,0,1060837
7339439646761841,thread,3,trace_writer,102,410000000,1900000000,0,37
7339439646761841,thread,3,latency_writer,103,410000000,1880000000,0,15
7339439747386961,process,-1,process,91,7420000000,28240000000,2172,2
7339439747386961,thread,-1,producer,91,10000000,50000000,2172,2
7339439747386961,thread,-1,sampler,108,0,0,24,1
7339439747386961,thread,0,account_worker,104,500000000,1130000000,0,1009554
7339439747386961,thread,0,trader_callback,92,400000000,2050000000,0,17
7339439747386961,thread,0,trace_writer,93,430000000,2010000000,0,17
7339439747386961,thread,0,latency_writer,94,510000000,1930000000,0,27
7339439747386961,thread,1,account_worker,105,530000000,1120000000,0,897311
7339439747386961,thread,1,trader_callback,95,360000000,2080000000,0,36
7339439747386961,thread,1,trace_writer,96,330000000,2050000000,1,64672
7339439747386961,thread,1,latency_writer,97,430000000,1990000000,0,46
7339439747386961,thread,2,account_worker,106,530000000,1150000000,0,899208
7339439747386961,thread,2,trader_callback,98,440000000,1980000000,0,118
7339439747386961,thread,2,trace_writer,99,430000000,1980000000,0,76
7339439747386961,thread,2,latency_writer,100,410000000,1880000000,0,112584
7339439747386961,thread,3,account_worker,107,890000000,1510000000,0,54
7339439747386961,thread,3,trader_callback,101,290000000,1300000000,0,1127385
7339439747386961,thread,3,trace_writer,102,410000000,1990000000,0,37
7339439747386961,thread,3,latency_writer,103,420000000,1970000000,0,15
7339439848822524,process,-1,process,91,7730000000,29450000000,2273,2
7339439848822524,thread,-1,producer,91,10000000,50000000,2273,2
7339439848822524,thread,-1,sampler,108,0,0,25,1
7339439848822524,thread,0,account_worker,104,530000000,1150000000,0,1080598
7339439848822524,thread,0,trader_callback,92,420000000,2140000000,0,17
7339439848822524,thread,0,trace_writer,93,430000000,2110000000,0,18
7339439848822524,thread,0,latency_writer,94,520000000,2020000000,0,28
7339439848822524,thread,1,account_worker,105,570000000,1170000000,0,897315
7339439848822524,thread,1,trader_callback,95,380000000,2160000000,0,41
7339439848822524,thread,1,trace_writer,96,350000000,2130000000,1,64672
7339439848822524,thread,1,latency_writer,97,430000000,2090000000,0,47
7339439848822524,thread,2,account_worker,106,550000000,1230000000,0,899208
7339439848822524,thread,2,trader_callback,98,470000000,2050000000,0,122
7339439848822524,thread,2,trace_writer,99,450000000,2070000000,0,77
7339439848822524,thread,2,latency_writer,100,430000000,1960000000,0,112587
7339439848822524,thread,3,account_worker,107,930000000,1570000000,0,57
7339439848822524,thread,3,trader_callback,101,290000000,1340000000,0,1197964
7339439848822524,thread,3,trace_writer,102,430000000,2080000000,0,38
7339439848822524,thread,3,latency_writer,103,440000000,2050000000,0,15
7339439949431790,process,-1,process,91,8080000000,30610000000,2370,2
7339439949431790,thread,-1,producer,91,10000000,50000000,2370,2
7339439949431790,thread,-1,sampler,108,0,0,26,1
7339439949431790,thread,0,account_worker,104,550000000,1180000000,0,1146245
7339439949431790,thread,0,trader_callback,92,430000000,2220000000,0,17
7339439949431790,thread,0,trace_writer,93,450000000,2190000000,0,18
7339439949431790,thread,0,latency_writer,94,530000000,2110000000,0,28
7339439949431790,thread,1,account_worker,105,620000000,1220000000,0,897320
7339439949431790,thread,1,trader_callback,95,400000000,2240000000,0,43
7339439949431790,thread,1,trace_writer,96,350000000,2230000000,1,64672
7339439949431790,thread,1,latency_writer,97,440000000,2190000000,0,50
7339439949431790,thread,2,account_worker,106,600000000,1280000000,0,899208
7339439949431790,thread,2,trader_callback,98,490000000,2140000000,0,125
7339439949431790,thread,2,trace_writer,99,470000000,2150000000,0,77
7339439949431790,thread,2,latency_writer,100,440000000,2050000000,0,112589
7339439949431790,thread,3,account_worker,107,980000000,1620000000,0,60
7339439949431790,thread,3,trader_callback,101,310000000,1380000000,0,1263516
7339439949431790,thread,3,trace_writer,102,450000000,2160000000,0,38
7339439949431790,thread,3,latency_writer,103,470000000,2120000000,0,15
7339440050017888,process,-1,process,91,8420000000,31780000000,2471,2
7339440050017888,thread,-1,producer,91,10000000,50000000,2471,2
7339440050017888,thread,-1,sampler,108,0,0,27,1
7339440050017888,thread,0,account_worker,104,560000000,1230000000,0,1215956
7339440050017888,thread,0,trader_callback,92,440000000,2310000000,0,18
7339440050017888,thread,0,trace_writer,93,470000000,2270000000,0,19
7339440050017888,thread,0,latency_writer,94,550000000,2190000000,0,30
7339440050017888,thread,1,account_worker,105,660000000,1290000000,0,897332
7339440050017888,thread,1,trader_callback,95,410000000,2330000000,0,46
7339440050017888,thread,1,trace_writer,96,380000000,2300000000,1,64676
7339440050017888,thread,1,latency_writer,97,460000000,2260000000,0,51
7339440050017888,thread,2,account_worker,106,650000000,1330000000,0,899209
7339440050017888,thread,2,trader_callback,98,510000000,2210000000,0,126
7339440050017888,thread,2,trace_writer,99,480000000,2240000000,0,78
7339440050017888,thread,2,latency_writer,100,460000000,2130000000,0,112594
7339440050017888,thread,3,account_worker,107,1020000000,1680000000,0,60
7339440050017888,thread,3,trader_callback,101,320000000,1410000000,0,1333317
7339440050017888,thread,3,trace_writer,102,470000000,2240000000,0,40
7339440050017888,thread,3,latency_writer,103,480000000,2210000000,0,16
7339440150577351,process,-1,process,91,8810000000,32890000000,2571,2
7339440150577351,thread,-1,producer,91,10000000,50000000,2571,2
7339440150577351,thread,-1,sampler,108,0,0,28,1
7339440150577351,thread,0,account_worker,104,600000000,1240000000,0,1286732
7339440150577351,thread,0,trader_callback,92,460000000,2390000000,0,18
7339440150577351,thread,0,trace_writer,93,480000000,2360000000,0,19
7339440150577351,thread,0,latency_writer,94,550000000,2290000000,0,31
7339440150577351,thread,1,account_worker,105,690000000,1360000000,0,897343
7339440150577351,thread,1,trader_callback,95,440000000,2400000000,0,50
7339440150577351,thread,1,trace_writer,96,390000000,2390000000,1,64683
7339440150577351,thread,1,latency_writer,97,480000000,2350000000,0,51
7339440150577351,thread,2,account_worker,106,710000000,1370000000,0,899209
7339440150577351,thread,2,trader_callback,98,540000000,2280000000,0,129
7339440150577351,thread,2,trace_writer,99,520000000,2300000000,0,78
7339440150577351,thread,2,latency_writer,100,480000000,2220000000,0,112601
7339440150577351,thread,3,account_worker,107,1070000000,1740000000,0,61
7339440150577351,thread,3,trader_callback,101,340000000,1450000000,0,1404086
7339440150577351,thread,3,trace_writer,102,480000000,2330000000,0,40
7339440150577351,thread,3,latency_writer,103,500000000,2300000000,0,16
7339440251154457,process,-1,process,91,9110000000,34100000000,2672,2
7339440251154457,thread,-1,producer,91,10000000,50000000,2672,2
7339440251154457,thread,-1,sampler,108,0,0,29,1
7339440251154457,thread,0,account_worker,104,610000000,1280000000,0,1352569
7339440251154457,thread,0,trader_callback,92,480000000,2480000000,0,18
7339440251154457,thread,0,trace_writer,93,480000000,2460000000,0,19
7339440251154457,thread,0,latency_writer,94,560000000,2380000000,0,31
7339440251154457,thread,1,account_worker,105,730000000,1420000000,0,897346
7339440251154457,thread,1,trader_callback,95,460000000,2480000000,0,51
7339440251154457,thread,1,trace_writer,96,420000000,2460000000,1,64683
7339440251154457,thread,1,latency_writer,97,490000000,2440000000,0,52
7339440251154457,thread,2,account_worker,106,740000000,1440000000,0,899209
7339440251154457,thread,2,trader_callback,98,560000000,2360000000,0,129
7339440251154457,thread,2,trace_writer,99,530000000,2390000000,0,81
7339440251154457,thread,2,latency_writer,100,500000000,2290000000,0,112603
7339440251154457,thread,3,account_worker,107,1100000000,1800000000,0,61
7339440251154457,thread,3,trader_callback,101,340000000,1490000000,0,1469840
7339440251154457,thread,3,trace_writer,102,500000000,2410000000,0,40
7339440251154457,thread,3,latency_writer,103,510000000,2390000000,0,16
7339440351718927,process,-1,process,91,9480000000,35240000000,2766,2
7339440351718927,thread,-1,producer,91,10000000,50000000,2766,2
7339440351718927,thread,-1,sampler,108,0,0,30,1
7339440351718927,thread,0,account_worker,104,630000000,1310000000,0,1395722
7339440351718927,thread,0,trader_callback,92,500000000,2560000000,0,18
7339440351718927,thread,0,trace_writer,93,500000000,2550000000,0,19
7339440351718927,thread,0,latency_writer,94,580000000,2460000000,0,31
7339440351718927,thread,1,account_worker,105,770000000,1470000000,0,897350
7339440351718927,thread,1,trader_callback,95,480000000,2560000000,0,55
7339440351718927,thread,1,trace_writer,96,440000000,2540000000,1,64686
7339440351718927,thread,1,latency_writer,97,500000000,2530000000,0,53
7339440351718927,thread,2,account_worker,106,780000000,1500000000,0,899209
7339440351718927,thread,2,trader_callback,98,580000000,2440000000,0,133
7339440351718927,thread,2,trace_writer,99,540000000,2480000000,0,82
7339440351718927,thread,2,latency_writer,100,510000000,2380000000,0,112605
7339440351718927,thread,3,account_worker,107,1150000000,1850000000,0,63
7339440351718927,thread,3,trader_callback,101,350000000,1530000000,0,1513065
7339440351718927,thread,3,trace_writer,102,520000000,2490000000,0,54
7339440351718927,thread,3,latency_writer,103,550000000,2450000000,0,16
7339440452533430,process,-1,process,91,9860000000,36370000000,2867,2
7339440452533430,thread,-1,producer,91,10000000,50000000,2867,2
7339440452533430,thread,-1,sampler,108,0,0,31,2
7339440452533430,thread,0,account_worker,104,660000000,1330000000,0,1438673
7339440452533430,thread,0,trader_callback,92,510000000,2640000000,0,18
7339440452533430,thread,0,trace_writer,93,510000000,2630000000,0,20
7339440452533430,thread,0,latency_writer,94,590000000,2550000000,0,31
7339440452533430,thread,1,account_worker,105,800000000,1540000000,0,897353
7339440452533430,thread,1,trader_callback,95,490000000,2650000000,0,56
7339440452533430,thread,1,trace_writer,96,450000000,2630000000,1,64687
7339440452533430,thread,1,latency_writer,97,510000000,2620000000,0,56
7339440452533430,thread,2,account_worker,106,820000000,1570000000,0,899209
7339440452533430,thread,2,trader_callback,98,600000000,2530000000,0,140
7339440452533430,thread,2,trace_writer,99,580000000,2540000000,0,85
7339440452533430,thread,2,latency_writer,100,550000000,2430000000,0,112615
7339440452533430,thread,3,account_worker,107,1190000000,1910000000,0,64
7339440452533430,thread,3,trader_callback,101,360000000,1580000000,0,1555980
7339440452533430,thread,3,trace_writer,102,560000000,2560000000,0,54
7339440452533430,thread,3,latency_writer,103,570000000,2520000000,0,16
7339440553365508,process,-1,process,91,10110000000,37570000000,2953,2
7339440553365508,thread,-1,producer,91,10000000,50000000,2953,2
7339440553365508,thread,-1,sampler,108,0,10000000,32,2
7339440553365508,thread,0,account_worker,104,680000000,1400000000,0,1441302
7339440553365508,thread,0,trader_callback,92,530000000,2720000000,0,19
7339440553365508,thread,0,trace_writer,93,520000000,2720000000,0,21
7339440553365508,thread,0,latency_writer,94,610000000,2630000000,0,31
7339440553365508,thread,1,account_worker,105,830000000,1590000000,0,933778
7339440553365508,thread,1,trader_callback,95,530000000,2720000000,0,57
7339440553365508,thread,1,trace_writer,96,450000000,2680000000,1,144901
7339440553365508,thread,1,latency_writer,97,520000000,2710000000,0,59
7339440553365508,thread,2,account_worker,106,850000000,1630000000,0,899209
7339440553365508,thread,2,trader_callback,98,630000000,2600000000,0,146
7339440553365508,thread,2,trace_writer,99,580000000,2640000000,0,85
7339440553365508,thread,2,latency_writer,100,550000000,2490000000,0,192924
7339440553365508,thread,3,account_worker,107,1210000000,2000000000,0,65
7339440553365508,thread,3,trader_callback,101,360000000,1640000000,0,1595022
7339440553365508,thread,3,trace_writer,102,570000000,2640000000,0,54
7339440553365508,thread,3,latency_writer,103,590000000,2610000000,0,16
7339440653964426,process,-1,process,91,10470000000,38620000000,3054,2
7339440653964426,thread,-1,producer,91,10000000,50000000,3054,2
7339440653964426,thread,-1,sampler,108,0,10000000,33,2
7339440653964426,thread,0,account_worker,104,710000000,1480000000,0,1441303
7339440653964426,thread,0,trader_callback,92,550000000,2810000000,0,20
7339440653964426,thread,0,trace_writer,93,540000000,2810000000,0,21
7339440653964426,thread,0,latency_writer,94,650000000,2700000000,0,31
7339440653964426,thread,1,account_worker,105,830000000,1640000000,0,1003964
7339440653964426,thread,1,trader_callback,95,560000000,2780000000,0,60
7339440653964426,thread,1,trace_writer,96,460000000,2720000000,1,234790
7339440653964426,thread,1,latency_writer,97,540000000,2790000000,0,60
7339440653964426,thread,2,account_worker,106,890000000,1690000000,0,899209
7339440653964426,thread,2,trader_callback,98,640000000,2690000000,0,150
7339440653964426,thread,2,trace_writer,99,600000000,2720000000,0,85
7339440653964426,thread,2,latency_writer,100,570000000,2520000000,0,282804
7339440653964426,thread,3,account_worker,107,1260000000,2050000000,0,65
7339440653964426,thread,3,trader_callback,101,380000000,1680000000,0,1665142
7339440653964426,thread,3,trace_writer,102,580000000,2730000000,0,54
7339440653964426,thread,3,latency_writer,103,600000000,2690000000,0,17
7339440754528671,process,-1,process,91,10780000000,39710000000,3140,2
7339440754528671,thread,-1,producer,91,10000000,60000000,3140,2
7339440754528671,thread,-1,sampler,108,0,10000000,34,2
7339440754528671,thread,0,account_worker,104,740000000,1540000000,0,1441303
7339440754528671,thread,0,trader_callback,92,560000000,2890000000,0,20
7339440754528671,thread,0,trace_writer,93,580000000,2870000000,0,21
7339440754528671,thread,0,latency_writer,94,670000000,2780000000,0,32
7339440754528671,thread,1,account_worker,105,850000000,1670000000,0,1067707
7339440754528671,thread,1,trader_callback,95,580000000,2860000000,0,60
7339440754528671,thread,1,trace_writer,96,470000000,2760000000,1,306886
7339440754528671,thread,1,latency_writer,97,550000000,2880000000,0,63
7339440754528671,thread,2,account_worker,106,910000000,1780000000,0,899209
7339440754528671,thread,2,trader_callback,98,650000000,2780000000,0,154
7339440754528671,thread,2,trace_writer,99,630000000,2800000000,0,88
7339440754528671,thread,2,latency_writer,100,580000000,2560000000,0,354939
7339440754528671,thread,3,account_worker,107,1290000000,2120000000,0,67
7339440754528671,thread,3,trader_callback,101,390000000,1720000000,0,1728996
7339440754528671,thread,3,trace_writer,102,610000000,2800000000,0,55
7339440754528671,thread,3,latency_writer,103,620000000,2770000000,0,17
7339440855236844,process,-1,process,91,11070000000,40840000000,3239,2
7339440855236844,thread,-1,producer,91,10000000,60000000,3239,2
7339440855236844,thread,-1,sampler,108,0,10000000,35,2
7339440855236844,thread,0,account_worker,104,780000000,1600000000,0,1441303
7339440855236844,thread,0,trader_callback,92,580000000,2980000000,0,20
7339440855236844,thread,0,trace_writer,93,590000000,2960000000,0,21
7339440855236844,thread,0,latency_writer,94,670000000,2870000000,0,33
7339440855236844,thread,1,account_worker,105,870000000,1700000000,0,1138222
7339440855236844,thread,1,trader_callback,95,620000000,2930000000,0,64
7339440855236844,thread,1,trace_writer,96,480000000,2800000000,1,394292
7339440855236844,thread,1,latency_writer,97,570000000,2960000000,0,63
7339440855236844,thread,2,account_worker,106,930000000,1860000000,0,899209
7339440855236844,thread,2,trader_callback,98,660000000,2860000000,0,157
7339440855236844,thread,2,trace_writer,99,640000000,2880000000,0,88
7339440855236844,thread,2,latency_writer,100,590000000,2600000000,0,442290
7339440855236844,thread,3,account_worker,107,1330000000,2180000000,0,67
7339440855236844,thread,3,trader_callback,101,390000000,1770000000,0,1799428
7339440855236844,thread,3,trace_writer,102,620000000,2890000000,0,56
7339440855236844,thread,3,latency_writer,103,640000000,2850000000,0,17
7339440955834790,process,-1,process,91,11370000000,41940000000,3333,2
7339440955834790,thread,-1,producer,91,10000000,60000000,3333,2
7339440955834790,thread,-1,sampler,108,0,10000000,36,2
7339440955834790,thread,0,account_worker,104,810000000,1680000000,0,1441303
7339440955834790,thread,0,trader_callback,92,600000000,3060000000,0,20
7339440955834790,thread,0,trace_writer,93,630000000,3020000000,0,21
7339440955834790,thread,0,latency_writer,94,680000000,2960000000,0,34
7339440955834790,thread,1,account_worker,105,880000000,1740000000,0,1206814
7339440955834790,thread,1,trader_callback,95,650000000,2990000000,0,67
7339440955834790,thread,1,trace_writer,96,500000000,2830000000,1,481955
7339440955834790,thread,1,latency_writer,97,580000000,3050000000,0,63
7339440955834790,thread,2,account_worker,106,980000000,1910000000,0,899209
7339440955834790,thread,2,trader_callback,98,670000000,2960000000,0,162
7339440955834790,thread,2,trace_writer,99,660000000,2970000000,0,88
7339440955834790,thread,2,latency_writer,100,600000000,2640000000,0,529975
7339440955834790,thread,3,account_worker,107,1350000000,2260000000,0,68
7339440955834790,thread,3,trader_callback,101,390000000,1810000000,0,1868051
7339440955834790,thread,3,trace_writer,102,650000000,2960000000,0,56
7339440955834790,thread,3,latency_writer,103,660000000,2930000000,0,17
7339441056416384,process,-1,process,91,11670000000,43050000000,3434,2
7339441056416384,thread,-1,producer,91,10000000,60000000,3434,2
7339441056416384,thread,-1,sampler,108,0,10000000,37,2
7339441056416384,thread,0,account_worker,104,860000000,1730000000,0,1441304
7339441056416384,thread,0,trader_callback,92,620000000,3140000000,0,20
7339441056416384,thread,0,trace_writer,93,640000000,3100000000,0,21
7339441056416384,thread,0,latency_writer,94,690000000,3050000000,0,34
7339441056416384,thread,1,account_worker,105,890000000,1780000000,0,1273684
7339441056416384,thread,1,trader_callback,95,670000000,3070000000,0,70
7339441056416384,thread,1,trace_writer,96,500000000,2880000000,1,568247
7339441056416384,thread,1,latency_writer,97,590000000,3140000000,0,64
7339441056416384,thread,2,account_worker,106,1020000000,1970000000,0,899210
7339441056416384,thread,2,trader_callback,98,680000000,3050000000,0,173
7339441056416384,thread,2,trace_writer,99,670000000,3060000000,0,91
7339441056416384,thread,2,latency_writer,100,620000000,2670000000,0,616268
7339441056416384,thread,3,account_worker,107,1380000000,2330000000,0,68
7339441056416384,thread,3,trader_callback,101,410000000,1840000000,0,1934928
7339441056416384,thread,3,trace_writer,102,650000000,3060000000,0,57
7339441056416384,thread,3,latency_writer,103,680000000,3020000000,0,18
7339441156986758,process,-1,process,91,11970000000,44150000000,3533,2
7339441156986758,thread,-1,producer,91,10000000,60000000,3533,2
7339441156986758,thread,-1,sampler,108,0,10000000,38,2
7339441156986758,thread,0,account_worker,104,900000000,1790000000,0,1441304
7339441156986758,thread,0,trader_callback,92,630000000,3230000000,0,20
7339441156986758,thread,0,trace_writer,93,650000000,3190000000,0,22
7339441156986758,thread,0,latency_writer,94,700000000,3140000000,0,35
7339441156986758,thread,1,account_worker,105,890000000,1820000000,0,1340805
7339441156986758,thread,1,trader_callback,95,690000000,3150000000,0,71
7339441156986758,thread,1,trace_writer,96,510000000,2910000000,1,656381
7339441156986758,thread,1,latency_writer,97,610000000,3220000000,0,67
7339441156986758,thread,2,account_worker,106,1050000000,2040000000,0,899211
7339441156986758,thread,2,trader_callback,98,700000000,3130000000,0,176
7339441156986758,thread,2,trace_writer,99,690000000,3140000000,0,94
7339441156986758,thread,2,latency_writer,100,620000000,2720000000,0,704412
7339441156986758,thread,3,account_worker,107,1430000000,2380000000,0,72
7339441156986758,thread,3,trader_callback,101,410000000,1890000000,0,2002049
7339441156986758,thread,3,trace_writer,102,660000000,3150000000,0,57
7339441156986758,thread,3,latency_writer,103,710000000,3090000000,0,18
7339441260021093,process,-1,process,91,12310000000,45250000000,3631,2
7339441260021093,thread,-1,producer,91,10000000,60000000,3631,2
7339441260021093,thread,-1,sampler,108,0,10000000,39,2
7339441260021093,thread,0,account_worker,104,930000000,1860000000,0,1441304
7339441260021093,thread,0,trader_callback,92,640000000,3320000000,0,20
7339441260021093,thread,0,trace_writer,93,680000000,3270000000,0,22
7339441260021093,thread,0,latency_writer,94,730000000,3220000000,0,35
7339441260021093,thread,1,account_worker,105,910000000,1850000000,0,1408294
7339441260021093,thread,1,trader_callback,95,700000000,3250000000,0,74
7339441260021093,thread,1,trace_writer,96,530000000,2950000000,1,742008
7339441260021093,thread,1,latency_writer,97,640000000,3300000000,0,67
7339441260021093,thread,2,account_worker,106,1090000000,2100000000,0,899211
7339441260021093,thread,2,trader_callback,98,720000000,3210000000,0,182
7339441260021093,thread,2,trace_writer,99,710000000,3220000000,0,94
7339441260021093,thread,2,latency_writer,100,640000000,2750000000,0,790025
7339441260021093,thread,3,account_worker,107,1460000000,2450000000,0,72
7339441260021093,thread,3,trader_callback,101,420000000,1930000000,0,2069388
7339441260021093,thread,3,trace_writer,102,680000000,3240000000,0,57
7339441260021093,thread,3,latency_writer,103,740000000,3170000000,0,18
7339441360606694,process,-1,process,91,12580000000,46390000000,3720,3
7339441360606694,thread,-1,producer,91,10000000,60000000,3720,3
7339441360606694,thread,-1,sampler,108,0,10000000,40,2
7339441360606694,thread,0,account_worker,104,970000000,1920000000,0,1441304
7339441360606694,thread,0,trader_callback,92,640000000,3420000000,0,20
7339441360606694,thread,0,trace_writer,93,680000000,3370000000,0,22
7339441360606694,thread,0,latency_writer,94,730000000,3320000000,0,35
7339441360606694,thread,1,account_worker,105,920000000,1890000000,0,1474359
7339441360606694,thread,1,trader_callback,95,720000000,3330000000,0,74
7339441360606694,thread,1,trace_writer,96,540000000,2990000000,1,831512
7339441360606694,thread,1,latency_writer,97,650000000,3390000000,0,67
7339441360606694,thread,2,account_worker,106,1110000000,2180000000,0,899211
7339441360606694,thread,2,trader_callback,98,750000000,3280000000,0,190
7339441360606694,thread,2,trace_writer,99,710000000,3310000000,0,102
7339441360606694,thread,2,latency_writer,100,650000000,2790000000,0,879808
7339441360606694,thread,3,account_worker,107,1510000000,2510000000,0,73
7339441360606694,thread,3,trader_callback,101,440000000,1960000000,0,2135896
7339441360606694,thread,3,trace_writer,102,690000000,3330000000,0,57
7339441360606694,thread,3,latency_writer,103,760000000,3250000000,0,18
7339441462233725,process,-1,process,91,12880000000,47510000000,3822,3
7339441462233725,thread,-1,producer,91,10000000,60000000,3822,3
7339441462233725,thread,-1,sampler,108,0,10000000,41,2
7339441462233725,thread,0,account_worker,104,1000000000,2000000000,0,1441304
7339441462233725,thread,0,trader_callback,92,670000000,3490000000,0,20
7339441462233725,thread,0,trace_writer,93,700000000,3450000000,0,22
7339441462233725,thread,0,latency_writer,94,750000000,3400000000,0,37
7339441462233725,thread,1,account_worker,105,940000000,1930000000,0,1538352
7339441462233725,thread,1,trader_callback,95,740000000,3420000000,0,74
7339441462233725,thread,1,trace_writer,96,550000000,3030000000,1,921476
7339441462233725,thread,1,latency_writer,97,680000000,3460000000,0,67
7339441462233725,thread,2,account_worker,106,1140000000,2250000000,0,899211
7339441462233725,thread,2,trader_callback,98,770000000,3370000000,0,195
7339441462233725,thread,2,trace_writer,99,740000000,3390000000,0,102
7339441462233725,thread,2,latency_writer,100,660000000,2830000000,0,969499
7339441462233725,thread,3,account_worker,107,1540000000,2580000000,0,74
7339441462233725,thread,3,trader_callback,101,440000000,2010000000,0,2199449
7339441462233725,thread,3,trace_writer,102,700000000,3420000000,0,57
7339441462233725,thread,3,latency_writer,103,780000000,3320000000,0,18
7339441562854550,process,-1,process,91,13190000000,48610000000,3922,3
7339441562854550,thread,-1,producer,91,10000000,60000000,3922,3
7339441562854550,thread,-1,sampler,108,0,10000000,42,2
7339441562854550,thread,0,account_worker,104,1040000000,2060000000,0,1441304
7339441562854550,thread,0,trader_callback,92,680000000,3580000000,0,20
7339441562854550,thread,0,trace_writer,93,710000000,3540000000,0,22
7339441562854550,thread,0,latency_writer,94,770000000,3490000000,0,37
7339441562854550,thread,1,account_worker,105,970000000,2000000000,0,1538360
7339441562854550,thread,1,trader_callback,95,750000000,3500000000,0,74
7339441562854550,thread,1,trace_writer,96,550000000,3060000000,1,981578
7339441562854550,thread,1,latency_writer,97,710000000,3530000000,0,67
7339441562854550,thread,2,account_worker,106,1170000000,2330000000,0,899211
7339441562854550,thread,2,trader_callback,98,770000000,3460000000,0,198
7339441562854550,thread,2,trace_writer,99,760000000,3470000000,0,103
7339441562854550,thread,2,latency_writer,100,670000000,2850000000,0,1023656
7339441562854550,thread,3,account_worker,107,1560000000,2660000000,0,76
7339441562854550,thread,3,trader_callback,101,440000000,2040000000,0,2258544
7339441562854550,thread,3,trace_writer,102,720000000,3500000000,0,57
7339441562854550,thread,3,latency_writer,103,810000000,3390000000,0,18
7339441663436579,process,-1,process,91,13490000000,49710000000,4023,3
7339441663436579,thread,-1,producer,91,10000000,60000000,4023,3
7339441663436579,thread,-1,sampler,108,0,10000000,43,2
7339441663436579,thread,0,account_worker,104,1080000000,2110000000,0,1441304
7339441663436579,thread,0,trader_callback,92,690000000,3660000000,0,31855
7339441663436579,thread,0,trace_writer,93,730000000,3620000000,0,22
7339441663436579,thread,0,latency_writer,94,780000000,3570000000,0,37
7339441663436579,thread,1,account_worker,105,1000000000,2070000000,0,1538365
7339441663436579,thread,1,trader_callback,95,750000000,3600000000,0,74
7339441663436579,thread,1,trace_writer,96,560000000,3090000000,1,1052080
7339441663436579,thread,1,latency_writer,97,720000000,3620000000,0,70
7339441663436579,thread,2,account_worker,106,1200000000,2400000000,0,899211
7339441663436579,thread,2,trader_callback,98,790000000,3550000000,0,198
7339441663436579,thread,2,trace_writer,99,800000000,3540000000,0,106
7339441663436579,thread,2,latency_writer,100,680000000,2880000000,0,1091805
7339441663436579,thread,3,account_worker,107,1600000000,2720000000,0,76
7339441663436579,thread,3,trader_callback,101,450000000,2070000000,0,2326615
7339441663436579,thread,3,trace_writer,102,740000000,3580000000,0,57
7339441663436579,thread,3,latency_writer,103,840000000,3470000000,0,18
7339441763993288,process,-1,process,91,13830000000,50780000000,4124,3
7339441763993288,thread,-1,producer,91,10000000,60000000,4124,3
7339441763993288,thread,-1,sampler,108,0,10000000,44,2
7339441763993288,thread,0,account_worker,104,1110000000,2190000000,0,1441304
7339441763993288,thread,0,trader_callback,92,700000000,3700000000,0,122076
7339441763993288,thread,0,trace_writer,93,750000000,3700000000,0,22
7339441763993288,thread,0,latency_writer,94,810000000,3650000000,0,37
7339441763993288,thread,1,account_worker,105,1020000000,2150000000,0,1538372
7339441763993288,thread,1,trader_callback,95,780000000,3670000000,0,74
7339441763993288,thread,1,trace_writer,96,570000000,3130000000,1,1142334
7339441763993288,thread,1,latency_writer,97,740000000,3700000000,0,70
7339441763993288,thread,2,account_worker,106,1240000000,2460000000,0,899211
7339441763993288,thread,2,trader_callback,98,810000000,3630000000,0,198
7339441763993288,thread,2,trace_writer,99,810000000,3620000000,0,106
7339441763993288,thread,2,latency_writer,100,680000000,2930000000,0,1180861
7339441763993288,thread,3,account_worker,107,1630000000,2790000000,0,76
7339441763993288,thread,3,trader_callback,101,460000000,2100000000,0,2415688
7339441763993288,thread,3,trace_writer,102,750000000,3670000000,0,57
7339441763993288,thread,3,latency_writer,103,860000000,3550000000,0,18
7339441864811631,process,-1,process,91,14080000000,51940000000,4224,3
7339441864811631,thread,-1,producer,91,10000000,60000000,4224,3
7339441864811631,thread,-1,sampler,108,0,10000000,45,2
7339441864811631,thread,0,account_worker,104,1150000000,2250000000,0,1441304
7339441864811631,thread,0,trader_callback,92,710000000,3740000000,0,213059
7339441864811631,thread,0,trace_writer,93,770000000,3790000000,0,23
7339441864811631,thread,0,latency_writer,94,810000000,3740000000,0,38
7339441864811631,thread,1,account_worker,105,1050000000,2210000000,0,1538376
7339441864811631,thread,1,trader_callback,95,800000000,3750000000,0,76
7339441864811631,thread,1,trace_writer,96,580000000,3180000000,1,1233282
7339441864811631,thread,1,latency_writer,97,750000000,3790000000,0,70
7339441864811631,thread,2,account_worker,106,1260000000,2530000000,0,899211
7339441864811631,thread,2,trader_callback,98,820000000,3710000000,0,199
7339441864811631,thread,2,trace_writer,99,830000000,3700000000,0,109
7339441864811631,thread,2,latency_writer,100,680000000,2980000000,0,1266999
7339441864811631,thread,3,account_worker,107,1650000000,2870000000,0,76
7339441864811631,thread,3,trader_callback,101,470000000,2150000000,0,2501805
7339441864811631,thread,3,trace_writer,102,770000000,3750000000,0,58
7339441864811631,thread,3,latency_writer,103,880000000,3630000000,0,18
7339441965364576,process,-1,process,91,14380000000,53050000000,4321,3
7339441965364576,thread,-1,producer,91,10000000,60000000,4321,3
7339441965364576,thread,-1,sampler,108,10000000,10000000,46,2
7339441965364576,thread,0,account_worker,104,1180000000,2320000000,0,1441304
7339441965364576,thread,0,trader_callback,92,710000000,3790000000,0,297184
7339441965364576,thread,0,trace_writer,93,790000000,3870000000,0,23
7339441965364576,thread,0,latency_writer,94,840000000,3820000000,0,38
7339441965364576,thread,1,account_worker,105,1070000000,2270000000,0,1579363
7339441965364576,thread,1,trader_callback,95,820000000,3840000000,0,77
7339441965364576,thread,1,trace_writer,96,600000000,3230000000,1,1276373
7339441965364576,thread,1,latency_writer,97,770000000,3870000000,0,70
7339441965364576,thread,2,account_worker,106,1310000000,2590000000,0,899211
7339441965364576,thread,2,trader_callback,98,830000000,3800000000,0,199
7339441965364576,thread,2,trace_writer,99,850000000,3790000000,0,109
7339441965364576,thread,2,latency_writer,100,680000000,3030000000,0,1348255
7339441965364576,thread,3,account_worker,107,1680000000,2940000000,0,79
7339441965364576,thread,3,trader_callback,101,470000000,2200000000,0,2583029
7339441965364576,thread,3,trace_writer,102,780000000,3840000000,0,62
7339441965364576,thread,3,latency_writer,103,910000000,3700000000,0,18
7339442065901867,process,-1,process,91,14680000000,54260000000,4421,3
7339442065901867,thread,-1,producer,91,10000000,60000000,4421,3
7339442065901867,thread,-1,sampler,108,10000000,10000000,47,2
7339442065901867,thread,0,account_worker,104,1220000000,2380000000,0,1441305
7339442065901867,thread,0,trader_callback,92,720000000,3830000000,0,369422
7339442065901867,thread,0,trace_writer,93,800000000,3960000000,0,24
7339442065901867,thread,0,latency_writer,94,850000000,3910000000,0,39
7339442065901867,thread,1,account_worker,105,1080000000,2310000000,0,1651598
7339442065901867,thread,1,trader_callback,95,820000000,3930000000,0,77
7339442065901867,thread,1,trace_writer,96,620000000,3310000000,1,1276378
7339442065901867,thread,1,latency_writer,97,790000000,3950000000,0,74
7339442065901867,thread,2,account_worker,106,1340000000,2660000000,0,899212
7339442065901867,thread,2,trader_callback,98,850000000,3880000000,0,199
7339442065901867,thread,2,trace_writer,99,870000000,3860000000,0,110
7339442065901867,thread,2,latency_writer,100,710000000,3110000000,0,1348256
7339442065901867,thread,3,account_worker,107,1700000000,3020000000,0,79
7339442065901867,thread,3,trader_callback,101,480000000,2290000000,0,2583035
7339442065901867,thread,3,trace_writer,102,800000000,3920000000,0,62
7339442065901867,thread,3,latency_writer,103,920000000,3780000000,0,19
7339442166499086,process,-1,process,91,15040000000,55410000000,4522,3
7339442166499086,thread,-1,producer,91,10000000,60000000,4522,3
7339442166499086,thread,-1,sampler,108,10000000,10000000,48,2
7339442166499086,thread,0,account_worker,104,1260000000,2440000000,0,1441305
7339442166499086,thread,0,trader_callback,92,730000000,3870000000,0,440630
7339442166499086,thread,0,trace_writer,93,820000000,4030000000,0,24
7339442166499086,thread,0,latency_writer,94,860000000,3990000000,0,40
7339442166499086,thread,1,account_worker,105,1090000000,2350000000,0,1722817
7339442166499086,thread,1,trader_callback,95,840000000,4020000000,0,77
7339442166499086,thread,1,trace_writer,96,650000000,3380000000,1,1276381
7339442166499086,thread,1,latency_writer,97,810000000,4030000000,0,74
7339442166499086,thread,2,account_worker,106,1380000000,2710000000,0,899212
7339442166499086,thread,2,trader_callback,98,870000000,3970000000,0,199
7339442166499086,thread,2,trace_writer,99,900000000,3940000000,0,116
7339442166499086,thread,2,latency_writer,100,720000000,3190000000,0,1348259
7339442166499086,thread,3,account_worker,107,1760000000,3070000000,0,83
7339442166499086,thread,3,trader_callback,101,500000000,2380000000,0,2583040
7339442166499086,thread,3,trace_writer,102,810000000,4020000000,0,62
7339442166499086,thread,3,latency_writer,103,940000000,3860000000,0,19
7339442267097603,process,-1,process,91,15370000000,56580000000,4623,3
7339442267097603,thread,-1,producer,91,10000000,60000000,4623,3
7339442267097603,thread,-1,sampler,108,10000000,10000000,49,2
7339442267097603,thread,0,account_worker,104,1280000000,2520000000,0,1441305
7339442267097603,thread,0,trader_callback,92,740000000,3900000000,0,512789
7339442267097603,thread,0,trace_writer,93,840000000,4110000000,0,24
7339442267097603,thread,0,latency_writer,94,870000000,4090000000,0,40
7339442267097603,thread,1,account_worker,105,1120000000,2370000000,0,1794971
7339442267097603,thread,1,trader_callback,95,850000000,4100000000,0,78
7339442267097603,thread,1,trace_writer,96,660000000,3480000000,1,1276382
7339442267097603,thread,1,latency_writer,97,840000000,4100000000,0,75
7339442267097603,thread,2,account_worker,106,1410000000,2790000000,0,899212
7339442267097603,thread,2,trader_callback,98,890000000,4040000000,0,199
7339442267097603,thread,2,trace_writer,99,920000000,4020000000,0,119
7339442267097603,thread,2,latency_writer,100,740000000,3270000000,0,1348261
7339442267097603,thread,3,account_worker,107,1790000000,3130000000,0,83
7339442267097603,thread,3,trader_callback,101,520000000,2460000000,0,2583044
7339442267097603,thread,3,trace_writer,102,820000000,4100000000,0,62
7339442267097603,thread,3,latency_writer,103,970000000,3940000000,0,19
7339442367669005,process,-1,process,91,15690000000,57770000000,4711,3
7339442367669005,thread,-1,producer,91,10000000,70000000,4711,3
7339442367669005,thread,-1,sampler,108,10000000,10000000,50,2
7339442367669005,thread,0,account_worker,104,1320000000,2580000000,0,1441305
7339442367669005,thread,0,trader_callback,92,760000000,3940000000,0,583157
7339442367669005,thread,0,trace_writer,93,870000000,4190000000,0,24
7339442367669005,thread,0,latency_writer,94,890000000,4170000000,0,40
7339442367669005,thread,1,account_worker,105,1130000000,2410000000,0,1865379
7339442367669005,thread,1,trader_callback,95,870000000,4190000000,0,79
7339442367669005,thread,1,trace_writer,96,680000000,3550000000,1,1276390
7339442367669005,thread,1,latency_writer,97,850000000,4190000000,0,75
7339442367669005,thread,2,account_worker,106,1440000000,2860000000,0,899212
7339442367669005,thread,2,trader_callback,98,910000000,4130000000,0,199
7339442367669005,thread,2,trace_writer,99,930000000,4110000000,0,119
7339442367669005,thread,2,latency_writer,100,770000000,3340000000,0,1348262
7339442367669005,thread,3,account_worker,107,1820000000,3200000000,0,83
7339442367669005,thread,3,trader_callback,101,530000000,2540000000,0,2583055
7339442367669005,thread,3,trace_writer,102,830000000,4200000000,0,65
7339442367669005,thread,3,latency_writer,103,1000000000,4010000000,0,19
7339442468524280,process,-1,process,91,16020000000,58950000000,4812,3
7339442468524280,thread,-1,producer,91,10000000,70000000,4812,3
7339442468524280,thread,-1,sampler,108,10000000,10000000,51,2
7339442468524280,thread,0,account_worker,104,1370000000,2630000000,0,1441305
7339442468524280,thread,0,trader_callback,92,780000000,3970000000,0,655213
7339442468524280,thread,0,trace_writer,93,880000000,4280000000,0,25
7339442468524280,thread,0,latency_writer,94,910000000,4250000000,0,40
7339442468524280,thread,1,account_worker,105,1150000000,2440000000,0,1937395
7339442468524280,thread,1,trader_callback,95,890000000,4270000000,0,80
7339442468524280,thread,1,trace_writer,96,680000000,3650000000,1,1276394
7339442468524280,thread,1,latency_writer,97,870000000,4270000000,0,78
7339442468524280,thread,2,account_worker,106,1470000000,2930000000,0,899212
7339442468524280,thread,2,trader_callback,98,920000000,4220000000,0,199
7339442468524280,thread,2,trace_writer,99,940000000,4190000000,0,119
7339442468524280,thread,2,latency_writer,100,790000000,3420000000,0,1348267
7339442468524280,thread,3,account_worker,107,1860000000,3260000000,0,86
7339442468524280,thread,3,trader_callback,101,550000000,2620000000,0,2583065
7339442468524280,thread,3,trace_writer,102,830000000,4290000000,0,65
7339442468524280,thread,3,latency_writer,103,1020000000,4090000000,0,19
7339442569075979,process,-1,process,91,16390000000,60080000000,4913,3
7339442569075979,thread,-1,producer,91,10000000,70000000,4913,3
7339442569075979,thread,-1,sampler,108,10000000,10000000,52,2
7339442569075979,thread,0,account_worker,104,1420000000,2680000000,0,1441305
7339442569075979,thread,0,trader_callback,92,790000000,4010000000,0,726880
7339442569075979,thread,0,trace_writer,93,900000000,4360000000,0,25
7339442569075979,thread,0,latency_writer,94,930000000,4330000000,0,40
7339442569075979,thread,1,account_worker,105,1160000000,2480000000,0,2009065
7339442569075979,thread,1,trader_callback,95,900000000,4360000000,0,80
7339442569075979,thread,1,trace_writer,96,690000000,3730000000,1,1276396
7339442569075979,thread,1,latency_writer,97,890000000,4360000000,0,79
7339442569075979,thread,2,account_worker,106,1510000000,2990000000,0,899212
7339442569075979,thread,2,trader_callback,98,930000000,4310000000,0,199
7339442569075979,thread,2,trace_writer,99,980000000,4250000000,0,119
7339442569075979,thread,2,latency_writer,100,810000000,3490000000,0,1348270
7339442569075979,thread,3,account_worker,107,1900000000,3320000000,0,87
7339442569075979,thread,3,trader_callback,101,570000000,2700000000,0,2583076
7339442569075979,thread,3,trace_writer,102,860000000,4370000000,0,65
7339442569075979,thread,3,latency_writer,103,1040000000,4170000000,0,19
7339442669667018,process,-1,process,91,16700000000,61270000000,5013,3
7339442669667018,thread,-1,producer,91,10000000,70000000,5013,3
7339442669667018,thread,-1,sampler,108,10000000,10000000,53,2
7339442669667018,thread,0,account_worker,104,1470000000,2730000000,0,1441305
7339442669667018,thread,0,trader_callback,92,810000000,4040000000,0,798377
7339442669667018,thread,0,trace_writer,93,910000000,4450000000,0,25
7339442669667018,thread,0,latency_writer,94,930000000,4420000000,0,40
7339442669667018,thread,1,account_worker,105,1180000000,2520000000,0,2080548
7339442669667018,thread,1,trader_callback,95,900000000,4460000000,0,81
7339442669667018,thread,1,trace_writer,96,710000000,3820000000,1,1276400
7339442669667018,thread,1,latency_writer,97,910000000,4430000000,0,79
7339442669667018,thread,2,account_worker,106,1540000000,3060000000,0,899212
7339442669667018,thread,2,trader_callback,98,950000000,4390000000,0,200
7339442669667018,thread,2,trace_writer,99,1000000000,4340000000,0,119
7339442669667018,thread,2,latency_writer,100,830000000,3580000000,0,1348273
7339442669667018,thread,3,account_worker,107,1940000000,3380000000,0,87
7339442669667018,thread,3,trader_callback,101,580000000,2780000000,0,2583082
7339442669667018,thread,3,trace_writer,102,870000000,4460000000,0,65
7339442669667018,thread,3,latency_writer,103,1060000000,4260000000,0,20
7339442771412307,process,-1,process,91,17040000000,62460000000,5111,3
7339442771412307,thread,-1,producer,91,10000000,70000000,5111,3
7339442771412307,thread,-1,sampler,108,10000000,10000000,54,2
7339442771412307,thread,0,account_worker,104,1520000000,2790000000,0,1441306
7339442771412307,thread,0,trader_callback,92,820000000,4080000000,0,853215
7339442771412307,thread,0,trace_writer,93,920000000,4540000000,0,25
7339442771412307,thread,0,latency_writer,94,950000000,4510000000,0,42
7339442771412307,thread,1,account_worker,105,1190000000,2550000000,0,2135379
7339442771412307,thread,1,trader_callback,95,910000000,4550000000,0,81
7339442771412307,thread,1,trace_writer,96,750000000,3880000000,1,1276402
7339442771412307,thread,1,latency_writer,97,930000000,4510000000,0,83
7339442771412307,thread,2,account_worker,106,1590000000,3110000000,0,899212
7339442771412307,thread,2,trader_callback,98,970000000,4480000000,0,202
7339442771412307,thread,2,trace_writer,99,1020000000,4420000000,0,119
7339442771412307,thread,2,latency_writer,100,850000000,3650000000,0,1348275
7339442771412307,thread,3,account_worker,107,1970000000,3460000000,0,92
7339442771412307,thread,3,trader_callback,101,590000000,2870000000,0,2583086
7339442771412307,thread,3,trace_writer,102,890000000,4540000000,0,66
7339442771412307,thread,3,latency_writer,103,1070000000,4340000000,0,20
7339442872024968,process,-1,process,91,17310000000,63680000000,5206,3
7339442872024968,thread,-1,producer,91,10000000,70000000,5206,3
7339442872024968,thread,-1,sampler,108,10000000,20000000,55,2
7339442872024968,thread,0,account_worker,104,1550000000,2850000000,0,1441306
7339442872024968,thread,0,trader_callback,92,830000000,4120000000,0,893318
7339442872024968,thread,0,trace_writer,93,920000000,4640000000,0,25
7339442872024968,thread,0,latency_writer,94,950000000,4610000000,0,44
7339442872024968,thread,1,account_worker,105,1200000000,2590000000,0,2175490
7339442872024968,thread,1,trader_callback,95,930000000,4630000000,0,82
7339442872024968,thread,1,trace_writer,96,760000000,3970000000,1,1276405
7339442872024968,thread,1,latency_writer,97,950000000,4590000000,0,86
7339442872024968,thread,2,account_worker,106,1640000000,3160000000,0,899212
7339442872024968,thread,2,trader_callback,98,980000000,4570000000,0,205
7339442872024968,thread,2,trace_writer,99,1030000000,4510000000,0,122
7339442872024968,thread,2,latency_writer,100,860000000,3730000000,0,1348276
7339442872024968,thread,3,account_worker,107,2010000000,3520000000,0,96
7339442872024968,thread,3,trader_callback,101,600000000,2960000000,0,2583090
7339442872024968,thread,3,trace_writer,102,900000000,4630000000,0,68
7339442872024968,thread,3,latency_writer,103,1090000000,4430000000,0,20
7339442972767804,process,-1,process,91,17650000000,64850000000,5307,3
7339442972767804,thread,-1,producer,91,10000000,70000000,5307,3
7339442972767804,thread,-1,sampler,108,10000000,20000000,56,2
7339442972767804,thread,0,account_worker,104,1600000000,2910000000,0,1441306
7339442972767804,thread,0,trader_callback,92,850000000,4150000000,0,955912
7339442972767804,thread,0,trace_writer,93,950000000,4720000000,0,25
7339442972767804,thread,0,latency_writer,94,970000000,4700000000,0,45
7339442972767804,thread,1,account_worker,105,1220000000,2620000000,0,2238092
7339442972767804,thread,1,trader_callback,95,940000000,4720000000,0,82
7339442972767804,thread,1,trace_writer,96,780000000,4050000000,1,1276406
7339442972767804,thread,1,latency_writer,97,970000000,4680000000,0,86
7339442972767804,thread,2,account_worker,106,1670000000,3230000000,0,899212
7339442972767804,thread,2,trader_callback,98,1000000000,4650000000,0,210
7339442972767804,thread,2,trace_writer,99,1060000000,4580000000,0,123
7339442972767804,thread,2,latency_writer,100,880000000,3820000000,0,1348322
7339442972767804,thread,3,account_worker,107,2050000000,3580000000,0,101
7339442972767804,thread,3,trader_callback,101,610000000,3050000000,0,2583094
7339442972767804,thread,3,trace_writer,102,910000000,4710000000,0,72
7339442972767804,thread,3,latency_writer,103,1110000000,4510000000,0,20
7339443079353946,process,-1,process,91,18040000000,66070000000,5411,3
7339443079353946,thread,-1,producer,91,20000000,70000000,5411,3
7339443079353946,thread,-1,sampler,108,10000000,20000000,57,3
7339443079353946,thread,0,account_worker,104,1650000000,2960000000,0,1441307
7339443079353946,thread,0,trader_callback,92,850000000,4200000000,0,1030483
7339443079353946,thread,0,trace_writer,93,970000000,4800000000,0,26
7339443079353946,thread,0,latency_writer,94,990000000,4780000000,0,45
7339443079353946,thread,1,account_worker,105,1230000000,2670000000,0,2312663
7339443079353946,thread,1,trader_callback,95,960000000,4800000000,0,82
7339443079353946,thread,1,trace_writer,96,790000000,4140000000,1,1276408
7339443079353946,thread,1,latency_writer,97,990000000,4760000000,0,87
7339443079353946,thread,2,account_worker,106,1710000000,3300000000,0,899214
7339443079353946,thread,2,trader_callback,98,1020000000,4730000000,0,218
7339443079353946,thread,2,trace_writer,99,1090000000,4660000000,0,124
7339443079353946,thread,2,latency_writer,100,900000000,3900000000,0,1348324
7339443079353946,thread,3,account_worker,107,2090000000,3640000000,0,103
7339443079353946,thread,3,trader_callback,101,630000000,3140000000,0,2583098
7339443079353946,thread,3,trace_writer,102,940000000,4800000000,0,72
7339443079353946,thread,3,latency_writer,103,1120000000,4600000000,0,21
7339443179904059,process,-1,process,91,18290000000,67320000000,5511,3
7339443179904059,thread,-1,producer,91,20000000,70000000,5511,3
7339443179904059,thread,-1,sampler,108,10000000,20000000,58,4
7339443179904059,thread,0,account_worker,104,1690000000,3030000000,0,1441307
7339443179904059,thread,0,trader_callback,92,850000000,4250000000,0,1100755
7339443179904059,thread,0,trace_writer,93,970000000,4900000000,0,26
7339443179904059,thread,0,latency_writer,94,1010000000,4860000000,0,46
7339443179904059,thread,1,account_worker,105,1250000000,2700000000,0,2382937
7339443179904059,thread,1,trader_callback,95,990000000,4880000000,0,82
7339443179904059,thread,1,trace_writer,96,810000000,4230000000,1,1276412
7339443179904059,thread,1,latency_writer,97,1010000000,4850000000,0,87
7339443179904059,thread,2,account_worker,106,1730000000,3380000000,0,899214
7339443179904059,thread,2,trader_callback,98,1030000000,4830000000,0,221
7339443179904059,thread,2,trace_writer,99,1100000000,4750000000,0,124
7339443179904059,thread,2,latency_writer,100,910000000,3990000000,0,1348327
7339443179904059,thread,3,account_worker,107,2120000000,3710000000,0,107
7339443179904059,thread,3,trader_callback,101,630000000,3240000000,0,2583102
7339443179904059,thread,3,trace_writer,102,960000000,4880000000,0,72
7339443179904059,thread,3,latency_writer,103,1130000000,4690000000,0,21
7339443280537092,process,-1,process,91,18600000000,68510000000,5612,3
7339443280537092,thread,-1,producer,91,20000000,70000000,5612,3
7339443280537092,thread,-1,sampler,108,10000000,20000000,59,4
7339443280537092,thread,0,account_worker,104,1720000000,3090000000,0,1441308
7339443280537092,thread,0,trader_callback,92,860000000,4290000000,0,1171690
7339443280537092,thread,0,trace_writer,93,990000000,4980000000,0,27
7339443280537092,thread,0,latency_writer,94,1030000000,4940000000,0,47
7339443280537092,thread,1,account_worker,105,1260000000,2740000000,0,2453891
7339443280537092,thread,1,trader_callback,95,1010000000,4960000000,0,84
7339443280537092,thread,1,trace_writer,96,820000000,4320000000,1,1276415
7339443280537092,thread,1,latency_writer,97,1030000000,4920000000,0,91
7339443280537092,thread,2,account_worker,106,1780000000,3440000000,0,899215
7339443280537092,thread,2,trader_callback,98,1040000000,4910000000,0,222
7339443280537092,thread,2,trace_writer,99,1130000000,4810000000,0,125
7339443280537092,thread,2,latency_writer,100,920000000,4070000000,0,1348330
7339443280537092,thread,3,account_worker,107,2150000000,3780000000,0,111
7339443280537092,thread,3,trader_callback,101,650000000,3310000000,0,2583107
7339443280537092,thread,3,trace_writer,102,970000000,4970000000,0,76
7339443280537092,thread,3,latency_writer,103,1140000000,4780000000,0,22
7339443381280934,process,-1,process,91,18920000000,69700000000,5709,3
7339443381280934,thread,-1,producer,91,20000000,70000000,5709,3
7339443381280934,thread,-1,sampler,108,10000000,20000000,60,5
7339443381280934,thread,0,account_worker,104,1760000000,3160000000,0,1441308
7339443381280934,thread,0,trader_callback,92,870000000,4330000000,0,1239993
7339443381280934,thread,0,trace_writer,93,1010000000,5060000000,0,28
7339443381280934,thread,0,latency_writer,94,1040000000,5030000000,0,47
7339443381280934,thread,1,account_worker,105,1270000000,2780000000,0,2522189
7339443381280934,thread,1,trader_callback,95,1020000000,5050000000,0,84
7339443381280934,thread,1,trace_writer,96,840000000,4400000000,1,1276416
7339443381280934,thread,1,latency_writer,97,1050000000,5010000000,0,91
7339443381280934,thread,2,account_worker,106,1820000000,3500000000,0,899215
7339443381280934,thread,2,trader_callback,98,1050000000,5000000000,0,225
7339443381280934,thread,2,trace_writer,99,1140000000,4910000000,0,129
7339443381280934,thread,2,latency_writer,100,950000000,4150000000,0,1348334
7339443381280934,thread,3,account_worker,107,2190000000,3840000000,0,115
7339443381280934,thread,3,trader_callback,101,670000000,3400000000,0,2583114
7339443381280934,thread,3,trace_writer,102,980000000,5060000000,0,76
7339443381280934,thread,3,latency_writer,103,1160000000,4860000000,0,22
7339443482008743,process,-1,process,91,19220000000,70920000000,5810,3
7339443482008743,thread,-1,producer,91,20000000,70000000,5810,3
7339443482008743,thread,-1,sampler,108,10000000,20000000,61,5
7339443482008743,thread,0,account_worker,104,1780000000,3230000000,0,1441308
7339443482008743,thread,0,trader_callback,92,870000000,4380000000,0,1310847
7339443482008743,thread,0,trace_writer,93,1030000000,5140000000,0,28
7339443482008743,thread,0,latency_writer,94,1050000000,5120000000,0,49
7339443482008743,thread,1,account_worker,105,1280000000,2820000000,0,2593018
7339443482008743,thread,1,trader_callback,95,1050000000,5120000000,0,87
7339443482008743,thread,1,trace_writer,96,850000000,4480000000,1,1276418
7339443482008743,thread,1,latency_writer,97,1070000000,5090000000,0,91
7339443482008743,thread,2,account_worker,106,1870000000,3540000000,0,899215
7339443482008743,thread,2,trader_callback,98,1060000000,5090000000,0,230
7339443482008743,thread,2,trace_writer,99,1150000000,5000000000,0,129
7339443482008743,thread,2,latency_writer,100,960000000,4230000000,0,1348337
7339443482008743,thread,3,account_worker,107,2230000000,3910000000,0,125
7339443482008743,thread,3,trader_callback,101,680000000,3490000000,0,2583119
7339443482008743,thread,3,trace_writer,102,1000000000,5140000000,0,79
7339443482008743,thread,3,latency_writer,103,1180000000,4940000000,0,22
7339443582597060,process,-1,process,91,19530000000,72120000000,5910,3
7339443582597060,thread,-1,producer,91,20000000,70000000,5910,3
7339443582597060,thread,-1,sampler,108,10000000,20000000,62,5
7339443582597060,thread,0,account_worker,104,1810000000,3310000000,0,1441308
7339443582597060,thread,0,trader_callback,92,870000000,4430000000,0,1381025
7339443582597060,thread,0,trace_writer,93,1050000000,5230000000,0,28
7339443582597060,thread,0,latency_writer,94,1070000000,5210000000,0,49
7339443582597060,thread,1,account_worker,105,1300000000,2850000000,0,2663207
7339443582597060,thread,1,trader_callback,95,1060000000,5220000000,0,87
7339443582597060,thread,1,trace_writer,96,860000000,4570000000,1,1276425
7339443582597060,thread,1,latency_writer,97,1090000000,5170000000,0,94
7339443582597060,thread,2,account_worker,106,1920000000,3600000000,0,899215
7339443582597060,thread,2,trader_callback,98,1090000000,5170000000,0,233
7339443582597060,thread,2,trace_writer,99,1160000000,5090000000,0,130
7339443582597060,thread,2,latency_writer,100,990000000,4300000000,0,1348348
7339443582597060,thread,3,account_worker,107,2270000000,3970000000,0,126
7339443582597060,thread,3,trader_callback,101,690000000,3570000000,0,2583144
7339443582597060,thread,3,trace_writer,102,1030000000,5210000000,0,79
7339443582597060,thread,3,latency_writer,103,1190000000,5040000000,0,23
7339443683201174,process,-1,process,91,19800000000,73360000000,6011,3
7339443683201174,thread,-1,producer,91,20000000,70000000,6011,3
7339443683201174,thread,-1,sampler,108,10000000,20000000,63,6
7339443683201174,thread,0,account_worker,104,1830000000,3390000000,0,1441308
7339443683201174,thread,0,trader_callback,92,880000000,4470000000,0,1452780
7339443683201174,thread,0,trace_writer,93,1070000000,5310000000,0,28
7339443683201174,thread,0,latency_writer,94,1080000000,5290000000,0,49
7339443683201174,thread,1,account_worker,105,1310000000,2890000000,0,2734959
7339443683201174,thread,1,trader_callback,95,1080000000,5300000000,0,90
7339443683201174,thread,1,trace_writer,96,890000000,4650000000,1,1276427
7339443683201174,thread,1,latency_writer,97,1100000000,5260000000,0,94
7339443683201174,thread,2,account_worker,106,1960000000,3660000000,0,899215
7339443683201174,thread,2,trader_callback,98,1100000000,5250000000,0,236
7339443683201174,thread,2,trace_writer,99,1170000000,5180000000,0,132
7339443683201174,thread,2,latency_writer,100,1010000000,4380000000,0,1348349
7339443683201174,thread,3,account_worker,107,2290000000,4050000000,0,127
7339443683201174,thread,3,trader_callback,101,700000000,3660000000,0,2583147
7339443683201174,thread,3,trace_writer,102,1040000000,5300000000,0,82
7339443683201174,thread,3,latency_writer,103,1200000000,5120000000,0,23
7339443783735336,process,-1,process,91,20120000000,74540000000,6111,3
7339443783735336,thread,-1,producer,91,20000000,70000000,6111,3
7339443783735336,thread,-1,sampler,108,10000000,20000000,64,6
7339443783735336,thread,0,account_worker,104,1880000000,3440000000,0,1441308
7339443783735336,thread,0,trader_callback,92,880000000,4520000000,0,1523455
7339443783735336,thread,0,trace_writer,93,1080000000,5390000000,0,28
7339443783735336,thread,0,latency_writer,94,1090000000,5390000000,0,49
7339443783735336,thread,1,account_worker,105,1320000000,2930000000,0,2805636
7339443783735336,thread,1,trader_callback,95,1100000000,5380000000,0,90
7339443783735336,thread,1,trace_writer,96,910000000,4730000000,1,1276428
7339443783735336,thread,1,latency_writer,97,1120000000,5340000000,0,94
7339443783735336,thread,2,account_worker,106,1990000000,3720000000,0,899216
7339443783735336,thread,2,trader_callback,98,1120000000,5330000000,0,240
7339443783735336,thread,2,trace_writer,99,1200000000,5250000000,0,132
7339443783735336,thread,2,latency_writer,100,1020000000,4480000000,0,1348350
7339443783735336,thread,3,account_worker,107,2330000000,4110000000,0,127
7339443783735336,thread,3,trader_callback,101,700000000,3760000000,0,2583150
7339443783735336,thread,3,trace_writer,102,1060000000,5380000000,0,82
7339443783735336,thread,3,latency_writer,103,1220000000,5200000000,0,23
7339443884307167,process,-1,process,91,20440000000,75690000000,6212,3
7339443884307167,thread,-1,producer,91,20000000,70000000,6212,3
7339443884307167,thread,-1,sampler,108,10000000,20000000,65,7
7339443884307167,thread,0,account_worker,104,1900000000,3520000000,0,1441322
7339443884307167,thread,0,trader_callback,92,890000000,4560000000,0,1592731
7339443884307167,thread,0,trace_writer,93,1100000000,5460000000,0,31656
7339443884307167,thread,0,latency_writer,94,1100000000,5480000000,0,64
7339443884307167,thread,1,account_worker,105,1330000000,2970000000,0,2874908
7339443884307167,thread,1,trader_callback,95,1110000000,5470000000,0,109
7339443884307167,thread,1,trace_writer,96,930000000,4810000000,1,1276443
7339443884307167,thread,1,latency_writer,97,1150000000,5410000000,0,109
7339443884307167,thread,2,account_worker,106,2040000000,3770000000,0,899230
7339443884307167,thread,2,trader_callback,98,1120000000,5430000000,0,258
7339443884307167,thread,2,trace_writer,99,1230000000,5330000000,0,149
7339443884307167,thread,2,latency_writer,100,1030000000,4560000000,0,1348365
7339443884307167,thread,3,account_worker,107,2370000000,4170000000,0,141
7339443884307167,thread,3,trader_callback,101,730000000,3820000000,0,2614998
7339443884307167,thread,3,trace_writer,102,1080000000,5460000000,0,97
7339443884307167,thread,3,latency_writer,103,1240000000,5280000000,0,37
7339443984901829,process,-1,process,91,20760000000,76770000000,6308,3
7339443984901829,thread,-1,producer,91,20000000,70000000,6309,3
7339443984901829,thread,-1,sampler,108,10000000,20000000,66,8
7339443984901829,thread,0,account_worker,104,1950000000,3570000000,0,1441324
7339443984901829,thread,0,trader_callback,92,900000000,4610000000,0,1662763
7339443984901829,thread,0,trace_writer,93,1110000000,5500000000,0,119766
7339443984901829,thread,0,latency_writer,94,1110000000,5560000000,0,64
7339443984901829,thread,1,account_worker,105,1340000000,3010000000,0,2944943
7339443984901829,thread,1,trader_callback,95,1120000000,5550000000,0,110
7339443984901829,thread,1,trace_writer,96,950000000,4890000000,1,1276447
7339443984901829,thread,1,latency_writer,97,1160000000,5500000000,0,113
7339443984901829,thread,2,account_worker,106,2090000000,3820000000,0,899230
7339443984901829,thread,2,trader_callback,98,1140000000,5510000000,0,258
7339443984901829,thread,2,trace_writer,99,1240000000,5410000000,0,149
7339443984901829,thread,2,latency_writer,100,1040000000,4650000000,0,1348366
7339443984901829,thread,3,account_worker,107,2410000000,4230000000,0,142
7339443984901829,thread,3,trader_callback,101,730000000,3870000000,0,2703096
7339443984901829,thread,3,trace_writer,102,1110000000,5530000000,0,98
7339443984901829,thread,3,latency_writer,103,1260000000,5370000000,0,37
7339444085470628,process,-1,process,91,21070000000,77900000000,6409,3
7339444085470628,thread,-1,producer,91,20000000,70000000,6409,3
7339444085470628,thread,-1,sampler,108,10000000,20000000,67,8
7339444085470628,thread,0,account_worker,104,1980000000,3640000000,0,1441324
7339444085470628,thread,0,trader_callback,92,900000000,4660000000,0,1732046
7339444085470628,thread,0,trace_writer,93,1120000000,5560000000,0,181006
7339444085470628,thread,0,latency_writer,94,1120000000,5650000000,0,65
7339444085470628,thread,1,account_worker,105,1360000000,3040000000,0,3014226
7339444085470628,thread,1,trader_callback,95,1130000000,5640000000,0,113
7339444085470628,thread,1,trace_writer,96,960000000,4980000000,1,1276449
7339444085470628,thread,1,latency_writer,97,1190000000,5570000000,0,113
7339444085470628,thread,2,account_worker,106,2120000000,3890000000,0,899231
7339444085470628,thread,2,trader_callback,98,1170000000,5590000000,0,261
7339444085470628,thread,2,trace_writer,99,1250000000,5500000000,0,150
7339444085470628,thread,2,latency_writer,100,1060000000,4740000000,0,1348368
7339444085470628,thread,3,account_worker,107,2450000000,4290000000,0,143
7339444085470628,thread,3,trader_callback,101,740000000,3910000000,0,2764129
7339444085470628,thread,3,trace_writer,102,1130000000,5610000000,0,102
7339444085470628,thread,3,latency_writer,103,1280000000,5450000000,0,38
7339444186020493,process,-1,process,91,21420000000,78980000000,6510,3
7339444186020493,thread,-1,producer,91,20000000,70000000,6510,3
7339444186020493,thread,-1,sampler,108,10000000,20000000,68,8
7339444186020493,thread,0,account_worker,104,2030000000,3690000000,0,1441324
7339444186020493,thread,0,trader_callback,92,910000000,4700000000,0,1799605
7339444186020493,thread,0,trace_writer,93,1140000000,5630000000,0,181012
7339444186020493,thread,0,latency_writer,94,1140000000,5730000000,0,66
7339444186020493,thread,1,account_worker,105,1370000000,3080000000,0,3081785
7339444186020493,thread,1,trader_callback,95,1150000000,5720000000,0,114
7339444186020493,thread,1,trace_writer,96,970000000,5020000000,1,1339435
7339444186020493,thread,1,latency_writer,97,1200000000,5660000000,0,113
7339444186020493,thread,2,account_worker,106,2150000000,3970000000,0,899231
7339444186020493,thread,2,trader_callback,98,1190000000,5670000000,0,268
7339444186020493,thread,2,trace_writer,99,1270000000,5550000000,0,63212
7339444186020493,thread,2,latency_writer,100,1070000000,4830000000,0,1348369
7339444186020493,thread,3,account_worker,107,2500000000,4340000000,0,143
7339444186020493,thread,3,trader_callback,101,770000000,3990000000,0,2764129
7339444186020493,thread,3,trace_writer,102,1150000000,5690000000,0,102
7339444186020493,thread,3,latency_writer,103,1290000000,5540000000,0,38
7339444286610662,process,-1,process,91,21760000000,80050000000,6610,3
7339444286610662,thread,-1,producer,91,20000000,70000000,6610,3
7339444286610662,thread,-1,sampler,108,10000000,20000000,69,8
7339444286610662,thread,0,account_worker,104,2070000000,3750000000,0,1441324
7339444286610662,thread,0,trader_callback,92,920000000,4730000000,0,1869215
7339444286610662,thread,0,trace_writer,93,1160000000,5710000000,0,181016
7339444286610662,thread,0,latency_writer,94,1150000000,5820000000,0,66
7339444286610662,thread,1,account_worker,105,1390000000,3110000000,0,3151396
7339444286610662,thread,1,trader_callback,95,1170000000,5810000000,0,118
7339444286610662,thread,1,trace_writer,96,980000000,5070000000,1,1422423
7339444286610662,thread,1,latency_writer,97,1220000000,5740000000,0,114
7339444286610662,thread,2,account_worker,106,2190000000,4020000000,0,899231
7339444286610662,thread,2,trader_callback,98,1200000000,5750000000,0,274
7339444286610662,thread,2,trace_writer,99,1270000000,5590000000,0,146192
7339444286610662,thread,2,latency_writer,100,1090000000,4910000000,0,1348371
7339444286610662,thread,3,account_worker,107,2540000000,4400000000,0,143
7339444286610662,thread,3,trader_callback,101,800000000,4060000000,0,2764129
7339444286610662,thread,3,trace_writer,102,1160000000,5780000000,0,102
7339444286610662,thread,3,latency_writer,103,1310000000,5620000000,0,38
7339444387186658,process,-1,process,91,22130000000,81090000000,6711,3
7339444387186658,thread,-1,producer,91,20000000,80000000,6711,3
7339444387186658,thread,-1,sampler,108,20000000,20000000,70,8
7339444387186658,thread,0,account_worker,104,2100000000,3820000000,0,1441324
7339444387186658,thread,0,trader_callback,92,940000000,4770000000,0,1937787
7339444387186658,thread,0,trace_writer,93,1180000000,5790000000,0,181023
7339444387186658,thread,0,latency_writer,94,1170000000,5900000000,0,66
7339444387186658,thread,1,account_worker,105,1410000000,3140000000,0,3219970
7339444387186658,thread,1,trader_callback,95,1200000000,5870000000,0,119
7339444387186658,thread,1,trace_writer,96,990000000,5110000000,1,1508529
7339444387186658,thread,1,latency_writer,97,1230000000,5830000000,0,117
7339444387186658,thread,2,account_worker,106,2240000000,4080000000,0,899231
7339444387186658,thread,2,trader_callback,98,1220000000,5840000000,0,277
7339444387186658,thread,2,trace_writer,99,1290000000,5620000000,0,232308
7339444387186658,thread,2,latency_writer,100,1100000000,4990000000,0,1348372
7339444387186658,thread,3,account_worker,107,2590000000,4450000000,0,143
7339444387186658,thread,3,trader_callback,101,820000000,4140000000,0,2764129
7339444387186658,thread,3,trace_writer,102,1180000000,5860000000,0,102
7339444387186658,thread,3,latency_writer,103,1340000000,5690000000,0,38
7339444487716340,process,-1,process,91,22430000000,82200000000,6811,3
7339444487716340,thread,-1,producer,91,20000000,80000000,6811,3
7339444487716340,thread,-1,sampler,108,20000000,20000000,71,8
7339444487716340,thread,0,account_worker,104,2130000000,3890000000,0,1441324
7339444487716340,thread,0,trader_callback,92,950000000,4810000000,0,2006454
7339444487716340,thread,0,trace_writer,93,1190000000,5880000000,0,181035
7339444487716340,thread,0,latency_writer,94,1180000000,5990000000,0,66
7339444487716340,thread,1,account_worker,105,1430000000,3180000000,0,3288606
7339444487716340,thread,1,trader_callback,95,1230000000,5950000000,0,123
7339444487716340,thread,1,trace_writer,96,1000000000,5150000000,1,1594087
7339444487716340,thread,1,latency_writer,97,1250000000,5910000000,0,117
7339444487716340,thread,2,account_worker,106,2280000000,4140000000,0,899231
7339444487716340,thread,2,trader_callback,98,1240000000,5920000000,0,280
7339444487716340,thread,2,trace_writer,99,1290000000,5670000000,0,317809
7339444487716340,thread,2,latency_writer,100,1120000000,5070000000,0,1348373
7339444487716340,thread,3,account_worker,107,2630000000,4510000000,0,143
7339444487716340,thread,3,trader_callback,101,840000000,4220000000,0,2764131
7339444487716340,thread,3,trace_writer,102,1200000000,5940000000,0,102
7339444487716340,thread,3,latency_writer,103,1350000000,5780000000,0,38
7339444588323132,process,-1,process,91,22730000000,83300000000,6912,3
7339444588323132,thread,-1,producer,91,20000000,80000000,6912,3
7339444588323132,thread,-1,sampler,108,20000000,20000000,72,8
7339444588323132,thread,0,account_worker,104,2150000000,3970000000,0,1441324
7339444588323132,thread,0,trader_callback,92,960000000,4850000000,0,2073703
7339444588323132,thread,0,trace_writer,93,1220000000,5950000000,0,181042
7339444588323132,thread,0,latency_writer,94,1200000000,6080000000,0,66
7339444588323132,thread,1,account_worker,105,1430000000,3230000000,0,3355882
7339444588323132,thread,1,trader_callback,95,1250000000,6030000000,0,123
7339444588323132,thread,1,trace_writer,96,1000000000,5190000000,1,1678509
7339444588323132,thread,1,latency_writer,97,1250000000,6010000000,0,121
7339444588323132,thread,2,account_worker,106,2330000000,4190000000,0,899231
7339444588323132,thread,2,trader_callback,98,1260000000,6000000000,0,283
7339444588323132,thread,2,trace_writer,99,1300000000,5720000000,0,402278
7339444588323132,thread,2,latency_writer,100,1150000000,5150000000,0,1348376
7339444588323132,thread,3,account_worker,107,2680000000,4570000000,0,145
7339444588323132,thread,3,trader_callback,101,860000000,4300000000,0,2764131
7339444588323132,thread,3,trace_writer,102,1230000000,6020000000,0,102
7339444588323132,thread,3,latency_writer,103,1360000000,5870000000,0,38
7339444688883006,process,-1,process,91,23010000000,84430000000,7012,3
7339444688883006,thread,-1,producer,91,20000000,80000000,7012,3
7339444688883006,thread,-1,sampler,108,20000000,20000000,73,8
7339444688883006,thread,0,account_worker,104,2180000000,4040000000,0,1441325
7339444688883006,thread,0,trader_callback,92,970000000,4890000000,0,2137315
7339444688883006,thread,0,trace_writer,93,1240000000,6030000000,0,181051
7339444688883006,thread,0,latency_writer,94,1210000000,6160000000,0,66
7339444688883006,thread,1,account_worker,105,1440000000,3260000000,0,3419442
7339444688883006,thread,1,trader_callback,95,1260000000,6110000000,0,126
7339444688883006,thread,1,trace_writer,96,1000000000,5250000000,1,1761375
7339444688883006,thread,1,latency_writer,97,1260000000,6100000000,0,121
7339444688883006,thread,2,account_worker,106,2380000000,4240000000,0,899231
7339444688883006,thread,2,trader_callback,98,1280000000,6080000000,0,287
7339444688883006,thread,2,trace_writer,99,1310000000,5760000000,0,485156
7339444688883006,thread,2,latency_writer,100,1170000000,5230000000,0,1348382
7339444688883006,thread,3,account_worker,107,2700000000,4640000000,0,145
7339444688883006,thread,3,trader_callback,101,880000000,4390000000,0,2764131
7339444688883006,thread,3,trace_writer,102,1250000000,6100000000,0,102
7339444688883006,thread,3,latency_writer,103,1370000000,5960000000,0,39
7339444789461262,process,-1,process,91,23340000000,85550000000,7110,3
7339444789461262,thread,-1,producer,91,20000000,80000000,7110,3
7339444789461262,thread,-1,sampler,108,20000000,20000000,74,8
7339444789461262,thread,0,account_worker,104,2210000000,4120000000,0,1441325
7339444789461262,thread,0,trader_callback,92,980000000,4920000000,0,2201602
7339444789461262,thread,0,trace_writer,93,1240000000,6120000000,0,181062
7339444789461262,thread,0,latency_writer,94,1230000000,6250000000,0,68
7339444789461262,thread,1,account_worker,105,1450000000,3310000000,0,3483790
7339444789461262,thread,1,trader_callback,95,1280000000,6200000000,0,126
7339444789461262,thread,1,trace_writer,96,1020000000,5300000000,1,1802916
7339444789461262,thread,1,latency_writer,97,1280000000,6190000000,0,124
7339444789461262,thread,2,account_worker,106,2430000000,4290000000,0,899231
7339444789461262,thread,2,trader_callback,98,1300000000,6160000000,0,290
7339444789461262,thread,2,trace_writer,99,1330000000,5820000000,0,526616
7339444789461262,thread,2,latency_writer,100,1190000000,5300000000,0,1348387
7339444789461262,thread,3,account_worker,107,2740000000,4710000000,0,146
7339444789461262,thread,3,trader_callback,101,890000000,4470000000,0,2764131
7339444789461262,thread,3,trace_writer,102,1280000000,6170000000,0,103
7339444789461262,thread,3,latency_writer,103,1390000000,6040000000,0,39
7339444890203292,process,-1,process,91,23680000000,86720000000,7203,3
7339444890203292,thread,-1,producer,91,20000000,80000000,7203,3
7339444890203292,thread,-1,sampler,108,20000000,20000000,75,8
7339444890203292,thread,0,account_worker,104,2250000000,4180000000,0,1441325
7339444890203292,thread,0,trader_callback,92,990000000,4970000000,0,2269640
7339444890203292,thread,0,trace_writer,93,1250000000,6210000000,0,181065
7339444890203292,thread,0,latency_writer,94,1270000000,6300000000,0,70
7339444890203292,thread,1,account_worker,105,1450000000,3350000000,0,3551815
7339444890203292,thread,1,trader_callback,95,1290000000,6290000000,0,130
7339444890203292,thread,1,trace_writer,96,1040000000,5390000000,1,1802919
7339444890203292,thread,1,latency_writer,97,1300000000,6270000000,0,127
7339444890203292,thread,2,account_worker,106,2470000000,4350000000,0,899231
7339444890203292,thread,2,trader_callback,98,1310000000,6250000000,0,293
7339444890203292,thread,2,trace_writer,99,1350000000,5900000000,0,526616
7339444890203292,thread,2,latency_writer,100,1210000000,5380000000,0,1348390
7339444890203292,thread,3,account_worker,107,2780000000,4770000000,0,146
7339444890203292,thread,3,trader_callback,101,900000000,4560000000,0,2764131
7339444890203292,thread,3,trace_writer,102,1300000000,6250000000,0,104
7339444890203292,thread,3,latency_writer,103,1410000000,6120000000,0,39
7339444990779749,process,-1,process,91,24000000000,87910000000,7297,3
7339444990779749,thread,-1,producer,91,20000000,80000000,7297,3
7339444990779749,thread,-1,sampler,108,20000000,20000000,76,8
7339444990779749,thread,0,account_worker,104,2300000000,4220000000,0,1441326
7339444990779749,thread,0,trader_callback,92,1000000000,5040000000,0,2289641
7339444990779749,thread,0,trace_writer,93,1270000000,6290000000,0,181070
7339444990779749,thread,0,latency_writer,94,1280000000,6360000000,0,28736
7339444990779749,thread,1,account_worker,105,1460000000,3390000000,0,3600449
7339444990779749,thread,1,trader_callback,95,1290000000,6390000000,0,130
7339444990779749,thread,1,trace_writer,96,1060000000,5460000000,1,1802920
7339444990779749,thread,1,latency_writer,97,1310000000,6350000000,0,127
7339444990779749,thread,2,account_worker,106,2510000000,4420000000,0,899231
7339444990779749,thread,2,trader_callback,98,1330000000,6330000000,0,298
7339444990779749,thread,2,trace_writer,99,1360000000,5980000000,0,526617
7339444990779749,thread,2,latency_writer,100,1240000000,5450000000,0,1348391
7339444990779749,thread,3,account_worker,107,2820000000,4830000000,0,147
7339444990779749,thread,3,trader_callback,101,910000000,4660000000,0,2764131
7339444990779749,thread,3,trace_writer,102,1310000000,6340000000,0,108
7339444990779749,thread,3,latency_writer,103,1420000000,6210000000,0,39
7339445091332002,process,-1,process,91,24280000000,89130000000,7381,3
7339445091332002,thread,-1,producer,91,20000000,80000000,7381,3
7339445091332002,thread,-1,sampler,108,20000000,20000000,77,8
7339445091332002,thread,0,account_worker,104,2330000000,4290000000,0,1441326
7339445091332002,thread,0,trader_callback,92,1010000000,5130000000,0,2289642
7339445091332002,thread,0,trace_writer,93,1290000000,6370000000,0,181076
7339445091332002,thread,0,latency_writer,94,1290000000,6410000000,0,69106
7339445091332002,thread,1,account_worker,105,1480000000,3430000000,0,3640813
7339445091332002,thread,1,trader_callback,95,1310000000,6470000000,0,131
7339445091332002,thread,1,trace_writer,96,1070000000,5560000000,1,1802921
7339445091332002,thread,1,latency_writer,97,1330000000,6430000000,0,130
7339445091332002,thread,2,account_worker,106,2540000000,4480000000,0,899233
7339445091332002,thread,2,trader_callback,98,1350000000,6420000000,0,300
7339445091332002,thread,2,trace_writer,99,1390000000,6050000000,0,526618
7339445091332002,thread,2,latency_writer,100,1250000000,5540000000,0,1348392
7339445091332002,thread,3,account_worker,107,2860000000,4890000000,0,147
7339445091332002,thread,3,trader_callback,101,920000000,4740000000,0,2764132
7339445091332002,thread,3,trace_writer,102,1320000000,6430000000,0,108
7339445091332002,thread,3,latency_writer,103,1430000000,6310000000,0,40
7339445192020829,process,-1,process,91,24600000000,90330000000,7481,3
7339445192020829,thread,-1,producer,91,20000000,80000000,7481,3
7339445192020829,thread,-1,sampler,108,20000000,20000000,78,8
7339445192020829,thread,0,account_worker,104,2380000000,4350000000,0,1441326
7339445192020829,thread,0,trader_callback,92,1010000000,5230000000,0,2289642
7339445192020829,thread,0,trace_writer,93,1310000000,6450000000,0,181081
7339445192020829,thread,0,latency_writer,94,1310000000,6430000000,0,111053
7339445192020829,thread,1,account_worker,105,1510000000,3450000000,0,3682759
7339445192020829,thread,1,trader_callback,95,1320000000,6560000000,0,134
7339445192020829,thread,1,trace_writer,96,1090000000,5640000000,1,1802921
7339445192020829,thread,1,latency_writer,97,1350000000,6510000000,0,133
7339445192020829,thread,2,account_worker,106,2580000000,4550000000,0,899233
7339445192020829,thread,2,trader_callback,98,1360000000,6500000000,0,303
7339445192020829,thread,2,trace_writer,99,1410000000,6130000000,0,526621
7339445192020829,thread,2,latency_writer,100,1260000000,5630000000,0,1348395
7339445192020829,thread,3,account_worker,107,2880000000,4970000000,0,148
7339445192020829,thread,3,trader_callback,101,950000000,4820000000,0,2764132
7339445192020829,thread,3,trace_writer,102,1330000000,6520000000,0,109
7339445192020829,thread,3,latency_writer,103,1440000000,6390000000,0,40
7339445292570695,process,-1,process,91,24900000000,91530000000,7581,3
7339445292570695,thread,-1,producer,91,20000000,80000000,7581,3
7339445292570695,thread,-1,sampler,108,20000000,30000000,79,8
7339445292570695,thread,0,account_worker,104,2410000000,4420000000,0,1441326
7339445292570695,thread,0,trader_callback,92,1030000000,5320000000,0,2289642
7339445292570695,thread,0,trace_writer,93,1320000000,6540000000,0,181085
7339445292570695,thread,0,latency_writer,94,1320000000,6490000000,0,140854
7339445292570695,thread,1,account_worker,105,1520000000,3480000000,0,3724943
7339445292570695,thread,1,trader_callback,95,1330000000,6650000000,0,137
7339445292570695,thread,1,trace_writer,96,1120000000,5710000000,1,1802922
7339445292570695,thread,1,latency_writer,97,1370000000,6600000000,0,133
7339445292570695,thread,2,account_worker,106,2610000000,4610000000,0,899233
7339445292570695,thread,2,trader_callback,98,1370000000,6600000000,0,303
7339445292570695,thread,2,trace_writer,99,1430000000,6210000000,0,526624
7339445292570695,thread,2,latency_writer,100,1280000000,5710000000,0,1348396
7339445292570695,thread,3,account_worker,107,2910000000,5040000000,0,150
7339445292570695,thread,3,trader_callback,101,970000000,4890000000,0,2764132
7339445292570695,thread,3,trace_writer,102,1350000000,6600000000,0,112
7339445292570695,thread,3,latency_writer,103,1450000000,6470000000,0,12467
7339445393191651,process,-1,process,91,25200000000,92740000000,7681,3
7339445393191651,thread,-1,producer,91,20000000,80000000,7681,3
7339445393191651,thread,-1,sampler,108,20000000,30000000,80,8
7339445393191651,thread,0,account_worker,104,2450000000,4480000000,0,1441326
7339445393191651,thread,0,trader_callback,92,1040000000,5400000000,0,2289642
7339445393191651,thread,0,trace_writer,93,1350000000,6610000000,0,181090
7339445393191651,thread,0,latency_writer,94,1330000000,6580000000,0,140854
7339445393191651,thread,1,account_worker,105,1540000000,3520000000,0,3767443
7339445393191651,thread,1,trader_callback,95,1330000000,6750000000,0,137
7339445393191651,thread,1,trace_writer,96,1130000000,5790000000,1,1802926
7339445393191651,thread,1,latency_writer,97,1390000000,6670000000,0,133
7339445393191651,thread,2,account_worker,106,2630000000,4690000000,0,899233
7339445393191651,thread,2,trader_callback,98,1390000000,6670000000,0,306
7339445393191651,thread,2,trace_writer,99,1470000000,6270000000,0,526627
7339445393191651,thread,2,latency_writer,100,1280000000,5810000000,0,1348400
7339445393191651,thread,3,account_worker,107,2930000000,5120000000,0,150
7339445393191651,thread,3,trader_callback,101,980000000,4990000000,0,2764132
7339445393191651,thread,3,trace_writer,102,1370000000,6680000000,0,112
7339445393191651,thread,3,latency_writer,103,1450000000,6520000000,0,55036
7339445493759297,process,-1,process,91,25550000000,93900000000,7780,3
7339445493759297,thread,-1,producer,91,20000000,80000000,7780,3
7339445493759297,thread,-1,sampler,108,20000000,30000000,81,8
7339445493759297,thread,0,account_worker,104,2470000000,4560000000,0,1441326
7339445493759297,thread,0,trader_callback,92,1070000000,5470000000,0,2289642
7339445493759297,thread,0,trace_writer,93,1370000000,6690000000,0,181100
7339445493759297,thread,0,latency_writer,94,1360000000,6650000000,0,140856
7339445493759297,thread,1,account_worker,105,1550000000,3560000000,0,3808096
7339445493759297,thread,1,trader_callback,95,1350000000,6830000000,0,137
7339445493759297,thread,1,trace_writer,96,1160000000,5870000000,1,1802926
7339445493759297,thread,1,latency_writer,97,1420000000,6750000000,0,133
7339445493759297,thread,2,account_worker,106,2670000000,4750000000,1,899233
7339445493759297,thread,2,trader_callback,98,1410000000,6750000000,0,308
7339445493759297,thread,2,trace_writer,99,1480000000,6360000000,0,526627
7339445493759297,thread,2,latency_writer,100,1300000000,5900000000,0,1348403
7339445493759297,thread,3,account_worker,107,2970000000,5180000000,0,151
7339445493759297,thread,3,trader_callback,101,1000000000,5070000000,0,2764132
7339445493759297,thread,3,trace_writer,102,1390000000,6760000000,0,113
7339445493759297,thread,3,latency_writer,103,1460000000,6560000000,0,95689
7339445594344873,process,-1,process,91,25900000000,95050000000,7877,4
7339445594344873,thread,-1,producer,91,20000000,80000000,7877,4
7339445594344873,thread,-1,sampler,108,20000000,30000000,82,8
7339445594344873,thread,0,account_worker,104,2500000000,4620000000,0,1441326
7339445594344873,thread,0,trader_callback,92,1100000000,5540000000,0,2289642
7339445594344873,thread,0,trace_writer,93,1390000000,6770000000,0,181103
7339445594344873,thread,0,latency_writer,94,1390000000,6730000000,0,140856
7339445594344873,thread,1,account_worker,105,1560000000,3590000000,0,3849998
7339445594344873,thread,1,trader_callback,95,1360000000,6920000000,0,137
7339445594344873,thread,1,trace_writer,96,1190000000,5940000000,1,1802930
7339445594344873,thread,1,latency_writer,97,1430000000,6830000000,0,137
7339445594344873,thread,2,account_worker,106,2720000000,4800000000,1,899233
7339445594344873,thread,2,trader_callback,98,1420000000,6840000000,0,308
7339445594344873,thread,2,trace_writer,99,1500000000,6440000000,0,526628
7339445594344873,thread,2,latency_writer,100,1320000000,5970000000,0,1348404
7339445594344873,thread,3,account_worker,107,3010000000,5240000000,0,155
7339445594344873,thread,3,trader_callback,101,1020000000,5140000000,0,2764132
7339445594344873,thread,3,trace_writer,102,1390000000,6860000000,0,116
7339445594344873,thread,3,latency_writer,103,1470000000,6600000000,0,137595
7339445694913477,process,-1,process,91,26260000000,96200000000,7977,4
7339445694913477,thread,-1,producer,91,20000000,80000000,7977,4
7339445694913477,thread,-1,sampler,108,20000000,30000000,83,8
7339445694913477,thread,0,account_worker,104,2530000000,4700000000,0,1441326
7339445694913477,thread,0,trader_callback,92,1110000000,5630000000,0,2289642
7339445694913477,thread,0,trace_writer,93,1420000000,6850000000,0,181106
7339445694913477,thread,0,latency_writer,94,1400000000,6810000000,0,140856
7339445694913477,thread,1,account_worker,105,1580000000,3630000000,0,3893044
7339445694913477,thread,1,trader_callback,95,1390000000,6990000000,0,137
7339445694913477,thread,1,trace_writer,96,1210000000,6020000000,1,1802930
7339445694913477,thread,1,latency_writer,97,1440000000,6930000000,0,137
7339445694913477,thread,2,account_worker,106,2770000000,4860000000,1,899233
7339445694913477,thread,2,trader_callback,98,1430000000,6930000000,0,311
7339445694913477,thread,2,trace_writer,99,1520000000,6530000000,0,526629
7339445694913477,thread,2,latency_writer,100,1330000000,6070000000,0,1348405
7339445694913477,thread,3,account_worker,107,3060000000,5290000000,0,159
7339445694913477,thread,3,trader_callback,101,1050000000,5220000000,0,2764132
7339445694913477,thread,3,trace_writer,102,1420000000,6930000000,0,116
7339445694913477,thread,3,latency_writer,103,1480000000,6640000000,0,180665
7339445795661955,process,-1,process,91,26570000000,97410000000,8078,4
7339445795661955,thread,-1,producer,91,20000000,80000000,8078,4
7339445795661955,thread,-1,sampler,108,20000000,30000000,84,8
7339445795661955,thread,0,account_worker,104,2560000000,4770000000,0,1441326
7339445795661955,thread,0,trader_callback,92,1120000000,5730000000,0,2289642
7339445795661955,thread,0,trace_writer,93,1440000000,6920000000,0,181111
7339445795661955,thread,0,latency_writer,94,1410000000,6900000000,0,140856
7339445795661955,thread,1,account_worker,105,1590000000,3660000000,0,3961816
7339445795661955,thread,1,trader_callback,95,1400000000,7090000000,0,137
7339445795661955,thread,1,trace_writer,96,1230000000,6100000000,1,1802930
7339445795661955,thread,1,latency_writer,97,1460000000,7010000000,0,140
7339445795661955,thread,2,account_worker,106,2820000000,4900000000,1,899233
7339445795661955,thread,2,trader_callback,98,1450000000,7020000000,0,314
7339445795661955,thread,2,trace_writer,99,1530000000,6610000000,0,526631
7339445795661955,thread,2,latency_writer,100,1350000000,6150000000,0,1348406
7339445795661955,thread,3,account_worker,107,3090000000,5360000000,0,159
7339445795661955,thread,3,trader_callback,101,1070000000,5300000000,0,2764132
7339445795661955,thread,3,trace_writer,102,1430000000,7020000000,0,116
7339445795661955,thread,3,latency_writer,103,1490000000,6680000000,0,249473
7339445896241036,process,-1,process,91,26910000000,98570000000,8176,5
7339445896241036,thread,-1,producer,91,20000000,80000000,8176,5
7339445896241036,thread,-1,sampler,108,20000000,30000000,85,8
7339445896241036,thread,0,account_worker,104,2600000000,4830000000,0,1441326
7339445896241036,thread,0,trader_callback,92,1150000000,5800000000,0,2289642
7339445896241036,thread,0,trace_writer,93,1460000000,7000000000,0,181130
7339445896241036,thread,0,latency_writer,94,1430000000,6990000000,0,140857
7339445896241036,thread,1,account_worker,105,1610000000,3700000000,0,4032504
7339445896241036,thread,1,trader_callback,95,1410000000,7170000000,0,139
7339445896241036,thread,1,trace_writer,96,1240000000,6190000000,1,1802930
7339445896241036,thread,1,latency_writer,97,1480000000,7090000000,0,140
7339445896241036,thread,2,account_worker,106,2850000000,4970000000,1,899233
7339445896241036,thread,2,trader_callback,98,1460000000,7100000000,0,318
7339445896241036,thread,2,trace_writer,99,1550000000,6690000000,0,526636
7339445896241036,thread,2,latency_writer,100,1370000000,6230000000,0,1348414
7339445896241036,thread,3,account_worker,107,3130000000,5420000000,0,162
7339445896241036,thread,3,trader_callback,101,1090000000,5380000000,0,2764133
7339445896241036,thread,3,trace_writer,102,1450000000,7100000000,0,117
7339445896241036,thread,3,latency_writer,103,1500000000,6720000000,0,320232
7339445996970190,process,-1,process,91,27310000000,99690000000,8274,5
7339445996970190,thread,-1,producer,91,20000000,80000000,8274,5
7339445996970190,thread,-1,sampler,108,20000000,30000000,86,8
7339445996970190,thread,0,account_worker,104,2650000000,4880000000,0,1441327
7339445996970190,thread,0,trader_callback,92,1170000000,5880000000,0,2289642
7339445996970190,thread,0,trace_writer,93,1480000000,7070000000,0,181136
7339445996970190,thread,0,latency_writer,94,1450000000,7070000000,0,140857
7339445996970190,thread,1,account_worker,105,1620000000,3740000000,0,4104349
7339445996970190,thread,1,trader_callback,95,1440000000,7240000000,0,140
7339445996970190,thread,1,trace_writer,96,1260000000,6270000000,1,1802933
7339445996970190,thread,1,latency_writer,97,1510000000,7170000000,0,141
7339445996970190,thread,2,account_worker,106,2900000000,5030000000,1,899233
7339445996970190,thread,2,trader_callback,98,1480000000,7190000000,0,318
7339445996970190,thread,2,trace_writer,99,1570000000,6770000000,0,526637
7339445996970190,thread,2,latency_writer,100,1400000000,6300000000,0,1348415
7339445996970190,thread,3,account_worker,107,3150000000,5500000000,0,165
7339445996970190,thread,3,trader_callback,101,1110000000,5460000000,0,2764133
7339445996970190,thread,3,trace_writer,102,1490000000,7170000000,0,121
7339445996970190,thread,3,latency_writer,103,1520000000,6750000000,0,392092
7339446097714235,process,-1,process,91,27610000000,100900000000,8372,5
7339446097714235,thread,-1,producer,91,20000000,80000000,8372,5
7339446097714235,thread,-1,sampler,108,20000000,30000000,87,8
7339446097714235,thread,0,account_worker,104,2670000000,4960000000,0,1441327
7339446097714235,thread,0,trader_callback,92,1190000000,5960000000,0,2289644
7339446097714235,thread,0,trace_writer,93,1500000000,7160000000,0,181142
7339446097714235,thread,0,latency_writer,94,1450000000,7160000000,0,140859
7339446097714235,thread,1,account_worker,105,1630000000,3770000000,0,4175483
7339446097714235,thread,1,trader_callback,95,1470000000,7320000000,0,141
7339446097714235,thread,1,trace_writer,96,1280000000,6350000000,1,1802934
7339446097714235,thread,1,latency_writer,97,1520000000,7250000000,0,141
7339446097714235,thread,2,account_worker,106,2920000000,5100000000,1,899234
7339446097714235,thread,2,trader_callback,98,1500000000,7270000000,0,322
7339446097714235,thread,2,trace_writer,99,1590000000,6860000000,0,526638
7339446097714235,thread,2,latency_writer,100,1420000000,6380000000,0,1348417
7339446097714235,thread,3,account_worker,107,3180000000,5570000000,0,175
7339446097714235,thread,3,trader_callback,101,1120000000,5550000000,0,2764133
7339446097714235,thread,3,trace_writer,102,1510000000,7240000000,0,124
7339446097714235,thread,3,latency_writer,103,1530000000,6790000000,0,463159
7339446198272995,process,-1,process,91,27950000000,102060000000,8472,5
7339446198272995,thread,-1,producer,91,20000000,90000000,8472,5
7339446198272995,thread,-1,sampler,108,20000000,30000000,88,8
7339446198272995,thread,0,account_worker,104,2710000000,5020000000,0,1441327
7339446198272995,thread,0,trader_callback,92,1220000000,6030000000,0,2289644
7339446198272995,thread,0,trace_writer,93,1510000000,7250000000,0,181146
7339446198272995,thread,0,latency_writer,94,1470000000,7240000000,0,140859
7339446198272995,thread,1,account_worker,105,1650000000,3810000000,0,4246214
7339446198272995,thread,1,trader_callback,95,1470000000,7410000000,0,141
7339446198272995,thread,1,trace_writer,96,1290000000,6450000000,1,1802934
7339446198272995,thread,1,latency_writer,97,1550000000,7320000000,0,142
7339446198272995,thread,2,account_worker,106,2970000000,5160000000,1,899234
7339446198272995,thread,2,trader_callback,98,1510000000,7360000000,0,322
7339446198272995,thread,2,trace_writer,99,1610000000,6930000000,0,526643
7339446198272995,thread,2,latency_writer,100,1430000000,6460000000,0,1348419
7339446198272995,thread,3,account_worker,107,3210000000,5650000000,0,175
7339446198272995,thread,3,trader_callback,101,1150000000,5620000000,0,2764133
7339446198272995,thread,3,trace_writer,102,1530000000,7320000000,0,124
7339446198272995,thread,3,latency_writer,103,1540000000,6830000000,0,533879
7339446298822139,process,-1,process,91,28250000000,103270000000,8566,5
7339446298822139,thread,-1,producer,91,20000000,90000000,8566,5
7339446298822139,thread,-1,sampler,108,20000000,30000000,89,8
7339446298822139,thread,0,account_worker,104,2730000000,5100000000,0,1441327
7339446298822139,thread,0,trader_callback,92,1240000000,6110000000,0,2289644
7339446298822139,thread,0,trace_writer,93,1520000000,7340000000,0,181148
7339446298822139,thread,0,latency_writer,94,1500000000,7310000000,0,140859
7339446298822139,thread,1,account_worker,105,1670000000,3840000000,0,4319031
7339446298822139,thread,1,trader_callback,95,1490000000,7500000000,0,141
7339446298822139,thread,1,trace_writer,96,1310000000,6520000000,1,1802934
7339446298822139,thread,1,latency_writer,97,1570000000,7400000000,0,145
7339446298822139,thread,2,account_worker,106,2990000000,5240000000,1,899234
7339446298822139,thread,2,trader_callback,98,1530000000,7440000000,0,325
7339446298822139,thread,2,trace_writer,99,1630000000,7020000000,0,526643
7339446298822139,thread,2,latency_writer,100,1440000000,6550000000,0,1348420
7339446298822139,thread,3,account_worker,107,3250000000,5700000000,0,178
7339446298822139,thread,3,trader_callback,101,1160000000,5720000000,0,2764133
7339446298822139,thread,3,trace_writer,102,1560000000,7390000000,0,124
7339446298822139,thread,3,latency_writer,103,1540000000,6890000000,0,606683
7339446399384737,process,-1,process,91,28550000000,104480000000,8662,5
7339446399384737,thread,-1,producer,91,20000000,90000000,8662,5
7339446399384737,thread,-1,sampler,108,20000000,30000000,90,8
7339446399384737,thread,0,account_worker,104,2770000000,5160000000,0,1441327
7339446399384737,thread,0,trader_callback,92,1250000000,6200000000,0,2289644
7339446399384737,thread,0,trace_writer,93,1540000000,7420000000,0,181150
7339446399384737,thread,0,latency_writer,94,1510000000,7410000000,0,140859
7339446399384737,thread,1,account_worker,105,1690000000,3870000000,0,4390292
7339446399384737,thread,1,trader_callback,95,1490000000,7600000000,0,143
7339446399384737,thread,1,trace_writer,96,1340000000,6600000000,1,1802934
7339446399384737,thread,1,latency_writer,97,1600000000,7480000000,0,148
7339446399384737,thread,2,account_worker,106,3020000000,5310000000,1,899234
7339446399384737,thread,2,trader_callback,98,1540000000,7530000000,0,328
7339446399384737,thread,2,trace_writer,99,1650000000,7100000000,0,526646
7339446399384737,thread,2,latency_writer,100,1460000000,6640000000,0,1348421
7339446399384737,thread,3,account_worker,107,3280000000,5770000000,0,183
7339446399384737,thread,3,trader_callback,101,1160000000,5810000000,0,2764133
7339446399384737,thread,3,trace_writer,102,1580000000,7480000000,0,124
7339446399384737,thread,3,latency_writer,103,1550000000,6920000000,0,677967
7339446499936963,process,-1,process,91,28850000000,105690000000,8762,5
7339446499936963,thread,-1,producer,91,20000000,90000000,8762,5
7339446499936963,thread,-1,sampler,108,20000000,30000000,91,8
7339446499936963,thread,0,account_worker,104,2800000000,5230000000,0,1441327
7339446499936963,thread,0,trader_callback,92,1270000000,6280000000,0,2289644
7339446499936963,thread,0,trace_writer,93,1540000000,7520000000,0,181160
7339446499936963,thread,0,latency_writer,94,1520000000,7500000000,0,140859
7339446499936963,thread,1,account_worker,105,1700000000,3910000000,0,4463878
7339446499936963,thread,1,trader_callback,95,1500000000,7690000000,0,143
7339446499936963,thread,1,trace_writer,96,1360000000,6680000000,1,1802937
7339446499936963,thread,1,latency_writer,97,1610000000,7560000000,0,148
7339446499936963,thread,2,account_worker,106,3060000000,5370000000,1,899234
7339446499936963,thread,2,trader_callback,98,1560000000,7610000000,0,331
7339446499936963,thread,2,trace_writer,99,1660000000,7180000000,0,526647
7339446499936963,thread,2,latency_writer,100,1490000000,6710000000,0,1348422
7339446499936963,thread,3,account_worker,107,3330000000,5820000000,0,184
7339446499936963,thread,3,trader_callback,101,1180000000,5890000000,0,2764134
7339446499936963,thread,3,trace_writer,102,1600000000,7550000000,0,124
7339446499936963,thread,3,latency_writer,103,1550000000,6970000000,0,751525
7339446600496428,process,-1,process,91,29260000000,106790000000,8861,5
7339446600496428,thread,-1,producer,91,20000000,90000000,8861,5
7339446600496428,thread,-1,sampler,108,20000000,30000000,92,8
7339446600496428,thread,0,account_worker,104,2840000000,5290000000,0,1441327
7339446600496428,thread,0,trader_callback,92,1290000000,6360000000,0,2289646
7339446600496428,thread,0,trace_writer,93,1560000000,7600000000,0,181164
7339446600496428,thread,0,latency_writer,94,1540000000,7580000000,0,140859
7339446600496428,thread,1,account_worker,105,1710000000,3950000000,0,4536188
7339446600496428,thread,1,trader_callback,95,1520000000,7770000000,0,144
7339446600496428,thread,1,trace_writer,96,1390000000,6750000000,1,1802937
7339446600496428,thread,1,latency_writer,97,1640000000,7640000000,0,149
7339446600496428,thread,2,account_worker,106,3120000000,5410000000,1,899234
7339446600496428,thread,2,trader_callback,98,1590000000,7680000000,0,334
7339446600496428,thread,2,trace_writer,99,1690000000,7260000000,0,526649
7339446600496428,thread,2,latency_writer,100,1510000000,6790000000,0,1348424
7339446600496428,thread,3,account_worker,107,3370000000,5880000000,0,189
7339446600496428,thread,3,trader_callback,101,1190000000,5980000000,0,2764134
7339446600496428,thread,3,trace_writer,102,1610000000,7650000000,0,127
7339446600496428,thread,3,latency_writer,103,1570000000,7000000000,0,823858
7339446701083910,process,-1,process,91,29600000000,107960000000,8958,5
7339446701083910,thread,-1,producer,91,20000000,90000000,8958,5
7339446701083910,thread,-1,sampler,108,20000000,30000000,93,8
7339446701083910,thread,0,account_worker,104,2870000000,5370000000,0,1441328
7339446701083910,thread,0,trader_callback,92,1300000000,6450000000,0,2289646
7339446701083910,thread,0,trace_writer,93,1570000000,7690000000,0,181170
7339446701083910,thread,0,latency_writer,94,1550000000,7670000000,0,140859
7339446701083910,thread,1,account_worker,105,1730000000,3980000000,0,4608290
7339446701083910,thread,1,trader_callback,95,1550000000,7840000000,0,144
7339446701083910,thread,1,trace_writer,96,1400000000,6830000000,1,1802937
7339446701083910,thread,1,latency_writer,97,1670000000,7710000000,0,152
7339446701083910,thread,2,account_worker,106,3160000000,5470000000,1,899234
7339446701083910,thread,2,trader_callback,98,1610000000,7770000000,0,339
7339446701083910,thread,2,trace_writer,99,1700000000,7350000000,0,526650
7339446701083910,thread,2,latency_writer,100,1530000000,6870000000,0,1348426
7339446701083910,thread,3,account_worker,107,3410000000,5950000000,0,189
7339446701083910,thread,3,trader_callback,101,1210000000,6060000000,0,2764134
7339446701083910,thread,3,trace_writer,102,1650000000,7700000000,0,127
7339446701083910,thread,3,latency_writer,103,1580000000,7050000000,0,895950
7339446801622038,process,-1,process,91,29940000000,109120000000,9053,5
7339446801622038,thread,-1,producer,91,20000000,90000000,9053,5
7339446801622038,thread,-1,sampler,108,20000000,30000000,94,8
7339446801622038,thread,0,account_worker,104,2890000000,5440000000,0,1441328
7339446801622038,thread,0,trader_callback,92,1310000000,6540000000,0,2289646
7339446801622038,thread,0,trace_writer,93,1600000000,7760000000,0,181176
7339446801622038,thread,0,latency_writer,94,1550000000,7760000000,0,140860
7339446801622038,thread,1,account_worker,105,1750000000,4010000000,0,4678872
7339446801622038,thread,1,trader_callback,95,1570000000,7920000000,0,144
7339446801622038,thread,1,trace_writer,96,1430000000,6910000000,1,1802937
7339446801622038,thread,1,latency_writer,97,1690000000,7790000000,0,152
7339446801622038,thread,2,account_worker,106,3190000000,5540000000,1,899234
7339446801622038,thread,2,trader_callback,98,1630000000,7850000000,0,345
7339446801622038,thread,2,trace_writer,99,1710000000,7440000000,0,526650
7339446801622038,thread,2,latency_writer,100,1550000000,6950000000,0,1348429
7339446801622038,thread,3,account_worker,107,3450000000,6000000000,0,193
7339446801622038,thread,3,trader_callback,101,1240000000,6130000000,0,2764134
7339446801622038,thread,3,trace_writer,102,1670000000,7790000000,0,128
7339446801622038,thread,3,latency_writer,103,1590000000,7080000000,0,966550
7339446902221848,process,-1,process,91,30240000000,110330000000,9152,5
7339446902221848,thread,-1,producer,91,20000000,90000000,9152,5
7339446902221848,thread,-1,sampler,108,20000000,30000000,95,8
7339446902221848,thread,0,account_worker,104,2920000000,5520000000,0,1441328
7339446902221848,thread,0,trader_callback,92,1350000000,6600000000,0,2289646
7339446902221848,thread,0,trace_writer,93,1600000000,7860000000,0,181182
7339446902221848,thread,0,latency_writer,94,1570000000,7850000000,0,140862
7339446902221848,thread,1,account_worker,105,1760000000,4050000000,0,4750339
7339446902221848,thread,1,trader_callback,95,1570000000,8010000000,0,145
7339446902221848,thread,1,trace_writer,96,1430000000,7000000000,1,1802940
7339446902221848,thread,1,latency_writer,97,1700000000,7870000000,0,152
7339446902221848,thread,2,account_worker,106,3250000000,5590000000,1,899234
7339446902221848,thread,2,trader_callback,98,1640000000,7930000000,0,348
7339446902221848,thread,2,trace_writer,99,1720000000,7530000000,0,526656
7339446902221848,thread,2,latency_writer,100,1570000000,7030000000,0,1348430
7339446902221848,thread,3,account_worker,107,3480000000,6080000000,0,194
7339446902221848,thread,3,trader_callback,101,1260000000,6210000000,0,2764134
7339446902221848,thread,3,trace_writer,102,1700000000,7860000000,0,129
7339446902221848,thread,3,latency_writer,103,1600000000,7130000000,0,1037977
7339447002750728,process,-1,process,91,30560000000,111520000000,9252,5
7339447002750728,thread,-1,producer,91,20000000,90000000,9252,5
7339447002750728,thread,-1,sampler,108,20000000,30000000,96,8
7339447002750728,thread,0,account_worker,104,2960000000,5580000000,0,1441329
7339447002750728,thread,0,trader_callback,92,1360000000,6690000000,0,2289646
7339447002750728,thread,0,trace_writer,93,1620000000,7940000000,0,181192
7339447002750728,thread,0,latency_writer,94,1580000000,7940000000,0,140863
7339447002750728,thread,1,account_worker,105,1770000000,4090000000,0,4821277
7339447002750728,thread,1,trader_callback,95,1580000000,8110000000,0,145
7339447002750728,thread,1,trace_writer,96,1450000000,7090000000,1,1802942
7339447002750728,thread,1,latency_writer,97,1720000000,7960000000,0,153
7339447002750728,thread,2,account_worker,106,3280000000,5660000000,1,899234
7339447002750728,thread,2,trader_callback,98,1670000000,8000000000,0,354
7339447002750728,thread,2,trace_writer,99,1730000000,7620000000,0,526659
7339447002750728,thread,2,latency_writer,100,1600000000,7100000000,0,1348437
7339447002750728,thread,3,account_worker,107,3510000000,6150000000,0,194
7339447002750728,thread,3,trader_callback,101,1290000000,6290000000,0,2764134
7339447002750728,thread,3,trace_writer,102,1720000000,7940000000,0,133
7339447002750728,thread,3,latency_writer,103,1600000000,7170000000,0,1108922
7339447103338949,process,-1,process,91,30880000000,112710000000,9351,5
7339447103338949,thread,-1,producer,91,20000000,90000000,9351,5
7339447103338949,thread,-1,sampler,108,20000000,30000000,97,8
7339447103338949,thread,0,account_worker,104,2990000000,5640000000,0,1441329
7339447103338949,thread,0,trader_callback,92,1380000000,6780000000,0,2289646
7339447103338949,thread,0,trace_writer,93,1630000000,8030000000,0,181199
7339447103338949,thread,0,latency_writer,94,1590000000,8030000000,0,140863
7339447103338949,thread,1,account_worker,105,1780000000,4130000000,0,4891939
7339447103338949,thread,1,trader_callback,95,1600000000,8190000000,0,148
7339447103338949,thread,1,trace_writer,96,1470000000,7170000000,1,1802943
7339447103338949,thread,1,latency_writer,97,1730000000,8040000000,0,153
7339447103338949,thread,2,account_worker,106,3310000000,5720000000,1,899236
7339447103338949,thread,2,trader_callback,98,1690000000,8080000000,0,357
7339447103338949,thread,2,trace_writer,99,1730000000,7710000000,0,526661
7339447103338949,thread,2,latency_writer,100,1620000000,7180000000,0,1348440
7339447103338949,thread,3,account_worker,107,3550000000,6200000000,0,199
7339447103338949,thread,3,trader_callback,101,1310000000,6360000000,0,2764134
7339447103338949,thread,3,trace_writer,102,1750000000,8010000000,0,133
7339447103338949,thread,3,latency_writer,103,1620000000,7210000000,0,1179608
7339447203908068,process,-1,process,91,31180000000,113910000000,9450,5
7339447203908068,thread,-1,producer,91,20000000,90000000,9450,5
7339447203908068,thread,-1,sampler,108,20000000,30000000,98,8
7339447203908068,thread,0,account_worker,104,3020000000,5720000000,0,1441329
7339447203908068,thread,0,trader_callback,92,1400000000,6850000000,0,2289647
7339447203908068,thread,0,trace_writer,93,1640000000,8120000000,0,181204
7339447203908068,thread,0,latency_writer,94,1600000000,8120000000,0,140864
7339447203908068,thread,1,account_worker,105,1790000000,4170000000,0,4962759
7339447203908068,thread,1,trader_callback,95,1620000000,8270000000,0,148
7339447203908068,thread,1,trace_writer,96,1490000000,7250000000,1,1802946
7339447203908068,thread,1,latency_writer,97,1750000000,8120000000,0,156
7339447203908068,thread,2,account_worker,106,3360000000,5770000000,1,899236
7339447203908068,thread,2,trader_callback,98,1710000000,8170000000,0,365
7339447203908068,thread,2,trace_writer,99,1750000000,7800000000,0,526664
7339447203908068,thread,2,latency_writer,100,1640000000,7260000000,0,1348443
7339447203908068,thread,3,account_worker,107,3590000000,6270000000,0,199
7339447203908068,thread,3,trader_callback,101,1330000000,6450000000,0,2764134
7339447203908068,thread,3,trace_writer,102,1770000000,8090000000,0,133
7339447203908068,thread,3,latency_writer,103,1630000000,7250000000,0,1250354
7339447304470154,process,-1,process,91,31560000000,115040000000,9551,6
7339447304470154,thread,-1,producer,91,20000000,90000000,9551,6
7339447304470154,thread,-1,sampler,108,20000000,30000000,99,8
7339447304470154,thread,0,account_worker,104,3060000000,5770000000,0,1441329
7339447304470154,thread,0,trader_callback,92,1420000000,6940000000,0,2289647
7339447304470154,thread,0,trace_writer,93,1670000000,8190000000,0,181208
7339447304470154,thread,0,latency_writer,94,1630000000,8200000000,0,140864
7339447304470154,thread,1,account_worker,105,1800000000,4210000000,0,5034956
7339447304470154,thread,1,trader_callback,95,1630000000,8360000000,0,152
7339447304470154,thread,1,trace_writer,96,1500000000,7340000000,1,1802951
7339447304470154,thread,1,latency_writer,97,1770000000,8210000000,0,156
7339447304470154,thread,2,account_worker,106,3410000000,5830000000,1,899236
7339447304470154,thread,2,trader_callback,98,1740000000,8240000000,0,371
7339447304470154,thread,2,trace_writer,99,1770000000,7880000000,0,526666
7339447304470154,thread,2,latency_writer,100,1650000000,7350000000,0,1348443
7339447304470154,thread,3,account_worker,107,3630000000,6330000000,0,202
7339447304470154,thread,3,trader_callback,101,1350000000,6530000000,0,2764134
7339447304470154,thread,3,trace_writer,102,1800000000,8160000000,0,136
7339447304470154,thread,3,latency_writer,103,1640000000,7290000000,0,1322639
7339447405016210,process,-1,process,91,31830000000,116290000000,9651,6
7339447405016210,thread,-1,producer,91,20000000,90000000,9651,6
7339447405016210,thread,-1,sampler,108,20000000,40000000,100,8
7339447405016210,thread,0,account_worker,104,3090000000,5850000000,0,1441329
7339447405016210,thread,0,trader_callback,92,1430000000,7020000000,0,2289647
7339447405016210,thread,0,trace_writer,93,1680000000,8280000000,0,181213
7339447405016210,thread,0,latency_writer,94,1640000000,8280000000,0,140864
7339447405016210,thread,1,account_worker,105,1810000000,4250000000,0,5106839
7339447405016210,thread,1,trader_callback,95,1640000000,8450000000,0,155
7339447405016210,thread,1,trace_writer,96,1510000000,7430000000,1,1802958
7339447405016210,thread,1,latency_writer,97,1800000000,8280000000,0,159
7339447405016210,thread,2,account_worker,106,3440000000,5890000000,1,899236
7339447405016210,thread,2,trader_callback,98,1750000000,8330000000,0,374
7339447405016210,thread,2,trace_writer,99,1790000000,7960000000,0,526670
7339447405016210,thread,2,latency_writer,100,1660000000,7440000000,0,1348444
7339447405016210,thread,3,account_worker,107,3650000000,6410000000,0,203
7339447405016210,thread,3,trader_callback,101,1360000000,6610000000,0,2764135
7339447405016210,thread,3,trace_writer,102,1810000000,8250000000,0,136
7339447405016210,thread,3,latency_writer,103,1640000000,7330000000,0,1394496
7339447505574802,process,-1,process,91,32090000000,117530000000,9752,6
7339447505574802,thread,-1,producer,91,20000000,90000000,9752,6
7339447505574802,thread,-1,sampler,108,20000000,40000000,101,8
7339447505574802,thread,0,account_worker,104,3110000000,5920000000,0,1441329
7339447505574802,thread,0,trader_callback,92,1460000000,7100000000,0,2289647
7339447505574802,thread,0,trace_writer,93,1700000000,8360000000,0,181220
7339447505574802,thread,0,latency_writer,94,1660000000,8360000000,0,140866
7339447505574802,thread,1,account_worker,105,1820000000,4290000000,0,5178429
7339447505574802,thread,1,trader_callback,95,1660000000,8530000000,0,155
7339447505574802,thread,1,trace_writer,96,1520000000,7520000000,1,1802962
7339447505574802,thread,1,latency_writer,97,1810000000,8370000000,0,159
7339447505574802,thread,2,account_worker,106,3480000000,5960000000,1,899236
7339447505574802,thread,2,trader_callback,98,1770000000,8410000000,0,379
7339447505574802,thread,2,trace_writer,99,1800000000,8050000000,0,526671
7339447505574802,thread,2,latency_writer,100,1670000000,7530000000,0,1348446
7339447505574802,thread,3,account_worker,107,3670000000,6490000000,0,204
7339447505574802,thread,3,trader_callback,101,1370000000,6710000000,0,2764135
7339447505574802,thread,3,trace_writer,102,1820000000,8340000000,0,139
7339447505574802,thread,3,latency_writer,103,1650000000,7380000000,0,1466111
7339447606156039,process,-1,process,91,32370000000,118760000000,9853,6
7339447606156039,thread,-1,producer,91,20000000,90000000,9853,6
7339447606156039,thread,-1,sampler,108,20000000,40000000,102,8
7339447606156039,thread,0,account_worker,104,3150000000,5990000000,0,1441329
7339447606156039,thread,0,trader_callback,92,1470000000,7190000000,0,2289647
7339447606156039,thread,0,trace_writer,93,1720000000,8440000000,0,181226
7339447606156039,thread,0,latency_writer,94,1670000000,8450000000,0,140866
7339447606156039,thread,1,account_worker,105,1840000000,4320000000,0,5250966
7339447606156039,thread,1,trader_callback,95,1690000000,8610000000,0,155
7339447606156039,thread,1,trace_writer,96,1540000000,7600000000,1,1802969
7339447606156039,thread,1,latency_writer,97,1820000000,8460000000,0,162
7339447606156039,thread,2,account_worker,106,3510000000,6030000000,1,899236
7339447606156039,thread,2,trader_callback,98,1790000000,8490000000,0,379
7339447606156039,thread,2,trace_writer,99,1810000000,8140000000,0,526672
7339447606156039,thread,2,latency_writer,100,1690000000,7610000000,0,1348446
7339447606156039,thread,3,account_worker,107,3690000000,6570000000,0,208
7339447606156039,thread,3,trader_callback,101,1380000000,6800000000,0,2764135
7339447606156039,thread,3,trace_writer,102,1820000000,8440000000,0,139
7339447606156039,thread,3,latency_writer,103,1670000000,7410000000,0,1538638
7339447706724661,process,-1,process,91,32740000000,119820000000,9953,6
7339447706724661,thread,-1,producer,91,20000000,90000000,9953,6
7339447706724661,thread,-1,sampler,108,20000000,40000000,103,8
7339447706724661,thread,0,account_worker,104,3190000000,6050000000,1,1441329
7339447706724661,thread,0,trader_callback,92,1490000000,7260000000,0,2289648
7339447706724661,thread,0,trace_writer,93,1740000000,8500000000,0,216826
7339447706724661,thread,0,latency_writer,94,1700000000,8530000000,0,140866
7339447706724661,thread,1,account_worker,105,1860000000,4350000000,0,5321714
7339447706724661,thread,1,trader_callback,95,1710000000,8680000000,0,158
7339447706724661,thread,1,trace_writer,96,1560000000,7660000000,1,1838648
7339447706724661,thread,1,latency_writer,97,1830000000,8530000000,0,35784
7339447706724661,thread,2,account_worker,106,3550000000,6090000000,2,899237
7339447706724661,thread,2,trader_callback,98,1810000000,8560000000,0,382
7339447706724661,thread,2,trace_writer,99,1830000000,8220000000,0,526673
7339447706724661,thread,2,latency_writer,100,1700000000,7680000000,0,1384141
7339447706724661,thread,3,account_worker,107,3750000000,6610000000,1,210
7339447706724661,thread,3,trader_callback,101,1390000000,6890000000,0,2764135
7339447706724661,thread,3,trace_writer,102,1840000000,8530000000,0,139
7339447706724661,thread,3,latency_writer,103,1670000000,7450000000,0,1609380
7339447807310616,process,-1,process,91,33020000000,120860000000,10054,6
7339447807310616,thread,-1,producer,91,20000000,90000000,10054,6
7339447807310616,thread,-1,sampler,108,20000000,40000000,104,8
7339447807310616,thread,0,account_worker,104,3210000000,6110000000,1,1469529
7339447807310616,thread,0,trader_callback,92,1510000000,7350000000,0,2289649
7339447807310616,thread,0,trace_writer,93,1750000000,8540000000,0,302150
7339447807310616,thread,0,latency_writer,94,1720000000,8610000000,0,140868
7339447807310616,thread,1,account_worker,105,1870000000,4390000000,0,5393153
7339447807310616,thread,1,trader_callback,95,1730000000,8770000000,0,159
7339447807310616,thread,1,trace_writer,96,1580000000,7710000000,1,1895667
7339447807310616,thread,1,latency_writer,97,1840000000,8570000000,0,124199
7339447807310616,thread,2,account_worker,106,3590000000,6150000000,2,899239
7339447807310616,thread,2,trader_callback,98,1830000000,8650000000,0,386
7339447807310616,thread,2,trace_writer,99,1830000000,8320000000,0,526674
7339447807310616,thread,2,latency_writer,100,1710000000,7720000000,0,1472558
7339447807310616,thread,3,account_worker,107,3780000000,6680000000,1,210
7339447807310616,thread,3,trader_callback,101,1420000000,6960000000,0,2764135
7339447807310616,thread,3,trace_writer,102,1850000000,8620000000,0,139
7339447807310616,thread,3,latency_writer,103,1680000000,7490000000,0,1680820
7339447907874459,process,-1,process,91,33280000000,121900000000,10154,6
7339447907874459,thread,-1,producer,91,20000000,90000000,10154,6
7339447907874459,thread,-1,sampler,108,20000000,40000000,105,8
7339447907874459,thread,0,account_worker,104,3220000000,6150000000,1,1540917
7339447907874459,thread,0,trader_callback,92,1520000000,7410000000,0,2343203
7339447907874459,thread,0,trace_writer,93,1760000000,8580000000,0,373508
7339447907874459,thread,0,latency_writer,94,1730000000,8700000000,0,140870
7339447907874459,thread,1,account_worker,105,1900000000,4440000000,0,5422209
7339447907874459,thread,1,trader_callback,95,1760000000,8830000000,0,163
7339447907874459,thread,1,trace_writer,96,1590000000,7800000000,1,1895671
7339447907874459,thread,1,latency_writer,97,1840000000,8620000000,0,212191
7339447907874459,thread,2,account_worker,106,3640000000,6200000000,2,899239
7339447907874459,thread,2,trader_callback,98,1850000000,8730000000,0,391
7339447907874459,thread,2,trace_writer,99,1850000000,8410000000,0,526675
7339447907874459,thread,2,latency_writer,100,1710000000,7770000000,1,1560514
7339447907874459,thread,3,account_worker,107,3810000000,6760000000,1,210
7339447907874459,thread,3,trader_callback,101,1440000000,7040000000,0,2764136
7339447907874459,thread,3,trace_writer,102,1870000000,8690000000,0,143
7339447907874459,thread,3,latency_writer,103,1690000000,7540000000,0,1763404
7339448008468659,process,-1,process,91,33580000000,122910000000,10255,6
7339448008468659,thread,-1,producer,91,20000000,90000000,10255,6
7339448008468659,thread,-1,sampler,108,20000000,40000000,106,8
7339448008468659,thread,0,account_worker,104,3240000000,6190000000,1,1612818
7339448008468659,thread,0,trader_callback,92,1530000000,7450000000,0,2432081
7339448008468659,thread,0,trace_writer,93,1780000000,8610000000,0,445444
7339448008468659,thread,0,latency_writer,94,1760000000,8770000000,0,140873
7339448008468659,thread,1,account_worker,105,1920000000,4530000000,0,5422209
7339448008468659,thread,1,trader_callback,95,1770000000,8920000000,0,164
7339448008468659,thread,1,trace_writer,96,1620000000,7870000000,1,1895676
7339448008468659,thread,1,latency_writer,97,1850000000,8660000000,0,301641
7339448008468659,thread,2,account_worker,106,3670000000,6270000000,2,899239
7339448008468659,thread,2,trader_callback,98,1870000000,8810000000,0,391
7339448008468659,thread,2,trace_writer,99,1870000000,8480000000,0,526677
7339448008468659,thread,2,latency_writer,100,1720000000,7810000000,1,1650009
7339448008468659,thread,3,account_worker,107,3850000000,6820000000,1,210
7339448008468659,thread,3,trader_callback,101,1460000000,7120000000,0,2764136
7339448008468659,thread,3,trace_writer,102,1880000000,8780000000,0,144
7339448008468659,thread,3,latency_writer,103,1690000000,7590000000,0,1852425
7339448109020340,process,-1,process,91,33830000000,123900000000,10356,6
7339448109020340,thread,-1,producer,91,20000000,90000000,10356,6
7339448109020340,thread,-1,sampler,108,20000000,40000000,107,8
7339448109020340,thread,0,account_worker,104,3240000000,6230000000,1,1683558
7339448109020340,thread,0,trader_callback,92,1540000000,7490000000,0,2522541
7339448109020340,thread,0,trace_writer,93,1790000000,8650000000,0,516150
7339448109020340,thread,0,latency_writer,94,1770000000,8860000000,0,140876
7339448109020340,thread,1,account_worker,105,1970000000,4580000000,0,5422210
7339448109020340,thread,1,trader_callback,95,1790000000,9010000000,0,164
7339448109020340,thread,1,trace_writer,96,1640000000,7950000000,1,1895682
7339448109020340,thread,1,latency_writer,97,1860000000,8720000000,0,364787
7339448109020340,thread,2,account_worker,106,3700000000,6300000000,2,971311
7339448109020340,thread,2,trader_callback,98,1890000000,8840000000,0,72473
7339448109020340,thread,2,trace_writer,99,1890000000,8560000000,0,526684
7339448109020340,thread,2,latency_writer,100,1720000000,7880000000,1,1713070
7339448109020340,thread,3,account_worker,107,3880000000,6880000000,1,211
7339448109020340,thread,3,trader_callback,101,1470000000,7210000000,0,2764136
7339448109020340,thread,3,trace_writer,102,1890000000,8870000000,0,145
7339448109020340,thread,3,latency_writer,103,1690000000,7640000000,0,1942849
7339448209570225,process,-1,process,91,34100000000,124940000000,10456,6
7339448209570225,thread,-1,producer,91,20000000,100000000,10456,6
7339448209570225,thread,-1,sampler,108,20000000,40000000,108,8
7339448209570225,thread,0,account_worker,104,3250000000,6270000000,1,1753679
7339448209570225,thread,0,trader_callback,92,1550000000,7540000000,0,2605510
7339448209570225,thread,0,trace_writer,93,1790000000,8700000000,0,586305
7339448209570225,thread,0,latency_writer,94,1790000000,8940000000,0,140877
7339448209570225,thread,1,account_worker,105,2000000000,4640000000,0,5422210
7339448209570225,thread,1,trader_callback,95,1810000000,9090000000,0,167
7339448209570225,thread,1,trace_writer,96,1650000000,8040000000,1,1895694
7339448209570225,thread,1,latency_writer,97,1880000000,8800000000,0,364789
7339448209570225,thread,2,account_worker,106,3710000000,6330000000,2,1040833
7339448209570225,thread,2,trader_callback,98,1890000000,8880000000,0,141999
7339448209570225,thread,2,trace_writer,99,1920000000,8630000000,0,526690
7339448209570225,thread,2,latency_writer,100,1740000000,7960000000,1,1713075
7339448209570225,thread,3,account_worker,107,3910000000,6960000000,1,211
7339448209570225,thread,3,trader_callback,101,1490000000,7290000000,0,2764137
7339448209570225,thread,3,trace_writer,102,1910000000,8950000000,0,148
7339448209570225,thread,3,latency_writer,103,1690000000,7690000000,0,2025828
7339448310132910,process,-1,process,91,34370000000,125970000000,10557,6
7339448310132910,thread,-1,producer,91,20000000,100000000,10557,6
7339448310132910,thread,-1,sampler,108,20000000,40000000,109,8
7339448310132910,thread,0,account_worker,104,3270000000,6310000000,1,1824558
7339448310132910,thread,0,trader_callback,92,1550000000,7580000000,0,2693966
7339448310132910,thread,0,trace_writer,93,1790000000,8750000000,0,657170
7339448310132910,thread,0,latency_writer,94,1810000000,9020000000,0,140877
7339448310132910,thread,1,account_worker,105,2050000000,4690000000,0,5422210
7339448310132910,thread,1,trader_callback,95,1810000000,9190000000,0,170
7339448310132910,thread,1,trace_writer,96,1650000000,8140000000,1,1895695
7339448310132910,thread,1,latency_writer,97,1900000000,8880000000,0,364789
7339448310132910,thread,2,account_worker,106,3720000000,6370000000,2,1111159
7339448310132910,thread,2,trader_callback,98,1900000000,8920000000,0,212323
7339448310132910,thread,2,trace_writer,99,1930000000,8720000000,0,526695
7339448310132910,thread,2,latency_writer,100,1760000000,8040000000,1,1713075
7339448310132910,thread,3,account_worker,107,3950000000,7020000000,1,214
7339448310132910,thread,3,trader_callback,101,1530000000,7350000000,0,2764137
7339448310132910,thread,3,trace_writer,102,1930000000,9040000000,0,148
7339448310132910,thread,3,latency_writer,103,1710000000,7720000000,0,2114238
7339448410686057,process,-1,process,91,34670000000,126980000000,10657,6
7339448410686057,thread,-1,producer,91,20000000,100000000,10657,6
7339448410686057,thread,-1,sampler,108,20000000,40000000,110,8
7339448410686057,thread,0,account_worker,104,3290000000,6340000000,1,1894572
7339448410686057,thread,0,trader_callback,92,1570000000,7610000000,0,2778971
7339448410686057,thread,0,trace_writer,93,1810000000,8790000000,0,727199
7339448410686057,thread,0,latency_writer,94,1840000000,9090000000,0,140877
7339448410686057,thread,1,account_worker,105,2090000000,4760000000,0,5422210
7339448410686057,thread,1,trader_callback,95,1830000000,9260000000,0,171
7339448410686057,thread,1,trace_writer,96,1670000000,8220000000,1,1895699
7339448410686057,thread,1,latency_writer,97,1900000000,8970000000,0,364789
7339448410686057,thread,2,account_worker,106,3740000000,6410000000,2,1181771
7339448410686057,thread,2,trader_callback,98,1910000000,8960000000,0,282933
7339448410686057,thread,2,trace_writer,99,1950000000,8800000000,0,526696
7339448410686057,thread,2,latency_writer,100,1780000000,8120000000,1,1713075
7339448410686057,thread,3,account_worker,107,3980000000,7090000000,1,214
7339448410686057,thread,3,trader_callback,101,1530000000,7450000000,0,2764137
7339448410686057,thread,3,trace_writer,102,1950000000,9120000000,0,148
7339448410686057,thread,3,latency_writer,103,1720000000,7760000000,0,2199283
7339448511232141,process,-1,process,91,34980000000,127980000000,10758,6
7339448511232141,thread,-1,producer,91,20000000,100000000,10758,6
7339448511232141,thread,-1,sampler,108,20000000,40000000,111,8
7339448511232141,thread,0,account_worker,104,3300000000,6380000000,1,1965299
7339448511232141,thread,0,trader_callback,92,1580000000,7650000000,0,2867791
7339448511232141,thread,0,trace_writer,93,1810000000,8830000000,0,797922
7339448511232141,thread,0,latency_writer,94,1860000000,9170000000,0,140880
7339448511232141,thread,1,account_worker,105,2130000000,4820000000,0,5422210
7339448511232141,thread,1,trader_callback,95,1860000000,9340000000,0,171
7339448511232141,thread,1,trace_writer,96,1690000000,8300000000,1,1895708
7339448511232141,thread,1,latency_writer,97,1920000000,9060000000,0,364789
7339448511232141,thread,2,account_worker,106,3760000000,6440000000,2,1252327
7339448511232141,thread,2,trader_callback,98,1920000000,9010000000,0,353492
7339448511232141,thread,2,trace_writer,99,1960000000,8890000000,0,526698
7339448511232141,thread,2,latency_writer,100,1790000000,8210000000,1,1713075
7339448511232141,thread,3,account_worker,107,4030000000,7130000000,1,218
7339448511232141,thread,3,trader_callback,101,1560000000,7530000000,0,2764138
7339448511232141,thread,3,trace_writer,102,1960000000,9200000000,0,148
7339448511232141,thread,3,latency_writer,103,1740000000,7790000000,0,2288139
7339448611823831,process,-1,process,91,35230000000,129040000000,10858,6
7339448611823831,thread,-1,producer,91,20000000,100000000,10858,6
7339448611823831,thread,-1,sampler,108,20000000,40000000,112,8
7339448611823831,thread,0,account_worker,104,3310000000,6420000000,1,2031798
7339448611823831,thread,0,trader_callback,92,1580000000,7700000000,0,2953493
7339448611823831,thread,0,trace_writer,93,1830000000,8860000000,0,864426
7339448611823831,thread,0,latency_writer,94,1870000000,9260000000,0,140880
7339448611823831,thread,1,account_worker,105,2150000000,4900000000,0,5422210
7339448611823831,thread,1,trader_callback,95,1870000000,9420000000,0,174
7339448611823831,thread,1,trace_writer,96,1700000000,8400000000,1,1895711
7339448611823831,thread,1,latency_writer,97,1930000000,9150000000,0,364789
7339448611823831,thread,2,account_worker,106,3790000000,6450000000,2,1323185
7339448611823831,thread,2,trader_callback,98,1930000000,9050000000,0,424354
7339448611823831,thread,2,trace_writer,99,1970000000,8990000000,0,526701
7339448611823831,thread,2,latency_writer,100,1810000000,8290000000,1,1713077
7339448611823831,thread,3,account_worker,107,4080000000,7180000000,1,219
7339448611823831,thread,3,trader_callback,101,1580000000,7600000000,0,2764138
7339448611823831,thread,3,trace_writer,102,1970000000,9300000000,0,148
7339448611823831,thread,3,latency_writer,103,1760000000,7820000000,0,2373817
7339448712417101,process,-1,process,91,35550000000,130030000000,10959,6
7339448712417101,thread,-1,producer,91,20000000,100000000,10959,6
7339448712417101,thread,-1,sampler,108,20000000,40000000,113,8
7339448712417101,thread,0,account_worker,104,3320000000,6450000000,1,2103496
7339448712417101,thread,0,trader_callback,92,1600000000,7730000000,0,3043368
7339448712417101,thread,0,trace_writer,93,1830000000,8910000000,0,936124
7339448712417101,thread,0,latency_writer,94,1890000000,9340000000,0,140884
7339448712417101,thread,1,account_worker,105,2210000000,4940000000,0,5422211
7339448712417101,thread,1,trader_callback,95,1890000000,9500000000,0,174
7339448712417101,thread,1,trace_writer,96,1710000000,8480000000,1,1895715
7339448712417101,thread,1,latency_writer,97,1950000000,9230000000,0,364789
7339448712417101,thread,2,account_worker,106,3800000000,6490000000,2,1394726
7339448712417101,thread,2,trader_callback,98,1930000000,9100000000,0,495898
7339448712417101,thread,2,trace_writer,99,1980000000,9070000000,0,526701
7339448712417101,thread,2,latency_writer,100,1830000000,8380000000,1,1713077
7339448712417101,thread,3,account_worker,107,4110000000,7260000000,1,219
7339448712417101,thread,3,trader_callback,101,1600000000,7680000000,0,2764138
7339448712417101,thread,3,trace_writer,102,2010000000,9360000000,0,148
7339448712417101,thread,3,latency_writer,103,1770000000,7870000000,0,2463714
7339448812992845,process,-1,process,91,35770000000,131120000000,11059,6
7339448812992845,thread,-1,producer,91,20000000,100000000,11059,6
7339448812992845,thread,-1,sampler,108,20000000,40000000,114,8
7339448812992845,thread,0,account_worker,104,3320000000,6500000000,1,2174560
7339448812992845,thread,0,trader_callback,92,1610000000,7770000000,0,3131359
7339448812992845,thread,0,trace_writer,93,1830000000,8960000000,0,1007212
7339448812992845,thread,0,latency_writer,94,1920000000,9410000000,0,140884
7339448812992845,thread,1,account_worker,105,2240000000,5010000000,0,5422211
7339448812992845,thread,1,trader_callback,95,1900000000,9600000000,0,177
7339448812992845,thread,1,trace_writer,96,1710000000,8580000000,1,1895718
7339448812992845,thread,1,latency_writer,97,1970000000,9310000000,0,364792
7339448812992845,thread,2,account_worker,106,3810000000,6540000000,2,1465781
7339448812992845,thread,2,trader_callback,98,1940000000,9140000000,0,566957
7339448812992845,thread,2,trace_writer,99,1990000000,9170000000,0,526702
7339448812992845,thread,2,latency_writer,100,1850000000,8460000000,1,1713077
7339448812992845,thread,3,account_worker,107,4130000000,7340000000,1,220
7339448812992845,thread,3,trader_callback,101,1620000000,7770000000,0,2764138
7339448812992845,thread,3,trace_writer,102,2020000000,9450000000,0,149
7339448812992845,thread,3,latency_writer,103,1780000000,7900000000,0,2551838
7339448913810169,process,-1,process,91,36040000000,132150000000,11158,6
7339448913810169,thread,-1,producer,91,20000000,100000000,11158,6
7339448913810169,thread,-1,sampler,108,20000000,40000000,115,8
7339448913810169,thread,0,account_worker,104,3350000000,6520000000,1,2237927
7339448913810169,thread,0,trader_callback,92,1620000000,7810000000,0,3220046
7339448913810169,thread,0,trace_writer,93,1850000000,8990000000,0,1070555
7339448913810169,thread,0,latency_writer,94,1930000000,9500000000,0,140897
7339448913810169,thread,1,account_worker,105,2270000000,5080000000,0,5422221
7339448913810169,thread,1,trader_callback,95,1920000000,9680000000,0,188
7339448913810169,thread,1,trace_writer,96,1740000000,8650000000,1,1895729
7339448913810169,thread,1,latency_writer,97,1980000000,9400000000,0,364803
7339448913810169,thread,2,account_worker,106,3820000000,6580000000,2,1535311
7339448913810169,thread,2,trader_callback,98,1950000000,9180000000,0,636469
7339448913810169,thread,2,trace_writer,99,2020000000,9230000000,0,526712
7339448913810169,thread,2,latency_writer,100,1860000000,8540000000,1,1713087
7339448913810169,thread,3,account_worker,107,4140000000,7430000000,1,231
7339448913810169,thread,3,trader_callback,101,1640000000,7850000000,0,2764148
7339448913810169,thread,3,trace_writer,102,2040000000,9530000000,0,160
7339448913810169,thread,3,latency_writer,103,1780000000,7950000000,0,2640375
7339449014386101,process,-1,process,91,36280000000,133210000000,11259,6
7339449014386101,thread,-1,producer,91,20000000,100000000,11259,6
7339449014386101,thread,-1,sampler,108,20000000,40000000,116,8
7339449014386101,thread,0,account_worker,104,3370000000,6560000000,1,2309477
7339449014386101,thread,0,trader_callback,92,1630000000,7850000000,0,3307730
7339449014386101,thread,0,trace_writer,93,1860000000,9030000000,0,1142108
7339449014386101,thread,0,latency_writer,94,1950000000,9580000000,0,140900
7339449014386101,thread,1,account_worker,105,2300000000,5150000000,0,5422221
7339449014386101,thread,1,trader_callback,95,1940000000,9760000000,0,188
7339449014386101,thread,1,trace_writer,96,1760000000,8730000000,1,1895734
7339449014386101,thread,1,latency_writer,97,2000000000,9490000000,0,364803
7339449014386101,thread,2,account_worker,106,3820000000,6620000000,2,1606415
7339449014386101,thread,2,trader_callback,98,1950000000,9230000000,0,707585
7339449014386101,thread,2,trace_writer,99,2040000000,9310000000,0,526714
7339449014386101,thread,2,latency_writer,100,1870000000,8630000000,1,1713087
7339449014386101,thread,3,account_worker,107,4170000000,7500000000,1,231
7339449014386101,thread,3,trader_callback,101,1640000000,7940000000,0,2764148
7339449014386101,thread,3,trace_writer,102,2060000000,9610000000,0,161
7339449014386101,thread,3,latency_writer,103,1790000000,8000000000,0,2728071
7339449114981464,process,-1,process,91,36540000000,134260000000,11359,6
7339449114981464,thread,-1,producer,91,30000000,100000000,11359,6
7339449114981464,thread,-1,sampler,108,20000000,40000000,117,8
7339449114981464,thread,0,account_worker,104,3380000000,6600000000,1,2379634
7339449114981464,thread,0,trader_callback,92,1640000000,7890000000,0,3396368
7339449114981464,thread,0,trace_writer,93,1860000000,9080000000,0,1212265
7339449114981464,thread,0,latency_writer,94,1950000000,9680000000,0,140904
7339449114981464,thread,1,account_worker,105,2340000000,5210000000,0,5422222
7339449114981464,thread,1,trader_callback,95,1950000000,9850000000,0,188
7339449114981464,thread,1,trace_writer,96,1780000000,8810000000,1,1895736
7339449114981464,thread,1,latency_writer,97,2010000000,9570000000,0,364804
7339449114981464,thread,2,account_worker,106,3830000000,6660000000,2,1676539
7339449114981464,thread,2,trader_callback,98,1970000000,9260000000,0,777705
7339449114981464,thread,2,trace_writer,99,2060000000,9400000000,0,526716
7339449114981464,thread,2,latency_writer,100,1880000000,8720000000,1,1713087
7339449114981464,thread,3,account_worker,107,4200000000,7570000000,1,232
7339449114981464,thread,3,trader_callback,101,1670000000,8020000000,0,2764149
7339449114981464,thread,3,trace_writer,102,2080000000,9690000000,0,161
7339449114981464,thread,3,latency_writer,103,1790000000,8050000000,0,2816694
7339449215572649,process,-1,process,91,36810000000,135300000000,11460,6
7339449215572649,thread,-1,producer,91,30000000,100000000,11460,6
7339449215572649,thread,-1,sampler,108,20000000,40000000,118,8
7339449215572649,thread,0,account_worker,104,3400000000,6630000000,1,2437860
7339449215572649,thread,0,trader_callback,92,1650000000,7930000000,0,3482320
7339449215572649,thread,0,trace_writer,93,1870000000,9130000000,0,1270484
7339449215572649,thread,0,latency_writer,94,1980000000,9750000000,0,140907
7339449215572649,thread,1,account_worker,105,2380000000,5270000000,0,5422222
7339449215572649,thread,1,trader_callback,95,1960000000,9940000000,0,191
7339449215572649,thread,1,trace_writer,96,1790000000,8900000000,1,1895743
7339449215572649,thread,1,latency_writer,97,2020000000,9660000000,0,364804
7339449215572649,thread,2,account_worker,106,3850000000,6690000000,2,1747934
7339449215572649,thread,2,trader_callback,98,1980000000,9310000000,0,849105
7339449215572649,thread,2,trace_writer,99,2070000000,9480000000,0,526718
7339449215572649,thread,2,latency_writer,100,1900000000,8810000000,1,1713089
7339449215572649,thread,3,account_worker,107,4250000000,7620000000,1,232
7339449215572649,thread,3,trader_callback,101,1700000000,8090000000,0,2764149
7339449215572649,thread,3,trace_writer,102,2090000000,9780000000,0,161
7339449215572649,thread,3,latency_writer,103,1790000000,8090000000,0,2902740
7339449316323852,process,-1,process,91,37090000000,136330000000,11558,6
7339449316323852,thread,-1,producer,91,30000000,100000000,11558,6
7339449316323852,thread,-1,sampler,108,20000000,40000000,119,8
7339449316323852,thread,0,account_worker,104,3410000000,6660000000,1,2479608
7339449316323852,thread,0,trader_callback,92,1660000000,7970000000,0,3569793
7339449316323852,thread,0,trace_writer,93,1870000000,9170000000,0,1312232
7339449316323852,thread,0,latency_writer,94,2000000000,9830000000,0,140910
7339449316323852,thread,1,account_worker,105,2410000000,5340000000,0,5422222
7339449316323852,thread,1,trader_callback,95,1980000000,10020000000,0,191
7339449316323852,thread,1,trace_writer,96,1800000000,8990000000,1,1895754
7339449316323852,thread,1,latency_writer,97,2040000000,9740000000,0,364804
7339449316323852,thread,2,account_worker,106,3860000000,6730000000,2,1818644
7339449316323852,thread,2,trader_callback,98,1990000000,9340000000,0,919817
7339449316323852,thread,2,trace_writer,99,2090000000,9560000000,0,526725
7339449316323852,thread,2,latency_writer,100,1910000000,8890000000,1,1713090
7339449316323852,thread,3,account_worker,107,4290000000,7680000000,1,232
7339449316323852,thread,3,trader_callback,101,1710000000,8180000000,0,2764149
7339449316323852,thread,3,trace_writer,102,2110000000,9860000000,0,161
7339449316323852,thread,3,latency_writer,103,1800000000,8130000000,0,2990173
7339449417090638,process,-1,process,91,37360000000,137370000000,11659,6
7339449417090638,thread,-1,producer,91,30000000,100000000,11659,6
7339449417090638,thread,-1,sampler,108,20000000,40000000,120,8
7339449417090638,thread,0,account_worker,104,3420000000,6710000000,1,2521432
7339449417090638,thread,0,trader_callback,92,1660000000,8020000000,0,3653660
7339449417090638,thread,0,trace_writer,93,1880000000,9210000000,0,1354049
7339449417090638,thread,0,latency_writer,94,2020000000,9920000000,0,140913
7339449417090638,thread,1,account_worker,105,2450000000,5400000000,0,5422222
7339449417090638,thread,1,trader_callback,95,1990000000,10110000000,0,191
7339449417090638,thread,1,trace_writer,96,1810000000,9080000000,1,1895765
7339449417090638,thread,1,latency_writer,97,2060000000,9830000000,0,364804
7339449417090638,thread,2,account_worker,106,3890000000,6760000000,2,1889352
7339449417090638,thread,2,trader_callback,98,2000000000,9380000000,0,990518
7339449417090638,thread,2,trace_writer,99,2110000000,9640000000,0,526729
7339449417090638,thread,2,latency_writer,100,1930000000,8980000000,1,1713095
7339449417090638,thread,3,account_worker,107,4330000000,7740000000,1,236
7339449417090638,thread,3,trader_callback,101,1730000000,8260000000,0,2764149
7339449417090638,thread,3,trace_writer,102,2140000000,9930000000,0,161
7339449417090638,thread,3,latency_writer,103,1810000000,8170000000,0,3073986
7339449517647493,process,-1,process,91,37610000000,138430000000,11759,6
7339449517647493,thread,-1,producer,91,30000000,100000000,11759,6
7339449517647493,thread,-1,sampler,108,20000000,40000000,121,8
7339449517647493,thread,0,account_worker,104,3430000000,6750000000,1,2563866
7339449517647493,thread,0,trader_callback,92,1670000000,8060000000,0,3744282
7339449517647493,thread,0,trace_writer,93,1890000000,9250000000,0,1396480
7339449517647493,thread,0,latency_writer,94,2030000000,10000000000,0,140917
7339449517647493,thread,1,account_worker,105,2490000000,5470000000,0,5422222
7339449517647493,thread,1,trader_callback,95,2010000000,10190000000,0,191
7339449517647493,thread,1,trace_writer,96,1810000000,9170000000,1,1895773
7339449517647493,thread,1,latency_writer,97,2080000000,9910000000,0,364806
7339449517647493,thread,2,account_worker,106,3900000000,6800000000,2,1960837
7339449517647493,thread,2,trader_callback,98,2010000000,9420000000,0,1062002
7339449517647493,thread,2,trace_writer,99,2130000000,9730000000,0,526729
7339449517647493,thread,2,latency_writer,100,1940000000,9060000000,1,1713096
7339449517647493,thread,3,account_worker,107,4370000000,7800000000,1,237
7339449517647493,thread,3,trader_callback,101,1740000000,8350000000,0,2764149
7339449517647493,thread,3,trace_writer,102,2150000000,10020000000,0,161
7339449517647493,thread,3,latency_writer,103,1820000000,8210000000,0,3164598
7339449618226757,process,-1,process,91,37860000000,139480000000,11860,6
7339449618226757,thread,-1,producer,91,30000000,100000000,11860,6
7339449618226757,thread,-1,sampler,108,20000000,40000000,122,8
7339449618226757,thread,0,account_worker,104,3440000000,6790000000,1,2606227
7339449618226757,thread,0,trader_callback,92,1670000000,8110000000,0,3828564
7339449618226757,thread,0,trace_writer,93,1910000000,9290000000,0,1438838
7339449618226757,thread,0,latency_writer,94,2050000000,10090000000,0,140920
7339449618226757,thread,1,account_worker,105,2540000000,5520000000,0,5422222
7339449618226757,thread,1,trader_callback,95,2030000000,10280000000,0,191
7339449618226757,thread,1,trace_writer,96,1830000000,9260000000,1,1895777
7339449618226757,thread,1,latency_writer,97,2100000000,9990000000,0,364806
7339449618226757,thread,2,account_worker,106,3910000000,6830000000,2,2030587
7339449618226757,thread,2,trader_callback,98,2020000000,9470000000,0,1131753
7339449618226757,thread,2,trace_writer,99,2150000000,9800000000,0,526733
7339449618226757,thread,2,latency_writer,100,1960000000,9150000000,1,1713097
7339449618226757,thread,3,account_worker,107,4400000000,7870000000,1,247
7339449618226757,thread,3,trader_callback,101,1760000000,8430000000,0,2764149
7339449618226757,thread,3,trace_writer,102,2170000000,10100000000,0,161
7339449618226757,thread,3,latency_writer,103,1830000000,8260000000,0,3248884
7339449718786523,process,-1,process,91,38120000000,140540000000,11960,6
7339449718786523,thread,-1,producer,91,30000000,100000000,11960,6
7339449718786523,thread,-1,sampler,108,20000000,50000000,123,8
7339449718786523,thread,0,account_worker,104,3450000000,6830000000,1,2648860
7339449718786523,thread,0,trader_callback,92,1680000000,8160000000,0,3919737
7339449718786523,thread,0,trace_writer,93,1910000000,9330000000,0,1481480
7339449718786523,thread,0,latency_writer,94,2080000000,10160000000,0,140926
7339449718786523,thread,1,account_worker,105,2580000000,5580000000,0,5422222
7339449718786523,thread,1,trader_callback,95,2040000000,10360000000,0,191
7339449718786523,thread,1,trace_writer,96,1830000000,9350000000,1,1895780
7339449718786523,thread,1,latency_writer,97,2110000000,10070000000,0,364806
7339449718786523,thread,2,account_worker,106,3930000000,6870000000,2,2102155
7339449718786523,thread,2,trader_callback,98,2030000000,9510000000,0,1203326
7339449718786523,thread,2,trace_writer,99,2170000000,9890000000,0,526734
7339449718786523,thread,2,latency_writer,100,1970000000,9240000000,1,1713097
7339449718786523,thread,3,account_worker,107,4430000000,7940000000,1,251
7339449718786523,thread,3,trader_callback,101,1770000000,8520000000,0,2764149
7339449718786523,thread,3,trace_writer,102,2190000000,10190000000,0,161
7339449718786523,thread,3,latency_writer,103,1840000000,8300000000,0,3340144
7339449819491792,process,-1,process,91,38450000000,141510000000,12061,6
7339449819491792,thread,-1,producer,91,30000000,100000000,12061,6
7339449819491792,thread,-1,sampler,108,20000000,50000000,124,8
7339449819491792,thread,0,account_worker,104,3460000000,6870000000,1,2689950
7339449819491792,thread,0,trader_callback,92,1690000000,8200000000,0,4004439
7339449819491792,thread,0,trace_writer,93,1920000000,9370000000,0,1522569
7339449819491792,thread,0,latency_writer,94,2100000000,10240000000,0,140929
7339449819491792,thread,1,account_worker,105,2630000000,5630000000,0,5422222
7339449819491792,thread,1,trader_callback,95,2060000000,10450000000,0,192
7339449819491792,thread,1,trace_writer,96,1850000000,9430000000,1,1895783
7339449819491792,thread,1,latency_writer,97,2140000000,10150000000,0,364806
7339449819491792,thread,2,account_worker,106,3950000000,6900000000,2,2171522
7339449819491792,thread,2,trader_callback,98,2040000000,9540000000,0,1272693
7339449819491792,thread,2,trace_writer,99,2190000000,9970000000,0,526739
7339449819491792,thread,2,latency_writer,100,2000000000,9310000000,1,1713097
7339449819491792,thread,3,account_worker,107,4470000000,8000000000,1,254
7339449819491792,thread,3,trader_callback,101,1780000000,8620000000,0,2764149
7339449819491792,thread,3,trace_writer,102,2210000000,10270000000,0,161
7339449819491792,thread,3,latency_writer,103,1850000000,8330000000,0,3424819
7339449920216356,process,-1,process,91,38760000000,142520000000,12162,6
7339449920216356,thread,-1,producer,91,30000000,100000000,12162,6
7339449920216356,thread,-1,sampler,108,20000000,50000000,125,8
7339449920216356,thread,0,account_worker,104,3480000000,6900000000,1,2730850
7339449920216356,thread,0,trader_callback,92,1690000000,8240000000,0,4092369
7339449920216356,thread,0,trace_writer,93,1920000000,9420000000,0,1563460
7339449920216356,thread,0,latency_writer,94,2120000000,10320000000,0,140936
7339449920216356,thread,1,account_worker,105,2670000000,5680000000,0,5422222
7339449920216356,thread,1,trader_callback,95,2100000000,10510000000,0,194
7339449920216356,thread,1,trace_writer,96,1890000000,9500000000,1,1895786
7339449920216356,thread,1,latency_writer,97,2160000000,10230000000,0,364807
7339449920216356,thread,2,account_worker,106,3960000000,6930000000,2,2241255
7339449920216356,thread,2,trader_callback,98,2050000000,9580000000,0,1342421
7339449920216356,thread,2,trace_writer,99,2190000000,10070000000,0,526742
7339449920216356,thread,2,latency_writer,100,2030000000,9380000000,1,1713097
7339449920216356,thread,3,account_worker,107,4510000000,8070000000,1,254
7339449920216356,thread,3,trader_callback,101,1800000000,8690000000,0,2764150
7339449920216356,thread,3,trace_writer,102,2220000000,10360000000,0,162
7339449920216356,thread,3,latency_writer,103,1860000000,8380000000,0,3512687
7339450020764864,process,-1,process,91,39030000000,143550000000,12247,6
7339450020764864,thread,-1,producer,91,30000000,100000000,12247,6
7339450020764864,thread,-1,sampler,108,20000000,50000000,126,8
7339450020764864,thread,0,account_worker,104,3500000000,6930000000,1,2774929
7339450020764864,thread,0,trader_callback,92,1710000000,8280000000,0,4183576
7339450020764864,thread,0,trace_writer,93,1930000000,9470000000,0,1607538
7339450020764864,thread,0,latency_writer,94,2130000000,10400000000,0,140936
7339450020764864,thread,1,account_worker,105,2710000000,5750000000,0,5422222
7339450020764864,thread,1,trader_callback,95,2130000000,10580000000,0,194
7339450020764864,thread,1,trace_writer,96,1900000000,9590000000,1,1895791
7339450020764864,thread,1,latency_writer,97,2170000000,10320000000,0,364807
7339450020764864,thread,2,account_worker,106,3980000000,6970000000,2,2312377
7339450020764864,thread,2,trader_callback,98,2050000000,9630000000,0,1413543
7339450020764864,thread,2,trace_writer,99,2200000000,10160000000,0,526744
7339450020764864,thread,2,latency_writer,100,2050000000,9460000000,1,1713097
7339450020764864,thread,3,account_worker,107,4540000000,8130000000,1,254
7339450020764864,thread,3,trader_callback,101,1820000000,8770000000,0,2764150
7339450020764864,thread,3,trace_writer,102,2230000000,10450000000,0,163
7339450020764864,thread,3,latency_writer,103,1870000000,8420000000,0,3603845
7339450121337347,process,-1,process,91,39320000000,144560000000,12348,6
7339450121337347,thread,-1,producer,91,30000000,100000000,12348,6
7339450121337347,thread,-1,sampler,108,20000000,50000000,127,8
7339450121337347,thread,0,account_worker,104,3500000000,6980000000,1,2817065
7339450121337347,thread,0,trader_callback,92,1710000000,8330000000,0,4268631
7339450121337347,thread,0,trace_writer,93,1950000000,9500000000,0,1649676
7339450121337347,thread,0,latency_writer,94,2160000000,10480000000,0,140943
7339450121337347,thread,1,account_worker,105,2730000000,5820000000,0,5422223
7339450121337347,thread,1,trader_callback,95,2150000000,10660000000,0,197
7339450121337347,thread,1,trace_writer,96,1910000000,9680000000,1,1895796
7339450121337347,thread,1,latency_writer,97,2180000000,10410000000,0,364809
7339450121337347,thread,2,account_worker,106,4010000000,6990000000,2,2382666
7339450121337347,thread,2,trader_callback,98,2070000000,9660000000,0,1483831
7339450121337347,thread,2,trace_writer,99,2210000000,10250000000,0,526745
7339450121337347,thread,2,latency_writer,100,2070000000,9540000000,1,1713098
7339450121337347,thread,3,account_worker,107,4590000000,8180000000,1,255
7339450121337347,thread,3,trader_callback,101,1840000000,8860000000,0,2764150
7339450121337347,thread,3,trace_writer,102,2260000000,10520000000,0,163
7339450121337347,thread,3,latency_writer,103,1880000000,8460000000,0,3688936
7339450221935486,process,-1,process,91,39610000000,145590000000,12448,6
7339450221935486,thread,-1,producer,91,30000000,100000000,12449,6
7339450221935486,thread,-1,sampler,108,20000000,50000000,128,8
7339450221935486,thread,0,account_worker,104,3510000000,7030000000,1,2859091
7339450221935486,thread,0,trader_callback,92,1720000000,8370000000,0,4356640
7339450221935486,thread,0,trace_writer,93,1960000000,9540000000,0,1691709
7339450221935486,thread,0,latency_writer,94,2170000000,10560000000,0,140948
7339450221935486,thread,1,account_worker,105,2780000000,5880000000,0,5422225
7339450221935486,thread,1,trader_callback,95,2170000000,10740000000,0,199
7339450221935486,thread,1,trace_writer,96,1920000000,9770000000,1,1895803
7339450221935486,thread,1,latency_writer,97,2190000000,10500000000,0,364811
7339450221935486,thread,2,account_worker,106,4040000000,7010000000,2,2452941
7339450221935486,thread,2,trader_callback,98,2080000000,9700000000,0,1554109
7339450221935486,thread,2,trace_writer,99,2230000000,10330000000,0,526749
7339450221935486,thread,2,latency_writer,100,2090000000,9620000000,1,1713101
7339450221935486,thread,3,account_worker,107,4630000000,8240000000,1,257
7339450221935486,thread,3,trader_callback,101,1850000000,8950000000,0,2764152
7339450221935486,thread,3,trace_writer,102,2280000000,10600000000,0,165
7339450221935486,thread,3,latency_writer,103,1880000000,8500000000,0,3776973
7339450322534641,process,-1,process,91,39850000000,146650000000,12549,6
7339450322534641,thread,-1,producer,91,30000000,100000000,12549,6
7339450322534641,thread,-1,sampler,108,20000000,50000000,129,8
7339450322534641,thread,0,account_worker,104,3520000000,7060000000,1,2901122
7339450322534641,thread,0,trader_callback,92,1730000000,8410000000,0,4444267
7339450322534641,thread,0,trace_writer,93,1970000000,9570000000,0,1733747
7339450322534641,thread,0,latency_writer,94,2190000000,10650000000,0,140962
7339450322534641,thread,1,account_worker,105,2810000000,5950000000,0,5422227
7339450322534641,thread,1,trader_callback,95,2170000000,10840000000,0,202
7339450322534641,thread,1,trace_writer,96,1930000000,9860000000,1,1895821
7339450322534641,thread,1,latency_writer,97,2210000000,10580000000,0,364813
7339450322534641,thread,2,account_worker,106,4050000000,7050000000,2,2523004
7339450322534641,thread,2,trader_callback,98,2090000000,9740000000,0,1624170
7339450322534641,thread,2,trace_writer,99,2240000000,10420000000,0,526753
7339450322534641,thread,2,latency_writer,100,2110000000,9700000000,1,1713104
7339450322534641,thread,3,account_worker,107,4650000000,8330000000,1,262
7339450322534641,thread,3,trader_callback,101,1870000000,9030000000,0,2764154
7339450322534641,thread,3,trace_writer,102,2280000000,10700000000,0,167
7339450322534641,thread,3,latency_writer,103,1890000000,8550000000,0,3864642
7339450423288241,process,-1,process,91,40060000000,147750000000,12650,6
7339450423288241,thread,-1,producer,91,30000000,100000000,12650,6
7339450423288241,thread,-1,sampler,108,20000000,50000000,130,8
7339450423288241,thread,0,account_worker,104,3540000000,7090000000,1,2946137
7339450423288241,thread,0,trader_callback,92,1730000000,8450000000,0,4532906
7339450423288241,thread,0,trace_writer,93,1970000000,9620000000,0,1778761
7339450423288241,thread,0,latency_writer,94,2200000000,10740000000,0,140969
7339450423288241,thread,1,account_worker,105,2840000000,6020000000,0,5422227
7339450423288241,thread,1,trader_callback,95,2170000000,10930000000,0,202
7339450423288241,thread,1,trace_writer,96,1930000000,9950000000,1,1895847
7339450423288241,thread,1,latency_writer,97,2220000000,10670000000,0,364813
7339450423288241,thread,2,account_worker,106,4060000000,7090000000,2,2593346
7339450423288241,thread,2,trader_callback,98,2100000000,9780000000,0,1694515
7339450423288241,thread,2,trace_writer,99,2260000000,10500000000,0,526759
7339450423288241,thread,2,latency_writer,100,2120000000,9790000000,1,1713104
7339450423288241,thread,3,account_worker,107,4670000000,8400000000,1,262
7339450423288241,thread,3,trader_callback,101,1880000000,9110000000,0,2764154
7339450423288241,thread,3,trace_writer,102,2300000000,10780000000,0,167
7339450423288241,thread,3,latency_writer,103,1890000000,8590000000,0,3953248
7339450524027483,process,-1,process,91,40330000000,148790000000,12751,6
7339450524027483,thread,-1,producer,91,30000000,100000000,12751,6
7339450524027483,thread,-1,sampler,108,20000000,50000000,131,8
7339450524027483,thread,0,account_worker,104,3540000000,7140000000,1,2990647
7339450524027483,thread,0,trader_callback,92,1750000000,8490000000,0,4617985
7339450524027483,thread,0,trace_writer,93,1980000000,9660000000,0,1823260
7339450524027483,thread,0,latency_writer,94,2230000000,10810000000,0,140973
7339450524027483,thread,1,account_worker,105,2870000000,6080000000,0,5422227
7339450524027483,thread,1,trader_callback,95,2180000000,11030000000,0,202
7339450524027483,thread,1,trace_writer,96,1980000000,10000000000,1,1895886
7339450524027483,thread,1,latency_writer,97,2240000000,10760000000,0,364813
7339450524027483,thread,2,account_worker,106,4070000000,7130000000,2,2658498
7339450524027483,thread,2,trader_callback,98,2110000000,9820000000,0,1759661
7339450524027483,thread,2,trace_writer,99,2270000000,10590000000,0,526765
7339450524027483,thread,2,latency_writer,100,2140000000,9870000000,1,1713104
7339450524027483,thread,3,account_worker,107,4730000000,8450000000,1,263
7339450524027483,thread,3,trader_callback,101,1890000000,9200000000,0,2764156
7339450524027483,thread,3,trace_writer,102,2320000000,10860000000,0,167
7339450524027483,thread,3,latency_writer,103,1900000000,8640000000,0,4038273
7339450624606098,process,-1,process,91,40660000000,149760000000,12849,6
7339450624606098,thread,-1,producer,91,30000000,100000000,12849,6
7339450624606098,thread,-1,sampler,108,20000000,50000000,132,8
7339450624606098,thread,0,account_worker,104,3540000000,7190000000,1,3046267
7339450624606098,thread,0,trader_callback,92,1770000000,8520000000,0,4690436
7339450624606098,thread,0,trace_writer,93,2000000000,9700000000,0,1878896
7339450624606098,thread,0,latency_writer,94,2240000000,10900000000,0,140973
7339450624606098,thread,1,account_worker,105,2920000000,6140000000,0,5422227
7339450624606098,thread,1,trader_callback,95,2210000000,11100000000,0,202
7339450624606098,thread,1,trace_writer,96,2000000000,10080000000,1,1895894
7339450624606098,thread,1,latency_writer,97,2260000000,10830000000,0,364813
7339450624606098,thread,2,account_worker,106,4090000000,7160000000,2,2720685
7339450624606098,thread,2,trader_callback,98,2120000000,9860000000,0,1821845
7339450624606098,thread,2,trace_writer,99,2300000000,10660000000,0,526769
7339450624606098,thread,2,latency_writer,100,2170000000,9940000000,1,1713106
7339450624606098,thread,3,account_worker,107,4760000000,8520000000,1,264
7339450624606098,thread,3,trader_callback,101,1900000000,9290000000,0,2764156
7339450624606098,thread,3,trace_writer,102,2330000000,10950000000,0,167
7339450624606098,thread,3,latency_writer,103,1920000000,8670000000,0,4110740
7339450725197843,process,-1,process,91,40960000000,150770000000,12945,6
7339450725197843,thread,-1,producer,91,30000000,100000000,12945,6
7339450725197843,thread,-1,sampler,108,20000000,50000000,133,8
7339450725197843,thread,0,account_worker,104,3560000000,7220000000,1,3108958
7339450725197843,thread,0,trader_callback,92,1770000000,8560000000,0,4767461
7339450725197843,thread,0,trace_writer,93,2010000000,9740000000,0,1941611
7339450725197843,thread,0,latency_writer,94,2270000000,10970000000,0,140984
7339450725197843,thread,1,account_worker,105,2970000000,6190000000,0,5422228
7339450725197843,thread,1,trader_callback,95,2220000000,11190000000,0,205
7339450725197843,thread,1,trace_writer,96,2010000000,10170000000,1,1895901
7339450725197843,thread,1,latency_writer,97,2280000000,10910000000,0,364813
7339450725197843,thread,2,account_worker,106,4090000000,7210000000,2,2782868
7339450725197843,thread,2,trader_callback,98,2130000000,9900000000,0,1884031
7339450725197843,thread,2,trace_writer,99,2320000000,10740000000,0,526769
7339450725197843,thread,2,latency_writer,100,2190000000,10020000000,1,1713106
7339450725197843,thread,3,account_worker,107,4800000000,8580000000,1,267
7339450725197843,thread,3,trader_callback,101,1930000000,9370000000,0,2764156
7339450725197843,thread,3,trace_writer,102,2350000000,11030000000,0,167
7339450725197843,thread,3,latency_writer,103,1930000000,8710000000,0,4187940
7339450826003284,process,-1,process,91,41220000000,151820000000,13042,6
7339450826003284,thread,-1,producer,91,30000000,100000000,13042,6
7339450826003284,thread,-1,sampler,108,20000000,50000000,134,8
7339450826003284,thread,0,account_worker,104,3570000000,7260000000,1,3175547
7339450826003284,thread,0,trader_callback,92,1770000000,8610000000,0,4855178
7339450826003284,thread,0,trace_writer,93,2010000000,9790000000,0,2008172
7339450826003284,thread,0,latency_writer,94,2290000000,11050000000,0,140995
7339450826003284,thread,1,account_worker,105,3010000000,6250000000,0,5422228
7339450826003284,thread,1,trader_callback,95,2240000000,11270000000,0,206
7339450826003284,thread,1,trace_writer,96,2030000000,10250000000,1,1895905
7339450826003284,thread,1,latency_writer,97,2300000000,10990000000,0,364814
7339450826003284,thread,2,account_worker,106,4110000000,7240000000,2,2851555
7339450826003284,thread,2,trader_callback,98,2140000000,9950000000,0,1952719
7339450826003284,thread,2,trace_writer,99,2330000000,10830000000,0,526769
7339450826003284,thread,2,latency_writer,100,2200000000,10110000000,1,1713107
7339450826003284,thread,3,account_worker,107,4830000000,8650000000,1,269
7339450826003284,thread,3,trader_callback,101,1950000000,9450000000,0,2764156
7339450826003284,thread,3,trace_writer,102,2370000000,11110000000,0,168
7339450826003284,thread,3,latency_writer,103,1930000000,8750000000,0,4275499
7339450926570070,process,-1,process,91,41480000000,152860000000,13142,6
7339450926570070,thread,-1,producer,91,30000000,100000000,13142,6
7339450926570070,thread,-1,sampler,108,20000000,50000000,135,8
7339450926570070,thread,0,account_worker,104,3590000000,7290000000,1,3242242
7339450926570070,thread,0,trader_callback,92,1780000000,8660000000,0,4940615
7339450926570070,thread,0,trace_writer,93,2020000000,9830000000,0,2074881
7339450926570070,thread,0,latency_writer,94,2300000000,11140000000,0,140995
7339450926570070,thread,1,account_worker,105,3060000000,6300000000,0,5422228
7339450926570070,thread,1,trader_callback,95,2270000000,11340000000,0,210
7339450926570070,thread,1,trace_writer,96,2040000000,10340000000,1,1895945
7339450926570070,thread,1,latency_writer,97,2310000000,11080000000,0,364816
7339450926570070,thread,2,account_worker,106,4130000000,7270000000,2,2910809
7339450926570070,thread,2,trader_callback,98,2140000000,10000000000,0,2011981
7339450926570070,thread,2,trace_writer,99,2350000000,10920000000,0,526771
7339450926570070,thread,2,latency_writer,100,2210000000,10200000000,1,1713107
7339450926570070,thread,3,account_worker,107,4870000000,8710000000,1,269
7339450926570070,thread,3,trader_callback,101,1970000000,9530000000,0,2764156
7339450926570070,thread,3,trace_writer,102,2380000000,11210000000,0,169
7339450926570070,thread,3,latency_writer,103,1940000000,8800000000,0,4361038
7339451027276617,process,-1,process,91,41790000000,153870000000,13243,6
7339451027276617,thread,-1,producer,91,30000000,100000000,13243,6
7339451027276617,thread,-1,sampler,108,20000000,50000000,136,8
7339451027276617,thread,0,account_worker,104,3610000000,7330000000,1,3311909
7339451027276617,thread,0,trader_callback,92,1790000000,8700000000,0,5030290
7339451027276617,thread,0,trace_writer,93,2030000000,9870000000,0,2144531
7339451027276617,thread,0,latency_writer,94,2330000000,11210000000,0,140999
7339451027276617,thread,1,account_worker,105,3130000000,6330000000,0,5422229
7339451027276617,thread,1,trader_callback,95,2290000000,11420000000,0,210
7339451027276617,thread,1,trace_writer,96,2050000000,10420000000,1,1895954
7339451027276617,thread,1,latency_writer,97,2340000000,11160000000,0,364817
7339451027276617,thread,2,account_worker,106,4150000000,7300000000,2,2980938
7339451027276617,thread,2,trader_callback,98,2140000000,10050000000,0,2082106
7339451027276617,thread,2,trace_writer,99,2350000000,11010000000,0,526776
7339451027276617,thread,2,latency_writer,100,2230000000,10290000000,1,1713107
7339451027276617,thread,3,account_worker,107,4890000000,8790000000,1,270
7339451027276617,thread,3,trader_callback,101,1970000000,9630000000,0,2764156
7339451027276617,thread,3,trace_writer,102,2400000000,11280000000,0,173
7339451027276617,thread,3,latency_writer,103,1950000000,8840000000,0,4450630
7339451127841075,process,-1,process,91,42040000000,154920000000,13343,6
7339451127841075,thread,-1,producer,91,30000000,100000000,13343,6
7339451127841075,thread,-1,sampler,108,20000000,50000000,137,8
7339451127841075,thread,0,account_worker,104,3630000000,7360000000,1,3380075
7339451127841075,thread,0,trader_callback,92,1790000000,8750000000,0,5117622
7339451127841075,thread,0,trace_writer,93,2030000000,9920000000,0,2212693
7339451127841075,thread,0,latency_writer,94,2350000000,11290000000,0,141000
7339451127841075,thread,1,account_worker,105,3170000000,6400000000,0,5422229
7339451127841075,thread,1,trader_callback,95,2310000000,11500000000,0,213
7339451127841075,thread,1,trace_writer,96,2070000000,10500000000,1,1895994
7339451127841075,thread,1,latency_writer,97,2350000000,11250000000,0,364818
7339451127841075,thread,2,account_worker,106,4160000000,7340000000,2,3049995
7339451127841075,thread,2,trader_callback,98,2150000000,10080000000,0,2151159
7339451127841075,thread,2,trace_writer,99,2370000000,11090000000,0,526779
7339451127841075,thread,2,latency_writer,100,2260000000,10360000000,1,1713108
7339451127841075,thread,3,account_worker,107,4920000000,8860000000,1,278
7339451127841075,thread,3,trader_callback,101,1980000000,9720000000,0,2764156
7339451127841075,thread,3,trace_writer,102,2410000000,11370000000,0,173
7339451127841075,thread,3,latency_writer,103,1960000000,8880000000,0,4537899
7339451228440908,process,-1,process,91,42280000000,155980000000,13444,6
7339451228440908,thread,-1,producer,91,30000000,100000000,13444,6
7339451228440908,thread,-1,sampler,108,20000000,50000000,138,8
7339451228440908,thread,0,account_worker,104,3640000000,7400000000,1,3448430
7339451228440908,thread,0,trader_callback,92,1790000000,8800000000,0,5205363
7339451228440908,thread,0,trace_writer,93,2040000000,9960000000,0,2281059
7339451228440908,thread,0,latency_writer,94,2370000000,11370000000,0,141000
7339451228440908,thread,1,account_worker,105,3200000000,6460000000,0,5422229
7339451228440908,thread,1,trader_callback,95,2320000000,11600000000,0,213
7339451228440908,thread,1,trace_writer,96,2080000000,10590000000,1,1896018
7339451228440908,thread,1,latency_writer,97,2360000000,11340000000,0,364818
7339451228440908,thread,2,account_worker,106,4160000000,7390000000,2,3119133
7339451228440908,thread,2,trader_callback,98,2160000000,10120000000,0,2220296
7339451228440908,thread,2,trace_writer,99,2400000000,11170000000,0,526787
7339451228440908,thread,2,latency_writer,100,2290000000,10430000000,1,1713109
7339451228440908,thread,3,account_worker,107,4960000000,8920000000,1,278
7339451228440908,thread,3,trader_callback,101,1990000000,9810000000,0,2764156
7339451228440908,thread,3,trace_writer,102,2430000000,11450000000,0,173
7339451228440908,thread,3,latency_writer,103,1960000000,8930000000,0,4625673
7339451329016004,process,-1,process,91,42570000000,157000000000,13545,6
7339451329016004,thread,-1,producer,91,40000000,110000000,13545,6
7339451329016004,thread,-1,sampler,108,20000000,50000000,139,8
7339451329016004,thread,0,account_worker,104,3650000000,7430000000,1,3516757
7339451329016004,thread,0,trader_callback,92,1800000000,8840000000,0,5292936
7339451329016004,thread,0,trace_writer,93,2050000000,10000000000,0,2349387
7339451329016004,thread,0,latency_writer,94,2410000000,11440000000,0,141000
7339451329016004,thread,1,account_worker,105,3240000000,6520000000,0,5422229
7339451329016004,thread,1,trader_callback,95,2330000000,11690000000,0,214
7339451329016004,thread,1,trace_writer,96,2110000000,10660000000,1,1896023
7339451329016004,thread,1,latency_writer,97,2360000000,11430000000,0,364818
7339451329016004,thread,2,account_worker,106,4170000000,7430000000,2,3187553
7339451329016004,thread,2,trader_callback,98,2180000000,10160000000,0,2288709
7339451329016004,thread,2,trace_writer,99,2410000000,11260000000,0,526789
7339451329016004,thread,2,latency_writer,100,2300000000,10510000000,1,1713110
7339451329016004,thread,3,account_worker,107,4990000000,8990000000,1,279
7339451329016004,thread,3,trader_callback,101,2000000000,9900000000,0,2764156
7339451329016004,thread,3,trace_writer,102,2450000000,11530000000,0,173
7339451329016004,thread,3,latency_writer,103,1980000000,8960000000,0,4713215
7339451429634972,process,-1,process,91,42890000000,157990000000,13637,6
7339451429634972,thread,-1,producer,91,40000000,110000000,13637,6
7339451429634972,thread,-1,sampler,108,20000000,50000000,140,8
7339451429634972,thread,0,account_worker,104,3680000000,7460000000,1,3585679
7339451429634972,thread,0,trader_callback,92,1810000000,8870000000,0,5379162
7339451429634972,thread,0,trace_writer,93,2070000000,10030000000,0,2418299
7339451429634972,thread,0,latency_writer,94,2430000000,11510000000,0,141001
7339451429634972,thread,1,account_worker,105,3280000000,6590000000,0,5422229
7339451429634972,thread,1,trader_callback,95,2350000000,11770000000,0,217
7339451429634972,thread,1,trace_writer,96,2130000000,10740000000,1,1896039
7339451429634972,thread,1,latency_writer,97,2380000000,11520000000,0,364818
7339451429634972,thread,2,account_worker,106,4190000000,7460000000,2,3257399
7339451429634972,thread,2,trader_callback,98,2190000000,10200000000,0,2358563
7339451429634972,thread,2,trace_writer,99,2420000000,11340000000,0,526795
7339451429634972,thread,2,latency_writer,100,2310000000,10610000000,1,1713112
7339451429634972,thread,3,account_worker,107,5030000000,9060000000,1,282
7339451429634972,thread,3,trader_callback,101,2030000000,9970000000,0,2764157
7339451429634972,thread,3,trace_writer,102,2490000000,11600000000,0,173
7339451429634972,thread,3,latency_writer,103,1990000000,9000000000,0,4799436
7339451530165383,process,-1,process,91,43170000000,159010000000,13738,6
7339451530165383,thread,-1,producer,91,40000000,110000000,13738,6
7339451530165383,thread,-1,sampler,108,20000000,50000000,141,8
7339451530165383,thread,0,account_worker,104,3700000000,7490000000,1,3654362
7339451530165383,thread,0,trader_callback,92,1830000000,8910000000,0,5466813
7339451530165383,thread,0,trace_writer,93,2070000000,10080000000,0,2486986
7339451530165383,thread,0,latency_writer,94,2440000000,11600000000,0,141006
7339451530165383,thread,1,account_worker,105,3300000000,6660000000,0,5422229
7339451530165383,thread,1,trader_callback,95,2360000000,11850000000,0,217
7339451530165383,thread,1,trace_writer,96,2140000000,10830000000,1,1896047
7339451530165383,thread,1,latency_writer,97,2400000000,11590000000,0,364820
7339451530165383,thread,2,account_worker,106,4190000000,7510000000,2,3325564
7339451530165383,thread,2,trader_callback,98,2190000000,10250000000,0,2426727
7339451530165383,thread,2,trace_writer,99,2430000000,11430000000,0,526798
7339451530165383,thread,2,latency_writer,100,2320000000,10700000000,1,1713113
7339451530165383,thread,3,account_worker,107,5070000000,9120000000,1,283
7339451530165383,thread,3,trader_callback,101,2060000000,10050000000,0,2764157
7339451530165383,thread,3,trace_writer,102,2520000000,11660000000,0,173
7339451530165383,thread,3,latency_writer,103,2000000000,9040000000,0,4887061
7339451630760264,process,-1,process,91,43460000000,160020000000,13836,6
7339451630760264,thread,-1,producer,91,40000000,110000000,13836,6
7339451630760264,thread,-1,sampler,108,20000000,60000000,142,8
7339451630760264,thread,0,account_worker,104,3710000000,7520000000,1,3719309
7339451630760264,thread,0,trader_callback,92,1840000000,8950000000,0,5541033
7339451630760264,thread,0,trace_writer,93,2090000000,10110000000,0,2551938
7339451630760264,thread,0,latency_writer,94,2460000000,11690000000,0,141007
7339451630760264,thread,1,account_worker,105,3350000000,6720000000,0,5422230
7339451630760264,thread,1,trader_callback,95,2380000000,11940000000,0,217
7339451630760264,thread,1,trace_writer,96,2160000000,10900000000,1,1896061
7339451630760264,thread,1,latency_writer,97,2440000000,11660000000,0,364820
7339451630760264,thread,2,account_worker,106,4200000000,7550000000,2,3374520
7339451630760264,thread,2,trader_callback,98,2200000000,10290000000,0,2475684
7339451630760264,thread,2,trace_writer,99,2450000000,11510000000,0,526805
7339451630760264,thread,2,latency_writer,100,2340000000,10780000000,1,1713117
7339451630760264,thread,3,account_worker,107,5100000000,9190000000,1,293
7339451630760264,thread,3,trader_callback,101,2070000000,10130000000,0,2764157
7339451630760264,thread,3,trace_writer,102,2540000000,11750000000,0,173
7339451630760264,thread,3,latency_writer,103,2020000000,9070000000,0,4961348
7339451731354783,process,-1,process,91,43750000000,161050000000,13937,6
7339451731354783,thread,-1,producer,91,40000000,110000000,13937,6
7339451731354783,thread,-1,sampler,108,20000000,60000000,143,8
7339451731354783,thread,0,account_worker,104,3720000000,7560000000,1,3790841
7339451731354783,thread,0,trader_callback,92,1850000000,8990000000,0,5631408
7339451731354783,thread,0,trace_writer,93,2090000000,10160000000,0,2623472
7339451731354783,thread,0,latency_writer,94,2470000000,11770000000,0,141011
7339451731354783,thread,1,account_worker,105,3390000000,6780000000,0,5422230
7339451731354783,thread,1,trader_callback,95,2390000000,12020000000,0,217
7339451731354783,thread,1,trace_writer,96,2180000000,10980000000,1,1896068
7339451731354783,thread,1,latency_writer,97,2450000000,11750000000,0,364820
7339451731354783,thread,2,account_worker,106,4220000000,7590000000,2,3433469
7339451731354783,thread,2,trader_callback,98,2210000000,10330000000,0,2534636
7339451731354783,thread,2,trace_writer,99,2480000000,11590000000,0,526807
7339451731354783,thread,2,latency_writer,100,2360000000,10860000000,1,1713117
7339451731354783,thread,3,account_worker,107,5130000000,9250000000,1,294
7339451731354783,thread,3,trader_callback,101,2100000000,10210000000,0,2764157
7339451731354783,thread,3,trace_writer,102,2550000000,11840000000,0,173
7339451731354783,thread,3,latency_writer,103,2020000000,9120000000,0,5051893
7339451832176079,process,-1,process,91,44050000000,162050000000,14031,6
7339451832176079,thread,-1,producer,91,40000000,110000000,14031,6
7339451832176079,thread,-1,sampler,108,20000000,60000000,144,8
7339451832176079,thread,0,account_worker,104,3730000000,7610000000,1,3859550
7339451832176079,thread,0,trader_callback,92,1860000000,9030000000,0,5721798
7339451832176079,thread,0,trace_writer,93,2100000000,10200000000,0,2692185
7339451832176079,thread,0,latency_writer,94,2470000000,11870000000,0,141034
7339451832176079,thread,1,account_worker,105,3440000000,6830000000,0,5422230
7339451832176079,thread,1,trader_callback,95,2420000000,12100000000,0,220
7339451832176079,thread,1,trace_writer,96,2220000000,11050000000,1,1896075
7339451832176079,thread,1,latency_writer,97,2470000000,11830000000,0,364821
7339451832176079,thread,2,account_worker,106,4230000000,7620000000,2,3497405
7339451832176079,thread,2,trader_callback,98,2210000000,10380000000,0,2598574
7339451832176079,thread,2,trace_writer,99,2490000000,11670000000,0,526811
7339451832176079,thread,2,latency_writer,100,2370000000,10940000000,1,1713118
7339451832176079,thread,3,account_worker,107,5160000000,9330000000,1,298
7339451832176079,thread,3,trader_callback,101,2140000000,10260000000,0,2764157
7339451832176079,thread,3,trace_writer,102,2580000000,11910000000,0,173
7339451832176079,thread,3,latency_writer,103,2020000000,9170000000,0,5142109
7339451932846055,process,-1,process,91,44330000000,163070000000,14124,7
7339451932846055,thread,-1,producer,91,40000000,110000000,14124,7
7339451932846055,thread,-1,sampler,108,20000000,60000000,145,8
7339451932846055,thread,0,account_worker,104,3750000000,7640000000,1,3927365
7339451932846055,thread,0,trader_callback,92,1870000000,9070000000,0,5804129
7339451932846055,thread,0,trace_writer,93,2100000000,10250000000,0,2759993
7339451932846055,thread,0,latency_writer,94,2490000000,11950000000,0,141039
7339451932846055,thread,1,account_worker,105,3490000000,6880000000,0,5422230
7339451932846055,thread,1,trader_callback,95,2430000000,12180000000,0,222
7339451932846055,thread,1,trace_writer,96,2240000000,11130000000,1,1896079
7339451932846055,thread,1,latency_writer,97,2490000000,11910000000,0,364821
7339451932846055,thread,2,account_worker,106,4250000000,7660000000,2,3565044
7339451932846055,thread,2,trader_callback,98,2220000000,10420000000,0,2666222
7339451932846055,thread,2,trace_writer,99,2490000000,11770000000,0,526811
7339451932846055,thread,2,latency_writer,100,2380000000,11030000000,1,1713118
7339451932846055,thread,3,account_worker,107,5190000000,9390000000,1,301
7339451932846055,thread,3,trader_callback,101,2160000000,10350000000,0,2764158
7339451932846055,thread,3,trace_writer,102,2600000000,11990000000,0,174
7339451932846055,thread,3,latency_writer,103,2030000000,9210000000,0,5224473
7339452033799970,process,-1,process,91,44610000000,164110000000,14223,7
7339452033799970,thread,-1,producer,91,40000000,110000000,14223,7
7339452033799970,thread,-1,sampler,108,20000000,60000000,146,8
7339452033799970,thread,0,account_worker,104,3750000000,7690000000,1,3996635
7339452033799970,thread,0,trader_callback,92,1880000000,9110000000,0,5890575
7339452033799970,thread,0,trace_writer,93,2110000000,10290000000,0,2829259
7339452033799970,thread,0,latency_writer,94,2500000000,12040000000,0,141042
7339452033799970,thread,1,account_worker,105,3530000000,6940000000,0,5422230
7339452033799970,thread,1,trader_callback,95,2460000000,12260000000,0,222
7339452033799970,thread,1,trace_writer,96,2240000000,11220000000,1,1896088
7339452033799970,thread,1,latency_writer,97,2520000000,11990000000,0,364822
7339452033799970,thread,2,account_worker,106,4250000000,7700000000,2,3633156
7339452033799970,thread,2,trader_callback,98,2230000000,10460000000,0,2734320
7339452033799970,thread,2,trace_writer,99,2510000000,11850000000,0,526815
7339452033799970,thread,2,latency_writer,100,2390000000,11120000000,1,1713118
7339452033799970,thread,3,account_worker,107,5230000000,9450000000,1,301
7339452033799970,thread,3,trader_callback,101,2170000000,10430000000,0,2764158
7339452033799970,thread,3,trace_writer,102,2630000000,12060000000,0,176
7339452033799970,thread,3,latency_writer,103,2050000000,9250000000,0,5310886
7339452136026485,process,-1,process,91,44860000000,165180000000,14315,7
7339452136026485,thread,-1,producer,91,40000000,110000000,14315,7
7339452136026485,thread,-1,sampler,108,20000000,60000000,147,8
7339452136026485,thread,0,account_worker,104,3760000000,7730000000,1,4066833
7339452136026485,thread,0,trader_callback,92,1880000000,9160000000,0,5979261
7339452136026485,thread,0,trace_writer,93,2120000000,10340000000,0,2899480
7339452136026485,thread,0,latency_writer,94,2520000000,12130000000,0,141043
7339452136026485,thread,1,account_worker,105,3590000000,6980000000,0,5422231
7339452136026485,thread,1,trader_callback,95,2480000000,12340000000,0,222
7339452136026485,thread,1,trace_writer,96,2260000000,11310000000,1,1896092
7339452136026485,thread,1,latency_writer,97,2530000000,12080000000,0,364823
7339452136026485,thread,2,account_worker,106,4280000000,7730000000,2,3703091
7339452136026485,thread,2,trader_callback,98,2240000000,10500000000,0,2804263
7339452136026485,thread,2,trace_writer,99,2520000000,11950000000,0,526815
7339452136026485,thread,2,latency_writer,100,2410000000,11210000000,1,1713119
7339452136026485,thread,3,account_worker,107,5260000000,9530000000,1,302
7339452136026485,thread,3,trader_callback,101,2180000000,10520000000,0,2764158
7339452136026485,thread,3,trace_writer,102,2630000000,12160000000,0,176
7339452136026485,thread,3,latency_writer,103,2060000000,9280000000,0,5399657
7339452236791867,process,-1,process,91,45110000000,166250000000,14410,7
7339452236791867,thread,-1,producer,91,40000000,110000000,14410,7
7339452236791867,thread,-1,sampler,108,20000000,60000000,148,8
7339452236791867,thread,0,account_worker,104,3780000000,7760000000,1,4132447
7339452236791867,thread,0,trader_callback,92,1890000000,9200000000,0,6057347
7339452236791867,thread,0,trace_writer,93,2130000000,10380000000,0,2965057
7339452236791867,thread,0,latency_writer,94,2540000000,12210000000,0,141046
7339452236791867,thread,1,account_worker,105,3630000000,7040000000,0,5422231
7339452236791867,thread,1,trader_callback,95,2490000000,12440000000,0,222
7339452236791867,thread,1,trace_writer,96,2270000000,11400000000,1,1896098
7339452236791867,thread,1,latency_writer,97,2550000000,12160000000,0,364823
7339452236791867,thread,2,account_worker,106,4290000000,7770000000,2,3769011
7339452236791867,thread,2,trader_callback,98,2250000000,10550000000,0,2870163
7339452236791867,thread,2,trace_writer,99,2540000000,12030000000,0,526816
7339452236791867,thread,2,latency_writer,100,2410000000,11310000000,1,1713121
7339452236791867,thread,3,account_worker,107,5290000000,9600000000,1,302
7339452236791867,thread,3,trader_callback,101,2200000000,10610000000,0,2764158
7339452236791867,thread,3,trace_writer,102,2650000000,12240000000,0,179
7339452236791867,thread,3,latency_writer,103,2060000000,9330000000,0,5477769
7339452337508954,process,-1,process,91,45430000000,167230000000,14494,7
7339452337508954,thread,-1,producer,91,40000000,110000000,14494,7
7339452337508954,thread,-1,sampler,108,30000000,60000000,149,8
7339452337508954,thread,0,account_worker,104,3800000000,7790000000,1,4202181
7339452337508954,thread,0,trader_callback,92,1890000000,9250000000,0,6145372
7339452337508954,thread,0,trace_writer,93,2140000000,10410000000,0,3034823
7339452337508954,thread,0,latency_writer,94,2560000000,12290000000,0,141051
7339452337508954,thread,1,account_worker,105,3680000000,7100000000,0,5422231
7339452337508954,thread,1,trader_callback,95,2510000000,12510000000,0,227
7339452337508954,thread,1,trace_writer,96,2280000000,11490000000,1,1896102
7339452337508954,thread,1,latency_writer,97,2580000000,12230000000,0,364823
7339452337508954,thread,2,account_worker,106,4300000000,7810000000,2,3833489
7339452337508954,thread,2,trader_callback,98,2270000000,10570000000,0,2934661
7339452337508954,thread,2,trace_writer,99,2570000000,12100000000,0,526817
7339452337508954,thread,2,latency_writer,100,2420000000,11390000000,1,1713122
7339452337508954,thread,3,account_worker,107,5350000000,9640000000,1,305
7339452337508954,thread,3,trader_callback,101,2210000000,10700000000,0,2764158
7339452337508954,thread,3,trace_writer,102,2650000000,12340000000,0,179
7339452337508954,thread,3,latency_writer,103,2080000000,9370000000,0,5565786
7339452438191829,process,-1,process,91,45670000000,168300000000,14595,7
7339452438191829,thread,-1,producer,91,40000000,110000000,14595,7
7339452438191829,thread,-1,sampler,108,30000000,60000000,150,8
7339452438191829,thread,0,account_worker,104,3810000000,7830000000,1,4271390
7339452438191829,thread,0,trader_callback,92,1900000000,9300000000,0,6233970
7339452438191829,thread,0,trace_writer,93,2150000000,10460000000,0,3104022
7339452438191829,thread,0,latency_writer,94,2570000000,12380000000,0,141057
7339452438191829,thread,1,account_worker,105,3720000000,7150000000,0,5422231
7339452438191829,thread,1,trader_callback,95,2530000000,12590000000,0,248
7339452438191829,thread,1,trace_writer,96,2280000000,11580000000,1,1896105
7339452438191829,thread,1,latency_writer,97,2600000000,12310000000,0,364823
7339452438191829,thread,2,account_worker,106,4320000000,7840000000,2,3903675
7339452438191829,thread,2,trader_callback,98,2270000000,10620000000,0,3004838
7339452438191829,thread,2,trace_writer,99,2580000000,12190000000,0,526820
7339452438191829,thread,2,latency_writer,100,2440000000,11470000000,1,1713122
7339452438191829,thread,3,account_worker,107,5380000000,9710000000,1,311
7339452438191829,thread,3,trader_callback,101,2220000000,10790000000,0,2764158
7339452438191829,thread,3,trace_writer,102,2670000000,12430000000,0,182
7339452438191829,thread,3,latency_writer,103,2080000000,9420000000,0,5654286
7339452538770633,process,-1,process,91,45970000000,169290000000,14694,7
7339452538770633,thread,-1,producer,91,40000000,110000000,14694,7
7339452538770633,thread,-1,sampler,108,30000000,60000000,151,8
7339452538770633,thread,0,account_worker,104,3830000000,7860000000,1,4342181
7339452538770633,thread,0,trader_callback,92,1910000000,9340000000,0,6321710
7339452538770633,thread,0,trace_writer,93,2160000000,10490000000,0,3174825
7339452538770633,thread,0,latency_writer,94,2600000000,12450000000,0,141099
7339452538770633,thread,1,account_worker,105,3760000000,7220000000,0,5422231
7339452538770633,thread,1,trader_callback,95,2550000000,12680000000,0,253
7339452538770633,thread,1,trace_writer,96,2300000000,11660000000,1,1896113
7339452538770633,thread,1,latency_writer,97,2600000000,12410000000,0,364823
7339452538770633,thread,2,account_worker,106,4340000000,7870000000,2,3973092
7339452538770633,thread,2,trader_callback,98,2280000000,10660000000,0,3074257
7339452538770633,thread,2,trace_writer,99,2600000000,12260000000,0,526827
7339452538770633,thread,2,latency_writer,100,2460000000,11550000000,1,1713122
7339452538770633,thread,3,account_worker,107,5420000000,9770000000,1,314
7339452538770633,thread,3,trader_callback,101,2240000000,10870000000,0,2764159
7339452538770633,thread,3,trace_writer,102,2690000000,12500000000,0,186
7339452538770633,thread,3,latency_writer,103,2080000000,9460000000,0,5742118
7339452639560182,process,-1,process,91,46240000000,170320000000,14788,7
7339452639560182,thread,-1,producer,91,40000000,110000000,14788,7
7339452639560182,thread,-1,sampler,108,30000000,60000000,152,8
7339452639560182,thread,0,account_worker,104,3840000000,7900000000,1,4404245
7339452639560182,thread,0,trader_callback,92,1910000000,9380000000,0,6398821
7339452639560182,thread,0,trace_writer,93,2170000000,10530000000,0,3236865
7339452639560182,thread,0,latency_writer,94,2630000000,12510000000,0,141152
7339452639560182,thread,1,account_worker,105,3790000000,7280000000,0,5422235
7339452639560182,thread,1,trader_callback,95,2560000000,12770000000,0,253
7339452639560182,thread,1,trace_writer,96,2320000000,11750000000,1,1896119
7339452639560182,thread,1,latency_writer,97,2610000000,12500000000,0,364823
7339452639560182,thread,2,account_worker,106,4350000000,7900000000,2,4037439
7339452639560182,thread,2,trader_callback,98,2290000000,10700000000,0,3138605
7339452639560182,thread,2,trace_writer,99,2630000000,12330000000,0,526830
7339452639560182,thread,2,latency_writer,100,2470000000,11640000000,1,1713124
7339452639560182,thread,3,account_worker,107,5450000000,9830000000,1,316
7339452639560182,thread,3,trader_callback,101,2260000000,10950000000,0,2764159
7339452639560182,thread,3,trace_writer,102,2710000000,12590000000,0,193
7339452639560182,thread,3,latency_writer,103,2090000000,9500000000,0,5819144
7339452740164640,process,-1,process,91,46440000000,171420000000,14889,7
7339452740164640,thread,-1,producer,91,40000000,110000000,14889,7
7339452740164640,thread,-1,sampler,108,30000000,60000000,153,8
7339452740164640,thread,0,account_worker,104,3850000000,7940000000,1,4454297
7339452740164640,thread,0,trader_callback,92,1920000000,9420000000,0,6481481
7339452740164640,thread,0,trace_writer,93,2170000000,10610000000,0,3260305
7339452740164640,thread,0,latency_writer,94,2640000000,12600000000,0,141193
7339452740164640,thread,1,account_worker,105,3820000000,7360000000,0,5422236
7339452740164640,thread,1,trader_callback,95,2570000000,12850000000,0,258
7339452740164640,thread,1,trace_writer,96,2330000000,11840000000,1,1896133
7339452740164640,thread,1,latency_writer,97,2610000000,12560000000,0,391597
7339452740164640,thread,2,account_worker,106,4380000000,7930000000,2,4104452
7339452740164640,thread,2,trader_callback,98,2300000000,10750000000,0,3205639
7339452740164640,thread,2,trace_writer,99,2650000000,12410000000,0,526834
7339452740164640,thread,2,latency_writer,100,2470000000,11740000000,1,1713128
7339452740164640,thread,3,account_worker,107,5490000000,9890000000,1,321
7339452740164640,thread,3,trader_callback,101,2270000000,11040000000,0,2764159
7339452740164640,thread,3,trace_writer,102,2720000000,12680000000,0,198
7339452740164640,thread,3,latency_writer,103,2090000000,9560000000,0,5902065
7339452841704044,process,-1,process,91,46700000000,172460000000,14986,7
7339452841704044,thread,-1,producer,91,40000000,110000000,14986,7
7339452841704044,thread,-1,sampler,108,30000000,60000000,154,8
7339452841704044,thread,0,account_worker,104,3870000000,7970000000,1,4496021
7339452841704044,thread,0,trader_callback,92,1930000000,9460000000,0,6544068
7339452841704044,thread,0,trace_writer,93,2200000000,10690000000,0,3260305
7339452841704044,thread,0,latency_writer,94,2650000000,12680000000,0,141299
7339452841704044,thread,1,account_worker,105,3860000000,7420000000,0,5422237
7339452841704044,thread,1,trader_callback,95,2590000000,12940000000,0,272
7339452841704044,thread,1,trace_writer,96,2340000000,11920000000,1,1896139
7339452841704044,thread,1,latency_writer,97,2630000000,12600000000,0,433212
7339452841704044,thread,2,account_worker,106,4390000000,7970000000,2,4152858
7339452841704044,thread,2,trader_callback,98,2300000000,10790000000,0,3254017
7339452841704044,thread,2,trace_writer,99,2660000000,12500000000,0,527595
7339452841704044,thread,2,latency_writer,100,2480000000,11830000000,1,1713129
7339452841704044,thread,3,account_worker,107,5530000000,9950000000,1,366
7339452841704044,thread,3,trader_callback,101,2280000000,11130000000,0,2764159
7339452841704044,thread,3,trace_writer,102,2740000000,12760000000,0,202
7339452841704044,thread,3,latency_writer,103,2090000000,9610000000,0,5964274
7339452942309700,process,-1,process,91,46990000000,173470000000,15079,7
7339452942309700,thread,-1,producer,91,40000000,110000000,15079,7
7339452942309700,thread,-1,sampler,108,30000000,60000000,155,8
7339452942309700,thread,0,account_worker,104,3890000000,8000000000,1,4534180
7339452942309700,thread,0,trader_callback,92,1930000000,9510000000,0,6604816
7339452942309700,thread,0,trace_writer,93,2210000000,10770000000,0,3260305
7339452942309700,thread,0,latency_writer,94,2670000000,12750000000,0,141355
7339452942309700,thread,1,account_worker,105,3890000000,7490000000,0,5422237
7339452942309700,thread,1,trader_callback,95,2600000000,13030000000,0,273
7339452942309700,thread,1,trace_writer,96,2350000000,12010000000,1,1896144
7339452942309700,thread,1,latency_writer,97,2640000000,12630000000,0,471392
7339452942309700,thread,2,account_worker,106,4390000000,8010000000,2,4201703
7339452942309700,thread,2,trader_callback,98,2320000000,10820000000,0,3302874
7339452942309700,thread,2,trace_writer,99,2680000000,12580000000,0,527596
7339452942309700,thread,2,latency_writer,100,2500000000,11910000000,1,1713129
7339452942309700,thread,3,account_worker,107,5560000000,10010000000,1,2723
7339452942309700,thread,3,trader_callback,101,2300000000,11210000000,0,2764159
7339452942309700,thread,3,trace_writer,102,2760000000,12830000000,0,203
7339452942309700,thread,3,latency_writer,103,2110000000,9640000000,0,6025243
7339453043039146,process,-1,process,91,47290000000,174480000000,15180,7
7339453043039146,thread,-1,producer,91,40000000,110000000,15180,7
7339453043039146,thread,-1,sampler,108,30000000,60000000,156,8
7339453043039146,thread,0,account_worker,104,3920000000,8020000000,1,4577629
7339453043039146,thread,0,trader_callback,92,1940000000,9560000000,0,6690553
7339453043039146,thread,0,trace_writer,93,2240000000,10850000000,0,3260306
7339453043039146,thread,0,latency_writer,94,2690000000,12840000000,0,141359
7339453043039146,thread,1,account_worker,105,3920000000,7560000000,0,5422238
7339453043039146,thread,1,trader_callback,95,2620000000,13110000000,0,276
7339453043039146,thread,1,trace_writer,96,2370000000,12100000000,1,1896149
7339453043039146,thread,1,latency_writer,97,2660000000,12670000000,0,514810
7339453043039146,thread,2,account_worker,106,4410000000,8050000000,2,4268556
7339453043039146,thread,2,trader_callback,98,2330000000,10870000000,0,3369728
7339453043039146,thread,2,trace_writer,99,2700000000,12660000000,0,527600
7339453043039146,thread,2,latency_writer,100,2520000000,11990000000,1,1713129
7339453043039146,thread,3,account_worker,107,5590000000,10090000000,1,2726
7339453043039146,thread,3,trader_callback,101,2330000000,11290000000,0,2764159
7339453043039146,thread,3,trace_writer,102,2780000000,12910000000,0,210
7339453043039146,thread,3,latency_writer,103,2120000000,9670000000,0,6110945
7339453143727854,process,-1,process,91,47610000000,175460000000,15280,7
7339453143727854,thread,-1,producer,91,40000000,110000000,15280,7
7339453143727854,thread,-1,sampler,108,30000000,60000000,157,8
7339453143727854,thread,0,account_worker,104,3940000000,8050000000,1,4624909
7339453143727854,thread,0,trader_callback,92,1950000000,9600000000,0,6777795
7339453143727854,thread,0,trace_writer,93,2260000000,10930000000,0,3260306
7339453143727854,thread,0,latency_writer,94,2710000000,12920000000,0,141365
7339453143727854,thread,1,account_worker,105,3980000000,7600000000,0,5422238
7339453143727854,thread,1,trader_callback,95,2640000000,13190000000,0,276
7339453143727854,thread,1,trace_writer,96,2390000000,12180000000,1,1896152
7339453143727854,thread,1,latency_writer,97,2660000000,12710000000,0,562169
7339453143727854,thread,2,account_worker,106,4430000000,8080000000,2,4337945
7339453143727854,thread,2,trader_callback,98,2330000000,10920000000,0,3439117
7339453143727854,thread,2,trace_writer,99,2720000000,12740000000,0,527603
7339453143727854,thread,2,latency_writer,100,2540000000,12070000000,1,1713131
7339453143727854,thread,3,account_worker,107,5640000000,10140000000,1,2729
7339453143727854,thread,3,trader_callback,101,2360000000,11360000000,0,2764159
7339453143727854,thread,3,trace_writer,102,2800000000,13000000000,0,210
7339453143727854,thread,3,latency_writer,103,2130000000,9720000000,0,6198189
7339453244453986,process,-1,process,91,47880000000,176500000000,15381,7
7339453244453986,thread,-1,producer,91,50000000,110000000,15381,7
7339453244453986,thread,-1,sampler,108,30000000,60000000,158,8
7339453244453986,thread,0,account_worker,104,3960000000,8080000000,1,4686013
7339453244453986,thread,0,trader_callback,92,1960000000,9640000000,0,6860196
7339453244453986,thread,0,trace_writer,93,2270000000,11020000000,0,3260306
7339453244453986,thread,0,latency_writer,94,2730000000,13000000000,0,141371
7339453244453986,thread,1,account_worker,105,4010000000,7670000000,0,5422238
7339453244453986,thread,1,trader_callback,95,2650000000,13280000000,0,279
7339453244453986,thread,1,trace_writer,96,2400000000,12260000000,1,1896155
7339453244453986,thread,1,latency_writer,97,2670000000,12750000000,0,623236
7339453244453986,thread,2,account_worker,106,4450000000,8120000000,2,4402776
7339453244453986,thread,2,trader_callback,98,2330000000,10960000000,0,3503948
7339453244453986,thread,2,trace_writer,99,2740000000,12820000000,0,527603
7339453244453986,thread,2,latency_writer,100,2550000000,12160000000,1,1713132
7339453244453986,thread,3,account_worker,107,5660000000,10210000000,1,2733
7339453244453986,thread,3,trader_callback,101,2380000000,11440000000,0,2764159
7339453244453986,thread,3,trace_writer,102,2820000000,13080000000,0,210
7339453244453986,thread,3,latency_writer,103,2140000000,9760000000,0,6280606
7339453345168994,process,-1,process,91,48130000000,177480000000,15479,7
7339453345168994,thread,-1,producer,91,50000000,110000000,15479,7
7339453345168994,thread,-1,sampler,108,30000000,60000000,159,8
7339453345168994,thread,0,account_worker,104,3970000000,8120000000,1,4735391
7339453345168994,thread,0,trader_callback,92,1970000000,9680000000,0,6940575
7339453345168994,thread,0,trace_writer,93,2290000000,11100000000,0,3260306
7339453345168994,thread,0,latency_writer,94,2750000000,13080000000,0,141378
7339453345168994,thread,1,account_worker,105,4060000000,7720000000,0,5422238
7339453345168994,thread,1,trader_callback,95,2670000000,13360000000,0,279
7339453345168994,thread,1,trace_writer,96,2410000000,12350000000,1,1896160
7339453345168994,thread,1,latency_writer,97,2680000000,12800000000,0,672586
7339453345168994,thread,2,account_worker,106,4450000000,8160000000,2,4465629
7339453345168994,thread,2,trader_callback,98,2340000000,11010000000,0,3566795
7339453345168994,thread,2,trace_writer,99,2750000000,12870000000,0,577987
7339453345168994,thread,2,latency_writer,100,2570000000,12240000000,1,1713133
7339453345168994,thread,3,account_worker,107,5680000000,10260000000,1,53153
7339453345168994,thread,3,trader_callback,101,2400000000,11510000000,0,2764159
7339453345168994,thread,3,trace_writer,102,2840000000,13160000000,0,210
7339453345168994,thread,3,latency_writer,103,2150000000,9800000000,0,6360898
7339453445738628,process,-1,process,91,48420000000,178460000000,15579,7
7339453445738628,thread,-1,producer,91,50000000,110000000,15579,7
7339453445738628,thread,-1,sampler,108,30000000,60000000,160,8
7339453445738628,thread,0,account_worker,104,3980000000,8160000000,1,4780724
7339453445738628,thread,0,trader_callback,92,1970000000,9730000000,0,7018185
7339453445738628,thread,0,trace_writer,93,2310000000,11190000000,0,3260306
7339453445738628,thread,0,latency_writer,94,2770000000,13160000000,0,141387
7339453445738628,thread,1,account_worker,105,4100000000,7780000000,0,5422238
7339453445738628,thread,1,trader_callback,95,2690000000,13440000000,0,279
7339453445738628,thread,1,trace_writer,96,2440000000,12420000000,1,1896164
7339453445738628,thread,1,latency_writer,97,2680000000,12850000000,0,717880
7339453445738628,thread,2,account_worker,106,4470000000,8190000000,2,4531914
7339453445738628,thread,2,trader_callback,98,2340000000,11050000000,0,3633066
7339453445738628,thread,2,trace_writer,99,2760000000,12940000000,0,600003
7339453445738628,thread,2,latency_writer,100,2580000000,12330000000,1,1713134
7339453445738628,thread,3,account_worker,107,5710000000,10310000000,1,75128
7339453445738628,thread,3,trader_callback,101,2420000000,11590000000,0,2764159
7339453445738628,thread,3,trace_writer,102,2860000000,13240000000,0,213
7339453445738628,thread,3,latency_writer,103,2160000000,9840000000,0,6438567
7339453546485404,process,-1,process,91,48640000000,179550000000,15680,7
7339453546485404,thread,-1,producer,91,50000000,110000000,15680,7
7339453546485404,thread,-1,sampler,108,30000000,60000000,161,8
7339453546485404,thread,0,account_worker,104,4000000000,8200000000,1,4826030
7339453546485404,thread,0,trader_callback,92,1970000000,9780000000,0,7105164
7339453546485404,thread,0,trace_writer,93,2330000000,11270000000,0,3260307
7339453546485404,thread,0,latency_writer,94,2790000000,13240000000,0,141396
7339453546485404,thread,1,account_worker,105,4140000000,7840000000,0,5422239
7339453546485404,thread,1,trader_callback,95,2710000000,13520000000,0,279
7339453546485404,thread,1,trace_writer,96,2450000000,12500000000,1,1896187
7339453546485404,thread,1,latency_writer,97,2680000000,12900000000,0,763225
7339453546485404,thread,2,account_worker,106,4480000000,8240000000,2,4599427
7339453546485404,thread,2,trader_callback,98,2350000000,11090000000,0,3700588
7339453546485404,thread,2,trace_writer,99,2780000000,13030000000,0,600007
7339453546485404,thread,2,latency_writer,100,2590000000,12420000000,1,1713137
7339453546485404,thread,3,account_worker,107,5750000000,10380000000,1,75129
7339453546485404,thread,3,trader_callback,101,2430000000,11690000000,0,2764160
7339453546485404,thread,3,trace_writer,102,2870000000,13330000000,0,214
7339453546485404,thread,3,latency_writer,103,2180000000,9870000000,0,6525484
7339453647064163,process,-1,process,91,48910000000,180580000000,15781,7
7339453647064163,thread,-1,producer,91,50000000,110000000,15781,7
7339453647064163,thread,-1,sampler,108,30000000,60000000,162,8
7339453647064163,thread,0,account_worker,104,4010000000,8240000000,1,4870535
7339453647064163,thread,0,trader_callback,92,1970000000,9830000000,0,7190305
7339453647064163,thread,0,trace_writer,93,2340000000,11350000000,0,3260307
7339453647064163,thread,0,latency_writer,94,2810000000,13330000000,0,141396
7339453647064163,thread,1,account_worker,105,4180000000,7900000000,0,5422239
7339453647064163,thread,1,trader_callback,95,2720000000,13610000000,0,282
7339453647064163,thread,1,trace_writer,96,2460000000,12590000000,1,1896211
7339453647064163,thread,1,latency_writer,97,2690000000,12940000000,0,807721
7339453647064163,thread,2,account_worker,106,4490000000,8270000000,2,4667337
7339453647064163,thread,2,trader_callback,98,2360000000,11140000000,0,3768500
7339453647064163,thread,2,trace_writer,99,2800000000,13110000000,0,600007
7339453647064163,thread,2,latency_writer,100,2610000000,12500000000,1,1713137
7339453647064163,thread,3,account_worker,107,5790000000,10440000000,1,75129
7339453647064163,thread,3,trader_callback,101,2460000000,11760000000,0,2764160
7339453647064163,thread,3,trace_writer,102,2890000000,13410000000,0,214
7339453647064163,thread,3,latency_writer,103,2190000000,9910000000,0,6610602
7339453747613855,process,-1,process,91,49150000000,181640000000,15881,7
7339453747613855,thread,-1,producer,91,50000000,110000000,15881,7
7339453747613855,thread,-1,sampler,108,30000000,60000000,163,8
7339453747613855,thread,0,account_worker,104,4030000000,8270000000,1,4915762
7339453747613855,thread,0,trader_callback,92,1990000000,9860000000,0,7277261
7339453747613855,thread,0,trace_writer,93,2360000000,11440000000,0,3260307
7339453747613855,thread,0,latency_writer,94,2820000000,13410000000,0,141396
7339453747613855,thread,1,account_worker,105,4220000000,7960000000,0,5422239
7339453747613855,thread,1,trader_callback,95,2730000000,13700000000,0,282
7339453747613855,thread,1,trace_writer,96,2470000000,12680000000,1,1896219
7339453747613855,thread,1,latency_writer,97,2690000000,12990000000,0,852989
7339453747613855,thread,2,account_worker,106,4500000000,8310000000,2,4735587
7339453747613855,thread,2,trader_callback,98,2370000000,11180000000,0,3836757
7339453747613855,thread,2,trace_writer,99,2810000000,13200000000,0,600011
7339453747613855,thread,2,latency_writer,100,2620000000,12590000000,1,1713137
7339453747613855,thread,3,account_worker,107,5830000000,10500000000,1,75129
7339453747613855,thread,3,trader_callback,101,2480000000,11840000000,0,2764160
7339453747613855,thread,3,trace_writer,102,2900000000,13500000000,0,217
7339453747613855,thread,3,latency_writer,103,2190000000,9960000000,0,6697697
7339453848362375,process,-1,process,91,49500000000,182600000000,15982,7
7339453848362375,thread,-1,producer,91,50000000,110000000,15982,7
7339453848362375,thread,-1,sampler,108,30000000,60000000,164,8
7339453848362375,thread,0,account_worker,104,4060000000,8290000000,1,4961876
7339453848362375,thread,0,trader_callback,92,2000000000,9900000000,0,7364510
7339453848362375,thread,0,trace_writer,93,2370000000,11530000000,0,3260307
7339453848362375,thread,0,latency_writer,94,2830000000,13500000000,0,141398
7339453848362375,thread,1,account_worker,105,4260000000,8020000000,0,5422239
7339453848362375,thread,1,trader_callback,95,2760000000,13770000000,0,283
7339453848362375,thread,1,trace_writer,96,2490000000,12750000000,1,1896228
7339453848362375,thread,1,latency_writer,97,2700000000,13030000000,0,899095
7339453848362375,thread,2,account_worker,106,4510000000,8350000000,2,4805326
7339453848362375,thread,2,trader_callback,98,2380000000,11220000000,0,3906500
7339453848362375,thread,2,trace_writer,99,2820000000,13290000000,0,600011
7339453848362375,thread,2,latency_writer,100,2650000000,12660000000,1,1713138
7339453848362375,thread,3,account_worker,107,5870000000,10560000000,1,75133
7339453848362375,thread,3,trader_callback,101,2520000000,11900000000,0,2764160
7339453848362375,thread,3,trace_writer,102,2910000000,13590000000,0,217
7339453848362375,thread,3,latency_writer,103,2210000000,9990000000,0,6784924
7339453952034070,process,-1,process,91,49780000000,183660000000,16080,7
7339453952034070,thread,-1,producer,91,50000000,110000000,16080,7
7339453952034070,thread,-1,sampler,108,30000000,60000000,165,8
7339453952034070,thread,0,account_worker,104,4080000000,8310000000,1,5008971
7339453952034070,thread,0,trader_callback,92,2010000000,9940000000,0,7451727
7339453952034070,thread,0,trace_writer,93,2390000000,11610000000,0,3260321
7339453952034070,thread,0,latency_writer,94,2840000000,13590000000,0,141413
7339453952034070,thread,1,account_worker,105,4300000000,8090000000,0,5422253
7339453952034070,thread,1,trader_callback,95,2770000000,13870000000,0,302
7339453952034070,thread,1,trace_writer,96,2520000000,12830000000,1,1896250
7339453952034070,thread,1,latency_writer,97,2710000000,13070000000,0,946249
7339453952034070,thread,2,account_worker,106,4540000000,8370000000,2,4855173
7339453952034070,thread,2,trader_callback,98,2380000000,11270000000,0,3956353
7339453952034070,thread,2,trace_writer,99,2840000000,13370000000,0,600025
7339453952034070,thread,2,latency_writer,100,2670000000,12740000000,1,1713152
7339453952034070,thread,3,account_worker,107,5920000000,10610000000,1,75147
7339453952034070,thread,3,trader_callback,101,2520000000,12000000000,0,2764175
7339453952034070,thread,3,trace_writer,102,2930000000,13680000000,0,232
7339453952034070,thread,3,latency_writer,103,2210000000,10040000000,0,6872268
7339454053605665,process,-1,process,91,50050000000,184710000000,16164,7
7339454053605665,thread,-1,producer,91,50000000,110000000,16164,7
7339454053605665,thread,-1,sampler,108,30000000,60000000,166,8
7339454053605665,thread,0,account_worker,104,4110000000,8340000000,1,5053743
7339454053605665,thread,0,trader_callback,92,2010000000,9990000000,0,7526106
7339454053605665,thread,0,trace_writer,93,2400000000,11700000000,0,3260322
7339454053605665,thread,0,latency_writer,94,2850000000,13680000000,0,141416
7339454053605665,thread,1,account_worker,105,4350000000,8140000000,0,5422254
7339454053605665,thread,1,trader_callback,95,2790000000,13950000000,0,302
7339454053605665,thread,1,trace_writer,96,2520000000,12920000000,1,1896252
7339454053605665,thread,1,latency_writer,97,2710000000,13120000000,0,990966
7339454053605665,thread,2,account_worker,106,4550000000,8420000000,2,4910318
7339454053605665,thread,2,trader_callback,98,2390000000,11310000000,0,4011489
7339454053605665,thread,2,trace_writer,99,2850000000,13470000000,0,600026
7339454053605665,thread,2,latency_writer,100,2680000000,12830000000,1,1713153
7339454053605665,thread,3,account_worker,107,5960000000,10670000000,1,75148
7339454053605665,thread,3,trader_callback,101,2550000000,12070000000,0,2764175
7339454053605665,thread,3,trace_writer,102,2950000000,13760000000,0,236
7339454053605665,thread,3,latency_writer,103,2220000000,10080000000,0,6946523
7339454154376683,process,-1,process,91,50300000000,185770000000,16265,7
7339454154376683,thread,-1,producer,91,50000000,110000000,16265,7
7339454154376683,thread,-1,sampler,108,30000000,60000000,167,8
7339454154376683,thread,0,account_worker,104,4110000000,8390000000,1,5099040
7339454154376683,thread,0,trader_callback,92,2020000000,10030000000,0,7613222
7339454154376683,thread,0,trace_writer,93,2420000000,11780000000,0,3260322
7339454154376683,thread,0,latency_writer,94,2870000000,13760000000,0,141416
7339454154376683,thread,1,account_worker,105,4390000000,8200000000,0,5422254
7339454154376683,thread,1,trader_callback,95,2810000000,14030000000,0,305
7339454154376683,thread,1,trace_writer,96,2540000000,13010000000,1,1896256
7339454154376683,thread,1,latency_writer,97,2720000000,13160000000,0,1036252
7339454154376683,thread,2,account_worker,106,4560000000,8450000000,2,4979687
7339454154376683,thread,2,trader_callback,98,2400000000,11350000000,0,4080861
7339454154376683,thread,2,trace_writer,99,2860000000,13560000000,0,600026
7339454154376683,thread,2,latency_writer,100,2700000000,12910000000,1,1713155
7339454154376683,thread,3,account_worker,107,5990000000,10740000000,1,75148
7339454154376683,thread,3,trader_callback,101,2570000000,12160000000,0,2764175
7339454154376683,thread,3,trace_writer,102,2950000000,13850000000,0,236
7339454154376683,thread,3,latency_writer,103,2230000000,10120000000,0,7033503
7339454255120936,process,-1,process,91,50600000000,186820000000,16365,7
7339454255120936,thread,-1,producer,91,50000000,110000000,16365,7
7339454255120936,thread,-1,sampler,108,30000000,70000000,168,8
7339454255120936,thread,0,account_worker,104,4140000000,8430000000,1,5126278
7339454255120936,thread,0,trader_callback,92,2030000000,10070000000,0,7697385
7339454255120936,thread,0,trace_writer,93,2450000000,11860000000,0,3260322
7339454255120936,thread,0,latency_writer,94,2880000000,13860000000,0,141416
7339454255120936,thread,1,account_worker,105,4440000000,8240000000,0,5422254
7339454255120936,thread,1,trader_callback,95,2830000000,14100000000,0,305
7339454255120936,thread,1,trace_writer,96,2560000000,13080000000,1,1896262
7339454255120936,thread,1,latency_writer,97,2720000000,13230000000,0,1063399
7339454255120936,thread,2,account_worker,106,4570000000,8500000000,2,5051485
7339454255120936,thread,2,trader_callback,98,2400000000,11400000000,0,4152653
7339454255120936,thread,2,trace_writer,99,2870000000,13640000000,0,600032
7339454255120936,thread,2,latency_writer,100,2710000000,13000000000,1,1713155
7339454255120936,thread,3,account_worker,107,6040000000,10790000000,1,75152
7339454255120936,thread,3,trader_callback,101,2580000000,12250000000,0,2764176
7339454255120936,thread,3,trace_writer,102,2970000000,13930000000,0,237
7339454255120936,thread,3,latency_writer,103,2240000000,10160000000,0,7117701
7339454355692714,process,-1,process,91,50930000000,187890000000,16458,7
7339454355692714,thread,-1,producer,91,50000000,110000000,16458,7
7339454355692714,thread,-1,sampler,108,30000000,70000000,169,8
7339454355692714,thread,0,account_worker,104,4190000000,8480000000,1,5126278
7339454355692714,thread,0,trader_callback,92,2040000000,10110000000,0,7786770
7339454355692714,thread,0,trace_writer,93,2480000000,11920000000,0,3260322
7339454355692714,thread,0,latency_writer,94,2900000000,13940000000,0,141416
7339454355692714,thread,1,account_worker,105,4500000000,8290000000,0,5422254
7339454355692714,thread,1,trader_callback,95,2850000000,14190000000,0,309
7339454355692714,thread,1,trace_writer,96,2590000000,13150000000,1,1896266
7339454355692714,thread,1,latency_writer,97,2740000000,13310000000,0,1063407
7339454355692714,thread,2,account_worker,106,4570000000,8550000000,2,5121254
7339454355692714,thread,2,trader_callback,98,2410000000,11440000000,0,4222416
7339454355692714,thread,2,trace_writer,99,2880000000,13740000000,0,600032
7339454355692714,thread,2,latency_writer,100,2720000000,13090000000,1,1713155
7339454355692714,thread,3,account_worker,107,6070000000,10860000000,1,75152
7339454355692714,thread,3,trader_callback,101,2600000000,12330000000,0,2764176
7339454355692714,thread,3,trace_writer,102,2970000000,14040000000,0,240
7339454355692714,thread,3,latency_writer,103,2250000000,10210000000,0,7207010
7339454456259891,process,-1,process,91,51220000000,189010000000,16558,7
7339454456259891,thread,-1,producer,91,50000000,110000000,16558,7
7339454456259891,thread,-1,sampler,108,30000000,70000000,170,8
7339454456259891,thread,0,account_worker,104,4210000000,8560000000,1,5126278
7339454456259891,thread,0,trader_callback,92,2060000000,10140000000,0,7871587
7339454456259891,thread,0,trace_writer,93,2490000000,12010000000,0,3260322
7339454456259891,thread,0,latency_writer,94,2920000000,14020000000,0,141416
7339454456259891,thread,1,account_worker,105,4540000000,8350000000,0,5422254
7339454456259891,thread,1,trader_callback,95,2860000000,14280000000,0,309
7339454456259891,thread,1,trace_writer,96,2610000000,13230000000,1,1896269
7339454456259891,thread,1,latency_writer,97,2760000000,13390000000,0,1063419
7339454456259891,thread,2,account_worker,106,4580000000,8590000000,2,5186930
7339454456259891,thread,2,trader_callback,98,2420000000,11480000000,0,4288095
7339454456259891,thread,2,trace_writer,99,2890000000,13830000000,0,600032
7339454456259891,thread,2,latency_writer,100,2740000000,13170000000,1,1713155
7339454456259891,thread,3,account_worker,107,6090000000,10940000000,1,75152
7339454456259891,thread,3,trader_callback,101,2640000000,12390000000,0,2764177
7339454456259891,thread,3,trace_writer,102,2990000000,14120000000,0,243
7339454456259891,thread,3,latency_writer,103,2260000000,10250000000,0,7291906
7339454556808190,process,-1,process,91,51620000000,189950000000,16652,7
7339454556808190,thread,-1,producer,91,50000000,110000000,16652,7
7339454556808190,thread,-1,sampler,108,30000000,70000000,171,8
7339454556808190,thread,0,account_worker,104,4260000000,8610000000,1,5126278
7339454556808190,thread,0,trader_callback,92,2060000000,10190000000,0,7954039
7339454556808190,thread,0,trace_writer,93,2520000000,12090000000,0,3260322
7339454556808190,thread,0,latency_writer,94,2940000000,14100000000,0,141420
7339454556808190,thread,1,account_worker,105,4580000000,8410000000,0,5422254
7339454556808190,thread,1,trader_callback,95,2890000000,14350000000,0,312
7339454556808190,thread,1,trace_writer,96,2630000000,13310000000,1,1896270
7339454556808190,thread,1,latency_writer,97,2790000000,13420000000,0,1122111
7339454556808190,thread,2,account_worker,106,4610000000,8610000000,2,5250840
7339454556808190,thread,2,trader_callback,98,2430000000,11520000000,0,4352011
7339454556808190,thread,2,trace_writer,99,2910000000,13900000000,0,600034
7339454556808190,thread,2,latency_writer,100,2750000000,13220000000,1,1771941
7339454556808190,thread,3,account_worker,107,6140000000,10990000000,1,75156
7339454556808190,thread,3,trader_callback,101,2660000000,12460000000,0,2764178
7339454556808190,thread,3,trace_writer,102,3010000000,14200000000,0,243
7339454556808190,thread,3,latency_writer,103,2260000000,10290000000,0,7374378
7339454657570906,process,-1,process,91,51900000000,190970000000,16741,8
7339454657570906,thread,-1,producer,91,50000000,120000000,16741,8
7339454657570906,thread,-1,sampler,108,30000000,70000000,172,8
7339454657570906,thread,0,account_worker,104,4290000000,8680000000,1,5126278
7339454657570906,thread,0,trader_callback,92,2080000000,10220000000,0,8037982
7339454657570906,thread,0,trace_writer,93,2550000000,12160000000,0,3260322
7339454657570906,thread,0,latency_writer,94,2960000000,14180000000,0,141424
7339454657570906,thread,1,account_worker,105,4610000000,8480000000,0,5422255
7339454657570906,thread,1,trader_callback,95,2900000000,14440000000,0,312
7339454657570906,thread,1,trace_writer,96,2640000000,13400000000,1,1896273
7339454657570906,thread,1,latency_writer,97,2800000000,13470000000,0,1202537
7339454657570906,thread,2,account_worker,106,4630000000,8640000000,2,5316784
7339454657570906,thread,2,trader_callback,98,2440000000,11560000000,0,4417941
7339454657570906,thread,2,trace_writer,99,2930000000,13980000000,0,600034
7339454657570906,thread,2,latency_writer,100,2760000000,13260000000,1,1852366
7339454657570906,thread,3,account_worker,107,6180000000,11050000000,1,75157
7339454657570906,thread,3,trader_callback,101,2680000000,12550000000,0,2764178
7339454657570906,thread,3,trace_writer,102,3020000000,14290000000,0,246
7339454657570906,thread,3,latency_writer,103,2270000000,10330000000,0,7458399
7339454758317774,process,-1,process,91,52280000000,191960000000,16821,8
7339454758317774,thread,-1,producer,91,50000000,120000000,16821,8
7339454758317774,thread,-1,sampler,108,30000000,70000000,173,8
7339454758317774,thread,0,account_worker,104,4350000000,8730000000,1,5126279
7339454758317774,thread,0,trader_callback,92,2080000000,10270000000,0,8120675
7339454758317774,thread,0,trace_writer,93,2580000000,12230000000,0,3260323
7339454758317774,thread,0,latency_writer,94,2970000000,14270000000,0,141437
7339454758317774,thread,1,account_worker,105,4660000000,8540000000,0,5422255
7339454758317774,thread,1,trader_callback,95,2930000000,14510000000,0,318
7339454758317774,thread,1,trace_writer,96,2660000000,13480000000,1,1896278
7339454758317774,thread,1,latency_writer,97,2810000000,13540000000,0,1226617
7339454758317774,thread,2,account_worker,106,4660000000,8660000000,2,5381306
7339454758317774,thread,2,trader_callback,98,2460000000,11590000000,0,4482488
7339454758317774,thread,2,trace_writer,99,2960000000,14060000000,0,600037
7339454758317774,thread,2,latency_writer,100,2760000000,13340000000,1,1876353
7339454758317774,thread,3,account_worker,107,6210000000,11120000000,1,75157
7339454758317774,thread,3,trader_callback,101,2700000000,12630000000,0,2764178
7339454758317774,thread,3,trace_writer,102,3040000000,14370000000,0,246
7339454758317774,thread,3,latency_writer,103,2280000000,10380000000,0,7541103
7339454859029772,process,-1,process,91,52520000000,193130000000,16915,8
7339454859029772,thread,-1,producer,91,50000000,120000000,16915,8
7339454859029772,thread,-1,sampler,108,30000000,70000000,174,8
7339454859029772,thread,0,account_worker,104,4390000000,8790000000,2,5126281
7339454859029772,thread,0,trader_callback,92,2080000000,10320000000,0,8206385
7339454859029772,thread,0,trace_writer,93,2580000000,12320000000,0,3260323
7339454859029772,thread,0,latency_writer,94,2990000000,14360000000,1,141440
7339454859029772,thread,1,account_worker,105,4670000000,8620000000,0,5422255
7339454859029772,thread,1,trader_callback,95,2960000000,14580000000,0,322
7339454859029772,thread,1,trace_writer,96,2680000000,13560000000,1,1896279
7339454859029772,thread,1,latency_writer,97,2820000000,13630000000,0,1226618
7339454859029772,thread,2,account_worker,106,4660000000,8710000000,2,5446640
7339454859029772,thread,2,trader_callback,98,2470000000,11630000000,0,4547808
7339454859029772,thread,2,trace_writer,99,2980000000,14140000000,0,600037
7339454859029772,thread,2,latency_writer,100,2780000000,13430000000,2,1876358
7339454859029772,thread,3,account_worker,107,6250000000,11180000000,1,75158
7339454859029772,thread,3,trader_callback,101,2720000000,12710000000,0,2764179
7339454859029772,thread,3,trace_writer,102,3050000000,14460000000,0,247
7339454859029772,thread,3,latency_writer,103,2280000000,10430000000,0,7626700
7339454959580763,process,-1,process,91,52900000000,194160000000,17015,8
7339454959580763,thread,-1,producer,91,50000000,120000000,17015,8
7339454959580763,thread,-1,sampler,108,30000000,70000000,175,8
7339454959580763,thread,0,account_worker,104,4430000000,8840000000,2,5126283
7339454959580763,thread,0,trader_callback,92,2090000000,10360000000,0,8292085
7339454959580763,thread,0,trace_writer,93,2590000000,12420000000,0,3260323
7339454959580763,thread,0,latency_writer,94,3010000000,14430000000,1,141441
7339454959580763,thread,1,account_worker,105,4720000000,8680000000,0,5422255
7339454959580763,thread,1,trader_callback,95,2990000000,14650000000,0,325
7339454959580763,thread,1,trace_writer,96,2700000000,13640000000,1,1896279
7339454959580763,thread,1,latency_writer,97,2840000000,13710000000,0,1226619
7339454959580763,thread,2,account_worker,106,4680000000,8740000000,2,5511631
7339454959580763,thread,2,trader_callback,98,2480000000,11670000000,0,4612804
7339454959580763,thread,2,trace_writer,99,3000000000,14220000000,0,600037
7339454959580763,thread,2,latency_writer,100,2800000000,13500000000,2,1876364
7339454959580763,thread,3,account_worker,107,6310000000,11220000000,1,75161
7339454959580763,thread,3,trader_callback,101,2730000000,12800000000,0,2764180
7339454959580763,thread,3,trace_writer,102,3070000000,14550000000,0,249
7339454959580763,thread,3,latency_writer,103,2290000000,10460000000,0,7712504
7339455060372125,process,-1,process,91,53190000000,195280000000,17108,8
7339455060372125,thread,-1,producer,91,50000000,120000000,17108,8
7339455060372125,thread,-1,sampler,108,30000000,70000000,176,8
7339455060372125,thread,0,account_worker,104,4460000000,8920000000,2,5126283
7339455060372125,thread,0,trader_callback,92,2100000000,10400000000,0,8374271
7339455060372125,thread,0,trace_writer,93,2610000000,12500000000,0,3260324
7339455060372125,thread,0,latency_writer,94,3030000000,14510000000,1,141444
7339455060372125,thread,1,account_worker,105,4740000000,8750000000,0,5422257
7339455060372125,thread,1,trader_callback,95,2990000000,14750000000,0,336
7339455060372125,thread,1,trace_writer,96,2720000000,13720000000,1,1896280
7339455060372125,thread,1,latency_writer,97,2840000000,13810000000,0,1226620
7339455060372125,thread,2,account_worker,106,4690000000,8780000000,2,5575063
7339455060372125,thread,2,trader_callback,98,2500000000,11710000000,0,4676230
7339455060372125,thread,2,trace_writer,99,3010000000,14310000000,0,600039
7339455060372125,thread,2,latency_writer,100,2820000000,13580000000,2,1876381
7339455060372125,thread,3,account_worker,107,6350000000,11280000000,1,75162
7339455060372125,thread,3,trader_callback,101,2740000000,12890000000,0,2764181
7339455060372125,thread,3,trace_writer,102,3090000000,14630000000,0,252
7339455060372125,thread,3,latency_writer,103,2320000000,10490000000,0,7794585
7339455160925113,process,-1,process,91,53450000000,196430000000,17207,9
7339455160925113,thread,-1,producer,91,50000000,120000000,17207,9
7339455160925113,thread,-1,sampler,108,30000000,70000000,177,8
7339455160925113,thread,0,account_worker,104,4500000000,8980000000,2,5126284
7339455160925113,thread,0,trader_callback,92,2110000000,10450000000,0,8454894
7339455160925113,thread,0,trace_writer,93,2630000000,12580000000,0,3260324
7339455160925113,thread,0,latency_writer,94,3040000000,14610000000,1,141447
7339455160925113,thread,1,account_worker,105,4780000000,8820000000,0,5422257
7339455160925113,thread,1,trader_callback,95,2990000000,14840000000,0,342
7339455160925113,thread,1,trace_writer,96,2740000000,13800000000,1,1896282
7339455160925113,thread,1,latency_writer,97,2860000000,13900000000,0,1226621
7339455160925113,thread,2,account_worker,106,4690000000,8830000000,2,5639056
7339455160925113,thread,2,trader_callback,98,2510000000,11740000000,0,4740225
7339455160925113,thread,2,trace_writer,99,3040000000,14380000000,0,600039
7339455160925113,thread,2,latency_writer,100,2840000000,13670000000,2,1876396
7339455160925113,thread,3,account_worker,107,6380000000,11360000000,1,75162
7339455160925113,thread,3,trader_callback,101,2750000000,12980000000,0,2764181
7339455160925113,thread,3,trace_writer,102,3110000000,14710000000,0,252
7339455160925113,thread,3,latency_writer,103,2330000000,10530000000,0,7875211
7339455261480551,process,-1,process,91,53790000000,197490000000,17302,9
7339455261480551,thread,-1,producer,91,50000000,120000000,17302,9
7339455261480551,thread,-1,sampler,108,30000000,70000000,178,8
7339455261480551,thread,0,account_worker,104,4530000000,9040000000,2,5126284
7339455261480551,thread,0,trader_callback,92,2110000000,10500000000,0,8543842
7339455261480551,thread,0,trace_writer,93,2660000000,12650000000,0,3260324
7339455261480551,thread,0,latency_writer,94,3050000000,14690000000,1,141450
7339455261480551,thread,1,account_worker,105,4840000000,8860000000,0,5422257
7339455261480551,thread,1,trader_callback,95,3010000000,14920000000,0,3494
7339455261480551,thread,1,trace_writer,96,2760000000,13880000000,1,1896283
7339455261480551,thread,1,latency_writer,97,2860000000,13990000000,0,1226621
7339455261480551,thread,2,account_worker,106,4700000000,8870000000,2,5708815
7339455261480551,thread,2,trader_callback,98,2520000000,11780000000,0,4809986
7339455261480551,thread,2,trace_writer,99,3070000000,14450000000,0,600043
7339455261480551,thread,2,latency_writer,100,2850000000,13750000000,2,1879708
7339455261480551,thread,3,account_worker,107,6430000000,11410000000,1,75162
7339455261480551,thread,3,trader_callback,101,2760000000,13070000000,0,2764181
7339455261480551,thread,3,trace_writer,102,3120000000,14790000000,0,252
7339455261480551,thread,3,latency_writer,103,2340000000,10560000000,0,7964267
7339455362210721,process,-1,process,91,54050000000,198540000000,17403,10
7339455362210721,thread,-1,producer,91,50000000,120000000,17403,10
7339455362210721,thread,-1,sampler,108,30000000,70000000,179,8
7339455362210721,thread,0,account_worker,104,4570000000,9110000000,2,5126284
7339455362210721,thread,0,trader_callback,92,2110000000,10550000000,0,8633043
7339455362210721,thread,0,trace_writer,93,2680000000,12730000000,0,3260324
7339455362210721,thread,0,latency_writer,94,3070000000,14770000000,1,141453
7339455362210721,thread,1,account_worker,105,4870000000,8930000000,0,5422257
7339455362210721,thread,1,trader_callback,95,3020000000,14960000000,0,91977
7339455362210721,thread,1,trace_writer,96,2780000000,13960000000,1,1896284
7339455362210721,thread,1,latency_writer,97,2870000000,14080000000,0,1226622
7339455362210721,thread,2,account_worker,106,4720000000,8900000000,2,5778855
7339455362210721,thread,2,trader_callback,98,2520000000,11830000000,0,4880022
7339455362210721,thread,2,trace_writer,99,3080000000,14540000000,0,600043
7339455362210721,thread,2,latency_writer,100,2870000000,13780000000,2,1968139
7339455362210721,thread,3,account_worker,107,6470000000,11470000000,1,75162
7339455362210721,thread,3,trader_callback,101,2770000000,13160000000,0,2764182
7339455362210721,thread,3,trace_writer,102,3130000000,14890000000,0,255
7339455362210721,thread,3,latency_writer,103,2350000000,10610000000,0,8053358
7339455462781683,process,-1,process,91,54350000000,199540000000,17503,10
7339455462781683,thread,-1,producer,91,50000000,120000000,17503,10
7339455462781683,thread,-1,sampler,108,30000000,70000000,180,8
7339455462781683,thread,0,account_worker,104,4610000000,9170000000,2,5126285
7339455462781683,thread,0,trader_callback,92,2120000000,10590000000,0,8723241
7339455462781683,thread,0,trace_writer,93,2690000000,12820000000,0,3260324
7339455462781683,thread,0,latency_writer,94,3070000000,14870000000,1,141460
7339455462781683,thread,1,account_worker,105,4900000000,8990000000,0,5422257
7339455462781683,thread,1,trader_callback,95,3030000000,15000000000,0,180232
7339455462781683,thread,1,trace_writer,96,2790000000,14050000000,1,1896286
7339455462781683,thread,1,latency_writer,97,2890000000,14170000000,0,1226626
7339455462781683,thread,2,account_worker,106,4720000000,8950000000,2,5849387
7339455462781683,thread,2,trader_callback,98,2550000000,11860000000,0,4950555
7339455462781683,thread,2,trace_writer,99,3100000000,14620000000,0,600050
7339455462781683,thread,2,latency_writer,100,2880000000,13820000000,2,2056407
7339455462781683,thread,3,account_worker,107,6500000000,11540000000,1,75162
7339455462781683,thread,3,trader_callback,101,2790000000,13240000000,0,2764182
7339455462781683,thread,3,trace_writer,102,3160000000,14960000000,0,255
7339455462781683,thread,3,latency_writer,103,2350000000,10650000000,0,8143546
7339455563324720,process,-1,process,91,54650000000,200540000000,17604,10
7339455563324720,thread,-1,producer,91,50000000,120000000,17604,10
7339455563324720,thread,-1,sampler,108,30000000,70000000,181,8
7339455563324720,thread,0,account_worker,104,4640000000,9240000000,2,5126286
7339455563324720,thread,0,trader_callback,92,2130000000,10630000000,0,8812357
7339455563324720,thread,0,trace_writer,93,2720000000,12890000000,0,3260324
7339455563324720,thread,0,latency_writer,94,3110000000,14940000000,1,141464
7339455563324720,thread,1,account_worker,105,4950000000,9040000000,0,5422258
7339455563324720,thread,1,trader_callback,95,3040000000,15040000000,0,266747
7339455563324720,thread,1,trace_writer,96,2820000000,14120000000,1,1896288
7339455563324720,thread,1,latency_writer,97,2910000000,14250000000,0,1226626
7339455563324720,thread,2,account_worker,106,4730000000,8990000000,2,5918861
7339455563324720,thread,2,trader_callback,98,2560000000,11900000000,0,5020031
7339455563324720,thread,2,trace_writer,99,3120000000,14700000000,0,600053
7339455563324720,thread,2,latency_writer,100,2890000000,13860000000,2,2142923
7339455563324720,thread,3,account_worker,107,6530000000,11610000000,1,75162
7339455563324720,thread,3,trader_callback,101,2810000000,13330000000,0,2764182
7339455563324720,thread,3,trace_writer,102,3170000000,15040000000,0,255
7339455563324720,thread,3,latency_writer,103,2360000000,10700000000,0,8232692
7339455663896279,process,-1,process,91,54990000000,201520000000,17704,10
7339455663896279,thread,-1,producer,91,50000000,120000000,17704,10
7339455663896279,thread,-1,sampler,108,30000000,70000000,182,8
7339455663896279,thread,0,account_worker,104,4670000000,9310000000,2,5126286
7339455663896279,thread,0,trader_callback,92,2140000000,10670000000,0,8899686
7339455663896279,thread,0,trace_writer,93,2740000000,12970000000,0,3260324
7339455663896279,thread,0,latency_writer,94,3130000000,15020000000,1,141467
7339455663896279,thread,1,account_worker,105,5000000000,9100000000,0,5422258
7339455663896279,thread,1,trader_callback,95,3050000000,15080000000,0,354137
7339455663896279,thread,1,trace_writer,96,2850000000,14190000000,1,1896288
7339455663896279,thread,1,latency_writer,97,2920000000,14330000000,0,1226628
7339455663896279,thread,2,account_worker,106,4750000000,9020000000,2,5988624
7339455663896279,thread,2,trader_callback,98,2570000000,11930000000,0,5089788
7339455663896279,thread,2,trace_writer,99,3130000000,14800000000,0,600054
7339455663896279,thread,2,latency_writer,100,2910000000,13900000000,2,2230281
7339455663896279,thread,3,account_worker,107,6580000000,11660000000,1,75165
7339455663896279,thread,3,trader_callback,101,2830000000,13410000000,0,2764182
7339455663896279,thread,3,trace_writer,102,3190000000,15120000000,0,255
7339455663896279,thread,3,latency_writer,103,2370000000,10740000000,0,8319896
7339455764430565,process,-1,process,91,55280000000,202520000000,17805,10
7339455764430565,thread,-1,producer,91,50000000,120000000,17805,10
7339455764430565,thread,-1,sampler,108,40000000,70000000,183,8
7339455764430565,thread,0,account_worker,104,4700000000,9380000000,2,5126286
7339455764430565,thread,0,trader_callback,92,2140000000,10720000000,0,8983847
7339455764430565,thread,0,trace_writer,93,2750000000,13060000000,0,3260324
7339455764430565,thread,0,latency_writer,94,3140000000,15100000000,1,141470
7339455764430565,thread,1,account_worker,105,5050000000,9150000000,0,5422258
7339455764430565,thread,1,trader_callback,95,3050000000,15130000000,0,440790
7339455764430565,thread,1,trace_writer,96,2870000000,14260000000,1,1896289
7339455764430565,thread,1,latency_writer,97,2930000000,14420000000,0,1226628
7339455764430565,thread,2,account_worker,106,4770000000,9050000000,2,6057544
7339455764430565,thread,2,trader_callback,98,2580000000,11970000000,0,5158712
7339455764430565,thread,2,trace_writer,99,3150000000,14880000000,0,600054
7339455764430565,thread,2,latency_writer,100,2920000000,13930000000,2,2316954
7339455764430565,thread,3,account_worker,107,6640000000,11700000000,1,75168
7339455764430565,thread,3,trader_callback,101,2850000000,13490000000,0,2764182
7339455764430565,thread,3,trace_writer,102,3200000000,15220000000,0,255
7339455764430565,thread,3,latency_writer,103,2370000000,10790000000,0,8404157
7339455864983433,process,-1,process,91,55630000000,203480000000,17906,10
7339455864983433,thread,-1,producer,91,50000000,120000000,17906,10
7339455864983433,thread,-1,sampler,108,40000000,70000000,184,8
7339455864983433,thread,0,account_worker,104,4740000000,9440000000,2,5126287
7339455864983433,thread,0,trader_callback,92,2140000000,10760000000,0,9072664
7339455864983433,thread,0,trace_writer,93,2790000000,13120000000,0,3264863
7339455864983433,thread,0,latency_writer,94,3180000000,15170000000,1,141477
7339455864983433,thread,1,account_worker,105,5090000000,9210000000,0,5422258
7339455864983433,thread,1,trader_callback,95,3060000000,15170000000,0,524528
7339455864983433,thread,1,trace_writer,96,2890000000,14350000000,1,1896289
7339455864983433,thread,1,latency_writer,97,2950000000,14500000000,0,1226629
7339455864983433,thread,2,account_worker,106,4780000000,9090000000,2,6127290
7339455864983433,thread,2,trader_callback,98,2590000000,12020000000,0,5228459
7339455864983433,thread,2,trace_writer,99,3160000000,14970000000,0,600054
7339455864983433,thread,2,latency_writer,100,2920000000,13980000000,2,2405281
7339455864983433,thread,3,account_worker,107,6700000000,11740000000,1,75169
7339455864983433,thread,3,trader_callback,101,2880000000,13560000000,0,2764183
7339455864983433,thread,3,trace_writer,102,3220000000,15300000000,0,256
7339455864983433,thread,3,latency_writer,103,2370000000,10840000000,0,8492985
7339455965552912,process,-1,process,91,55920000000,204500000000,18006,10
7339455965552912,thread,-1,producer,91,50000000,120000000,18006,10
7339455965552912,thread,-1,sampler,108,40000000,70000000,185,8
7339455965552912,thread,0,account_worker,104,4780000000,9500000000,2,5126287
7339455965552912,thread,0,trader_callback,92,2150000000,10810000000,0,9160373
7339455965552912,thread,0,trace_writer,93,2790000000,13170000000,0,3352609
7339455965552912,thread,0,latency_writer,94,3190000000,15250000000,1,141480
7339455965552912,thread,1,account_worker,105,5150000000,9250000000,0,5422258
7339455965552912,thread,1,trader_callback,95,3090000000,15240000000,0,524558
7339455965552912,thread,1,trace_writer,96,2890000000,14440000000,1,1896289
7339455965552912,thread,1,latency_writer,97,2960000000,14590000000,0,1226632
7339455965552912,thread,2,account_worker,106,4790000000,9130000000,2,6196269
7339455965552912,thread,2,trader_callback,98,2590000000,12060000000,0,5297441
7339455965552912,thread,2,trace_writer,99,3160000000,15060000000,0,600057
7339455965552912,thread,2,latency_writer,100,2920000000,14030000000,2,2493046
7339455965552912,thread,3,account_worker,107,6750000000,11800000000,1,75169
7339455965552912,thread,3,trader_callback,101,2900000000,13640000000,0,2764183
7339455965552912,thread,3,trace_writer,102,3230000000,15390000000,0,256
7339455965552912,thread,3,latency_writer,103,2380000000,10880000000,0,8580729
7339456066230801,process,-1,process,91,56200000000,205520000000,18106,10
7339456066230801,thread,-1,producer,91,50000000,120000000,18106,10
7339456066230801,thread,-1,sampler,108,40000000,70000000,186,8
7339456066230801,thread,0,account_worker,104,4810000000,9570000000,2,5126287
7339456066230801,thread,0,trader_callback,92,2160000000,10850000000,0,9247580
7339456066230801,thread,0,trace_writer,93,2800000000,13210000000,0,3440266
7339456066230801,thread,0,latency_writer,94,3220000000,15330000000,1,141484
7339456066230801,thread,1,account_worker,105,5180000000,9320000000,0,5422259
7339456066230801,thread,1,trader_callback,95,3120000000,15310000000,0,524564
7339456066230801,thread,1,trace_writer,96,2900000000,14530000000,1,1896290
7339456066230801,thread,1,latency_writer,97,2980000000,14680000000,0,1226632
7339456066230801,thread,2,account_worker,106,4800000000,9170000000,2,6264279
7339456066230801,thread,2,trader_callback,98,2600000000,12110000000,0,5365447
7339456066230801,thread,2,trace_writer,99,3180000000,15140000000,0,600061
7339456066230801,thread,2,latency_writer,100,2930000000,14070000000,2,2580673
7339456066230801,thread,3,account_worker,107,6780000000,11860000000,1,75174
7339456066230801,thread,3,trader_callback,101,2910000000,13730000000,0,2764184
7339456066230801,thread,3,trace_writer,102,3250000000,15470000000,0,258
7339456066230801,thread,3,latency_writer,103,2390000000,10920000000,0,8667872
7339456166794773,process,-1,process,91,56500000000,206530000000,18207,10
7339456166794773,thread,-1,producer,91,50000000,120000000,18207,10
7339456166794773,thread,-1,sampler,108,40000000,70000000,187,8
7339456166794773,thread,0,account_worker,104,4860000000,9620000000,2,5126288
7339456166794773,thread,0,trader_callback,92,2170000000,10890000000,0,9330804
7339456166794773,thread,0,trace_writer,93,2810000000,13250000000,0,3526232
7339456166794773,thread,0,latency_writer,94,3230000000,15420000000,1,141495
7339456166794773,thread,1,account_worker,105,5220000000,9380000000,0,5422259
7339456166794773,thread,1,trader_callback,95,3140000000,15390000000,0,524572
7339456166794773,thread,1,trace_writer,96,2920000000,14620000000,1,1896292
7339456166794773,thread,1,latency_writer,97,3000000000,14760000000,0,1226633
7339456166794773,thread,2,account_worker,106,4820000000,9200000000,2,6331345
7339456166794773,thread,2,trader_callback,98,2600000000,12160000000,0,5432544
7339456166794773,thread,2,trace_writer,99,3200000000,15220000000,0,600064
7339456166794773,thread,2,latency_writer,100,2940000000,14110000000,2,2667051
7339456166794773,thread,3,account_worker,107,6820000000,11920000000,1,75177
7339456166794773,thread,3,trader_callback,101,2920000000,13820000000,0,2764184
7339456166794773,thread,3,trace_writer,102,3270000000,15560000000,0,258
7339456166794773,thread,3,latency_writer,103,2410000000,10950000000,0,8751685
7339456268344477,process,-1,process,91,56820000000,207520000000,18307,10
7339456268344477,thread,-1,producer,91,50000000,120000000,18307,10
7339456268344477,thread,-1,sampler,108,40000000,70000000,188,9
7339456268344477,thread,0,account_worker,104,4900000000,9680000000,2,5126288
7339456268344477,thread,0,trader_callback,92,2180000000,10930000000,0,9411161
7339456268344477,thread,0,trace_writer,93,2820000000,13300000000,0,3606210
7339456268344477,thread,0,latency_writer,94,3240000000,15500000000,1,141818
7339456268344477,thread,1,account_worker,105,5240000000,9470000000,0,5422259
7339456268344477,thread,1,trader_callback,95,3150000000,15480000000,0,524585
7339456268344477,thread,1,trace_writer,96,2940000000,14690000000,1,1896296
7339456268344477,thread,1,latency_writer,97,3030000000,14830000000,0,1226633
7339456268344477,thread,2,account_worker,106,4820000000,9250000000,2,6394476
7339456268344477,thread,2,trader_callback,98,2620000000,12190000000,0,5495648
7339456268344477,thread,2,trace_writer,99,3230000000,15300000000,0,600064
7339456268344477,thread,2,latency_writer,100,2950000000,14150000000,2,2746636
7339456268344477,thread,3,account_worker,107,6890000000,11950000000,1,75181
7339456268344477,thread,3,trader_callback,101,2920000000,13920000000,0,2764185
7339456268344477,thread,3,trace_writer,102,3280000000,15640000000,0,258
7339456268344477,thread,3,latency_writer,103,2410000000,11000000000,0,8831483
7339456368940660,process,-1,process,91,57110000000,208540000000,18407,10
7339456368940660,thread,-1,producer,91,50000000,120000000,18408,10
7339456368940660,thread,-1,sampler,108,40000000,70000000,189,9
7339456368940660,thread,0,account_worker,104,4940000000,9740000000,2,5126288
7339456368940660,thread,0,trader_callback,92,2200000000,10960000000,0,9496839
7339456368940660,thread,0,trace_writer,93,2820000000,13340000000,0,3691627
7339456368940660,thread,0,latency_writer,94,3250000000,15590000000,1,141824
7339456368940660,thread,1,account_worker,105,5260000000,9540000000,0,5422259
7339456368940660,thread,1,trader_callback,95,3170000000,15560000000,0,524587
7339456368940660,thread,1,trace_writer,96,2960000000,14780000000,1,1896296
7339456368940660,thread,1,latency_writer,97,3060000000,14900000000,0,1226633
7339456368940660,thread,2,account_worker,106,4830000000,9300000000,2,6461541
7339456368940660,thread,2,trader_callback,98,2640000000,12220000000,0,5562713
7339456368940660,thread,2,trace_writer,99,3250000000,15380000000,0,600064
7339456368940660,thread,2,latency_writer,100,2950000000,14200000000,2,2832054
7339456368940660,thread,3,account_worker,107,6940000000,12010000000,1,75184
7339456368940660,thread,3,trader_callback,101,2940000000,14000000000,0,2764185
7339456368940660,thread,3,trace_writer,102,3290000000,15730000000,0,259
7339456368940660,thread,3,latency_writer,103,2440000000,11020000000,0,8917167
7339456469458312,process,-1,process,91,57400000000,209560000000,18508,10
7339456469458312,thread,-1,producer,91,50000000,120000000,18508,10
7339456469458312,thread,-1,sampler,108,40000000,70000000,190,9
7339456469458312,thread,0,account_worker,104,4970000000,9810000000,2,5126288
7339456469458312,thread,0,trader_callback,92,2200000000,11000000000,0,9583840
7339456469458312,thread,0,trace_writer,93,2840000000,13370000000,0,3776482
7339456469458312,thread,0,latency_writer,94,3260000000,15680000000,1,141827
7339456469458312,thread,1,account_worker,105,5300000000,9600000000,0,5422259
7339456469458312,thread,1,trader_callback,95,3200000000,15640000000,0,524589
7339456469458312,thread,1,trace_writer,96,2970000000,14860000000,1,1896296
7339456469458312,thread,1,latency_writer,97,3080000000,14980000000,0,1226633
7339456469458312,thread,2,account_worker,106,4850000000,9320000000,2,6529074
7339456469458312,thread,2,trader_callback,98,2640000000,12260000000,0,5630241
7339456469458312,thread,2,trace_writer,99,3250000000,15470000000,0,600064
7339456469458312,thread,2,latency_writer,100,2960000000,14240000000,2,2916863
7339456469458312,thread,3,account_worker,107,6960000000,12090000000,1,75184
7339456469458312,thread,3,trader_callback,101,2960000000,14080000000,0,2764186
7339456469458312,thread,3,trace_writer,102,3310000000,15810000000,0,259
7339456469458312,thread,3,latency_writer,103,2450000000,11060000000,0,9004145
7339456570045701,process,-1,process,91,57730000000,210540000000,18609,10
7339456570045701,thread,-1,producer,91,50000000,120000000,18609,10
7339456570045701,thread,-1,sampler,108,40000000,70000000,191,9
7339456570045701,thread,0,account_worker,104,5010000000,9880000000,2,5126288
7339456570045701,thread,0,trader_callback,92,2210000000,11060000000,0,9663501
7339456570045701,thread,0,trace_writer,93,2850000000,13410000000,0,3862153
7339456570045701,thread,0,latency_writer,94,3290000000,15750000000,1,141827
7339456570045701,thread,1,account_worker,105,5360000000,9640000000,0,5422259
7339456570045701,thread,1,trader_callback,95,3200000000,15720000000,0,524593
7339456570045701,thread,1,trace_writer,96,3010000000,14930000000,1,1896297
7339456570045701,thread,1,latency_writer,97,3080000000,15080000000,0,1226637
7339456570045701,thread,2,account_worker,106,4870000000,9360000000,2,6596473
7339456570045701,thread,2,trader_callback,98,2650000000,12310000000,0,5697639
7339456570045701,thread,2,trace_writer,99,3270000000,15550000000,0,600064
7339456570045701,thread,2,latency_writer,100,2960000000,14290000000,2,3002559
7339456570045701,thread,3,account_worker,107,7000000000,12140000000,1,75185
7339456570045701,thread,3,trader_callback,101,2990000000,14150000000,0,2764187
7339456570045701,thread,3,trace_writer,102,3320000000,15900000000,0,259
7339456570045701,thread,3,latency_writer,103,2460000000,11100000000,0,9083541
7339456670616319,process,-1,process,91,58050000000,211630000000,18709,10
7339456670616319,thread,-1,producer,91,50000000,120000000,18709,10
7339456670616319,thread,-1,sampler,108,40000000,70000000,192,9
7339456670616319,thread,0,account_worker,104,5040000000,9940000000,2,5126288
7339456670616319,thread,0,trader_callback,92,2240000000,11120000000,0,9663506
7339456670616319,thread,0,trace_writer,93,2860000000,13450000000,0,3945244
7339456670616319,thread,0,latency_writer,94,3310000000,15830000000,1,141833
7339456670616319,thread,1,account_worker,105,5400000000,9700000000,0,5422260
7339456670616319,thread,1,trader_callback,95,3210000000,15820000000,0,524596
7339456670616319,thread,1,trace_writer,96,3020000000,15010000000,1,1896298
7339456670616319,thread,1,latency_writer,97,3110000000,15150000000,0,1226639
7339456670616319,thread,2,account_worker,106,4890000000,9380000000,2,6662815
7339456670616319,thread,2,trader_callback,98,2660000000,12350000000,0,5763990
7339456670616319,thread,2,trace_writer,99,3290000000,15640000000,0,600064
7339456670616319,thread,2,latency_writer,100,2970000000,14330000000,2,3085675
7339456670616319,thread,3,account_worker,107,7020000000,12220000000,1,75188
7339456670616319,thread,3,trader_callback,101,3010000000,14230000000,0,2764187
7339456670616319,thread,3,trace_writer,102,3350000000,15970000000,0,259
7339456670616319,thread,3,latency_writer,103,2470000000,11200000000,0,9083542
7339456771259103,process,-1,process,91,58370000000,212720000000,18808,10
7339456771259103,thread,-1,producer,91,50000000,120000000,18808,10
7339456771259103,thread,-1,sampler,108,40000000,70000000,193,9
7339456771259103,thread,0,account_worker,104,5090000000,9990000000,2,5126289
7339456771259103,thread,0,trader_callback,92,2260000000,11200000000,0,9663513
7339456771259103,thread,0,trace_writer,93,2870000000,13500000000,0,4031123
7339456771259103,thread,0,latency_writer,94,3330000000,15920000000,1,141837
7339456771259103,thread,1,account_worker,105,5440000000,9770000000,0,5422261
7339456771259103,thread,1,trader_callback,95,3240000000,15890000000,0,524599
7339456771259103,thread,1,trace_writer,96,3050000000,15090000000,1,1896298
7339456771259103,thread,1,latency_writer,97,3130000000,15240000000,0,1226643
7339456771259103,thread,2,account_worker,106,4900000000,9420000000,2,6730583
7339456771259103,thread,2,trader_callback,98,2670000000,12390000000,0,5831753
7339456771259103,thread,2,trace_writer,99,3310000000,15720000000,0,600067
7339456771259103,thread,2,latency_writer,100,2990000000,14370000000,2,3171545
7339456771259103,thread,3,account_worker,107,7070000000,12270000000,1,75188
7339456771259103,thread,3,trader_callback,101,3020000000,14320000000,0,2764187
7339456771259103,thread,3,trace_writer,102,3360000000,16060000000,0,262
7339456771259103,thread,3,latency_writer,103,2470000000,11300000000,0,9083542
7339456871842406,process,-1,process,91,58700000000,213790000000,18886,10
7339456871842406,thread,-1,producer,91,50000000,120000000,18886,10
7339456871842406,thread,-1,sampler,108,40000000,70000000,194,9
7339456871842406,thread,0,account_worker,104,5130000000,10050000000,2,5126290
7339456871842406,thread,0,trader_callback,92,2290000000,11270000000,0,9663517
7339456871842406,thread,0,trace_writer,93,2870000000,13540000000,0,4118125
7339456871842406,thread,0,latency_writer,94,3340000000,16010000000,1,141845
7339456871842406,thread,1,account_worker,105,5480000000,9820000000,0,5422261
7339456871842406,thread,1,trader_callback,95,3250000000,15980000000,0,524603
7339456871842406,thread,1,trace_writer,96,3070000000,15170000000,1,1896298
7339456871842406,thread,1,latency_writer,97,3140000000,15320000000,0,1226643
7339456871842406,thread,2,account_worker,106,4920000000,9460000000,2,6799002
7339456871842406,thread,2,trader_callback,98,2690000000,12420000000,0,5900178
7339456871842406,thread,2,trace_writer,99,3320000000,15810000000,0,600067
7339456871842406,thread,2,latency_writer,100,2990000000,14410000000,2,3258591
7339456871842406,thread,3,account_worker,107,7110000000,12330000000,1,75189
7339456871842406,thread,3,trader_callback,101,3050000000,14400000000,0,2764187
7339456871842406,thread,3,trace_writer,102,3390000000,16130000000,0,263
7339456871842406,thread,3,latency_writer,103,2480000000,11390000000,0,9083542
7339456972523287,process,-1,process,91,59050000000,214860000000,18948,10
7339456972523287,thread,-1,producer,91,50000000,120000000,18948,10
7339456972523287,thread,-1,sampler,108,40000000,70000000,195,9
7339456972523287,thread,0,account_worker,104,5180000000,10100000000,2,5126291
7339456972523287,thread,0,trader_callback,92,2310000000,11360000000,0,9663520
7339456972523287,thread,0,trace_writer,93,2880000000,13590000000,0,4188040
7339456972523287,thread,0,latency_writer,94,3350000000,16090000000,1,141877
7339456972523287,thread,1,account_worker,105,5520000000,9880000000,0,5422261
7339456972523287,thread,1,trader_callback,95,3270000000,16050000000,0,524605
7339456972523287,thread,1,trace_writer,96,3090000000,15250000000,1,1896299
7339456972523287,thread,1,latency_writer,97,3150000000,15410000000,0,1226650
7339456972523287,thread,2,account_worker,106,4930000000,9490000000,2,6869790
7339456972523287,thread,2,trader_callback,98,2700000000,12460000000,0,5970959
7339456972523287,thread,2,trace_writer,99,3340000000,15890000000,0,600067
7339456972523287,thread,2,latency_writer,100,3000000000,14450000000,2,3328431
7339456972523287,thread,3,account_worker,107,7160000000,12390000000,1,75194
7339456972523287,thread,3,trader_callback,101,3060000000,14480000000,0,2764187
7339456972523287,thread,3,trace_writer,102,3410000000,16220000000,0,265
7339456972523287,thread,3,latency_writer,103,2500000000,11470000000,0,9083542
7339457073242293,process,-1,process,91,59350000000,215960000000,19049,10
7339457073242293,thread,-1,producer,91,50000000,130000000,19049,10
7339457073242293,thread,-1,sampler,108,40000000,70000000,196,9
7339457073242293,thread,0,account_worker,104,5220000000,10170000000,2,5126291
7339457073242293,thread,0,trader_callback,92,2310000000,11450000000,0,9663525
7339457073242293,thread,0,trace_writer,93,2880000000,13630000000,0,4275990
7339457073242293,thread,0,latency_writer,94,3390000000,16150000000,1,141882
7339457073242293,thread,1,account_worker,105,5560000000,9950000000,0,5422263
7339457073242293,thread,1,trader_callback,95,3280000000,16150000000,0,524609
7339457073242293,thread,1,trace_writer,96,3100000000,15340000000,1,1896299
7339457073242293,thread,1,latency_writer,97,3180000000,15480000000,0,1226650
7339457073242293,thread,2,account_worker,106,4940000000,9540000000,2,6937764
7339457073242293,thread,2,trader_callback,98,2710000000,12500000000,0,6038934
7339457073242293,thread,2,trace_writer,99,3350000000,15990000000,0,600068
7339457073242293,thread,2,latency_writer,100,3010000000,14500000000,2,3416385
7339457073242293,thread,3,account_worker,107,7180000000,12470000000,1,75198
7339457073242293,thread,3,trader_callback,101,3080000000,14560000000,0,2764187
7339457073242293,thread,3,trace_writer,102,3430000000,16290000000,0,266
7339457073242293,thread,3,latency_writer,103,2540000000,11530000000,0,9083543
7339457173952779,process,-1,process,91,59630000000,217100000000,19143,10
7339457173952779,thread,-1,producer,91,50000000,130000000,19143,10
7339457173952779,thread,-1,sampler,108,40000000,70000000,197,9
7339457173952779,thread,0,account_worker,104,5230000000,10250000000,2,5126292
7339457173952779,thread,0,trader_callback,92,2320000000,11540000000,0,9663528
7339457173952779,thread,0,trace_writer,93,2890000000,13670000000,0,4363534
7339457173952779,thread,0,latency_writer,94,3410000000,16240000000,1,141889
7339457173952779,thread,1,account_worker,105,5590000000,10010000000,0,5422263
7339457173952779,thread,1,trader_callback,95,3300000000,16230000000,0,524609
7339457173952779,thread,1,trace_writer,96,3120000000,15420000000,1,1896301
7339457173952779,thread,1,latency_writer,97,3210000000,15560000000,0,1226651
7339457173952779,thread,2,account_worker,106,4940000000,9580000000,2,7007429
7339457173952779,thread,2,trader_callback,98,2710000000,12550000000,0,6108597
7339457173952779,thread,2,trace_writer,99,3370000000,16070000000,0,600068
7339457173952779,thread,2,latency_writer,100,3010000000,14540000000,2,3503937
7339457173952779,thread,3,account_worker,107,7230000000,12520000000,1,75201
7339457173952779,thread,3,trader_callback,101,3110000000,14640000000,0,2764187
7339457173952779,thread,3,trace_writer,102,3450000000,16380000000,0,269
7339457173952779,thread,3,latency_writer,103,2560000000,11610000000,0,9083543
7339457274627508,process,-1,process,91,59870000000,218260000000,19207,10
7339457274627508,thread,-1,producer,91,50000000,130000000,19207,10
7339457274627508,thread,-1,sampler,108,40000000,70000000,198,9
7339457274627508,thread,0,account_worker,104,5250000000,10330000000,2,5126292
7339457274627508,thread,0,trader_callback,92,2340000000,11620000000,0,9663532
7339457274627508,thread,0,trace_writer,93,2890000000,13720000000,0,4444319
7339457274627508,thread,0,latency_writer,94,3410000000,16340000000,1,141905
7339457274627508,thread,1,account_worker,105,5630000000,10080000000,0,5422263
7339457274627508,thread,1,trader_callback,95,3320000000,16320000000,0,524628
7339457274627508,thread,1,trace_writer,96,3120000000,15520000000,1,1896301
7339457274627508,thread,1,latency_writer,97,3230000000,15640000000,0,1226658
7339457274627508,thread,2,account_worker,106,4950000000,9620000000,2,7073254
7339457274627508,thread,2,trader_callback,98,2730000000,12580000000,0,6174423
7339457274627508,thread,2,trace_writer,99,3370000000,16160000000,0,600104
7339457274627508,thread,2,latency_writer,100,3010000000,14590000000,2,3584708
7339457274627508,thread,3,account_worker,107,7250000000,12600000000,1,75201
7339457274627508,thread,3,trader_callback,101,3140000000,14710000000,0,2764187
7339457274627508,thread,3,trace_writer,102,3450000000,16480000000,0,269
7339457274627508,thread,3,latency_writer,103,2590000000,11680000000,0,9083543
7339457380020292,process,-1,process,91,60240000000,219370000000,19299,10
7339457380020292,thread,-1,producer,91,50000000,130000000,19299,10
7339457380020292,thread,-1,sampler,108,50000000,70000000,199,9
7339457380020292,thread,0,account_worker,104,5290000000,10400000000,2,5126292
7339457380020292,thread,0,trader_callback,92,2350000000,11720000000,0,9663541
7339457380020292,thread,0,trace_writer,93,2900000000,13770000000,0,4517955
7339457380020292,thread,0,latency_writer,94,3430000000,16420000000,1,141936
7339457380020292,thread,1,account_worker,105,5670000000,10150000000,0,5422263
7339457380020292,thread,1,trader_callback,95,3340000000,16390000000,0,524631
7339457380020292,thread,1,trace_writer,96,3150000000,15590000000,1,1896306
7339457380020292,thread,1,latency_writer,97,3250000000,15720000000,0,1226664
7339457380020292,thread,2,account_worker,106,4970000000,9660000000,2,7136358
7339457380020292,thread,2,trader_callback,98,2740000000,12630000000,0,6237532
7339457380020292,thread,2,trace_writer,99,3390000000,16250000000,0,600108
7339457380020292,thread,2,latency_writer,100,3030000000,14630000000,2,3658396
7339457380020292,thread,3,account_worker,107,7290000000,12660000000,1,75205
7339457380020292,thread,3,trader_callback,101,3150000000,14800000000,0,2764187
7339457380020292,thread,3,trace_writer,102,3480000000,16560000000,0,269
7339457380020292,thread,3,latency_writer,103,2630000000,11750000000,0,9083543
7339457480644457,process,-1,process,91,60520000000,220490000000,19392,10
7339457480644457,thread,-1,producer,91,60000000,130000000,19392,10
7339457480644457,thread,-1,sampler,108,50000000,70000000,200,9
7339457480644457,thread,0,account_worker,104,5320000000,10480000000,2,5126293
7339457480644457,thread,0,trader_callback,92,2350000000,11810000000,0,9663557
7339457480644457,thread,0,trace_writer,93,2910000000,13800000000,0,4593572
7339457480644457,thread,0,latency_writer,94,3460000000,16490000000,1,141937
7339457480644457,thread,1,account_worker,105,5710000000,10210000000,0,5422263
7339457480644457,thread,1,trader_callback,95,3350000000,16490000000,0,524631
7339457480644457,thread,1,trace_writer,96,3160000000,15680000000,1,1896311
7339457480644457,thread,1,latency_writer,97,3260000000,15810000000,0,1226665
7339457480644457,thread,2,account_worker,106,4970000000,9710000000,2,7181581
7339457480644457,thread,2,trader_callback,98,2740000000,12670000000,0,6282758
7339457480644457,thread,2,trace_writer,99,3410000000,16330000000,0,600112
7339457480644457,thread,2,latency_writer,100,3050000000,14660000000,2,3734015
7339457480644457,thread,3,account_worker,107,7320000000,12730000000,1,75205
7339457480644457,thread,3,trader_callback,101,3170000000,14880000000,0,2764187
7339457480644457,thread,3,trace_writer,102,3500000000,16640000000,0,269
7339457480644457,thread,3,latency_writer,103,2640000000,11830000000,0,9083543
7339457581241030,process,-1,process,91,60870000000,221550000000,19493,10
7339457581241030,thread,-1,producer,91,60000000,130000000,19493,10
7339457581241030,thread,-1,sampler,108,50000000,70000000,201,9
7339457581241030,thread,0,account_worker,104,5360000000,10530000000,2,5126294
7339457581241030,thread,0,trader_callback,92,2390000000,11880000000,0,9663567
7339457581241030,thread,0,trace_writer,93,2920000000,13850000000,0,4681602
7339457581241030,thread,0,latency_writer,94,3470000000,16580000000,1,141944
7339457581241030,thread,1,account_worker,105,5740000000,10270000000,0,5422263
7339457581241030,thread,1,trader_callback,95,3370000000,16570000000,0,524652
7339457581241030,thread,1,trace_writer,96,3180000000,15770000000,1,1896312
7339457581241030,thread,1,latency_writer,97,3270000000,15900000000,0,1226669
7339457581241030,thread,2,account_worker,106,4990000000,9740000000,2,7251645
7339457581241030,thread,2,trader_callback,98,2760000000,12710000000,0,6352816
7339457581241030,thread,2,trace_writer,99,3430000000,16410000000,0,600112
7339457581241030,thread,2,latency_writer,100,3060000000,14700000000,2,3822029
7339457581241030,thread,3,account_worker,107,7370000000,12790000000,1,75205
7339457581241030,thread,3,trader_callback,101,3180000000,14970000000,0,2764187
7339457581241030,thread,3,trace_writer,102,3540000000,16700000000,0,272
7339457581241030,thread,3,latency_writer,103,2670000000,11900000000,0,9083543
7339457681827156,process,-1,process,91,61170000000,222660000000,19588,10
7339457681827156,thread,-1,producer,91,60000000,130000000,19588,10
7339457681827156,thread,-1,sampler,108,50000000,70000000,202,9
7339457681827156,thread,0,account_worker,104,5400000000,10600000000,2,5126294
7339457681827156,thread,0,trader_callback,92,2400000000,11960000000,0,9663570
7339457681827156,thread,0,trace_writer,93,2930000000,13890000000,0,4764643
7339457681827156,thread,0,latency_writer,94,3480000000,16670000000,1,141944
7339457681827156,thread,1,account_worker,105,5790000000,10320000000,0,5422263
7339457681827156,thread,1,trader_callback,95,3380000000,16660000000,0,524653
7339457681827156,thread,1,trace_writer,96,3200000000,15850000000,1,1896312
7339457681827156,thread,1,latency_writer,97,3300000000,15980000000,0,1226674
7339457681827156,thread,2,account_worker,106,5000000000,9780000000,2,7315304
7339457681827156,thread,2,trader_callback,98,2760000000,12760000000,0,6416460
7339457681827156,thread,2,trace_writer,99,3460000000,16480000000,0,600112
7339457681827156,thread,2,latency_writer,100,3070000000,14740000000,2,3905063
7339457681827156,thread,3,account_worker,107,7390000000,12870000000,1,75208
7339457681827156,thread,3,trader_callback,101,3200000000,15050000000,0,2764187
7339457681827156,thread,3,trace_writer,102,3540000000,16800000000,0,273
7339457681827156,thread,3,latency_writer,103,2690000000,11990000000,0,9083543
7339457782473602,process,-1,process,91,61500000000,223740000000,19685,10
7339457782473602,thread,-1,producer,91,60000000,130000000,19685,10
7339457782473602,thread,-1,sampler,108,50000000,70000000,203,9
7339457782473602,thread,0,account_worker,104,5430000000,10660000000,2,5126294
7339457782473602,thread,0,trader_callback,92,2430000000,12040000000,0,9663573
7339457782473602,thread,0,trace_writer,93,2940000000,13930000000,0,4846194
7339457782473602,thread,0,latency_writer,94,3510000000,16740000000,1,141949
7339457782473602,thread,1,account_worker,105,5820000000,10400000000,0,5422263
7339457782473602,thread,1,trader_callback,95,3400000000,16740000000,0,524653
7339457782473602,thread,1,trace_writer,96,3220000000,15920000000,1,1896313
7339457782473602,thread,1,latency_writer,97,3300000000,16070000000,0,1226675
7339457782473602,thread,2,account_worker,106,5020000000,9810000000,2,7378881
7339457782473602,thread,2,trader_callback,98,2770000000,12790000000,0,6480053
7339457782473602,thread,2,trace_writer,99,3470000000,16570000000,0,600112
7339457782473602,thread,2,latency_writer,100,3080000000,14780000000,2,3986620
7339457782473602,thread,3,account_worker,107,7430000000,12930000000,1,75208
7339457782473602,thread,3,trader_callback,101,3230000000,15130000000,0,2764187
7339457782473602,thread,3,trace_writer,102,3550000000,16890000000,0,273
7339457782473602,thread,3,latency_writer,103,2700000000,12080000000,0,9083543
7339457884033143,process,-1,process,91,61810000000,224850000000,19787,10
7339457884033143,thread,-1,producer,91,60000000,130000000,19787,10
7339457884033143,thread,-1,sampler,108,50000000,70000000,204,9
7339457884033143,thread,0,account_worker,104,5470000000,10720000000,2,5126295
7339457884033143,thread,0,trader_callback,92,2440000000,12130000000,0,9663579
7339457884033143,thread,0,trace_writer,93,2950000000,13970000000,0,4933238
7339457884033143,thread,0,latency_writer,94,3520000000,16840000000,1,141950
7339457884033143,thread,1,account_worker,105,5850000000,10470000000,0,5422263
7339457884033143,thread,1,trader_callback,95,3430000000,16810000000,0,524655
7339457884033143,thread,1,trace_writer,96,3230000000,16010000000,1,1896313
7339457884033143,thread,1,latency_writer,97,3320000000,16160000000,0,1226676
7339457884033143,thread,2,account_worker,106,5030000000,9850000000,2,7447469
7339457884033143,thread,2,trader_callback,98,2790000000,12830000000,0,6548646
7339457884033143,thread,2,trace_writer,99,3490000000,16650000000,0,600115
7339457884033143,thread,2,latency_writer,100,3090000000,14820000000,2,4073720
7339457884033143,thread,3,account_worker,107,7460000000,13000000000,1,75208
7339457884033143,thread,3,trader_callback,101,3250000000,15200000000,0,2764188
7339457884033143,thread,3,trace_writer,102,3590000000,16940000000,0,274
7339457884033143,thread,3,latency_writer,103,2720000000,12160000000,0,9083543
7339457984797836,process,-1,process,91,62090000000,225980000000,19887,10
7339457984797836,thread,-1,producer,91,60000000,130000000,19887,10
7339457984797836,thread,-1,sampler,108,50000000,70000000,205,9
7339457984797836,thread,0,account_worker,104,5500000000,10790000000,2,5126295
7339457984797836,thread,0,trader_callback,92,2460000000,12210000000,0,9663584
7339457984797836,thread,0,trace_writer,93,2950000000,14020000000,0,5019046
7339457984797836,thread,0,latency_writer,94,3530000000,16920000000,1,141953
7339457984797836,thread,1,account_worker,105,5890000000,10530000000,0,5422263
7339457984797836,thread,1,trader_callback,95,3450000000,16890000000,0,524656
7339457984797836,thread,1,trace_writer,96,3250000000,16100000000,1,1896313
7339457984797836,thread,1,latency_writer,97,3320000000,16250000000,0,1226676
7339457984797836,thread,2,account_worker,106,5040000000,9890000000,2,7514637
7339457984797836,thread,2,trader_callback,98,2790000000,12880000000,0,6615803
7339457984797836,thread,2,trace_writer,99,3500000000,16740000000,0,600115
7339457984797836,thread,2,latency_writer,100,3090000000,14870000000,2,4159427
7339457984797836,thread,3,account_worker,107,7510000000,13050000000,1,75211
7339457984797836,thread,3,trader_callback,101,3260000000,15290000000,0,2764188
7339457984797836,thread,3,trace_writer,102,3620000000,17020000000,0,275
7339457984797836,thread,3,latency_writer,103,2730000000,12250000000,0,9083543
7339458085322314,process,-1,process,91,62360000000,227120000000,19981,10
7339458085322314,thread,-1,producer,91,60000000,130000000,19981,10
7339458085322314,thread,-1,sampler,108,50000000,70000000,206,9
7339458085322314,thread,0,account_worker,104,5520000000,10880000000,2,5126295
7339458085322314,thread,0,trader_callback,92,2470000000,12290000000,0,9663589
7339458085322314,thread,0,trace_writer,93,2970000000,14060000000,0,5104735
7339458085322314,thread,0,latency_writer,94,3540000000,17020000000,1,141954
7339458085322314,thread,1,account_worker,105,5930000000,10590000000,0,5422264
7339458085322314,thread,1,trader_callback,95,3470000000,16970000000,0,524660
7339458085322314,thread,1,trace_writer,96,3260000000,16190000000,1,1896313
7339458085322314,thread,1,latency_writer,97,3340000000,16330000000,0,1226676
7339458085322314,thread,2,account_worker,106,5060000000,9920000000,2,7582787
7339458085322314,thread,2,trader_callback,98,2800000000,12920000000,0,6683959
7339458085322314,thread,2,trace_writer,99,3530000000,16820000000,0,600116
7339458085322314,thread,2,latency_writer,100,3090000000,14910000000,2,4245147
7339458085322314,thread,3,account_worker,107,7540000000,13120000000,1,75213
7339458085322314,thread,3,trader_callback,101,3280000000,15380000000,0,2764188
7339458085322314,thread,3,trace_writer,102,3630000000,17110000000,0,275
7339458085322314,thread,3,latency_writer,103,2750000000,12330000000,0,9083543
7339458185896725,process,-1,process,91,62670000000,228210000000,20080,10
7339458185896725,thread,-1,producer,91,60000000,130000000,20080,10
7339458185896725,thread,-1,sampler,108,50000000,70000000,207,9
7339458185896725,thread,0,account_worker,104,5550000000,10940000000,2,5126296
7339458185896725,thread,0,trader_callback,92,2490000000,12370000000,0,9663592
7339458185896725,thread,0,trace_writer,93,2980000000,14090000000,0,5187476
7339458185896725,thread,0,latency_writer,94,3560000000,17090000000,1,141954
7339458185896725,thread,1,account_worker,105,5960000000,10660000000,0,5422264
7339458185896725,thread,1,trader_callback,95,3490000000,17050000000,0,524660
7339458185896725,thread,1,trace_writer,96,3280000000,16270000000,1,1896314
7339458185896725,thread,1,latency_writer,97,3360000000,16420000000,0,1226677
7339458185896725,thread,2,account_worker,106,5070000000,9960000000,2,7645252
7339458185896725,thread,2,trader_callback,98,2800000000,12970000000,0,6746423
7339458185896725,thread,2,trace_writer,99,3550000000,16890000000,0,600116
7339458185896725,thread,2,latency_writer,100,3110000000,14950000000,2,4327869
7339458185896725,thread,3,account_worker,107,7580000000,13180000000,1,75214
7339458185896725,thread,3,trader_callback,101,3300000000,15460000000,0,2764188
7339458185896725,thread,3,trace_writer,102,3650000000,17190000000,0,275
7339458185896725,thread,3,latency_writer,103,2770000000,12410000000,0,9083544
7339458286541761,process,-1,process,91,62990000000,229300000000,20181,10
7339458286541761,thread,-1,producer,91,60000000,130000000,20181,10
7339458286541761,thread,-1,sampler,108,50000000,70000000,208,9
7339458286541761,thread,0,account_worker,104,5610000000,10990000000,2,5126296
7339458286541761,thread,0,trader_callback,92,2510000000,12450000000,0,9663596
7339458286541761,thread,0,trace_writer,93,2990000000,14130000000,0,5272174
7339458286541761,thread,0,latency_writer,94,3570000000,17190000000,1,141956
7339458286541761,thread,1,account_worker,105,6020000000,10700000000,0,5422264
7339458286541761,thread,1,trader_callback,95,3500000000,17140000000,0,524665
7339458286541761,thread,1,trace_writer,96,3290000000,16350000000,1,1896315
7339458286541761,thread,1,latency_writer,97,3380000000,16500000000,0,1226678
7339458286541761,thread,2,account_worker,106,5070000000,10020000000,2,7713766
7339458286541761,thread,2,trader_callback,98,2820000000,13000000000,0,6814936
7339458286541761,thread,2,trace_writer,99,3570000000,16970000000,0,600117
7339458286541761,thread,2,latency_writer,100,3120000000,14990000000,2,4412594
7339458286541761,thread,3,account_worker,107,7610000000,13250000000,1,75218
7339458286541761,thread,3,trader_callback,101,3310000000,15550000000,0,2764188
7339458286541761,thread,3,trace_writer,102,3670000000,17270000000,0,275
7339458286541761,thread,3,latency_writer,103,2770000000,12510000000,0,9083544
7339458387115366,process,-1,process,91,63290000000,230400000000,20266,10
7339458387115366,thread,-1,producer,91,60000000,130000000,20266,10
7339458387115366,thread,-1,sampler,108,50000000,70000000,209,9
7339458387115366,thread,0,account_worker,104,5640000000,11060000000,2,5126296
7339458387115366,thread,0,trader_callback,92,2530000000,12530000000,0,9663615
7339458387115366,thread,0,trace_writer,93,2990000000,14180000000,0,5356280
7339458387115366,thread,0,latency_writer,94,3590000000,17260000000,1,141957
7339458387115366,thread,1,account_worker,105,6050000000,10770000000,0,5422264
7339458387115366,thread,1,trader_callback,95,3540000000,17200000000,0,524667
7339458387115366,thread,1,trace_writer,96,3310000000,16430000000,1,1896315
7339458387115366,thread,1,latency_writer,97,3410000000,16570000000,0,1226678
7339458387115366,thread,2,account_worker,106,5080000000,10050000000,2,7777997
7339458387115366,thread,2,trader_callback,98,2830000000,13040000000,0,6879169
7339458387115366,thread,2,trace_writer,99,3580000000,17070000000,0,600120
7339458387115366,thread,2,latency_writer,100,3130000000,15030000000,2,4496688
7339458387115366,thread,3,account_worker,107,7640000000,13320000000,1,75221
7339458387115366,thread,3,trader_callback,101,3320000000,15640000000,0,2764188
7339458387115366,thread,3,trace_writer,102,3680000000,17360000000,0,278
7339458387115366,thread,3,latency_writer,103,2790000000,12590000000,0,9083544
7339458487760803,process,-1,process,91,63630000000,231450000000,20349,10
7339458487760803,thread,-1,producer,91,60000000,130000000,20349,10
7339458487760803,thread,-1,sampler,108,50000000,70000000,210,9
7339458487760803,thread,0,account_worker,104,5680000000,11120000000,2,5126296
7339458487760803,thread,0,trader_callback,92,2550000000,12590000000,0,9663626
7339458487760803,thread,0,trace_writer,93,3000000000,14220000000,0,5425790
7339458487760803,thread,0,latency_writer,94,3600000000,17350000000,1,141981
7339458487760803,thread,1,account_worker,105,6090000000,10830000000,0,5422265
7339458487760803,thread,1,trader_callback,95,3550000000,17280000000,0,524670
7339458487760803,thread,1,trace_writer,96,3340000000,16510000000,1,1896315
7339458487760803,thread,1,latency_writer,97,3430000000,16650000000,0,1226679
7339458487760803,thread,2,account_worker,106,5080000000,10100000000,2,7829328
7339458487760803,thread,2,trader_callback,98,2840000000,13080000000,0,6930484
7339458487760803,thread,2,trace_writer,99,3610000000,17140000000,0,600121
7339458487760803,thread,2,latency_writer,100,3140000000,15070000000,2,4566189
7339458487760803,thread,3,account_worker,107,7670000000,13380000000,1,75234
7339458487760803,thread,3,trader_callback,101,3350000000,15710000000,0,2764189
7339458487760803,thread,3,trace_writer,102,3700000000,17440000000,0,278
7339458487760803,thread,3,latency_writer,103,2810000000,12670000000,0,9083544
7339458588528697,process,-1,process,91,63960000000,232520000000,20446,10
7339458588528697,thread,-1,producer,91,60000000,130000000,20446,10
7339458588528697,thread,-1,sampler,108,50000000,70000000,211,9
7339458588528697,thread,0,account_worker,104,5720000000,11180000000,2,5126296
7339458588528697,thread,0,trader_callback,92,2580000000,12670000000,0,9663650
7339458588528697,thread,0,trace_writer,93,3010000000,14260000000,0,5494169
7339458588528697,thread,0,latency_writer,94,3610000000,17440000000,1,142042
7339458588528697,thread,1,account_worker,105,6140000000,10880000000,0,5422265
7339458588528697,thread,1,trader_callback,95,3570000000,17360000000,0,524688
7339458588528697,thread,1,trace_writer,96,3360000000,16590000000,1,1896322
7339458588528697,thread,1,latency_writer,97,3440000000,16730000000,0,1226683
7339458588528697,thread,2,account_worker,106,5090000000,10140000000,2,7884326
7339458588528697,thread,2,trader_callback,98,2840000000,13130000000,0,6985489
7339458588528697,thread,2,trace_writer,99,3630000000,17220000000,0,600121
7339458588528697,thread,2,latency_writer,100,3150000000,15110000000,2,4634477
7339458588528697,thread,3,account_worker,107,7700000000,13450000000,1,75242
7339458588528697,thread,3,trader_callback,101,3360000000,15800000000,0,2764189
7339458588528697,thread,3,trace_writer,102,3730000000,17510000000,0,278
7339458588528697,thread,3,latency_writer,103,2810000000,12770000000,0,9083545
7339458689118346,process,-1,process,91,64280000000,233610000000,20547,10
7339458689118346,thread,-1,producer,91,60000000,130000000,20547,10
7339458689118346,thread,-1,sampler,108,50000000,70000000,212,9
7339458689118346,thread,0,account_worker,104,5760000000,11240000000,2,5126296
7339458689118346,thread,0,trader_callback,92,2590000000,12750000000,0,9663658
7339458689118346,thread,0,trace_writer,93,3020000000,14310000000,0,5577373
7339458689118346,thread,0,latency_writer,94,3630000000,17530000000,1,142062
7339458689118346,thread,1,account_worker,105,6200000000,10930000000,0,5422266
7339458689118346,thread,1,trader_callback,95,3590000000,17440000000,0,524688
7339458689118346,thread,1,trace_writer,96,3370000000,16680000000,1,1896325
7339458689118346,thread,1,latency_writer,97,3470000000,16810000000,0,1226684
7339458689118346,thread,2,account_worker,106,5100000000,10180000000,2,7950236
7339458689118346,thread,2,trader_callback,98,2850000000,13170000000,0,7051431
7339458689118346,thread,2,trace_writer,99,3640000000,17310000000,0,600124
7339458689118346,thread,2,latency_writer,100,3170000000,15150000000,2,4717979
7339458689118346,thread,3,account_worker,107,7750000000,13510000000,1,75242
7339458689118346,thread,3,trader_callback,101,3380000000,15890000000,0,2764189
7339458689118346,thread,3,trace_writer,102,3750000000,17590000000,0,281
7339458689118346,thread,3,latency_writer,103,2830000000,12850000000,0,9083546
7339458790378526,process,-1,process,91,64600000000,234700000000,20648,10
7339458790378526,thread,-1,producer,91,60000000,130000000,20648,10
7339458790378526,thread,-1,sampler,108,50000000,70000000,213,9
7339458790378526,thread,0,account_worker,104,5790000000,11310000000,2,5126298
7339458790378526,thread,0,trader_callback,92,2610000000,12830000000,0,9663661
7339458790378526,thread,0,trace_writer,93,3020000000,14350000000,0,5643764
7339458790378526,thread,0,latency_writer,94,3650000000,17610000000,1,142090
7339458790378526,thread,1,account_worker,105,6230000000,10990000000,0,5422266
7339458790378526,thread,1,trader_callback,95,3620000000,17510000000,0,524691
7339458790378526,thread,1,trace_writer,96,3390000000,16760000000,1,1896327
7339458790378526,thread,1,latency_writer,97,3480000000,16900000000,0,1226685
7339458790378526,thread,2,account_worker,106,5120000000,10210000000,2,8016435
7339458790378526,thread,2,trader_callback,98,2860000000,13210000000,0,7117604
7339458790378526,thread,2,trace_writer,99,3660000000,17380000000,0,600255
7339458790378526,thread,2,latency_writer,100,3180000000,15180000000,2,4784102
7339458790378526,thread,3,account_worker,107,7790000000,13570000000,1,75246
7339458790378526,thread,3,trader_callback,101,3390000000,15970000000,0,2764189
7339458790378526,thread,3,trace_writer,102,3770000000,17680000000,0,282
7339458790378526,thread,3,latency_writer,103,2850000000,12940000000,0,9083546
7339458890952705,process,-1,process,91,64960000000,235750000000,20747,10
7339458890952705,thread,-1,producer,91,60000000,130000000,20747,10
7339458890952705,thread,-1,sampler,108,50000000,70000000,214,9
7339458890952705,thread,0,account_worker,104,5830000000,11370000000,2,5126306
7339458890952705,thread,0,trader_callback,92,2650000000,12900000000,0,9663672
7339458890952705,thread,0,trace_writer,93,3030000000,14400000000,0,5710107
7339458890952705,thread,0,latency_writer,94,3660000000,17700000000,1,142100
7339458890952705,thread,1,account_worker,105,6290000000,11030000000,0,5422273
7339458890952705,thread,1,trader_callback,95,3650000000,17580000000,0,524699
7339458890952705,thread,1,trace_writer,96,3420000000,16830000000,1,1896334
7339458890952705,thread,1,latency_writer,97,3490000000,16990000000,0,1226692
7339458890952705,thread,2,account_worker,106,5130000000,10250000000,2,8080649
7339458890952705,thread,2,trader_callback,98,2870000000,13240000000,0,7181822
7339458890952705,thread,2,trace_writer,99,3680000000,17460000000,0,600265
7339458890952705,thread,2,latency_writer,100,3190000000,15220000000,2,4850523
7339458890952705,thread,3,account_worker,107,7820000000,13640000000,1,75253
7339458890952705,thread,3,trader_callback,101,3400000000,16060000000,0,2764196
7339458890952705,thread,3,trace_writer,102,3780000000,17770000000,0,290
7339458890952705,thread,3,latency_writer,103,2860000000,13020000000,0,9083553
7339458991495182,process,-1,process,91,65260000000,236850000000,20842,10
7339458991495182,thread,-1,producer,91,60000000,130000000,20842,10
7339458991495182,thread,-1,sampler,108,50000000,70000000,215,9
7339458991495182,thread,0,account_worker,104,5870000000,11430000000,2,5126313
7339458991495182,thread,0,trader_callback,92,2660000000,12980000000,0,9663684
7339458991495182,thread,0,trace_writer,93,3040000000,14430000000,0,5793711
7339458991495182,thread,0,latency_writer,94,3690000000,17770000000,1,142106
7339458991495182,thread,1,account_worker,105,6350000000,11080000000,0,5422278
7339458991495182,thread,1,trader_callback,95,3670000000,17670000000,0,524707
7339458991495182,thread,1,trace_writer,96,3430000000,16920000000,1,1896339
7339458991495182,thread,1,latency_writer,97,3510000000,17080000000,0,1226698
7339458991495182,thread,2,account_worker,106,5150000000,10290000000,2,8145713
7339458991495182,thread,2,trader_callback,98,2880000000,13290000000,0,7246883
7339458991495182,thread,2,trace_writer,99,3690000000,17560000000,0,600270
7339458991495182,thread,2,latency_writer,100,3190000000,15270000000,2,4934143
7339458991495182,thread,3,account_worker,107,7870000000,13690000000,1,75258
7339458991495182,thread,3,trader_callback,101,3420000000,16140000000,0,2764201
7339458991495182,thread,3,trace_writer,102,3790000000,17850000000,0,296
7339458991495182,thread,3,latency_writer,103,2870000000,13110000000,0,9083558
7339459092098269,process,-1,process,91,65570000000,237940000000,20943,10
7339459092098269,thread,-1,producer,91,60000000,130000000,20943,10
7339459092098269,thread,-1,sampler,108,50000000,70000000,216,9
7339459092098269,thread,0,account_worker,104,5930000000,11480000000,2,5126313
7339459092098269,thread,0,trader_callback,92,2690000000,13050000000,0,9663687
7339459092098269,thread,0,trace_writer,93,3050000000,14480000000,0,5876733
7339459092098269,thread,0,latency_writer,94,3690000000,17860000000,1,142124
7339459092098269,thread,1,account_worker,105,6370000000,11160000000,0,5422279
7339459092098269,thread,1,trader_callback,95,3680000000,17750000000,0,524707
7339459092098269,thread,1,trace_writer,96,3440000000,17000000000,1,1896340
7339459092098269,thread,1,latency_writer,97,3520000000,17170000000,0,1226700
7339459092098269,thread,2,account_worker,106,5170000000,10320000000,2,8210300
7339459092098269,thread,2,trader_callback,98,2890000000,13330000000,0,7311473
7339459092098269,thread,2,trace_writer,99,3710000000,17640000000,0,600272
7339459092098269,thread,2,latency_writer,100,3200000000,15310000000,2,5017161
7339459092098269,thread,3,account_worker,107,7880000000,13780000000,1,75259
7339459092098269,thread,3,trader_callback,101,3440000000,16220000000,0,2764201
7339459092098269,thread,3,trace_writer,102,3820000000,17930000000,0,299
7339459092098269,thread,3,latency_writer,103,2910000000,13180000000,0,9083559
7339459192673822,process,-1,process,91,65900000000,239020000000,21043,10
7339459192673822,thread,-1,producer,91,60000000,130000000,21043,10
7339459192673822,thread,-1,sampler,108,50000000,70000000,217,9
7339459192673822,thread,0,account_worker,104,5950000000,11560000000,2,5126314
7339459192673822,thread,0,trader_callback,92,2710000000,13130000000,0,9663690
7339459192673822,thread,0,trace_writer,93,3060000000,14520000000,0,5959960
7339459192673822,thread,0,latency_writer,94,3720000000,17940000000,1,142141
7339459192673822,thread,1,account_worker,105,6410000000,11220000000,0,5422279
7339459192673822,thread,1,trader_callback,95,3710000000,17820000000,0,524711
7339459192673822,thread,1,trace_writer,96,3460000000,17080000000,1,1896344
7339459192673822,thread,1,latency_writer,97,3530000000,17250000000,0,1226703
7339459192673822,thread,2,account_worker,106,5180000000,10350000000,2,8274663
7339459192673822,thread,2,trader_callback,98,2890000000,13380000000,0,7375839
7339459192673822,thread,2,trace_writer,99,3750000000,17690000000,0,600272
7339459192673822,thread,2,latency_writer,100,3210000000,15360000000,2,5100407
7339459192673822,thread,3,account_worker,107,7920000000,13840000000,1,75261
7339459192673822,thread,3,trader_callback,101,3460000000,16310000000,0,2764201
7339459192673822,thread,3,trace_writer,102,3830000000,18020000000,0,299
7339459192673822,thread,3,latency_writer,103,2930000000,13260000000,0,9083560
7339459293308028,process,-1,process,91,66210000000,240120000000,21144,10
7339459293308028,thread,-1,producer,91,60000000,130000000,21144,10
7339459293308028,thread,-1,sampler,108,50000000,70000000,218,9
7339459293308028,thread,0,account_worker,104,5980000000,11620000000,2,5126314
7339459293308028,thread,0,trader_callback,92,2730000000,13210000000,0,9663693
7339459293308028,thread,0,trace_writer,93,3090000000,14540000000,0,6044963
7339459293308028,thread,0,latency_writer,94,3730000000,18030000000,1,142144
7339459293308028,thread,1,account_worker,105,6460000000,11270000000,0,5422279
7339459293308028,thread,1,trader_callback,95,3720000000,17910000000,0,524712
7339459293308028,thread,1,trace_writer,96,3480000000,17160000000,1,1896344
7339459293308028,thread,1,latency_writer,97,3540000000,17340000000,0,1226707
7339459293308028,thread,2,account_worker,106,5190000000,10400000000,2,8342996
7339459293308028,thread,2,trader_callback,98,2890000000,13430000000,0,7444169
7339459293308028,thread,2,trace_writer,99,3770000000,17780000000,0,600273
7339459293308028,thread,2,latency_writer,100,3210000000,15400000000,2,5185375
7339459293308028,thread,3,account_worker,107,7950000000,13910000000,1,75261
7339459293308028,thread,3,trader_callback,101,3470000000,16400000000,0,2764201
7339459293308028,thread,3,trace_writer,102,3850000000,18100000000,0,299
7339459293308028,thread,3,latency_writer,103,2950000000,13330000000,0,9083560
7339459393876897,process,-1,process,91,66560000000,241170000000,21233,10
7339459393876897,thread,-1,producer,91,60000000,130000000,21233,10
7339459393876897,thread,-1,sampler,108,50000000,70000000,219,9
7339459393876897,thread,0,account_worker,104,6030000000,11680000000,2,5126314
7339459393876897,thread,0,trader_callback,92,2750000000,13290000000,0,9663718
7339459393876897,thread,0,trace_writer,93,3090000000,14590000000,0,6124906
7339459393876897,thread,0,latency_writer,94,3750000000,18100000000,1,142164
7339459393876897,thread,1,account_worker,105,6490000000,11340000000,0,5422279
7339459393876897,thread,1,trader_callback,95,3760000000,17980000000,0,524715
7339459393876897,thread,1,trace_writer,96,3500000000,17240000000,1,1896346
7339459393876897,thread,1,latency_writer,97,3570000000,17410000000,0,1226708
7339459393876897,thread,2,account_worker,106,5200000000,10430000000,2,8409969
7339459393876897,thread,2,trader_callback,98,2910000000,13460000000,0,7511144
7339459393876897,thread,2,trace_writer,99,3790000000,17860000000,0,600274
7339459393876897,thread,2,latency_writer,100,3230000000,15430000000,2,5265313
7339459393876897,thread,3,account_worker,107,7990000000,13970000000,1,75261
7339459393876897,thread,3,trader_callback,101,3480000000,16490000000,0,2764202
7339459393876897,thread,3,trace_writer,102,3860000000,18180000000,0,299
7339459393876897,thread,3,latency_writer,103,2970000000,13410000000,0,9083560
7339459494527198,process,-1,process,91,66920000000,242220000000,21331,10
7339459494527198,thread,-1,producer,91,60000000,130000000,21331,10
7339459494527198,thread,-1,sampler,108,50000000,70000000,220,9
7339459494527198,thread,0,account_worker,104,6070000000,11740000000,2,5126315
7339459494527198,thread,0,trader_callback,92,2760000000,13380000000,0,9663727
7339459494527198,thread,0,trace_writer,93,3110000000,14620000000,0,6209403
7339459494527198,thread,0,latency_writer,94,3770000000,18190000000,1,142170
7339459494527198,thread,1,account_worker,105,6550000000,11380000000,0,5422279
7339459494527198,thread,1,trader_callback,95,3770000000,18060000000,0,524715
7339459494527198,thread,1,trace_writer,96,3510000000,17330000000,1,1896348
7339459494527198,thread,1,latency_writer,97,3590000000,17500000000,0,1226709
7339459494527198,thread,2,account_worker,106,5220000000,10470000000,2,8477209
7339459494527198,thread,2,trader_callback,98,2910000000,13510000000,0,7578383
7339459494527198,thread,2,trace_writer,99,3800000000,17950000000,0,600277
7339459494527198,thread,2,latency_writer,100,3240000000,15480000000,2,5349822
7339459494527198,thread,3,account_worker,107,8050000000,14010000000,1,75261
7339459494527198,thread,3,trader_callback,101,3500000000,16560000000,0,2764202
7339459494527198,thread,3,trace_writer,102,3870000000,18270000000,0,302
7339459494527198,thread,3,latency_writer,103,3000000000,13490000000,0,9083560
7339459595082754,process,-1,process,91,67220000000,243320000000,21401,10
7339459595082754,thread,-1,producer,91,70000000,130000000,21401,10
7339459595082754,thread,-1,sampler,108,50000000,70000000,221,9
7339459595082754,thread,0,account_worker,104,6100000000,11800000000,2,5126316
7339459595082754,thread,0,trader_callback,92,2780000000,13450000000,0,9663739
7339459595082754,thread,0,trace_writer,93,3110000000,14700000000,0,6230841
7339459595082754,thread,0,latency_writer,94,3770000000,18280000000,1,142181
7339459595082754,thread,1,account_worker,105,6590000000,11440000000,0,5422280
7339459595082754,thread,1,trader_callback,95,3790000000,18150000000,0,524718
7339459595082754,thread,1,trace_writer,96,3530000000,17370000000,1,1959946
7339459595082754,thread,1,latency_writer,97,3610000000,17570000000,0,1226713
7339459595082754,thread,2,account_worker,106,5240000000,10500000000,2,8540947
7339459595082754,thread,2,trader_callback,98,2920000000,13550000000,0,7642124
7339459595082754,thread,2,trace_writer,99,3810000000,18040000000,0,600277
7339459595082754,thread,2,latency_writer,100,3250000000,15520000000,2,5434814
7339459595082754,thread,3,account_worker,107,8090000000,14080000000,1,75264
7339459595082754,thread,3,trader_callback,101,3520000000,16640000000,0,2764202
7339459595082754,thread,3,trace_writer,102,3890000000,18360000000,0,302
7339459595082754,thread,3,latency_writer,103,3010000000,13580000000,0,9083560
7339459695788568,process,-1,process,91,67500000000,244460000000,21501,10
7339459695788568,thread,-1,producer,91,70000000,130000000,21501,10
7339459695788568,thread,-1,sampler,108,50000000,70000000,222,9
7339459695788568,thread,0,account_worker,104,6130000000,11870000000,2,5126316
7339459695788568,thread,0,trader_callback,92,2810000000,13530000000,0,9663750
7339459695788568,thread,0,trace_writer,93,3120000000,14800000000,0,6230842
7339459695788568,thread,0,latency_writer,94,3790000000,18370000000,1,142184
7339459695788568,thread,1,account_worker,105,6620000000,11510000000,0,5422280
7339459695788568,thread,1,trader_callback,95,3810000000,18230000000,0,524718
7339459695788568,thread,1,trace_writer,96,3540000000,17410000000,1,2044197
7339459695788568,thread,1,latency_writer,97,3620000000,17660000000,0,1226714
7339459695788568,thread,2,account_worker,106,5250000000,10530000000,2,8608092
7339459695788568,thread,2,trader_callback,98,2920000000,13600000000,0,7709265
7339459695788568,thread,2,trace_writer,99,3820000000,18130000000,0,600278
7339459695788568,thread,2,latency_writer,100,3250000000,15560000000,2,5519040
7339459695788568,thread,3,account_worker,107,8120000000,14140000000,1,75267
7339459695788568,thread,3,trader_callback,101,3540000000,16720000000,0,2764202
7339459695788568,thread,3,trace_writer,102,3910000000,18440000000,0,302
7339459695788568,thread,3,latency_writer,103,3030000000,13670000000,0,9083560
7339459796389046,process,-1,process,91,67810000000,245540000000,21601,10
7339459796389046,thread,-1,producer,91,70000000,130000000,21601,10
7339459796389046,thread,-1,sampler,108,50000000,70000000,223,9
7339459796389046,thread,0,account_worker,104,6170000000,11940000000,2,5126316
7339459796389046,thread,0,trader_callback,92,2830000000,13600000000,0,9663780
7339459796389046,thread,0,trace_writer,93,3130000000,14880000000,0,6230851
7339459796389046,thread,0,latency_writer,94,3810000000,18450000000,1,142253
7339459796389046,thread,1,account_worker,105,6650000000,11580000000,0,5422280
7339459796389046,thread,1,trader_callback,95,3830000000,18310000000,0,524730
7339459796389046,thread,1,trace_writer,96,3550000000,17450000000,1,2129233
7339459796389046,thread,1,latency_writer,97,3630000000,17760000000,0,1226719
7339459796389046,thread,2,account_worker,106,5270000000,10570000000,2,8676416
7339459796389046,thread,2,trader_callback,98,2930000000,13640000000,0,7777667
7339459796389046,thread,2,trace_writer,99,3840000000,18210000000,0,600295
7339459796389046,thread,2,latency_writer,100,3260000000,15610000000,2,5604382
7339459796389046,thread,3,account_worker,107,8180000000,14180000000,1,75272
7339459796389046,thread,3,trader_callback,101,3570000000,16800000000,0,2764202
7339459796389046,thread,3,trace_writer,102,3910000000,18540000000,0,302
7339459796389046,thread,3,latency_writer,103,3060000000,13730000000,0,9083560
7339459900024475,process,-1,process,91,68140000000,246590000000,21704,10
7339459900024475,thread,-1,producer,91,70000000,130000000,21704,10
7339459900024475,thread,-1,sampler,108,50000000,70000000,224,9
7339459900024475,thread,0,account_worker,104,6230000000,11980000000,2,5126317
7339459900024475,thread,0,trader_callback,92,2850000000,13680000000,0,9663883
7339459900024475,thread,0,trace_writer,93,3140000000,14970000000,0,6230852
7339459900024475,thread,0,latency_writer,94,3820000000,18490000000,1,142295
7339459900024475,thread,1,account_worker,105,6680000000,11650000000,0,5422280
7339459900024475,thread,1,trader_callback,95,3840000000,18410000000,0,524732
7339459900024475,thread,1,trace_writer,96,3560000000,17490000000,1,2217851
7339459900024475,thread,1,latency_writer,97,3650000000,17840000000,0,1226720
7339459900024475,thread,2,account_worker,106,5280000000,10610000000,2,8734517
7339459900024475,thread,2,trader_callback,98,2940000000,13680000000,0,7835720
7339459900024475,thread,2,trace_writer,99,3850000000,18300000000,0,601490
7339459900024475,thread,2,latency_writer,100,3270000000,15650000000,2,5692703
7339459900024475,thread,3,account_worker,107,8230000000,14230000000,1,75276
7339459900024475,thread,3,trader_callback,101,3580000000,16890000000,0,2764203
7339459900024475,thread,3,trace_writer,102,3950000000,18610000000,0,303
7339459900024475,thread,3,latency_writer,103,3080000000,13820000000,0,9083560
7339460000882526,process,-1,process,91,68470000000,247660000000,21797,10
7339460000882526,thread,-1,producer,91,70000000,130000000,21797,10
7339460000882526,thread,-1,sampler,108,60000000,70000000,225,9
7339460000882526,thread,0,account_worker,104,6300000000,12010000000,2,5126317
7339460000882526,thread,0,trader_callback,92,2870000000,13750000000,0,9663981
7339460000882526,thread,0,trace_writer,93,3150000000,15060000000,0,6230853
7339460000882526,thread,0,latency_writer,94,3840000000,18560000000,1,142323
7339460000882526,thread,1,account_worker,105,6730000000,11670000000,0,5451341
7339460000882526,thread,1,trader_callback,95,3840000000,18500000000,0,525324
7339460000882526,thread,1,trace_writer,96,3560000000,17540000000,1,2281613
7339460000882526,thread,1,latency_writer,97,3650000000,17940000000,0,1226720
7339460000882526,thread,2,account_worker,106,5320000000,10620000000,2,8764203
7339460000882526,thread,2,trader_callback,98,2950000000,13760000000,0,7836241
7339460000882526,thread,2,trace_writer,99,3860000000,18390000000,0,601493
7339460000882526,thread,2,latency_writer,100,3280000000,15690000000,2,5756450
7339460000882526,thread,3,account_worker,107,8280000000,14280000000,1,75731
7339460000882526,thread,3,trader_callback,101,3590000000,16980000000,0,2764203
7339460000882526,thread,3,trace_writer,102,3960000000,18690000000,0,307
7339460000882526,thread,3,latency_writer,103,3090000000,13910000000,0,9083560
7339460101490805,process,-1,process,91,68740000000,248790000000,21898,10
7339460101490805,thread,-1,producer,91,70000000,130000000,21898,10
7339460101490805,thread,-1,sampler,108,60000000,70000000,226,9
7339460101490805,thread,0,account_worker,104,6350000000,12060000000,2,5126317
7339460101490805,thread,0,trader_callback,92,2870000000,13850000000,0,9664085
7339460101490805,thread,0,trace_writer,93,3170000000,15140000000,0,6230854
7339460101490805,thread,0,latency_writer,94,3860000000,18650000000,1,142327
7339460101490805,thread,1,account_worker,105,6740000000,11710000000,0,5516621
7339460101490805,thread,1,trader_callback,95,3850000000,18590000000,0,525325
7339460101490805,thread,1,trace_writer,96,3570000000,17590000000,1,2366797
7339460101490805,thread,1,latency_writer,97,3680000000,18010000000,0,1226723
7339460101490805,thread,2,account_worker,106,5330000000,10660000000,2,8829486
7339460101490805,thread,2,trader_callback,98,2970000000,13840000000,0,7836242
7339460101490805,thread,2,trace_writer,99,3870000000,18480000000,0,601494
7339460101490805,thread,2,latency_writer,100,3280000000,15740000000,2,5841639
7339460101490805,thread,3,account_worker,107,8320000000,14340000000,1,75731
7339460101490805,thread,3,trader_callback,101,3610000000,17060000000,0,2764203
7339460101490805,thread,3,trace_writer,102,3970000000,18780000000,0,308
7339460101490805,thread,3,latency_writer,103,3100000000,13990000000,0,9083561
7339460202057572,process,-1,process,91,69030000000,249910000000,21999,10
7339460202057572,thread,-1,producer,91,70000000,130000000,21999,10
7339460202057572,thread,-1,sampler,108,60000000,70000000,227,9
7339460202057572,thread,0,account_worker,104,6400000000,12110000000,2,5126318
7339460202057572,thread,0,trader_callback,92,2890000000,13930000000,0,9664188
7339460202057572,thread,0,trace_writer,93,3190000000,15220000000,0,6230857
7339460202057572,thread,0,latency_writer,94,3870000000,18740000000,1,142327
7339460202057572,thread,1,account_worker,105,6750000000,11750000000,0,5581981
7339460202057572,thread,1,trader_callback,95,3870000000,18670000000,0,525329
7339460202057572,thread,1,trace_writer,96,3570000000,17630000000,1,2452669
7339460202057572,thread,1,latency_writer,97,3690000000,18100000000,0,1226726
7339460202057572,thread,2,account_worker,106,5340000000,10700000000,2,8894797
7339460202057572,thread,2,trader_callback,98,2980000000,13930000000,0,7836242
7339460202057572,thread,2,trace_writer,99,3890000000,18560000000,0,601494
7339460202057572,thread,2,latency_writer,100,3280000000,15780000000,2,5927505
7339460202057572,thread,3,account_worker,107,8360000000,14400000000,1,75735
7339460202057572,thread,3,trader_callback,101,3640000000,17130000000,0,2764203
7339460202057572,thread,3,trace_writer,102,4000000000,18850000000,0,308
7339460202057572,thread,3,latency_writer,103,3110000000,14090000000,0,9083562
7339460302614686,process,-1,process,91,69360000000,250980000000,22099,10
7339460302614686,thread,-1,producer,91,70000000,130000000,22099,10
7339460302614686,thread,-1,sampler,108,60000000,70000000,228,9
7339460302614686,thread,0,account_worker,104,6450000000,12160000000,2,5126318
7339460302614686,thread,0,trader_callback,92,2920000000,14000000000,0,9664307
7339460302614686,thread,0,trace_writer,93,3200000000,15310000000,0,6230858
7339460302614686,thread,0,latency_writer,94,3890000000,18820000000,1,142329
7339460302614686,thread,1,account_worker,105,6760000000,11790000000,0,5647070
7339460302614686,thread,1,trader_callback,95,3880000000,18760000000,0,525329
7339460302614686,thread,1,trace_writer,96,3590000000,17670000000,1,2535699
7339460302614686,thread,1,latency_writer,97,3700000000,18190000000,0,1226726
7339460302614686,thread,2,account_worker,106,5340000000,10750000000,2,8959929
7339460302614686,thread,2,trader_callback,98,2990000000,14020000000,0,7836242
7339460302614686,thread,2,trace_writer,99,3910000000,18650000000,0,601495
7339460302614686,thread,2,latency_writer,100,3300000000,15810000000,2,6010530
7339460302614686,thread,3,account_worker,107,8400000000,14460000000,1,75736
7339460302614686,thread,3,trader_callback,101,3660000000,17210000000,0,2764203
7339460302614686,thread,3,trace_writer,102,4020000000,18940000000,0,311
7339460302614686,thread,3,latency_writer,103,3130000000,14160000000,0,9083562
7339460403140480,process,-1,process,91,69650000000,252100000000,22200,10
7339460403140480,thread,-1,producer,91,70000000,130000000,22200,10
7339460403140480,thread,-1,sampler,108,60000000,80000000,229,9
7339460403140480,thread,0,account_worker,104,6500000000,12220000000,2,5126318
7339460403140480,thread,0,trader_callback,92,2930000000,14090000000,0,9664412
7339460403140480,thread,0,trace_writer,93,3210000000,15400000000,0,6230859
7339460403140480,thread,0,latency_writer,94,3920000000,18890000000,1,142334
7339460403140480,thread,1,account_worker,105,6780000000,11820000000,0,5709995
7339460403140480,thread,1,trader_callback,95,3890000000,18850000000,0,525330
7339460403140480,thread,1,trace_writer,96,3590000000,17720000000,1,2618955
7339460403140480,thread,1,latency_writer,97,3730000000,18260000000,0,1226735
7339460403140480,thread,2,account_worker,106,5360000000,10780000000,2,9022878
7339460403140480,thread,2,trader_callback,98,3010000000,14100000000,0,7836242
7339460403140480,thread,2,trace_writer,99,3930000000,18730000000,0,601495
7339460403140480,thread,2,latency_writer,100,3310000000,15850000000,2,6093820
7339460403140480,thread,3,account_worker,107,8440000000,14520000000,1,75736
7339460403140480,thread,3,trader_callback,101,3680000000,17300000000,0,2764203
7339460403140480,thread,3,trace_writer,102,4030000000,19020000000,0,311
7339460403140480,thread,3,latency_writer,103,3150000000,14250000000,0,9083562
7339460504091733,process,-1,process,91,69920000000,253240000000,22301,10
7339460504091733,thread,-1,producer,91,70000000,130000000,22301,10
7339460504091733,thread,-1,sampler,108,60000000,80000000,230,9
7339460504091733,thread,0,account_worker,104,6520000000,12300000000,2,5126318
7339460504091733,thread,0,trader_callback,92,2940000000,14140000000,0,9697911
7339460504091733,thread,0,trace_writer,93,3220000000,15490000000,0,6230860
7339460504091733,thread,0,latency_writer,94,3940000000,18970000000,1,142336
7339460504091733,thread,1,account_worker,105,6790000000,11860000000,0,5755992
7339460504091733,thread,1,trader_callback,95,3900000000,18940000000,0,525333
7339460504091733,thread,1,trace_writer,96,3590000000,17760000000,1,2699693
7339460504091733,thread,1,latency_writer,97,3740000000,18350000000,0,1226737
7339460504091733,thread,2,account_worker,106,5370000000,10860000000,2,9035313
7339460504091733,thread,2,trader_callback,98,3050000000,14170000000,0,7836242
7339460504091733,thread,2,trace_writer,99,3950000000,18810000000,0,601495
7339460504091733,thread,2,latency_writer,100,3340000000,15880000000,2,6174531
7339460504091733,thread,3,account_worker,107,8460000000,14610000000,1,75736
7339460504091733,thread,3,trader_callback,101,3700000000,17380000000,0,2764205
7339460504091733,thread,3,trace_writer,102,4050000000,19110000000,0,311
7339460504091733,thread,3,latency_writer,103,3180000000,14320000000,0,9083562
7339460604681794,process,-1,process,91,70230000000,254340000000,22401,10
7339460604681794,thread,-1,producer,91,70000000,130000000,22401,10
7339460604681794,thread,-1,sampler,108,60000000,80000000,231,9
7339460604681794,thread,0,account_worker,104,6560000000,12360000000,2,5126318
7339460604681794,thread,0,trader_callback,92,2940000000,14190000000,0,9753669
7339460604681794,thread,0,trace_writer,93,3230000000,15570000000,0,6230862
7339460604681794,thread,0,latency_writer,94,3950000000,19060000000,1,142339
7339460604681794,thread,1,account_worker,105,6810000000,11890000000,0,5811792
7339460604681794,thread,1,trader_callback,95,3920000000,19020000000,0,525333
7339460604681794,thread,1,trace_writer,96,3610000000,17800000000,1,2781626
7339460604681794,thread,1,latency_writer,97,3750000000,18440000000,0,1226739
7339460604681794,thread,2,account_worker,106,5420000000,10910000000,2,9035313
7339460604681794,thread,2,trader_callback,98,3080000000,14240000000,0,7836242
7339460604681794,thread,2,trace_writer,99,3960000000,18890000000,0,601498
7339460604681794,thread,2,latency_writer,100,3340000000,15930000000,2,6256461
7339460604681794,thread,3,account_worker,107,8500000000,14660000000,1,75737
7339460604681794,thread,3,trader_callback,101,3720000000,17460000000,0,2764205
7339460604681794,thread,3,trace_writer,102,4050000000,19200000000,0,314
7339460604681794,thread,3,latency_writer,103,3200000000,14400000000,0,9083564
7339460705257656,process,-1,process,91,70550000000,255420000000,22502,10
7339460705257656,thread,-1,producer,91,70000000,130000000,22502,10
7339460705257656,thread,-1,sampler,108,60000000,80000000,232,9
7339460705257656,thread,0,account_worker,104,6600000000,12420000000,2,5126318
7339460705257656,thread,0,trader_callback,92,2950000000,14230000000,0,9817407
7339460705257656,thread,0,trace_writer,93,3250000000,15650000000,0,6230865
7339460705257656,thread,0,latency_writer,94,3960000000,19150000000,1,142341
7339460705257656,thread,1,account_worker,105,6820000000,11930000000,0,5875535
7339460705257656,thread,1,trader_callback,95,3940000000,19100000000,0,525336
7339460705257656,thread,1,trace_writer,96,3610000000,17840000000,1,2862392
7339460705257656,thread,1,latency_writer,97,3770000000,18530000000,0,1226739
7339460705257656,thread,2,account_worker,106,5470000000,10970000000,2,9035314
7339460705257656,thread,2,trader_callback,98,3100000000,14320000000,0,7836242
7339460705257656,thread,2,trace_writer,99,3980000000,18980000000,0,601501
7339460705257656,thread,2,latency_writer,100,3350000000,15960000000,2,6337239
7339460705257656,thread,3,account_worker,107,8540000000,14720000000,1,75737
7339460705257656,thread,3,trader_callback,101,3730000000,17540000000,0,2764205
7339460705257656,thread,3,trace_writer,102,4070000000,19290000000,0,314
7339460705257656,thread,3,latency_writer,103,3210000000,14490000000,0,9083564
7339460805980222,process,-1,process,91,70870000000,256500000000,22603,10
7339460805980222,thread,-1,producer,91,70000000,130000000,22603,10
7339460805980222,thread,-1,sampler,108,60000000,80000000,233,9
7339460805980222,thread,0,account_worker,104,6650000000,12470000000,2,5126321
7339460805980222,thread,0,trader_callback,92,2960000000,14270000000,0,9871855
7339460805980222,thread,0,trace_writer,93,3280000000,15710000000,0,6230866
7339460805980222,thread,0,latency_writer,94,3970000000,19240000000,1,142351
7339460805980222,thread,1,account_worker,105,6840000000,11960000000,0,5929996
7339460805980222,thread,1,trader_callback,95,3960000000,19190000000,0,525339
7339460805980222,thread,1,trace_writer,96,3620000000,17890000000,1,2930889
7339460805980222,thread,1,latency_writer,97,3780000000,18610000000,0,1226741
7339460805980222,thread,2,account_worker,106,5500000000,11030000000,2,9035315
7339460805980222,thread,2,trader_callback,98,3100000000,14420000000,0,7836243
7339460805980222,thread,2,trace_writer,99,3990000000,19060000000,0,601514
7339460805980222,thread,2,latency_writer,100,3370000000,16000000000,2,6405796
7339460805980222,thread,3,account_worker,107,8590000000,14780000000,1,75737
7339460805980222,thread,3,trader_callback,101,3740000000,17630000000,0,2764205
7339460805980222,thread,3,trace_writer,102,4080000000,19380000000,0,315
7339460805980222,thread,3,latency_writer,103,3230000000,14580000000,0,9083564
7339460908042741,process,-1,process,91,71110000000,257620000000,22705,10
7339460908042741,thread,-1,producer,91,70000000,130000000,22705,10
7339460908042741,thread,-1,sampler,108,60000000,80000000,234,9
7339460908042741,thread,0,account_worker,104,6670000000,12540000000,2,5126323
7339460908042741,thread,0,trader_callback,92,2970000000,14300000000,0,9924010
7339460908042741,thread,0,trace_writer,93,3300000000,15800000000,0,6230871
7339460908042741,thread,0,latency_writer,94,3990000000,19320000000,1,142366
7339460908042741,thread,1,account_worker,105,6850000000,11990000000,0,5970512
7339460908042741,thread,1,trader_callback,95,3960000000,19240000000,0,552500
7339460908042741,thread,1,trace_writer,96,3640000000,17920000000,1,3002488
7339460908042741,thread,1,latency_writer,97,3800000000,18690000000,0,1226741
7339460908042741,thread,2,account_worker,106,5520000000,11110000000,2,9035315
7339460908042741,thread,2,trader_callback,98,3120000000,14490000000,0,7836243
7339460908042741,thread,2,trace_writer,99,4000000000,19150000000,0,601514
7339460908042741,thread,2,latency_writer,100,3380000000,16040000000,2,6477370
7339460908042741,thread,3,account_worker,107,8620000000,14850000000,1,75741
7339460908042741,thread,3,trader_callback,101,3760000000,17720000000,0,2764205
7339460908042741,thread,3,trace_writer,102,4090000000,19470000000,0,317
7339460908042741,thread,3,latency_writer,103,3230000000,14670000000,0,9083564
7339461008749948,process,-1,process,91,71370000000,258650000000,22805,10
7339461008749948,thread,-1,producer,91,70000000,130000000,22805,10
7339461008749948,thread,-1,sampler,108,60000000,80000000,235,9
7339461008749948,thread,0,account_worker,104,6720000000,12600000000,2,5126323
7339461008749948,thread,0,trader_callback,92,2970000000,14330000000,0,9971857
7339461008749948,thread,0,trace_writer,93,3310000000,15880000000,0,6230873
7339461008749948,thread,0,latency_writer,94,4000000000,19410000000,1,142380
7339461008749948,thread,1,account_worker,105,6850000000,12020000000,0,6005072
7339461008749948,thread,1,trader_callback,95,3970000000,19270000000,0,600137
7339461008749948,thread,1,trace_writer,96,3640000000,17960000000,1,3072457
7339461008749948,thread,1,latency_writer,97,3820000000,18780000000,0,1226742
7339461008749948,thread,2,account_worker,106,5550000000,11180000000,2,9035514
7339461008749948,thread,2,trader_callback,98,3140000000,14580000000,0,7836244
7339461008749948,thread,2,trace_writer,99,4030000000,19230000000,0,601516
7339461008749948,thread,2,latency_writer,100,3380000000,16090000000,2,6547340
7339461008749948,thread,3,account_worker,107,8660000000,14910000000,1,75743
7339461008749948,thread,3,trader_callback,101,3770000000,17810000000,0,2764207
7339461008749948,thread,3,trace_writer,102,4110000000,19540000000,0,321
7339461008749948,thread,3,latency_writer,103,3250000000,14750000000,0,9083564
7339461109496436,process,-1,process,91,71640000000,259680000000,22906,10
7339461109496436,thread,-1,producer,91,70000000,130000000,22906,10
7339461109496436,thread,-1,sampler,108,60000000,80000000,236,9
7339461109496436,thread,0,account_worker,104,6760000000,12670000000,2,5126324
7339461109496436,thread,0,trader_callback,92,2990000000,14350000000,0,10017746
7339461109496436,thread,0,trace_writer,93,3330000000,15950000000,0,6230877
7339461109496436,thread,0,latency_writer,94,4000000000,19510000000,1,142396
7339461109496436,thread,1,account_worker,105,6860000000,12050000000,0,6039426
7339461109496436,thread,1,trader_callback,95,3970000000,19300000000,0,645560
7339461109496436,thread,1,trace_writer,96,3650000000,18000000000,1,3145893
7339461109496436,thread,1,latency_writer,97,3830000000,18870000000,0,1226743
7339461109496436,thread,2,account_worker,106,5570000000,11250000000,2,9035515
7339461109496436,thread,2,trader_callback,98,3160000000,14660000000,0,7836244
7339461109496436,thread,2,trace_writer,99,4050000000,19310000000,0,601519
7339461109496436,thread,2,latency_writer,100,3390000000,16130000000,2,6620801
7339461109496436,thread,3,account_worker,107,8690000000,14980000000,1,75748
7339461109496436,thread,3,trader_callback,101,3790000000,17890000000,0,2764207
7339461109496436,thread,3,trace_writer,102,4130000000,19630000000,0,332
7339461109496436,thread,3,latency_writer,103,3270000000,14830000000,0,9083566
7339461210454104,process,-1,process,91,71940000000,260690000000,23007,10
7339461210454104,thread,-1,producer,91,70000000,130000000,23007,10
7339461210454104,thread,-1,sampler,108,60000000,80000000,237,9
7339461210454104,thread,0,account_worker,104,6810000000,12710000000,2,5126326
7339461210454104,thread,0,trader_callback,92,3000000000,14370000000,0,10070967
7339461210454104,thread,0,trace_writer,93,3350000000,16030000000,0,6230882
7339461210454104,thread,0,latency_writer,94,4030000000,19580000000,1,142401
7339461210454104,thread,1,account_worker,105,6860000000,12080000000,0,6079473
7339461210454104,thread,1,trader_callback,95,3980000000,19330000000,0,698490
7339461210454104,thread,1,trace_writer,96,3660000000,18050000000,1,3223866
7339461210454104,thread,1,latency_writer,97,3840000000,18950000000,0,1226746
7339461210454104,thread,2,account_worker,106,5600000000,11320000000,2,9035517
7339461210454104,thread,2,trader_callback,98,3160000000,14760000000,0,7836246
7339461210454104,thread,2,trace_writer,99,4070000000,19390000000,0,601521
7339461210454104,thread,2,latency_writer,100,3400000000,16170000000,2,6698781
7339461210454104,thread,3,account_worker,107,8730000000,15040000000,1,75750
7339461210454104,thread,3,trader_callback,101,3810000000,17970000000,0,2764209
7339461210454104,thread,3,trace_writer,102,4140000000,19720000000,0,334
7339461210454104,thread,3,latency_writer,103,3290000000,14910000000,0,9083568
7339461311080171,process,-1,process,91,72220000000,261710000000,23108,10
7339461311080171,thread,-1,producer,91,70000000,130000000,23108,10
7339461311080171,thread,-1,sampler,108,60000000,80000000,238,9
7339461311080171,thread,0,account_worker,104,6840000000,12790000000,2,5126328
7339461311080171,thread,0,trader_callback,92,3000000000,14400000000,0,10120467
7339461311080171,thread,0,trace_writer,93,3370000000,16110000000,0,6230885
7339461311080171,thread,0,latency_writer,94,4060000000,19650000000,1,142408
7339461311080171,thread,1,account_worker,105,6870000000,12100000000,0,6116477
7339461311080171,thread,1,trader_callback,95,3990000000,19350000000,0,747732
7339461311080171,thread,1,trace_writer,96,3680000000,18080000000,1,3302839
7339461311080171,thread,1,latency_writer,97,3850000000,19050000000,0,1226752
7339461311080171,thread,2,account_worker,106,5630000000,11390000000,2,9035519
7339461311080171,thread,2,trader_callback,98,3190000000,14830000000,0,7836248
7339461311080171,thread,2,trace_writer,99,4090000000,19470000000,0,601524
7339461311080171,thread,2,latency_writer,100,3410000000,16210000000,2,6777774
7339461311080171,thread,3,account_worker,107,8770000000,15100000000,1,75752
7339461311080171,thread,3,trader_callback,101,3830000000,18050000000,0,2764211
7339461311080171,thread,3,trace_writer,102,4150000000,19810000000,0,337
7339461311080171,thread,3,latency_writer,103,3310000000,15000000000,0,9083570
7339461411647722,process,-1,process,91,72530000000,262710000000,23208,10
7339461411647722,thread,-1,producer,91,70000000,130000000,23208,10
7339461411647722,thread,-1,sampler,108,60000000,80000000,239,9
7339461411647722,thread,0,account_worker,104,6870000000,12850000000,2,5126328
7339461411647722,thread,0,trader_callback,92,3000000000,14440000000,0,10171097
7339461411647722,thread,0,trace_writer,93,3380000000,16200000000,0,6230888
7339461411647722,thread,0,latency_writer,94,4090000000,19720000000,1,142411
7339461411647722,thread,1,account_worker,105,6880000000,12120000000,0,6154323
7339461411647722,thread,1,trader_callback,95,3990000000,19390000000,0,798035
7339461411647722,thread,1,trace_writer,96,3700000000,18110000000,1,3382967
7339461411647722,thread,1,latency_writer,97,3880000000,19120000000,0,1226754
7339461411647722,thread,2,account_worker,106,5650000000,11470000000,2,9035519
7339461411647722,thread,2,trader_callback,98,3220000000,14910000000,0,7836249
7339461411647722,thread,2,trace_writer,99,4110000000,19550000000,0,601525
7339461411647722,thread,2,latency_writer,100,3410000000,16260000000,2,6857963
7339461411647722,thread,3,account_worker,107,8810000000,15160000000,1,75752
7339461411647722,thread,3,trader_callback,101,3850000000,18140000000,0,2764211
7339461411647722,thread,3,trace_writer,102,4160000000,19900000000,0,339
7339461411647722,thread,3,latency_writer,103,3340000000,15070000000,0,9083570
7339461512491559,process,-1,process,91,72850000000,263700000000,23309,10
7339461512491559,thread,-1,producer,91,70000000,130000000,23309,10
7339461512491559,thread,-1,sampler,108,60000000,80000000,240,9
7339461512491559,thread,0,account_worker,104,6910000000,12910000000,2,5126336
7339461512491559,thread,0,trader_callback,92,3000000000,14470000000,0,10220342
7339461512491559,thread,0,trace_writer,93,3400000000,16280000000,0,6230898
7339461512491559,thread,0,latency_writer,94,4110000000,19800000000,1,142426
7339461512491559,thread,1,account_worker,105,6880000000,12150000000,0,6191429
7339461512491559,thread,1,trader_callback,95,3990000000,19420000000,0,846957
7339461512491559,thread,1,trace_writer,96,3700000000,18150000000,1,3463055
7339461512491559,thread,1,latency_writer,97,3890000000,19210000000,0,1226762
7339461512491559,thread,2,account_worker,106,5690000000,11530000000,2,9035525
7339461512491559,thread,2,trader_callback,98,3220000000,15000000000,0,7836256
7339461512491559,thread,2,trace_writer,99,4130000000,19630000000,0,601531
7339461512491559,thread,2,latency_writer,100,3430000000,16290000000,2,6938018
7339461512491559,thread,3,account_worker,107,8860000000,15220000000,1,75758
7339461512491559,thread,3,trader_callback,101,3880000000,18200000000,0,2764217
7339461512491559,thread,3,trace_writer,102,4170000000,19990000000,0,341
7339461512491559,thread,3,latency_writer,103,3360000000,15150000000,0,9083576
7339461613078147,process,-1,process,91,73160000000,264700000000,23410,10
7339461613078147,thread,-1,producer,91,70000000,140000000,23410,10
7339461613078147,thread,-1,sampler,108,60000000,80000000,241,9
7339461613078147,thread,0,account_worker,104,6950000000,12970000000,2,5126338
7339461613078147,thread,0,trader_callback,92,3010000000,14490000000,0,10270554
7339461613078147,thread,0,trace_writer,93,3430000000,16350000000,0,6230902
7339461613078147,thread,0,latency_writer,94,4130000000,19880000000,1,142431
7339461613078147,thread,1,account_worker,105,6890000000,12180000000,0,6228927
7339461613078147,thread,1,trader_callback,95,3990000000,19450000000,0,896942
7339461613078147,thread,1,trace_writer,96,3710000000,18190000000,1,3541939
7339461613078147,thread,1,latency_writer,97,3910000000,19290000000,0,1226772
7339461613078147,thread,2,account_worker,106,5730000000,11600000000,2,9035527
7339461613078147,thread,2,trader_callback,98,3240000000,15090000000,0,7836258
7339461613078147,thread,2,trace_writer,99,4150000000,19720000000,0,601533
7339461613078147,thread,2,latency_writer,100,3430000000,16330000000,2,7016902
7339461613078147,thread,3,account_worker,107,8900000000,15280000000,1,75760
7339461613078147,thread,3,trader_callback,101,3890000000,18290000000,0,2764219
7339461613078147,thread,3,trace_writer,102,4200000000,20060000000,0,344
7339461613078147,thread,3,latency_writer,103,3390000000,15220000000,0,9083578
7339461713653908,process,-1,process,91,73440000000,265720000000,23510,10
7339461713653908,thread,-1,producer,91,70000000,140000000,23510,10
7339461713653908,thread,-1,sampler,108,60000000,80000000,242,9
7339461713653908,thread,0,account_worker,104,6990000000,13030000000,2,5126339
7339461713653908,thread,0,trader_callback,92,3010000000,14530000000,0,10319640
7339461713653908,thread,0,trace_writer,93,3440000000,16430000000,0,6230996
7339461713653908,thread,0,latency_writer,94,4140000000,19980000000,1,142437
7339461713653908,thread,1,account_worker,105,6900000000,12210000000,0,6265780
7339461713653908,thread,1,trader_callback,95,4000000000,19470000000,0,945694
7339461713653908,thread,1,trace_writer,96,3730000000,18230000000,1,3616113
7339461713653908,thread,1,latency_writer,97,3940000000,19370000000,0,1226773
7339461713653908,thread,2,account_worker,106,5760000000,11670000000,2,9035527
7339461713653908,thread,2,trader_callback,98,3270000000,15150000000,0,7836258
7339461713653908,thread,2,trace_writer,99,4160000000,19800000000,0,601533
7339461713653908,thread,2,latency_writer,100,3450000000,16370000000,2,7091102
7339461713653908,thread,3,account_worker,107,8920000000,15350000000,1,75760
7339461713653908,thread,3,trader_callback,101,3910000000,18370000000,0,2764219
7339461713653908,thread,3,trace_writer,102,4220000000,20140000000,0,349
7339461713653908,thread,3,latency_writer,103,3410000000,15300000000,0,9083578
7339461814438143,process,-1,process,91,73750000000,266720000000,23611,10
7339461814438143,thread,-1,producer,91,70000000,140000000,23611,10
7339461814438143,thread,-1,sampler,108,70000000,80000000,243,9
7339461814438143,thread,0,account_worker,104,7030000000,13100000000,2,5126340
7339461814438143,thread,0,trader_callback,92,3010000000,14550000000,0,10365961
7339461814438143,thread,0,trace_writer,93,3460000000,16520000000,0,6231097
7339461814438143,thread,0,latency_writer,94,4150000000,20060000000,1,142440
7339461814438143,thread,1,account_worker,105,6910000000,12230000000,0,6299578
7339461814438143,thread,1,trader_callback,95,4000000000,19500000000,0,991763
7339461814438143,thread,1,trace_writer,96,3740000000,18270000000,1,3700618
7339461814438143,thread,1,latency_writer,97,3940000000,19460000000,0,1226774
7339461814438143,thread,2,account_worker,106,5790000000,11730000000,2,9035527
7339461814438143,thread,2,trader_callback,98,3290000000,15230000000,0,7836258
7339461814438143,thread,2,trace_writer,99,4180000000,19880000000,0,601536
7339461814438143,thread,2,latency_writer,100,3460000000,16410000000,2,7175567
7339461814438143,thread,3,account_worker,107,8970000000,15400000000,1,75760
7339461814438143,thread,3,trader_callback,101,3940000000,18450000000,0,2764219
7339461814438143,thread,3,trace_writer,102,4230000000,20230000000,0,349
7339461814438143,thread,3,latency_writer,103,3430000000,15380000000,0,9083578
7339461915019020,process,-1,process,91,74010000000,267760000000,23712,10
7339461915019020,thread,-1,producer,91,70000000,140000000,23712,10
7339461915019020,thread,-1,sampler,108,70000000,80000000,244,9
7339461915019020,thread,0,account_worker,104,7050000000,13180000000,2,5126341
7339461915019020,thread,0,trader_callback,92,3020000000,14580000000,0,10398584
7339461915019020,thread,0,trace_writer,93,3470000000,16610000000,0,6231198
7339461915019020,thread,0,latency_writer,94,4180000000,20130000000,1,142447
7339461915019020,thread,1,account_worker,105,6920000000,12250000000,0,6323139
7339461915019020,thread,1,trader_callback,95,4010000000,19530000000,0,1024267
7339461915019020,thread,1,trace_writer,96,3740000000,18320000000,1,3786716
7339461915019020,thread,1,latency_writer,97,3960000000,19540000000,0,1226775
7339461915019020,thread,2,account_worker,106,5830000000,11800000000,2,9035527
7339461915019020,thread,2,trader_callback,98,3300000000,15320000000,0,7836258
7339461915019020,thread,2,trace_writer,99,4210000000,19960000000,0,601539
7339461915019020,thread,2,latency_writer,100,3470000000,16450000000,2,7261699
7339461915019020,thread,3,account_worker,107,9010000000,15470000000,1,75760
7339461915019020,thread,3,trader_callback,101,3960000000,18530000000,0,2764220
7339461915019020,thread,3,trace_writer,102,4240000000,20320000000,0,353
7339461915019020,thread,3,latency_writer,103,3430000000,15480000000,0,9083578
7339462015729118,process,-1,process,91,74250000000,268830000000,23812,10
7339462015729118,thread,-1,producer,91,70000000,140000000,23812,10
7339462015729118,thread,-1,sampler,108,70000000,80000000,245,9
7339462015729118,thread,0,account_worker,104,7090000000,13230000000,2,5126341
7339462015729118,thread,0,trader_callback,92,3020000000,14610000000,0,10437407
7339462015729118,thread,0,trace_writer,93,3490000000,16690000000,0,6231299
7339462015729118,thread,0,latency_writer,94,4200000000,20220000000,1,142450
7339462015729118,thread,1,account_worker,105,6920000000,12280000000,0,6350699
7339462015729118,thread,1,trader_callback,95,4010000000,19560000000,0,1062769
7339462015729118,thread,1,trace_writer,96,3750000000,18360000000,1,3872297
7339462015729118,thread,1,latency_writer,97,3970000000,19630000000,0,1226775
7339462015729118,thread,2,account_worker,106,5850000000,11880000000,2,9035527
7339462015729118,thread,2,trader_callback,98,3320000000,15410000000,0,7836258
7339462015729118,thread,2,trace_writer,99,4220000000,20050000000,0,601542
7339462015729118,thread,2,latency_writer,100,3480000000,16490000000,2,7347293
7339462015729118,thread,3,account_worker,107,9030000000,15540000000,1,75761
7339462015729118,thread,3,trader_callback,101,3970000000,18620000000,0,2764220
7339462015729118,thread,3,trace_writer,102,4270000000,20390000000,0,354
7339462015729118,thread,3,latency_writer,103,3430000000,15580000000,0,9083578
7339462117066443,process,-1,process,91,74520000000,269870000000,23914,10
7339462117066443,thread,-1,producer,91,70000000,140000000,23914,10
7339462117066443,thread,-1,sampler,108,70000000,80000000,246,9
7339462117066443,thread,0,account_worker,104,7120000000,13300000000,2,5126342
7339462117066443,thread,0,trader_callback,92,3030000000,14640000000,0,10472977
7339462117066443,thread,0,trace_writer,93,3510000000,16770000000,0,6231403
7339462117066443,thread,0,latency_writer,94,4210000000,20300000000,1,142457
7339462117066443,thread,1,account_worker,105,6920000000,12310000000,0,6374888
7339462117066443,thread,1,trader_callback,95,4010000000,19590000000,0,1098131
7339462117066443,thread,1,trace_writer,96,3760000000,18400000000,1,3958316
7339462117066443,thread,1,latency_writer,97,3980000000,19720000000,0,1226779
7339462117066443,thread,2,account_worker,106,5890000000,11940000000,2,9035528
7339462117066443,thread,2,trader_callback,98,3340000000,15490000000,0,7836258
7339462117066443,thread,2,trace_writer,99,4240000000,20130000000,0,601555
7339462117066443,thread,2,latency_writer,100,3500000000,16520000000,2,7433309
7339462117066443,thread,3,account_worker,107,9070000000,15610000000,1,75761
7339462117066443,thread,3,trader_callback,101,3990000000,18700000000,0,2764220
7339462117066443,thread,3,trace_writer,102,4280000000,20480000000,0,354
7339462117066443,thread,3,latency_writer,103,3450000000,15660000000,0,9083579
7339462217696469,process,-1,process,91,74890000000,270800000000,24014,10
7339462217696469,thread,-1,producer,91,70000000,140000000,24014,10
7339462217696469,thread,-1,sampler,108,70000000,80000000,247,9
7339462217696469,thread,0,account_worker,104,7180000000,13350000000,2,5126342
7339462217696469,thread,0,trader_callback,92,3040000000,14660000000,0,10506553
7339462217696469,thread,0,trace_writer,93,3530000000,16850000000,0,6231505
7339462217696469,thread,0,latency_writer,94,4230000000,20390000000,1,142463
7339462217696469,thread,1,account_worker,105,6930000000,12330000000,0,6399745
7339462217696469,thread,1,trader_callback,95,4020000000,19620000000,0,1131512
7339462217696469,thread,1,trace_writer,96,3770000000,18440000000,1,4044216
7339462217696469,thread,1,latency_writer,97,4010000000,19800000000,0,1226780
7339462217696469,thread,2,account_worker,106,5940000000,11990000000,2,9035528
7339462217696469,thread,2,trader_callback,98,3360000000,15570000000,0,7836258
7339462217696469,thread,2,trace_writer,99,4250000000,20210000000,0,601555
7339462217696469,thread,2,latency_writer,100,3510000000,16560000000,2,7519210
7339462217696469,thread,3,account_worker,107,9110000000,15670000000,1,75761
7339462217696469,thread,3,trader_callback,101,4040000000,18750000000,0,2764220
7339462217696469,thread,3,trace_writer,102,4300000000,20570000000,0,357
7339462217696469,thread,3,latency_writer,103,3480000000,15730000000,0,9083579
7339462318445659,process,-1,process,91,75180000000,271820000000,24114,10
7339462318445659,thread,-1,producer,91,70000000,140000000,24114,10
7339462318445659,thread,-1,sampler,108,70000000,80000000,248,9
7339462318445659,thread,0,account_worker,104,7230000000,13390000000,2,5126342
7339462318445659,thread,0,trader_callback,92,3040000000,14690000000,0,10552754
7339462318445659,thread,0,trace_writer,93,3550000000,16920000000,0,6231605
7339462318445659,thread,0,latency_writer,94,4250000000,20460000000,1,142469
7339462318445659,thread,1,account_worker,105,6950000000,12350000000,0,6434082
7339462318445659,thread,1,trader_callback,95,4020000000,19650000000,0,1177467
7339462318445659,thread,1,trace_writer,96,3780000000,18480000000,1,4129316
7339462318445659,thread,1,latency_writer,97,4010000000,19890000000,0,1226789
7339462318445659,thread,2,account_worker,106,5950000000,12080000000,2,9035528
7339462318445659,thread,2,trader_callback,98,3370000000,15660000000,0,7836258
7339462318445659,thread,2,trace_writer,99,4270000000,20300000000,0,601558
7339462318445659,thread,2,latency_writer,100,3520000000,16600000000,2,7604270
7339462318445659,thread,3,account_worker,107,9150000000,15730000000,1,75762
7339462318445659,thread,3,trader_callback,101,4060000000,18830000000,0,2764220
7339462318445659,thread,3,trace_writer,102,4330000000,20640000000,0,357
7339462318445659,thread,3,latency_writer,103,3490000000,15820000000,0,9083579
7339462419045061,process,-1,process,91,75430000000,272890000000,24214,10
7339462419045061,thread,-1,producer,91,70000000,140000000,24214,10
7339462419045061,thread,-1,sampler,108,70000000,80000000,249,9
7339462419045061,thread,0,account_worker,104,7260000000,13470000000,2,5126342
7339462419045061,thread,0,trader_callback,92,3050000000,14720000000,0,10608941
7339462419045061,thread,0,trace_writer,93,3570000000,17010000000,0,6231705
7339462419045061,thread,0,latency_writer,94,4270000000,20550000000,1,142472
7339462419045061,thread,1,account_worker,105,6950000000,12380000000,0,6476549
7339462419045061,thread,1,trader_callback,95,4020000000,19680000000,0,1233674
7339462419045061,thread,1,trace_writer,96,3790000000,18530000000,1,4215829
7339462419045061,thread,1,latency_writer,97,4020000000,19990000000,0,1226793
7339462419045061,thread,2,account_worker,106,5990000000,12140000000,2,9035528
7339462419045061,thread,2,trader_callback,98,3380000000,15750000000,0,7836258
7339462419045061,thread,2,trace_writer,99,4280000000,20390000000,0,601561
7339462419045061,thread,2,latency_writer,100,3530000000,16640000000,2,7690787
7339462419045061,thread,3,account_worker,107,9170000000,15810000000,1,75762
7339462419045061,thread,3,trader_callback,101,4080000000,18910000000,0,2764220
7339462419045061,thread,3,trace_writer,102,4340000000,20720000000,0,357
7339462419045061,thread,3,latency_writer,103,3520000000,15900000000,0,9083579
7339462519610818,process,-1,process,91,75780000000,273840000000,24314,10
7339462519610818,thread,-1,producer,91,70000000,140000000,24314,10
7339462519610818,thread,-1,sampler,108,70000000,80000000,250,9
7339462519610818,thread,0,account_worker,104,7300000000,13530000000,2,5126342
7339462519610818,thread,0,trader_callback,92,3060000000,14740000000,0,10665282
7339462519610818,thread,0,trace_writer,93,3600000000,17070000000,0,6231805
7339462519610818,thread,0,latency_writer,94,4300000000,20610000000,1,142472
7339462519610818,thread,1,account_worker,105,6960000000,12410000000,0,6519119
7339462519610818,thread,1,trader_callback,95,4020000000,19720000000,0,1289691
7339462519610818,thread,1,trace_writer,96,3790000000,18570000000,1,4303021
7339462519610818,thread,1,latency_writer,97,4040000000,20070000000,0,1226797
7339462519610818,thread,2,account_worker,106,6030000000,12210000000,2,9035528
7339462519610818,thread,2,trader_callback,98,3400000000,15830000000,0,7836258
7339462519610818,thread,2,trace_writer,99,4300000000,20470000000,0,601564
7339462519610818,thread,2,latency_writer,100,3540000000,16680000000,2,7777999
7339462519610818,thread,3,account_worker,107,9220000000,15860000000,1,75762
7339462519610818,thread,3,trader_callback,101,4120000000,18980000000,0,2764221
7339462519610818,thread,3,trace_writer,102,4350000000,20820000000,0,357
7339462519610818,thread,3,latency_writer,103,3540000000,15970000000,0,9083579
7339462620231172,process,-1,process,91,76090000000,274830000000,24415,10
7339462620231172,thread,-1,producer,91,70000000,140000000,24415,10
7339462620231172,thread,-1,sampler,108,70000000,80000000,251,9
7339462620231172,thread,0,account_worker,104,7340000000,13590000000,2,5126342
7339462620231172,thread,0,trader_callback,92,3060000000,14770000000,0,10717371
7339462620231172,thread,0,trace_writer,93,3620000000,17150000000,0,6231906
7339462620231172,thread,0,latency_writer,94,4320000000,20690000000,1,142472
7339462620231172,thread,1,account_worker,105,6970000000,12430000000,0,6556465
7339462620231172,thread,1,trader_callback,95,4030000000,19740000000,0,1341541
7339462620231172,thread,1,trace_writer,96,3790000000,18620000000,1,4388697
7339462620231172,thread,1,latency_writer,97,4050000000,20160000000,0,1226803
7339462620231172,thread,2,account_worker,106,6090000000,12250000000,2,9035528
7339462620231172,thread,2,trader_callback,98,3420000000,15910000000,0,7836258
7339462620231172,thread,2,trace_writer,99,4310000000,20560000000,0,601567
7339462620231172,thread,2,latency_writer,100,3550000000,16720000000,2,7863642
7339462620231172,thread,3,account_worker,107,9250000000,15930000000,1,75763
7339462620231172,thread,3,trader_callback,101,4140000000,19060000000,0,2764221
7339462620231172,thread,3,trace_writer,102,4370000000,20890000000,0,357
7339462620231172,thread,3,latency_writer,103,3570000000,16050000000,0,9083581
7339462722060342,process,-1,process,91,76370000000,275880000000,24517,10
7339462722060342,thread,-1,producer,91,70000000,140000000,24517,10
7339462722060342,thread,-1,sampler,108,70000000,80000000,252,9
7339462722060342,thread,0,account_worker,104,7390000000,13640000000,2,5126342
7339462722060342,thread,0,trader_callback,92,3070000000,14790000000,0,10771106
7339462722060342,thread,0,trace_writer,93,3640000000,17240000000,0,6232009
7339462722060342,thread,0,latency_writer,94,4330000000,20790000000,1,142472
7339462722060342,thread,1,account_worker,105,6970000000,12460000000,0,6592761
7339462722060342,thread,1,trader_callback,95,4030000000,19770000000,0,1394858
7339462722060342,thread,1,trace_writer,96,3800000000,18660000000,1,4473247
7339462722060342,thread,1,latency_writer,97,4080000000,20230000000,0,1226804
7339462722060342,thread,2,account_worker,106,6130000000,12300000000,2,9035529
7339462722060342,thread,2,trader_callback,98,3450000000,15980000000,0,7836258
7339462722060342,thread,2,trace_writer,99,4310000000,20660000000,0,601567
7339462722060342,thread,2,latency_writer,100,3560000000,16760000000,2,7948224
7339462722060342,thread,3,account_worker,107,9290000000,16000000000,1,75763
7339462722060342,thread,3,trader_callback,101,4140000000,19150000000,0,2764222
7339462722060342,thread,3,trace_writer,102,4380000000,20990000000,0,357
7339462722060342,thread,3,latency_writer,103,3570000000,16140000000,0,9083581
7339462822789343,process,-1,process,91,76670000000,276880000000,24616,10
7339462822789343,thread,-1,producer,91,70000000,140000000,24616,10
7339462822789343,thread,-1,sampler,108,70000000,80000000,253,9
7339462822789343,thread,0,account_worker,104,7440000000,13690000000,2,5126343
7339462822789343,thread,0,trader_callback,92,3080000000,14830000000,0,10811746
7339462822789343,thread,0,trace_writer,93,3650000000,17310000000,0,6248123
7339462822789343,thread,0,latency_writer,94,4350000000,20870000000,1,142473
7339462822789343,thread,1,account_worker,105,6980000000,12490000000,0,6636805
7339462822789343,thread,1,trader_callback,95,4040000000,19800000000,0,1451346
7339462822789343,thread,1,trace_writer,96,3810000000,18710000000,1,4557026
7339462822789343,thread,1,latency_writer,97,4100000000,20310000000,0,1226805
7339462822789343,thread,2,account_worker,106,6170000000,12360000000,2,9035529
7339462822789343,thread,2,trader_callback,98,3470000000,16060000000,0,7836258
7339462822789343,thread,2,trace_writer,99,4350000000,20720000000,0,601567
7339462822789343,thread,2,latency_writer,100,3570000000,16800000000,2,8031959
7339462822789343,thread,3,account_worker,107,9320000000,16070000000,1,75763
7339462822789343,thread,3,trader_callback,101,4170000000,19210000000,0,2778908
7339462822789343,thread,3,trace_writer,102,4390000000,21080000000,0,361
7339462822789343,thread,3,latency_writer,103,3590000000,16230000000,0,9083581
7339462923374442,process,-1,process,91,76960000000,277890000000,24717,10
7339462923374442,thread,-1,producer,91,70000000,140000000,24717,10
7339462923374442,thread,-1,sampler,108,70000000,80000000,254,9
7339462923374442,thread,0,account_worker,104,7490000000,13740000000,2,5126345
7339462923374442,thread,0,trader_callback,92,3090000000,14920000000,0,10811751
7339462923374442,thread,0,trace_writer,93,3650000000,17360000000,0,6319075
7339462923374442,thread,0,latency_writer,94,4360000000,20960000000,1,142473
7339462923374442,thread,1,account_worker,105,7000000000,12520000000,0,6692942
7339462923374442,thread,1,trader_callback,95,4050000000,19850000000,0,1496210
7339462923374442,thread,1,trace_writer,96,3810000000,18750000000,1,4640619
7339462923374442,thread,1,latency_writer,97,4100000000,20410000000,0,1226811
7339462923374442,thread,2,account_worker,106,6200000000,12420000000,2,9061752
7339462923374442,thread,2,trader_callback,98,3490000000,16140000000,0,7836258
7339462923374442,thread,2,trace_writer,99,4370000000,20800000000,0,601567
7339462923374442,thread,2,latency_writer,100,3570000000,16850000000,2,8115598
7339462923374442,thread,3,account_worker,107,9370000000,16110000000,1,75763
7339462923374442,thread,3,trader_callback,101,4180000000,19250000000,0,2835050
7339462923374442,thread,3,trace_writer,102,4410000000,21160000000,0,362
7339462923374442,thread,3,latency_writer,103,3600000000,16320000000,0,9083581
7339463024089989,process,-1,process,91,77210000000,278960000000,24813,10
7339463024089989,thread,-1,producer,91,70000000,140000000,24813,10
7339463024089989,thread,-1,sampler,108,70000000,80000000,255,9
7339463024089989,thread,0,account_worker,104,7510000000,13820000000,2,5126346
7339463024089989,thread,0,trader_callback,92,3090000000,15020000000,0,10811753
7339463024089989,thread,0,trace_writer,93,3670000000,17390000000,0,6384392
7339463024089989,thread,0,latency_writer,94,4370000000,21050000000,1,142479
7339463024089989,thread,1,account_worker,105,7000000000,12570000000,0,6751144
7339463024089989,thread,1,trader_callback,95,4060000000,19950000000,0,1496210
7339463024089989,thread,1,trace_writer,96,3810000000,18800000000,1,4726292
7339463024089989,thread,1,latency_writer,97,4120000000,20490000000,0,1226812
7339463024089989,thread,2,account_worker,106,6220000000,12450000000,2,9126930
7339463024089989,thread,2,trader_callback,98,3520000000,16220000000,0,7836258
7339463024089989,thread,2,trace_writer,99,4390000000,20880000000,0,601569
7339463024089989,thread,2,latency_writer,100,3580000000,16890000000,2,8201273
7339463024089989,thread,3,account_worker,107,9420000000,16160000000,1,75764
7339463024089989,thread,3,trader_callback,101,4180000000,19300000000,0,2893203
7339463024089989,thread,3,trace_writer,102,4440000000,21230000000,0,363
7339463024089989,thread,3,latency_writer,103,3610000000,16410000000,0,9083581
7339463124969323,process,-1,process,91,77450000000,280020000000,24909,10
7339463124969323,thread,-1,producer,91,70000000,140000000,24909,10
7339463124969323,thread,-1,sampler,108,70000000,80000000,256,9
7339463124969323,thread,0,account_worker,104,7540000000,13890000000,2,5126347
7339463124969323,thread,0,trader_callback,92,3120000000,15090000000,0,10811757
7339463124969323,thread,0,trace_writer,93,3670000000,17440000000,0,6450700
7339463124969323,thread,0,latency_writer,94,4380000000,21140000000,1,142480
7339463124969323,thread,1,account_worker,105,7010000000,12610000000,0,6822757
7339463124969323,thread,1,trader_callback,95,4070000000,20030000000,0,1496212
7339463124969323,thread,1,trace_writer,96,3830000000,18840000000,1,4799126
7339463124969323,thread,1,latency_writer,97,4140000000,20570000000,0,1226817
7339463124969323,thread,2,account_worker,106,6240000000,12480000000,2,9193327
7339463124969323,thread,2,trader_callback,98,3520000000,16310000000,0,7836258
7339463124969323,thread,2,trace_writer,99,4410000000,20960000000,0,601569
7339463124969323,thread,2,latency_writer,100,3580000000,16940000000,2,8274092
7339463124969323,thread,3,account_worker,107,9450000000,16230000000,1,75766
7339463124969323,thread,3,trader_callback,101,4190000000,19340000000,0,2964899
7339463124969323,thread,3,trace_writer,102,4450000000,21320000000,0,366
7339463124969323,thread,3,latency_writer,103,3630000000,16490000000,0,9083582
7339463225632882,process,-1,process,91,77750000000,281030000000,24998,10
7339463225632882,thread,-1,producer,91,70000000,140000000,24998,10
7339463225632882,thread,-1,sampler,108,70000000,80000000,257,9
7339463225632882,thread,0,account_worker,104,7580000000,13950000000,2,5126347
7339463225632882,thread,0,trader_callback,92,3140000000,15170000000,0,10811761
7339463225632882,thread,0,trace_writer,93,3670000000,17490000000,0,6511876
7339463225632882,thread,0,latency_writer,94,4400000000,21220000000,1,142484
7339463225632882,thread,1,account_worker,105,7020000000,12650000000,0,6883253
7339463225632882,thread,1,trader_callback,95,4110000000,20100000000,0,1496213
7339463225632882,thread,1,trace_writer,96,3830000000,18890000000,1,4877906
7339463225632882,thread,1,latency_writer,97,4160000000,20650000000,0,1226818
7339463225632882,thread,2,account_worker,106,6260000000,12510000000,2,9254504
7339463225632882,thread,2,trader_callback,98,3560000000,16380000000,0,7836258
7339463225632882,thread,2,trace_writer,99,4430000000,21050000000,0,601573
7339463225632882,thread,2,latency_writer,100,3590000000,16990000000,2,8352866
7339463225632882,thread,3,account_worker,107,9480000000,16300000000,1,75767
7339463225632882,thread,3,trader_callback,101,4200000000,19380000000,0,3025309
7339463225632882,thread,3,trace_writer,102,4470000000,21400000000,0,366
7339463225632882,thread,3,latency_writer,103,3640000000,16580000000,0,9083583
7339463326313555,process,-1,process,91,77990000000,282100000000,25081,10
7339463326313555,thread,-1,producer,91,70000000,140000000,25081,10
7339463326313555,thread,-1,sampler,108,70000000,80000000,258,9
7339463326313555,thread,0,account_worker,104,7610000000,14020000000,2,5126347
7339463326313555,thread,0,trader_callback,92,3160000000,15250000000,0,10811767
7339463326313555,thread,0,trace_writer,93,3690000000,17520000000,0,6569966
7339463326313555,thread,0,latency_writer,94,4420000000,21300000000,1,142495
7339463326313555,thread,1,account_worker,105,7040000000,12690000000,0,6942739
7339463326313555,thread,1,trader_callback,95,4120000000,20180000000,0,1496213
7339463326313555,thread,1,trace_writer,96,3840000000,18920000000,1,4954507
7339463326313555,thread,1,latency_writer,97,4180000000,20730000000,0,1226824
7339463326313555,thread,2,account_worker,106,6270000000,12550000000,2,9312569
7339463326313555,thread,2,trader_callback,98,3560000000,16470000000,0,7836258
7339463326313555,thread,2,trace_writer,99,4430000000,21140000000,0,601593
7339463326313555,thread,2,latency_writer,100,3600000000,17030000000,2,8429475
7339463326313555,thread,3,account_worker,107,9510000000,16370000000,1,75771
7339463326313555,thread,3,trader_callback,101,4210000000,19420000000,0,3084859
7339463326313555,thread,3,trace_writer,102,4480000000,21500000000,0,366
7339463326313555,thread,3,latency_writer,103,3650000000,16670000000,0,9083583
7339463426934842,process,-1,process,91,78280000000,283120000000,25172,10
7339463426934842,thread,-1,producer,91,70000000,140000000,25172,10
7339463426934842,thread,-1,sampler,108,70000000,80000000,259,9
7339463426934842,thread,0,account_worker,104,7680000000,14060000000,2,5126347
7339463426934842,thread,0,trader_callback,92,3170000000,15340000000,0,10811768
7339463426934842,thread,0,trace_writer,93,3690000000,17570000000,0,6628983
7339463426934842,thread,0,latency_writer,94,4440000000,21380000000,1,142498
7339463426934842,thread,1,account_worker,105,7050000000,12720000000,0,7002488
7339463426934842,thread,1,trader_callback,95,4140000000,20260000000,0,1496215
7339463426934842,thread,1,trace_writer,96,3850000000,18960000000,1,5030377
7339463426934842,thread,1,latency_writer,97,4190000000,20830000000,0,1226825
7339463426934842,thread,2,account_worker,106,6300000000,12580000000,2,9371610
7339463426934842,thread,2,trader_callback,98,3560000000,16570000000,0,7836258
7339463426934842,thread,2,trace_writer,99,4440000000,21230000000,0,601594
7339463426934842,thread,2,latency_writer,100,3620000000,17060000000,2,8505356
7339463426934842,thread,3,account_worker,107,9550000000,16440000000,1,75771
7339463426934842,thread,3,trader_callback,101,4210000000,19470000000,0,3144609
7339463426934842,thread,3,trace_writer,102,4490000000,21580000000,0,419
7339463426934842,thread,3,latency_writer,103,3660000000,16760000000,0,9083583
7339463527815309,process,-1,process,91,78600000000,284100000000,25267,10
7339463527815309,thread,-1,producer,91,70000000,140000000,25267,10
7339463527815309,thread,-1,sampler,108,70000000,80000000,260,9
7339463527815309,thread,0,account_worker,104,7710000000,14120000000,2,5126349
7339463527815309,thread,0,trader_callback,92,3200000000,15410000000,0,10811776
7339463527815309,thread,0,trace_writer,93,3700000000,17610000000,0,6685657
7339463527815309,thread,0,latency_writer,94,4460000000,21470000000,1,142518
7339463527815309,thread,1,account_worker,105,7060000000,12760000000,0,7060447
7339463527815309,thread,1,trader_callback,95,4160000000,20350000000,0,1496217
7339463527815309,thread,1,trace_writer,96,3870000000,19000000000,1,5104082
7339463527815309,thread,1,latency_writer,97,4210000000,20900000000,0,1226826
7339463527815309,thread,2,account_worker,106,6310000000,12610000000,2,9428195
7339463527815309,thread,2,trader_callback,98,3590000000,16650000000,0,7836258
7339463527815309,thread,2,trace_writer,99,4460000000,21310000000,0,601598
7339463527815309,thread,2,latency_writer,100,3620000000,17100000000,2,8579024
7339463527815309,thread,3,account_worker,107,9600000000,16490000000,1,75771
7339463527815309,thread,3,trader_callback,101,4240000000,19500000000,0,3202439
7339463527815309,thread,3,trace_writer,102,4520000000,21660000000,0,419
7339463527815309,thread,3,latency_writer,103,3680000000,16840000000,0,9083583
7339463628517176,process,-1,process,91,78850000000,285160000000,25359,10
7339463628517176,thread,-1,producer,91,70000000,140000000,25359,10
7339463628517176,thread,-1,sampler,108,70000000,80000000,261,9
7339463628517176,thread,0,account_worker,104,7750000000,14190000000,2,5126349
7339463628517176,thread,0,trader_callback,92,3210000000,15500000000,0,10811783
7339463628517176,thread,0,trace_writer,93,3710000000,17650000000,0,6744082
7339463628517176,thread,0,latency_writer,94,4480000000,21550000000,1,142519
7339463628517176,thread,1,account_worker,105,7080000000,12790000000,0,7111488
7339463628517176,thread,1,trader_callback,95,4170000000,20430000000,0,1496217
7339463628517176,thread,1,trace_writer,96,3880000000,19040000000,1,5178438
7339463628517176,thread,1,latency_writer,97,4220000000,20990000000,0,1226830
7339463628517176,thread,2,account_worker,106,6330000000,12640000000,2,9486716
7339463628517176,thread,2,trader_callback,98,3600000000,16730000000,0,7843865
7339463628517176,thread,2,trace_writer,99,4470000000,21400000000,0,601598
7339463628517176,thread,2,latency_writer,100,3640000000,17140000000,2,8653393
7339463628517176,thread,3,account_worker,107,9630000000,16560000000,1,75771
7339463628517176,thread,3,trader_callback,101,4240000000,19550000000,0,3245932
7339463628517176,thread,3,trace_writer,102,4530000000,21750000000,0,419
7339463628517176,thread,3,latency_writer,103,3700000000,16920000000,0,9083583
7339463732072762,process,-1,process,91,79170000000,286180000000,25461,10
7339463732072762,thread,-1,producer,91,80000000,140000000,25461,10
7339463732072762,thread,-1,sampler,108,70000000,80000000,262,9
7339463732072762,thread,0,account_worker,104,7790000000,14260000000,2,5126350
7339463732072762,thread,0,trader_callback,92,3230000000,15580000000,0,10811786
7339463732072762,thread,0,trace_writer,93,3720000000,17690000000,0,6814329
7339463732072762,thread,0,latency_writer,94,4500000000,21620000000,1,142530
7339463732072762,thread,1,account_worker,105,7090000000,12840000000,0,7181290
7339463732072762,thread,1,trader_callback,95,4180000000,20530000000,0,1496218
7339463732072762,thread,1,trace_writer,96,3900000000,19070000000,1,5267491
7339463732072762,thread,1,latency_writer,97,4250000000,21070000000,0,1226833
7339463732072762,thread,2,account_worker,106,6340000000,12680000000,2,9557014
7339463732072762,thread,2,trader_callback,98,3610000000,16770000000,0,7913713
7339463732072762,thread,2,trace_writer,99,4490000000,21480000000,0,601600
7339463732072762,thread,2,latency_writer,100,3640000000,17180000000,2,8742501
7339463732072762,thread,3,account_worker,107,9660000000,16630000000,1,75773
7339463732072762,thread,3,trader_callback,101,4270000000,19620000000,0,3245933
7339463732072762,thread,3,trace_writer,102,4550000000,21830000000,0,420
7339463732072762,thread,3,latency_writer,103,3730000000,17000000000,0,9083584
7339463835777182,process,-1,process,91,79470000000,287220000000,25554,10
7339463835777182,thread,-1,producer,91,80000000,140000000,25554,10
7339463835777182,thread,-1,sampler,108,70000000,80000000,263,9
7339463835777182,thread,0,account_worker,104,7820000000,14320000000,2,5126351
7339463835777182,thread,0,trader_callback,92,3260000000,15660000000,0,10811790
7339463835777182,thread,0,trace_writer,93,3730000000,17730000000,0,6888062
7339463835777182,thread,0,latency_writer,94,4520000000,21710000000,1,142607
7339463835777182,thread,1,account_worker,105,7090000000,12880000000,0,7252027
7339463835777182,thread,1,trader_callback,95,4190000000,20620000000,0,1496218
7339463835777182,thread,1,trace_writer,96,3910000000,19110000000,1,5360879
7339463835777182,thread,1,latency_writer,97,4270000000,21150000000,0,1226923
7339463835777182,thread,2,account_worker,106,6370000000,12710000000,2,9630734
7339463835777182,thread,2,trader_callback,98,3630000000,16810000000,0,7984449
7339463835777182,thread,2,trace_writer,99,4500000000,21560000000,0,601615
7339463835777182,thread,2,latency_writer,100,3650000000,17230000000,2,8835880
7339463835777182,thread,3,account_worker,107,9700000000,16700000000,1,75778
7339463835777182,thread,3,trader_callback,101,4300000000,19700000000,0,3245934
7339463835777182,thread,3,trace_writer,102,4570000000,21910000000,0,423
7339463835777182,thread,3,latency_writer,103,3740000000,17090000000,0,9083584
7339463940025280,process,-1,process,91,79730000000,288280000000,25654,11
7339463940025280,thread,-1,producer,91,80000000,140000000,25654,11
7339463940025280,thread,-1,sampler,108,70000000,80000000,264,9
7339463940025280,thread,0,account_worker,104,7850000000,14400000000,2,5126368
7339463940025280,thread,0,trader_callback,92,3280000000,15740000000,0,10811811
7339463940025280,thread,0,trace_writer,93,3740000000,17780000000,0,6960226
7339463940025280,thread,0,latency_writer,94,4530000000,21800000000,1,142662
7339463940025280,thread,1,account_worker,105,7110000000,12920000000,0,7305000
7339463940025280,thread,1,trader_callback,95,4210000000,20710000000,0,1496233
7339463940025280,thread,1,trace_writer,96,3920000000,19150000000,1,5452491
7339463940025280,thread,1,latency_writer,97,4280000000,21230000000,0,1227082
7339463940025280,thread,2,account_worker,106,6390000000,12740000000,2,9702891
7339463940025280,thread,2,trader_callback,98,3640000000,16850000000,0,8037376
7339463940025280,thread,2,trace_writer,99,4510000000,21650000000,0,601630
7339463940025280,thread,2,latency_writer,100,3660000000,17270000000,2,8927494
7339463940025280,thread,3,account_worker,107,9760000000,16740000000,1,75797
7339463940025280,thread,3,trader_callback,101,4330000000,19770000000,0,3245951
7339463940025280,thread,3,trace_writer,102,4580000000,22010000000,0,439
7339463940025280,thread,3,latency_writer,103,3740000000,17190000000,0,9083599
7339464040782733,process,-1,process,91,80020000000,289280000000,25754,11
7339464040782733,thread,-1,producer,91,80000000,140000000,25754,11
7339464040782733,thread,-1,sampler,108,70000000,80000000,265,9
7339464040782733,thread,0,account_worker,104,7890000000,14460000000,2,5126368
7339464040782733,thread,0,trader_callback,92,3310000000,15820000000,0,10811813
7339464040782733,thread,0,trace_writer,93,3750000000,17820000000,0,7021592
7339464040782733,thread,0,latency_writer,94,4550000000,21870000000,1,142717
7339464040782733,thread,1,account_worker,105,7120000000,12960000000,0,7352177
7339464040782733,thread,1,trader_callback,95,4220000000,20800000000,0,1496233
7339464040782733,thread,1,trace_writer,96,3930000000,19190000000,1,5524285
7339464040782733,thread,1,latency_writer,97,4290000000,21320000000,0,1227202
7339464040782733,thread,2,account_worker,106,6420000000,12760000000,2,9764130
7339464040782733,thread,2,trader_callback,98,3650000000,16890000000,0,8084475
7339464040782733,thread,2,trace_writer,99,4520000000,21740000000,0,601633
7339464040782733,thread,2,latency_writer,100,3660000000,17320000000,2,8999284
7339464040782733,thread,3,account_worker,107,9790000000,16810000000,1,75808
7339464040782733,thread,3,trader_callback,101,4340000000,19860000000,0,3245951
7339464040782733,thread,3,trace_writer,102,4600000000,22090000000,0,441
7339464040782733,thread,3,latency_writer,103,3760000000,17280000000,0,9083599
7339464141521242,process,-1,process,91,80310000000,290340000000,25855,11
7339464141521242,thread,-1,producer,91,80000000,140000000,25855,11
7339464141521242,thread,-1,sampler,108,70000000,80000000,266,9
7339464141521242,thread,0,account_worker,104,7930000000,14520000000,2,5126369
7339464141521242,thread,0,trader_callback,92,3340000000,15880000000,0,10811820
7339464141521242,thread,0,trace_writer,93,3750000000,17880000000,0,7058728
7339464141521242,thread,0,latency_writer,94,4570000000,21950000000,1,142727
7339464141521242,thread,1,account_worker,105,7140000000,12990000000,0,7407967
7339464141521242,thread,1,trader_callback,95,4240000000,20880000000,0,1496235
7339464141521242,thread,1,trace_writer,96,3940000000,19230000000,1,5592321
7339464141521242,thread,1,latency_writer,97,4290000000,21410000000,0,1227302
7339464141521242,thread,2,account_worker,106,6440000000,12810000000,2,9801284
7339464141521242,thread,2,trader_callback,98,3650000000,16930000000,0,8140320
7339464141521242,thread,2,trace_writer,99,4530000000,21830000000,0,601635
7339464141521242,thread,2,latency_writer,100,3680000000,17360000000,2,9067257
7339464141521242,thread,3,account_worker,107,9830000000,16870000000,1,75811
7339464141521242,thread,3,trader_callback,101,4350000000,19950000000,0,3245952
7339464141521242,thread,3,trace_writer,102,4610000000,22180000000,0,447
7339464141521242,thread,3,latency_writer,103,3780000000,17350000000,0,9084122
7339464242243428,process,-1,process,91,80620000000,291430000000,25956,11
7339464242243428,thread,-1,producer,91,80000000,140000000,25956,11
7339464242243428,thread,-1,sampler,108,70000000,90000000,267,9
7339464242243428,thread,0,account_worker,104,7950000000,14600000000,2,5126369
7339464242243428,thread,0,trader_callback,92,3350000000,15970000000,0,10812037
7339464242243428,thread,0,trace_writer,93,3750000000,17980000000,0,7058730
7339464242243428,thread,0,latency_writer,94,4590000000,22030000000,1,142766
7339464242243428,thread,1,account_worker,105,7150000000,13030000000,0,7458658
7339464242243428,thread,1,trader_callback,95,4260000000,20960000000,0,1496235
7339464242243428,thread,1,trace_writer,96,3960000000,19270000000,1,5658222
7339464242243428,thread,1,latency_writer,97,4310000000,21490000000,0,1227430
7339464242243428,thread,2,account_worker,106,6490000000,12860000000,2,9801303
7339464242243428,thread,2,trader_callback,98,3660000000,16970000000,0,8191025
7339464242243428,thread,2,trace_writer,99,4550000000,21910000000,0,601635
7339464242243428,thread,2,latency_writer,100,3680000000,17400000000,2,9133183
7339464242243428,thread,3,account_worker,107,9880000000,16920000000,1,75815
7339464242243428,thread,3,trader_callback,101,4360000000,20040000000,0,3245952
7339464242243428,thread,3,trace_writer,102,4640000000,22250000000,0,447
7339464242243428,thread,3,latency_writer,103,3810000000,17420000000,0,9084725
7339464342978050,process,-1,process,91,80940000000,292500000000,26057,11
7339464342978050,thread,-1,producer,91,80000000,140000000,26057,11
7339464342978050,thread,-1,sampler,108,70000000,90000000,268,9
7339464342978050,thread,0,account_worker,104,8000000000,14650000000,2,5126369
7339464342978050,thread,0,trader_callback,92,3360000000,16060000000,0,10812040
7339464342978050,thread,0,trace_writer,93,3770000000,18070000000,0,7058732
7339464342978050,thread,0,latency_writer,94,4600000000,22110000000,1,142823
7339464342978050,thread,1,account_worker,105,7180000000,13050000000,0,7500157
7339464342978050,thread,1,trader_callback,95,4270000000,21050000000,0,1496235
7339464342978050,thread,1,trace_writer,96,3960000000,19310000000,1,5725466
7339464342978050,thread,1,latency_writer,97,4320000000,21590000000,0,1227533
7339464342978050,thread,2,account_worker,106,6530000000,12920000000,2,9801309
7339464342978050,thread,2,trader_callback,98,3660000000,17020000000,0,8232482
7339464342978050,thread,2,trace_writer,99,4570000000,21990000000,0,601667
7339464342978050,thread,2,latency_writer,100,3680000000,17450000000,2,9200406
7339464342978050,thread,3,account_worker,107,9930000000,16960000000,1,75817
7339464342978050,thread,3,trader_callback,101,4380000000,20110000000,0,3245956
7339464342978050,thread,3,trace_writer,102,4650000000,22340000000,0,451
7339464342978050,thread,3,latency_writer,103,3850000000,17490000000,0,9084725
7339464443726121,process,-1,process,91,81270000000,293520000000,26148,11
7339464443726121,thread,-1,producer,91,80000000,140000000,26148,11
7339464443726121,thread,-1,sampler,108,70000000,90000000,269,9
7339464443726121,thread,0,account_worker,104,8030000000,14720000000,2,5126369
7339464443726121,thread,0,trader_callback,92,3380000000,16140000000,0,10812042
7339464443726121,thread,0,trace_writer,93,3800000000,18140000000,0,7058732
7339464443726121,thread,0,latency_writer,94,4610000000,22200000000,1,142927
7339464443726121,thread,1,account_worker,105,7210000000,13070000000,0,7543225
7339464443726121,thread,1,trader_callback,95,4310000000,21100000000,0,1498372
7339464443726121,thread,1,trace_writer,96,3970000000,19360000000,1,5784907
7339464443726121,thread,1,latency_writer,97,4330000000,21670000000,0,1227572
7339464443726121,thread,2,account_worker,106,6550000000,12990000000,2,9801330
7339464443726121,thread,2,trader_callback,98,3670000000,17070000000,0,8275523
7339464443726121,thread,2,trace_writer,99,4580000000,22080000000,0,601667
7339464443726121,thread,2,latency_writer,100,3690000000,17490000000,2,9259838
7339464443726121,thread,3,account_worker,107,9990000000,17010000000,1,75819
7339464443726121,thread,3,trader_callback,101,4390000000,20160000000,0,3245956
7339464443726121,thread,3,trace_writer,102,4650000000,22440000000,0,454
7339464443726121,thread,3,latency_writer,103,3870000000,17560000000,0,9084725
7339464544910137,process,-1,process,91,81620000000,294570000000,26249,11
7339464544910137,thread,-1,producer,91,80000000,140000000,26250,11
7339464544910137,thread,-1,sampler,108,70000000,90000000,270,9
7339464544910137,thread,0,account_worker,104,8070000000,14780000000,2,5126369
7339464544910137,thread,0,trader_callback,92,3410000000,16210000000,0,10812047
7339464544910137,thread,0,trace_writer,93,3810000000,18230000000,0,7058732
7339464544910137,thread,0,latency_writer,94,4630000000,22280000000,1,142979
7339464544910137,thread,1,account_worker,105,7230000000,13100000000,0,7583501
7339464544910137,thread,1,trader_callback,95,4330000000,21180000000,0,1498875
7339464544910137,thread,1,trace_writer,96,3980000000,19390000000,1,5849050
7339464544910137,thread,1,latency_writer,97,4340000000,21760000000,0,1227582
7339464544910137,thread,2,account_worker,106,6600000000,13050000000,2,9801336
7339464544910137,thread,2,trader_callback,98,3680000000,17110000000,0,8315852
7339464544910137,thread,2,trace_writer,99,4600000000,22170000000,0,601667
7339464544910137,thread,2,latency_writer,100,3710000000,17530000000,2,9324031
7339464544910137,thread,3,account_worker,107,10040000000,17060000000,1,75821
7339464544910137,thread,3,trader_callback,101,4400000000,20250000000,0,3245957
7339464544910137,thread,3,trace_writer,102,4670000000,22520000000,0,3469
7339464544910137,thread,3,latency_writer,103,3900000000,17640000000,0,9084725
7339464646156560,process,-1,process,91,81900000000,295710000000,26349,11
7339464646156560,thread,-1,producer,91,80000000,140000000,26349,11
7339464646156560,thread,-1,sampler,108,70000000,90000000,271,9
7339464646156560,thread,0,account_worker,104,8090000000,14860000000,2,5126369
7339464646156560,thread,0,trader_callback,92,3410000000,16310000000,0,10812051
7339464646156560,thread,0,trace_writer,93,3820000000,18290000000,0,7097396
7339464646156560,thread,0,latency_writer,94,4630000000,22380000000,1,143057
7339464646156560,thread,1,account_worker,105,7240000000,13140000000,0,7633554
7339464646156560,thread,1,trader_callback,95,4350000000,21260000000,0,1498875
7339464646156560,thread,1,trace_writer,96,3990000000,19470000000,1,5879573
7339464646156560,thread,1,latency_writer,97,4370000000,21830000000,0,1227589
7339464646156560,thread,2,account_worker,106,6630000000,13120000000,2,9801338
7339464646156560,thread,2,trader_callback,98,3700000000,17140000000,0,8365924
7339464646156560,thread,2,trace_writer,99,4610000000,22250000000,0,601668
7339464646156560,thread,2,latency_writer,100,3710000000,17570000000,2,9393264
7339464646156560,thread,3,account_worker,107,10090000000,17110000000,1,75824
7339464646156560,thread,3,trader_callback,101,4420000000,20340000000,0,3245957
7339464646156560,thread,3,trace_writer,102,4700000000,22590000000,0,4729
7339464646156560,thread,3,latency_writer,103,3910000000,17730000000,0,9084727
7339464746850692,process,-1,process,91,82270000000,296720000000,26439,11
7339464746850692,thread,-1,producer,91,80000000,150000000,26439,11
7339464746850692,thread,-1,sampler,108,80000000,90000000,272,9
7339464746850692,thread,0,account_worker,104,8140000000,14910000000,2,5126369
7339464746850692,thread,0,trader_callback,92,3420000000,16410000000,0,10812057
7339464746850692,thread,0,trace_writer,93,3830000000,18340000000,0,7173073
7339464746850692,thread,0,latency_writer,94,4650000000,22450000000,1,143116
7339464746850692,thread,1,account_worker,105,7270000000,13160000000,0,7682667
7339464746850692,thread,1,trader_callback,95,4380000000,21330000000,0,1498954
7339464746850692,thread,1,trace_writer,96,4010000000,19550000000,1,5879574
7339464746850692,thread,1,latency_writer,97,4400000000,21890000000,0,1227596
7339464746850692,thread,2,account_worker,106,6680000000,13170000000,2,9801339
7339464746850692,thread,2,trader_callback,98,3720000000,17170000000,0,8414965
7339464746850692,thread,2,trace_writer,99,4630000000,22330000000,0,603377
7339464746850692,thread,2,latency_writer,100,3710000000,17620000000,2,9468944
7339464746850692,thread,3,account_worker,107,10140000000,17160000000,1,75834
7339464746850692,thread,3,trader_callback,101,4420000000,20430000000,0,3246391
7339464746850692,thread,3,trace_writer,102,4720000000,22660000000,0,4729
7339464746850692,thread,3,latency_writer,103,3920000000,17820000000,0,9084727
7339464847576564,process,-1,process,91,82480000000,297910000000,26540,11
7339464847576564,thread,-1,producer,91,80000000,150000000,26540,11
7339464847576564,thread,-1,sampler,108,80000000,90000000,273,9
7339464847576564,thread,0,account_worker,104,8160000000,14990000000,2,5126370
7339464847576564,thread,0,trader_callback,92,3430000000,16490000000,0,10812060
7339464847576564,thread,0,trace_writer,93,3830000000,18420000000,0,7194786
7339464847576564,thread,0,latency_writer,94,4660000000,22540000000,1,143236
7339464847576564,thread,1,account_worker,105,7290000000,13190000000,0,7728906
7339464847576564,thread,1,trader_callback,95,4380000000,21430000000,0,1498989
7339464847576564,thread,1,trace_writer,96,4010000000,19640000000,1,5879574
7339464847576564,thread,1,latency_writer,97,4410000000,21980000000,0,1227600
7339464847576564,thread,2,account_worker,106,6720000000,13230000000,2,9801339
7339464847576564,thread,2,trader_callback,98,3730000000,17210000000,0,8461260
7339464847576564,thread,2,trace_writer,99,4640000000,22420000000,0,603494
7339464847576564,thread,2,latency_writer,100,3720000000,17660000000,2,9535304
7339464847576564,thread,3,account_worker,107,10160000000,17240000000,1,75844
7339464847576564,thread,3,trader_callback,101,4440000000,20520000000,0,3248866
7339464847576564,thread,3,trace_writer,102,4730000000,22750000000,0,4730
7339464847576564,thread,3,latency_writer,103,3930000000,17870000000,0,9129608
7339464948294985,process,-1,process,91,82800000000,298960000000,26620,11
7339464948294985,thread,-1,producer,91,80000000,150000000,26620,11
7339464948294985,thread,-1,sampler,108,80000000,90000000,274,9
7339464948294985,thread,0,account_worker,104,8200000000,15060000000,2,5126374
7339464948294985,thread,0,trader_callback,92,3460000000,16560000000,0,10812063
7339464948294985,thread,0,trace_writer,93,3850000000,18500000000,0,7195455
7339464948294985,thread,0,latency_writer,94,4670000000,22600000000,1,143284
7339464948294985,thread,1,account_worker,105,7320000000,13220000000,0,7779529
7339464948294985,thread,1,trader_callback,95,4400000000,21510000000,0,1498994
7339464948294985,thread,1,trace_writer,96,4040000000,19720000000,1,5879574
7339464948294985,thread,1,latency_writer,97,4440000000,22060000000,0,1227605
7339464948294985,thread,2,account_worker,106,6750000000,13300000000,2,9801339
7339464948294985,thread,2,trader_callback,98,3730000000,17260000000,0,8511838
7339464948294985,thread,2,trace_writer,99,4660000000,22500000000,0,603501
7339464948294985,thread,2,latency_writer,100,3730000000,17710000000,2,9604793
7339464948294985,thread,3,account_worker,107,10200000000,17300000000,1,76319
7339464948294985,thread,3,trader_callback,101,4450000000,20600000000,0,3250565
7339464948294985,thread,3,trace_writer,102,4740000000,22840000000,0,4732
7339464948294985,thread,3,latency_writer,103,3940000000,17920000000,0,9199093
7339465049033965,process,-1,process,91,83090000000,300060000000,26698,11
7339465049033965,thread,-1,producer,91,80000000,150000000,26698,11
7339465049033965,thread,-1,sampler,108,80000000,90000000,275,9
7339465049033965,thread,0,account_worker,104,8230000000,15120000000,2,5126374
7339465049033965,thread,0,trader_callback,92,3470000000,16650000000,0,10812075
7339465049033965,thread,0,trace_writer,93,3860000000,18590000000,0,7195456
7339465049033965,thread,0,latency_writer,94,4690000000,22690000000,1,143365
7339465049033965,thread,1,account_worker,105,7330000000,13250000000,0,7831181
7339465049033965,thread,1,trader_callback,95,4410000000,21600000000,0,1499031
7339465049033965,thread,1,trace_writer,96,4050000000,19810000000,1,5879575
7339465049033965,thread,1,latency_writer,97,4440000000,22150000000,0,1227614
7339465049033965,thread,2,account_worker,106,6780000000,13370000000,2,9801342
7339465049033965,thread,2,trader_callback,98,3750000000,17290000000,0,8563481
7339465049033965,thread,2,trace_writer,99,4680000000,22570000000,0,603547
7339465049033965,thread,2,latency_writer,100,3730000000,17750000000,2,9674557
7339465049033965,thread,3,account_worker,107,10240000000,17350000000,1,78935
7339465049033965,thread,3,trader_callback,101,4470000000,20680000000,0,3250565
7339465049033965,thread,3,trace_writer,102,4770000000,22910000000,0,4734
7339465049033965,thread,3,latency_writer,103,3950000000,17950000000,0,9268870
7339465149888333,process,-1,process,91,83360000000,301180000000,26798,11
7339465149888333,thread,-1,producer,91,80000000,150000000,26798,11
7339465149888333,thread,-1,sampler,108,80000000,90000000,276,9
7339465149888333,thread,0,account_worker,104,8270000000,15190000000,2,5126375
7339465149888333,thread,0,trader_callback,92,3490000000,16720000000,0,10812089
7339465149888333,thread,0,trace_writer,93,3890000000,18660000000,0,7195457
7339465149888333,thread,0,latency_writer,94,4700000000,22760000000,1,143424
7339465149888333,thread,1,account_worker,105,7340000000,13290000000,0,7880407
7339465149888333,thread,1,trader_callback,95,4420000000,21690000000,0,1501390
7339465149888333,thread,1,trace_writer,96,4060000000,19900000000,1,5879575
7339465149888333,thread,1,latency_writer,97,4460000000,22230000000,0,1227623
7339465149888333,thread,2,account_worker,106,6820000000,13430000000,2,9801345
7339465149888333,thread,2,trader_callback,98,3760000000,17330000000,0,8612783
7339465149888333,thread,2,trace_writer,99,4690000000,22660000000,0,603557
7339465149888333,thread,2,latency_writer,100,3740000000,17800000000,2,9747961
7339465149888333,thread,3,account_worker,107,10270000000,17420000000,1,80198
7339465149888333,thread,3,trader_callback,101,4490000000,20770000000,0,3250566
7339465149888333,thread,3,trace_writer,102,4780000000,22990000000,0,4740
7339465149888333,thread,3,latency_writer,103,3950000000,18000000000,0,9342259
7339465250637987,process,-1,process,91,83660000000,302260000000,26895,11
7339465250637987,thread,-1,producer,91,80000000,150000000,26895,11
7339465250637987,thread,-1,sampler,108,80000000,90000000,277,9
7339465250637987,thread,0,account_worker,104,8330000000,15230000000,2,5126375
7339465250637987,thread,0,trader_callback,92,3500000000,16820000000,0,10812094
7339465250637987,thread,0,trace_writer,93,3900000000,18750000000,0,7195708
7339465250637987,thread,0,latency_writer,94,4720000000,22840000000,1,143515
7339465250637987,thread,1,account_worker,105,7360000000,13330000000,0,7929267
7339465250637987,thread,1,trader_callback,95,4440000000,21770000000,0,1502687
7339465250637987,thread,1,trace_writer,96,4060000000,19990000000,1,5879575
7339465250637987,thread,1,latency_writer,97,4470000000,22320000000,0,1227650
7339465250637987,thread,2,account_worker,106,6840000000,13510000000,2,9801346
7339465250637987,thread,2,trader_callback,98,3780000000,17360000000,0,8661596
7339465250637987,thread,2,trace_writer,99,4700000000,22740000000,0,603562
7339465250637987,thread,2,latency_writer,100,3740000000,17850000000,2,9817176
7339465250637987,thread,3,account_worker,107,10310000000,17480000000,1,81594
7339465250637987,thread,3,trader_callback,101,4510000000,20850000000,0,3250566
7339465250637987,thread,3,trace_writer,102,4810000000,23060000000,0,4743
7339465250637987,thread,3,latency_writer,103,3960000000,18040000000,0,9411515
7339465351399879,process,-1,process,91,84010000000,303310000000,26991,11
7339465351399879,thread,-1,producer,91,80000000,150000000,26991,11
7339465351399879,thread,-1,sampler,108,80000000,90000000,278,9
7339465351399879,thread,0,account_worker,104,8370000000,15290000000,2,5126375
7339465351399879,thread,0,trader_callback,92,3510000000,16910000000,0,10812097
7339465351399879,thread,0,trace_writer,93,3930000000,18820000000,0,7195708
7339465351399879,thread,0,latency_writer,94,4730000000,22920000000,1,143571
7339465351399879,thread,1,account_worker,105,7380000000,13350000000,0,7980828
7339465351399879,thread,1,trader_callback,95,4460000000,21850000000,0,1502713
7339465351399879,thread,1,trace_writer,96,4080000000,20080000000,1,5879575
7339465351399879,thread,1,latency_writer,97,4490000000,22400000000,0,1227658
7339465351399879,thread,2,account_worker,106,6890000000,13560000000,2,9801346
7339465351399879,thread,2,trader_callback,98,3790000000,17400000000,0,8713127
7339465351399879,thread,2,trace_writer,99,4720000000,22820000000,0,603566
7339465351399879,thread,2,latency_writer,100,3740000000,17890000000,2,9892842
7339465351399879,thread,3,account_worker,107,10350000000,17530000000,1,82364
7339465351399879,thread,3,trader_callback,101,4530000000,20930000000,0,3250566
7339465351399879,thread,3,trace_writer,102,4840000000,23130000000,0,4743
7339465351399879,thread,3,latency_writer,103,3970000000,18090000000,0,9487122
7339465452059755,process,-1,process,91,84370000000,304350000000,27069,11
7339465452059755,thread,-1,producer,91,80000000,150000000,27069,11
7339465452059755,thread,-1,sampler,108,80000000,90000000,279,9
7339465452059755,thread,0,account_worker,104,8410000000,15350000000,2,5126376
7339465452059755,thread,0,trader_callback,92,3530000000,16990000000,0,10812099
7339465452059755,thread,0,trace_writer,93,3940000000,18910000000,0,7195708
7339465452059755,thread,0,latency_writer,94,4770000000,22980000000,1,143633
7339465452059755,thread,1,account_worker,105,7390000000,13400000000,0,8031505
7339465452059755,thread,1,trader_callback,95,4480000000,21930000000,0,1502717
7339465452059755,thread,1,trace_writer,96,4110000000,20150000000,1,5879575
7339465452059755,thread,1,latency_writer,97,4510000000,22470000000,0,1227664
7339465452059755,thread,2,account_worker,106,6940000000,13610000000,2,9801349
7339465452059755,thread,2,trader_callback,98,3800000000,17440000000,0,8763897
7339465452059755,thread,2,trace_writer,99,4750000000,22890000000,0,603634
7339465452059755,thread,2,latency_writer,100,3750000000,17940000000,2,9960179
7339465452059755,thread,3,account_worker,107,10390000000,17590000000,1,82372
7339465452059755,thread,3,trader_callback,101,4550000000,21010000000,0,3250840
7339465452059755,thread,3,trace_writer,102,4850000000,23220000000,0,4746
7339465452059755,thread,3,latency_writer,103,3970000000,18130000000,0,9554478
7339465552876661,process,-1,process,91,84690000000,305420000000,27169,11
7339465552876661,thread,-1,producer,91,80000000,150000000,27169,11
7339465552876661,thread,-1,sampler,108,80000000,90000000,280,9
7339465552876661,thread,0,account_worker,104,8470000000,15400000000,2,5126377
7339465552876661,thread,0,trader_callback,92,3550000000,17070000000,0,10812103
7339465552876661,thread,0,trace_writer,93,3950000000,19000000000,0,7195708
7339465552876661,thread,0,latency_writer,94,4790000000,23050000000,1,143671
7339465552876661,thread,1,account_worker,105,7400000000,13440000000,0,8090734
7339465552876661,thread,1,trader_callback,95,4500000000,22010000000,0,1502718
7339465552876661,thread,1,trace_writer,96,4120000000,20250000000,1,5879575
7339465552876661,thread,1,latency_writer,97,4520000000,22560000000,0,1227670
7339465552876661,thread,2,account_worker,106,6980000000,13670000000,2,9801353
7339465552876661,thread,2,trader_callback,98,3800000000,17490000000,0,8823037
7339465552876661,thread,2,trace_writer,99,4770000000,22970000000,0,603660
7339465552876661,thread,2,latency_writer,100,3760000000,17970000000,2,10027853
7339465552876661,thread,3,account_worker,107,10440000000,17650000000,1,82383
7339465552876661,thread,3,trader_callback,101,4570000000,21090000000,0,3250840
7339465552876661,thread,3,trace_writer,102,4870000000,23310000000,0,4749
7339465552876661,thread,3,latency_writer,103,3980000000,18180000000,0,9622147
7339465653583440,process,-1,process,91,85020000000,306500000000,27270,11
7339465653583440,thread,-1,producer,91,80000000,150000000,27270,11
7339465653583440,thread,-1,sampler,108,80000000,90000000,281,9
7339465653583440,thread,0,account_worker,104,8510000000,15460000000,2,5126377
7339465653583440,thread,0,trader_callback,92,3580000000,17140000000,0,10812107
7339465653583440,thread,0,trace_writer,93,3960000000,19060000000,0,7234212
7339465653583440,thread,0,latency_writer,94,4820000000,23120000000,1,143729
7339465653583440,thread,1,account_worker,105,7410000000,13480000000,0,8143532
7339465653583440,thread,1,trader_callback,95,4510000000,22100000000,0,1502719
7339465653583440,thread,1,trace_writer,96,4140000000,20330000000,1,5879575
7339465653583440,thread,1,latency_writer,97,4540000000,22650000000,0,1227680
7339465653583440,thread,2,account_worker,106,7000000000,13750000000,2,9801357
7339465653583440,thread,2,trader_callback,98,3820000000,17570000000,0,8837300
7339465653583440,thread,2,trace_writer,99,4790000000,23050000000,0,603663
7339465653583440,thread,2,latency_writer,100,3770000000,18010000000,2,10092931
7339465653583440,thread,3,account_worker,107,10470000000,17710000000,1,84815
7339465653583440,thread,3,trader_callback,101,4590000000,21160000000,0,3250840
7339465653583440,thread,3,trace_writer,102,4890000000,23380000000,0,4749
7339465653583440,thread,3,latency_writer,103,3990000000,18220000000,0,9687231
7339465754348047,process,-1,process,91,85320000000,307580000000,27371,11
7339465754348047,thread,-1,producer,91,80000000,150000000,27371,11
7339465754348047,thread,-1,sampler,108,80000000,90000000,282,9
7339465754348047,thread,0,account_worker,104,8530000000,15530000000,2,5126377
7339465754348047,thread,0,trader_callback,92,3590000000,17230000000,0,10812111
7339465754348047,thread,0,trace_writer,93,3960000000,19110000000,0,7289777
7339465754348047,thread,0,latency_writer,94,4840000000,23190000000,1,143773
7339465754348047,thread,1,account_worker,105,7420000000,13520000000,0,8199098
7339465754348047,thread,1,trader_callback,95,4520000000,22190000000,0,1502727
7339465754348047,thread,1,trace_writer,96,4170000000,20390000000,1,5879575
7339465754348047,thread,1,latency_writer,97,4550000000,22730000000,0,1228020
7339465754348047,thread,2,account_worker,106,7050000000,13800000000,2,9801360
7339465754348047,thread,2,trader_callback,98,3830000000,17650000000,0,8837301
7339465754348047,thread,2,trace_writer,99,4810000000,23130000000,0,603666
7339465754348047,thread,2,latency_writer,100,3780000000,18060000000,2,10158337
7339465754348047,thread,3,account_worker,107,10510000000,17760000000,1,88441
7339465754348047,thread,3,trader_callback,101,4620000000,21240000000,0,3250840
7339465754348047,thread,3,trace_writer,102,4920000000,23460000000,0,4752
7339465754348047,thread,3,latency_writer,103,3990000000,18270000000,0,9752639
7339465855108196,process,-1,process,91,85630000000,308650000000,27472,11
7339465855108196,thread,-1,producer,91,80000000,150000000,27472,11
7339465855108196,thread,-1,sampler,108,80000000,90000000,283,9
7339465855108196,thread,0,account_worker,104,8570000000,15590000000,2,5126377
7339465855108196,thread,0,trader_callback,92,3600000000,17310000000,0,10812120
7339465855108196,thread,0,trace_writer,93,3970000000,19150000000,0,7343267
7339465855108196,thread,0,latency_writer,94,4850000000,23260000000,1,143916
7339465855108196,thread,1,account_worker,105,7430000000,13550000000,0,8252585
7339465855108196,thread,1,trader_callback,95,4550000000,22270000000,0,1502753
7339465855108196,thread,1,trace_writer,96,4200000000,20460000000,1,5879575
7339465855108196,thread,1,latency_writer,97,4570000000,22810000000,0,1228025
7339465855108196,thread,2,account_worker,106,7080000000,13870000000,2,9801360
7339465855108196,thread,2,trader_callback,98,3840000000,17750000000,0,8837303
7339465855108196,thread,2,trace_writer,99,4830000000,23210000000,0,603685
7339465855108196,thread,2,latency_writer,100,3790000000,18100000000,2,10224131
7339465855108196,thread,3,account_worker,107,10550000000,17820000000,1,88539
7339465855108196,thread,3,trader_callback,101,4640000000,21320000000,0,3250840
7339465855108196,thread,3,trace_writer,102,4940000000,23540000000,0,4756
7339465855108196,thread,3,latency_writer,103,4000000000,18310000000,0,9818413
7339465955842314,process,-1,process,91,85950000000,309640000000,27571,11
7339465955842314,thread,-1,producer,91,80000000,150000000,27571,11
7339465955842314,thread,-1,sampler,108,80000000,90000000,284,9
7339465955842314,thread,0,account_worker,104,8610000000,15650000000,2,5126378
7339465955842314,thread,0,trader_callback,92,3630000000,17380000000,0,10812121
7339465955842314,thread,0,trace_writer,93,3980000000,19180000000,0,7407055
7339465955842314,thread,0,latency_writer,94,4860000000,23300000000,1,213387
7339465955842314,thread,1,account_worker,105,7450000000,13580000000,0,8316347
7339465955842314,thread,1,trader_callback,95,4550000000,22320000000,0,1572270
7339465955842314,thread,1,trace_writer,96,4230000000,20540000000,1,5879575
7339465955842314,thread,1,latency_writer,97,4600000000,22880000000,0,1228034
7339465955842314,thread,2,account_worker,106,7120000000,13930000000,2,9801360
7339465955842314,thread,2,trader_callback,98,3850000000,17830000000,0,8837303
7339465955842314,thread,2,trace_writer,99,4850000000,23290000000,0,603687
7339465955842314,thread,2,latency_writer,100,3800000000,18140000000,2,10307868
7339465955842314,thread,3,account_worker,107,10600000000,17870000000,1,88539
7339465955842314,thread,3,trader_callback,101,4660000000,21400000000,0,3250841
7339465955842314,thread,3,trace_writer,102,4950000000,23630000000,0,4757
7339465955842314,thread,3,latency_writer,103,4000000000,18360000000,0,9902194
7339466056586738,process,-1,process,91,86230000000,310650000000,27672,11
7339466056586738,thread,-1,producer,91,80000000,150000000,27672,11
7339466056586738,thread,-1,sampler,108,80000000,90000000,285,9
7339466056586738,thread,0,account_worker,104,8670000000,15700000000,2,5126378
7339466056586738,thread,0,trader_callback,92,3640000000,17470000000,0,10812123
7339466056586738,thread,0,trace_writer,93,3990000000,19230000000,0,7472515
7339466056586738,thread,0,latency_writer,94,4870000000,23350000000,1,297492
7339466056586738,thread,1,account_worker,105,7480000000,13610000000,0,8381846
7339466056586738,thread,1,trader_callback,95,4550000000,22370000000,0,1656374
7339466056586738,thread,1,trace_writer,96,4260000000,20610000000,1,5879576
7339466056586738,thread,1,latency_writer,97,4610000000,22960000000,0,1228064
7339466056586738,thread,2,account_worker,106,7150000000,13980000000,2,9801363
7339466056586738,thread,2,trader_callback,98,3870000000,17920000000,0,8837304
7339466056586738,thread,2,trace_writer,99,4850000000,23390000000,0,603690
7339466056586738,thread,2,latency_writer,100,3810000000,18180000000,2,10390045
7339466056586738,thread,3,account_worker,107,10650000000,17930000000,1,88541
7339466056586738,thread,3,trader_callback,101,4670000000,21490000000,0,3250841
7339466056586738,thread,3,trace_writer,102,4950000000,23730000000,0,4758
7339466056586738,thread,3,latency_writer,103,4000000000,18410000000,0,9984339
7339466157318820,process,-1,process,91,86510000000,311680000000,27766,11
7339466157318820,thread,-1,producer,91,80000000,150000000,27766,11
7339466157318820,thread,-1,sampler,108,80000000,90000000,286,9
7339466157318820,thread,0,account_worker,104,8700000000,15770000000,2,5126379
7339466157318820,thread,0,trader_callback,92,3650000000,17560000000,0,10812125
7339466157318820,thread,0,trace_writer,93,3990000000,19270000000,0,7534223
7339466157318820,thread,0,latency_writer,94,4880000000,23380000000,1,381741
7339466157318820,thread,1,account_worker,105,7490000000,13650000000,0,8443541
7339466157318820,thread,1,trader_callback,95,4550000000,22420000000,0,1740620
7339466157318820,thread,1,trace_writer,96,4270000000,20700000000,1,5879576
7339466157318820,thread,1,latency_writer,97,4630000000,23040000000,0,1228089
7339466157318820,thread,2,account_worker,106,7180000000,14050000000,2,9801364
7339466157318820,thread,2,trader_callback,98,3890000000,17990000000,0,8837304
7339466157318820,thread,2,trace_writer,99,4870000000,23470000000,0,603694
7339466157318820,thread,2,latency_writer,100,3820000000,18220000000,2,10474442
7339466157318820,thread,3,account_worker,107,10690000000,17980000000,1,88545
7339466157318820,thread,3,trader_callback,101,4690000000,21570000000,0,3250842
7339466157318820,thread,3,trace_writer,102,4970000000,23810000000,0,4758
7339466157318820,thread,3,latency_writer,103,4010000000,18450000000,0,10068770
7339466258021311,process,-1,process,91,86830000000,312670000000,27866,11
7339466258021311,thread,-1,producer,91,80000000,150000000,27866,11
7339466258021311,thread,-1,sampler,108,80000000,90000000,287,9
7339466258021311,thread,0,account_worker,104,8750000000,15810000000,2,5126380
7339466258021311,thread,0,trader_callback,92,3660000000,17650000000,0,10812126
7339466258021311,thread,0,trace_writer,93,4000000000,19320000000,0,7578598
7339466258021311,thread,0,latency_writer,94,4890000000,23420000000,1,458274
7339466258021311,thread,1,account_worker,105,7510000000,13680000000,0,8487915
7339466258021311,thread,1,trader_callback,95,4560000000,22460000000,0,1817133
7339466258021311,thread,1,trace_writer,96,4300000000,20770000000,1,5879576
7339466258021311,thread,1,latency_writer,97,4660000000,23120000000,0,1228101
7339466258021311,thread,2,account_worker,106,7220000000,14120000000,2,9801364
7339466258021311,thread,2,trader_callback,98,3920000000,18070000000,0,8837304
7339466258021311,thread,2,trace_writer,99,4890000000,23550000000,0,603699
7339466258021311,thread,2,latency_writer,100,3830000000,18260000000,2,10554115
7339466258021311,thread,3,account_worker,107,10730000000,18040000000,1,88550
7339466258021311,thread,3,trader_callback,101,4710000000,21650000000,0,3250842
7339466258021311,thread,3,trace_writer,102,4980000000,23900000000,0,4762
7339466258021311,thread,3,latency_writer,103,4010000000,18500000000,0,10148445
7339466358793287,process,-1,process,91,87140000000,313660000000,27962,12
7339466358793287,thread,-1,producer,91,80000000,150000000,27962,12
7339466358793287,thread,-1,sampler,108,80000000,90000000,288,9
7339466358793287,thread,0,account_worker,104,8800000000,15870000000,2,5126380
7339466358793287,thread,0,trader_callback,92,3680000000,17730000000,0,10812129
7339466358793287,thread,0,trace_writer,93,4010000000,19350000000,0,7622900
7339466358793287,thread,0,latency_writer,94,4900000000,23470000000,1,533007
7339466358793287,thread,1,account_worker,105,7520000000,13710000000,0,8532219
7339466358793287,thread,1,trader_callback,95,4560000000,22510000000,0,1891876
7339466358793287,thread,1,trace_writer,96,4310000000,20850000000,1,5879576
7339466358793287,thread,1,latency_writer,97,4670000000,23200000000,0,1228128
7339466358793287,thread,2,account_worker,106,7270000000,14170000000,2,9801364
7339466358793287,thread,2,trader_callback,98,3940000000,18140000000,0,8837304
7339466358793287,thread,2,trace_writer,99,4890000000,23640000000,0,603706
7339466358793287,thread,2,latency_writer,100,3830000000,18300000000,2,10633330
7339466358793287,thread,3,account_worker,107,10760000000,18110000000,1,88559
7339466358793287,thread,3,trader_callback,101,4740000000,21720000000,0,3250842
7339466358793287,thread,3,trace_writer,102,5000000000,23980000000,0,4764
7339466358793287,thread,3,latency_writer,103,4020000000,18550000000,0,10227633
7339466459570343,process,-1,process,91,87380000000,314720000000,28062,12
7339466459570343,thread,-1,producer,91,80000000,150000000,28062,12
7339466459570343,thread,-1,sampler,108,80000000,90000000,289,9
7339466459570343,thread,0,account_worker,104,8830000000,15930000000,2,5126380
7339466459570343,thread,0,trader_callback,92,3700000000,17810000000,0,10812129
7339466459570343,thread,0,trace_writer,93,4020000000,19390000000,0,7668157
7339466459570343,thread,0,latency_writer,94,4910000000,23510000000,1,612246
7339466459570343,thread,1,account_worker,105,7550000000,13740000000,0,8577472
7339466459570343,thread,1,trader_callback,95,4570000000,22560000000,0,1971127
7339466459570343,thread,1,trace_writer,96,4320000000,20940000000,1,5879576
7339466459570343,thread,1,latency_writer,97,4680000000,23290000000,0,1228131
7339466459570343,thread,2,account_worker,106,7290000000,14250000000,2,9801364
7339466459570343,thread,2,trader_callback,98,3950000000,18240000000,0,8837304
7339466459570343,thread,2,trace_writer,99,4900000000,23730000000,0,603716
7339466459570343,thread,2,latency_writer,100,3840000000,18350000000,2,10711689
7339466459570343,thread,3,account_worker,107,10790000000,18180000000,1,88575
7339466459570343,thread,3,trader_callback,101,4760000000,21800000000,0,3250842
7339466459570343,thread,3,trace_writer,102,5020000000,24060000000,0,4764
7339466459570343,thread,3,latency_writer,103,4030000000,18580000000,0,10306011
7339466560505403,process,-1,process,91,87660000000,315760000000,28159,13
7339466560505403,thread,-1,producer,91,80000000,150000000,28159,13
7339466560505403,thread,-1,sampler,108,80000000,90000000,290,9
7339466560505403,thread,0,account_worker,104,8860000000,16010000000,2,5126380
7339466560505403,thread,0,trader_callback,92,3710000000,17900000000,0,10812131
7339466560505403,thread,0,trace_writer,93,4030000000,19440000000,0,7712060
7339466560505403,thread,0,latency_writer,94,4920000000,23550000000,1,693352
7339466560505403,thread,1,account_worker,105,7560000000,13780000000,0,8621377
7339466560505403,thread,1,trader_callback,95,4570000000,22600000000,0,2052233
7339466560505403,thread,1,trace_writer,96,4340000000,21030000000,1,5879576
7339466560505403,thread,1,latency_writer,97,4700000000,23370000000,0,1228141
7339466560505403,thread,2,account_worker,106,7310000000,14330000000,2,9801364
7339466560505403,thread,2,trader_callback,98,3960000000,18320000000,0,8837304
7339466560505403,thread,2,trace_writer,99,4930000000,23800000000,0,603719
7339466560505403,thread,2,latency_writer,100,3850000000,18390000000,2,10788175
7339466560505403,thread,3,account_worker,107,10830000000,18240000000,1,88577
7339466560505403,thread,3,trader_callback,101,4770000000,21890000000,0,3250844
7339466560505403,thread,3,trace_writer,102,5050000000,24130000000,0,4764
7339466560505403,thread,3,latency_writer,103,4040000000,18620000000,0,10382478
7339466661293262,process,-1,process,91,87900000000,316790000000,28260,13
7339466661293262,thread,-1,producer,91,80000000,150000000,28260,13
7339466661293262,thread,-1,sampler,108,80000000,90000000,291,9
7339466661293262,thread,0,account_worker,104,8890000000,16080000000,2,5126380
7339466661293262,thread,0,trader_callback,92,3720000000,17990000000,0,10812135
7339466661293262,thread,0,trace_writer,93,4040000000,19480000000,0,7758698
7339466661293262,thread,0,latency_writer,94,4920000000,23600000000,1,760638
7339466661293262,thread,1,account_worker,105,7580000000,13810000000,0,8668015
7339466661293262,thread,1,trader_callback,95,4570000000,22650000000,0,2119505
7339466661293262,thread,1,trace_writer,96,4350000000,21120000000,1,5879576
7339466661293262,thread,1,latency_writer,97,4710000000,23450000000,0,1228170
7339466661293262,thread,2,account_worker,106,7340000000,14400000000,2,9801366
7339466661293262,thread,2,trader_callback,98,3970000000,18420000000,0,8837304
7339466661293262,thread,2,trace_writer,99,4940000000,23860000000,0,603740
7339466661293262,thread,2,latency_writer,100,3860000000,18430000000,2,10856434
7339466661293262,thread,3,account_worker,107,10870000000,18310000000,1,88589
7339466661293262,thread,3,trader_callback,101,4770000000,21990000000,0,3250844
7339466661293262,thread,3,trace_writer,102,5070000000,24210000000,0,4767
7339466661293262,thread,3,latency_writer,103,4050000000,18660000000,0,10450733
7339466766384113,process,-1,process,91,88180000000,317860000000,28365,13
7339466766384113,thread,-1,producer,91,80000000,150000000,28365,13
7339466766384113,thread,-1,sampler,108,80000000,90000000,292,9
7339466766384113,thread,0,account_worker,104,8930000000,16150000000,2,5126381
7339466766384113,thread,0,trader_callback,92,3740000000,18070000000,0,10812138
7339466766384113,thread,0,trace_writer,93,4040000000,19530000000,0,7813338
7339466766384113,thread,0,latency_writer,94,4930000000,23640000000,1,837042
7339466766384113,thread,1,account_worker,105,7600000000,13840000000,0,8722658
7339466766384113,thread,1,trader_callback,95,4580000000,22700000000,0,2195906
7339466766384113,thread,1,trace_writer,96,4370000000,21210000000,1,5879577
7339466766384113,thread,1,latency_writer,97,4740000000,23530000000,0,1228182
7339466766384113,thread,2,account_worker,106,7380000000,14460000000,2,9801369
7339466766384113,thread,2,trader_callback,98,3990000000,18500000000,0,8837304
7339466766384113,thread,2,trace_writer,99,4950000000,23950000000,0,603768
7339466766384113,thread,2,latency_writer,100,3870000000,18470000000,2,10931192
7339466766384113,thread,3,account_worker,107,10900000000,18380000000,1,88593
7339466766384113,thread,3,trader_callback,101,4780000000,22090000000,0,3250844
7339466766384113,thread,3,trace_writer,102,5080000000,24310000000,0,4771
7339466766384113,thread,3,latency_writer,103,4070000000,18700000000,0,10525488
7339466867150672,process,-1,process,91,88450000000,318830000000,28464,13
7339466867150672,thread,-1,producer,91,80000000,150000000,28464,13
7339466867150672,thread,-1,sampler,108,80000000,90000000,293,9
7339466867150672,thread,0,account_worker,104,8960000000,16210000000,2,5126382
7339466867150672,thread,0,trader_callback,92,3750000000,18160000000,0,10812143
7339466867150672,thread,0,trace_writer,93,4050000000,19570000000,0,7864806
7339466867150672,thread,0,latency_writer,94,4940000000,23680000000,1,905990
7339466867150672,thread,1,account_worker,105,7620000000,13870000000,0,8774118
7339466867150672,thread,1,trader_callback,95,4580000000,22750000000,0,2264861
7339466867150672,thread,1,trace_writer,96,4390000000,21290000000,1,5879580
7339466867150672,thread,1,latency_writer,97,4740000000,23620000000,0,1228191
7339466867150672,thread,2,account_worker,106,7420000000,14520000000,2,9801369
7339466867150672,thread,2,trader_callback,98,4020000000,18580000000,0,8837308
7339466867150672,thread,2,trace_writer,99,4960000000,24020000000,0,604586
7339466867150672,thread,2,latency_writer,100,3880000000,18510000000,2,11001778
7339466867150672,thread,3,account_worker,107,10950000000,18430000000,1,88596
7339466867150672,thread,3,trader_callback,101,4790000000,22150000000,0,3251487
7339466867150672,thread,3,trace_writer,102,5110000000,24380000000,0,4772
7339466867150672,thread,3,latency_writer,103,4070000000,18740000000,0,10596079
7339466967749013,process,-1,process,91,88750000000,319810000000,28564,13
7339466967749013,thread,-1,producer,91,80000000,150000000,28564,13
7339466967749013,thread,-1,sampler,108,80000000,90000000,294,9
7339466967749013,thread,0,account_worker,104,8990000000,16290000000,2,5126384
7339466967749013,thread,0,trader_callback,92,3770000000,18230000000,0,10814777
7339466967749013,thread,0,trace_writer,93,4050000000,19620000000,0,7916475
7339466967749013,thread,0,latency_writer,94,4950000000,23720000000,1,973732
7339466967749013,thread,1,account_worker,105,7650000000,13900000000,0,8825801
7339466967749013,thread,1,trader_callback,95,4590000000,22790000000,0,2332598
7339466967749013,thread,1,trace_writer,96,4410000000,21360000000,1,5879581
7339466967749013,thread,1,latency_writer,97,4770000000,23690000000,0,1228196
7339466967749013,thread,2,account_worker,106,7460000000,14570000000,2,9801370
7339466967749013,thread,2,trader_callback,98,4030000000,18660000000,0,8837308
7339466967749013,thread,2,trace_writer,99,4990000000,24090000000,0,606905
7339466967749013,thread,2,latency_writer,100,3880000000,18560000000,2,11069582
7339466967749013,thread,3,account_worker,107,10970000000,18500000000,1,88603
7339466967749013,thread,3,trader_callback,101,4810000000,22230000000,0,3251487
7339466967749013,thread,3,trace_writer,102,5120000000,24470000000,0,4776
7339466967749013,thread,3,latency_writer,103,4080000000,18790000000,0,10663887
7339467068688380,process,-1,process,91,88990000000,320850000000,28665,13
7339467068688380,thread,-1,producer,91,80000000,150000000,28665,13
7339467068688380,thread,-1,sampler,108,80000000,100000000,295,9
7339467068688380,thread,0,account_worker,104,9030000000,16340000000,2,5126384
7339467068688380,thread,0,trader_callback,92,3780000000,18320000000,0,10817343
7339467068688380,thread,0,trace_writer,93,4060000000,19660000000,0,7964452
7339467068688380,thread,0,latency_writer,94,4960000000,23760000000,1,1039934
7339467068688380,thread,1,account_worker,105,7660000000,13940000000,0,8873766
7339467068688380,thread,1,trader_callback,95,4590000000,22840000000,0,2398800
7339467068688380,thread,1,trace_writer,96,4430000000,21450000000,1,5879582
7339467068688380,thread,1,latency_writer,97,4780000000,23780000000,0,1228201
7339467068688380,thread,2,account_worker,106,7500000000,14630000000,2,9801370
7339467068688380,thread,2,trader_callback,98,4050000000,18750000000,0,8837309
7339467068688380,thread,2,trace_writer,99,5000000000,24170000000,0,608646
7339467068688380,thread,2,latency_writer,100,3880000000,18610000000,2,11138216
7339467068688380,thread,3,account_worker,107,11020000000,18550000000,1,88608
7339467068688380,thread,3,trader_callback,101,4830000000,22310000000,0,3251487
7339467068688380,thread,3,trace_writer,102,5130000000,24560000000,0,4776
7339467068688380,thread,3,latency_writer,103,4090000000,18830000000,0,10732515
7339467169636903,process,-1,process,91,89280000000,321870000000,28766,13
7339467169636903,thread,-1,producer,91,80000000,160000000,28766,13
7339467169636903,thread,-1,sampler,108,80000000,100000000,296,9
7339467169636903,thread,0,account_worker,104,9080000000,16400000000,2,5126385
7339467169636903,thread,0,trader_callback,92,3800000000,18400000000,0,10817361
7339467169636903,thread,0,trace_writer,93,4060000000,19710000000,0,8015556
7339467169636903,thread,0,latency_writer,94,4960000000,23810000000,1,1108686
7339467169636903,thread,1,account_worker,105,7680000000,13970000000,0,8924866
7339467169636903,thread,1,trader_callback,95,4600000000,22880000000,0,2467539
7339467169636903,thread,1,trace_writer,96,4440000000,21540000000,1,5879582
7339467169636903,thread,1,latency_writer,97,4790000000,23860000000,0,1228204
7339467169636903,thread,2,account_worker,106,7530000000,14700000000,2,9801373
7339467169636903,thread,2,trader_callback,98,4060000000,18840000000,0,8837309
7339467169636903,thread,2,trace_writer,99,5010000000,24250000000,0,608671
7339467169636903,thread,2,latency_writer,100,3880000000,18660000000,2,11208437
7339467169636903,thread,3,account_worker,107,11060000000,18600000000,1,88609
7339467169636903,thread,3,trader_callback,101,4850000000,22390000000,0,3251488
7339467169636903,thread,3,trace_writer,102,5150000000,24640000000,0,4814
7339467169636903,thread,3,latency_writer,103,4100000000,18870000000,0,10802745
7339467270235944,process,-1,process,91,89560000000,322890000000,28867,13
7339467270235944,thread,-1,producer,91,80000000,160000000,28867,13
7339467270235944,thread,-1,sampler,108,80000000,100000000,297,9
7339467270235944,thread,0,account_worker,104,9120000000,16460000000,2,5126385
7339467270235944,thread,0,trader_callback,92,3820000000,18470000000,0,10817364
7339467270235944,thread,0,trace_writer,93,4070000000,19750000000,0,8063972
7339467270235944,thread,0,latency_writer,94,4970000000,23850000000,1,1186807
7339467270235944,thread,1,account_worker,105,7690000000,14010000000,0,8973284
7339467270235944,thread,1,trader_callback,95,4620000000,22910000000,0,2545672
7339467270235944,thread,1,trace_writer,96,4450000000,21630000000,1,5879582
7339467270235944,thread,1,latency_writer,97,4800000000,23950000000,0,1228227
7339467270235944,thread,2,account_worker,106,7570000000,14750000000,2,9801374
7339467270235944,thread,2,trader_callback,98,4070000000,18930000000,0,8837309
7339467270235944,thread,2,trace_writer,99,5030000000,24330000000,0,608711
7339467270235944,thread,2,latency_writer,100,3890000000,18700000000,2,11292931
7339467270235944,thread,3,account_worker,107,11080000000,18680000000,1,88612
7339467270235944,thread,3,trader_callback,101,4870000000,22470000000,0,3251488
7339467270235944,thread,3,trace_writer,102,5170000000,24720000000,0,4818
7339467270235944,thread,3,latency_writer,103,4100000000,18920000000,0,10887232
7339467370938873,process,-1,process,91,89870000000,323850000000,28967,13
7339467370938873,thread,-1,producer,91,80000000,160000000,28967,13
7339467370938873,thread,-1,sampler,108,80000000,100000000,298,9
7339467370938873,thread,0,account_worker,104,9140000000,16540000000,2,5126385
7339467370938873,thread,0,trader_callback,92,3830000000,18560000000,0,10817367
7339467370938873,thread,0,trace_writer,93,4080000000,19790000000,0,8106953
7339467370938873,thread,0,latency_writer,94,4980000000,23890000000,1,1254431
7339467370938873,thread,1,account_worker,105,7700000000,14050000000,0,9016265
7339467370938873,thread,1,trader_callback,95,4640000000,22940000000,0,2613302
7339467370938873,thread,1,trace_writer,96,4460000000,21720000000,1,5879582
7339467370938873,thread,1,latency_writer,97,4820000000,24030000000,0,1228233
7339467370938873,thread,2,account_worker,106,7620000000,14810000000,2,9801375
7339467370938873,thread,2,trader_callback,98,4100000000,19000000000,0,8837309
7339467370938873,thread,2,trace_writer,99,5050000000,24400000000,0,608753
7339467370938873,thread,2,latency_writer,100,3900000000,18740000000,2,11365656
7339467370938873,thread,3,account_worker,107,11120000000,18740000000,1,88619
7339467370938873,thread,3,trader_callback,101,4900000000,22530000000,0,3251491
7339467370938873,thread,3,trace_writer,102,5190000000,24800000000,0,4818
7339467370938873,thread,3,latency_writer,103,4110000000,18960000000,0,10959958
7339467471622640,process,-1,process,91,90190000000,324860000000,29068,13
7339467471622640,thread,-1,producer,91,80000000,160000000,29068,13
7339467471622640,thread,-1,sampler,108,80000000,100000000,299,9
7339467471622640,thread,0,account_worker,104,9200000000,16580000000,2,5126386
7339467471622640,thread,0,trader_callback,92,3860000000,18640000000,0,10817370
7339467471622640,thread,0,trace_writer,93,4080000000,19840000000,0,8153922
7339467471622640,thread,0,latency_writer,94,4990000000,23950000000,1,1304235
7339467471622640,thread,1,account_worker,105,7720000000,14070000000,0,9063245
7339467471622640,thread,1,trader_callback,95,4650000000,22990000000,0,2663098
7339467471622640,thread,1,trace_writer,96,4480000000,21800000000,1,5879582
7339467471622640,thread,1,latency_writer,97,4830000000,24120000000,0,1228240
7339467471622640,thread,2,account_worker,106,7650000000,14870000000,2,9801378
7339467471622640,thread,2,trader_callback,98,4130000000,19070000000,0,8837309
7339467471622640,thread,2,trace_writer,99,5060000000,24490000000,0,608795
7339467471622640,thread,2,latency_writer,100,3910000000,18780000000,2,11454027
7339467471622640,thread,3,account_worker,107,11160000000,18810000000,1,88619
7339467471622640,thread,3,trader_callback,101,4910000000,22620000000,0,3251491
7339467471622640,thread,3,trace_writer,102,5210000000,24880000000,0,4821
7339467471622640,thread,3,latency_writer,103,4120000000,18990000000,0,11048362
7339467572440544,process,-1,process,91,90490000000,325970000000,29168,13
7339467572440544,thread,-1,producer,91,80000000,160000000,29168,13
7339467572440544,thread,-1,sampler,108,80000000,100000000,300,9
7339467572440544,thread,0,account_worker,104,9250000000,16630000000,2,5126387
7339467572440544,thread,0,trader_callback,92,3870000000,18730000000,0,10817373
7339467572440544,thread,0,trace_writer,93,4090000000,19890000000,0,8199268
7339467572440544,thread,0,latency_writer,94,5010000000,24030000000,1,1304235
7339467572440544,thread,1,account_worker,105,7720000000,14120000000,0,9108574
7339467572440544,thread,1,trader_callback,95,4670000000,23080000000,0,2663099
7339467572440544,thread,1,trace_writer,96,4500000000,21880000000,1,5879582
7339467572440544,thread,1,latency_writer,97,4850000000,24190000000,0,1228249
7339467572440544,thread,2,account_worker,106,7680000000,14940000000,2,9801380
7339467572440544,thread,2,trader_callback,98,4150000000,19150000000,0,8837309
7339467572440544,thread,2,trace_writer,99,5080000000,24570000000,0,608795
7339467572440544,thread,2,latency_writer,100,3920000000,18820000000,2,11540620
7339467572440544,thread,3,account_worker,107,11200000000,18860000000,1,88619
7339467572440544,thread,3,trader_callback,101,4910000000,22720000000,0,3251491
7339467572440544,thread,3,trace_writer,102,5220000000,24980000000,0,4821
7339467572440544,thread,3,latency_writer,103,4130000000,19030000000,0,11134915
7339467673009465,process,-1,process,91,90810000000,327070000000,29265,13
7339467673009465,thread,-1,producer,91,80000000,160000000,29265,13
7339467673009465,thread,-1,sampler,108,80000000,100000000,301,9
7339467673009465,thread,0,account_worker,104,9280000000,16700000000,2,5126387
7339467673009465,thread,0,trader_callback,92,3890000000,18810000000,0,10817376
7339467673009465,thread,0,trace_writer,93,4090000000,19930000000,0,8240657
7339467673009465,thread,0,latency_writer,94,5020000000,24120000000,1,1304235
7339467673009465,thread,1,account_worker,105,7740000000,14150000000,0,9149963
7339467673009465,thread,1,trader_callback,95,4670000000,23170000000,0,2663103
7339467673009465,thread,1,trace_writer,96,4520000000,21960000000,1,5879582
7339467673009465,thread,1,latency_writer,97,4870000000,24280000000,0,1228255
7339467673009465,thread,2,account_worker,106,7730000000,14990000000,2,9801381
7339467673009465,thread,2,trader_callback,98,4170000000,19230000000,0,8837309
7339467673009465,thread,2,trace_writer,99,5110000000,24650000000,0,608802
7339467673009465,thread,2,latency_writer,100,3930000000,18860000000,2,11622716
7339467673009465,thread,3,account_worker,107,11240000000,18920000000,1,88619
7339467673009465,thread,3,trader_callback,101,4930000000,22800000000,0,3251491
7339467673009465,thread,3,trace_writer,102,5230000000,25060000000,0,4823
7339467673009465,thread,3,latency_writer,103,4140000000,19080000000,0,11217020
7339467773579992,process,-1,process,91,91050000000,328220000000,29365,13
7339467773579992,thread,-1,producer,91,80000000,160000000,29365,13
7339467773579992,thread,-1,sampler,108,80000000,100000000,302,9
7339467773579992,thread,0,account_worker,104,9310000000,16780000000,2,5126387
7339467773579992,thread,0,trader_callback,92,3900000000,18890000000,0,10817381
7339467773579992,thread,0,trace_writer,93,4100000000,19980000000,0,8282805
7339467773579992,thread,0,latency_writer,94,5050000000,24190000000,1,1304235
7339467773579992,thread,1,account_worker,105,7750000000,14190000000,0,9192124
7339467773579992,thread,1,trader_callback,95,4680000000,23260000000,0,2663104
7339467773579992,thread,1,trace_writer,96,4530000000,22050000000,1,5879582
7339467773579992,thread,1,latency_writer,97,4890000000,24340000000,0,1228265
7339467773579992,thread,2,account_worker,106,7760000000,15060000000,2,9801385
7339467773579992,thread,2,trader_callback,98,4190000000,19310000000,0,8837310
7339467773579992,thread,2,trace_writer,99,5120000000,24730000000,0,608809
7339467773579992,thread,2,latency_writer,100,3940000000,18910000000,2,11706408
7339467773579992,thread,3,account_worker,107,11280000000,18980000000,1,88619
7339467773579992,thread,3,trader_callback,101,4940000000,22890000000,0,3251491
7339467773579992,thread,3,trace_writer,102,5250000000,25150000000,0,4829
7339467773579992,thread,3,latency_writer,103,4140000000,19120000000,0,11300712
7339467874266592,process,-1,process,91,91310000000,329340000000,29465,13
7339467874266592,thread,-1,producer,91,80000000,160000000,29465,13
7339467874266592,thread,-1,sampler,108,80000000,100000000,303,9
7339467874266592,thread,0,account_worker,104,9330000000,16850000000,2,5126388
7339467874266592,thread,0,trader_callback,92,3920000000,18970000000,0,10817382
7339467874266592,thread,0,trace_writer,93,4100000000,20020000000,0,8341666
7339467874266592,thread,0,latency_writer,94,5060000000,24280000000,1,1304244
7339467874266592,thread,1,account_worker,105,7770000000,14220000000,0,9250978
7339467874266592,thread,1,trader_callback,95,4690000000,23350000000,0,2663115
7339467874266592,thread,1,trace_writer,96,4550000000,22130000000,1,5879582
7339467874266592,thread,1,latency_writer,97,4910000000,24420000000,0,1228290
7339467874266592,thread,2,account_worker,106,7780000000,15130000000,2,9801387
7339467874266592,thread,2,trader_callback,98,4220000000,19390000000,0,8837310
7339467874266592,thread,2,trace_writer,99,5130000000,24820000000,0,608840
7339467874266592,thread,2,latency_writer,100,3940000000,18950000000,2,11778075
7339467874266592,thread,3,account_worker,107,11320000000,19050000000,1,88621
7339467874266592,thread,3,trader_callback,101,4960000000,22970000000,0,3251491
7339467874266592,thread,3,trace_writer,102,5260000000,25230000000,0,4829
7339467874266592,thread,3,latency_writer,103,4150000000,19170000000,0,11372371
7339467976889587,process,-1,process,91,91620000000,330400000000,29567,13
7339467976889587,thread,-1,producer,91,80000000,160000000,29568,13
7339467976889587,thread,-1,sampler,108,80000000,100000000,304,9
7339467976889587,thread,0,account_worker,104,9380000000,16910000000,2,5126388
7339467976889587,thread,0,trader_callback,92,3930000000,19050000000,0,10822031
7339467976889587,thread,0,trace_writer,93,4120000000,20060000000,0,8409996
7339467976889587,thread,0,latency_writer,94,5080000000,24360000000,1,1304246
7339467976889587,thread,1,account_worker,105,7790000000,14260000000,0,9319329
7339467976889587,thread,1,trader_callback,95,4710000000,23430000000,0,2663120
7339467976889587,thread,1,trace_writer,96,4570000000,22210000000,1,5879583
7339467976889587,thread,1,latency_writer,97,4920000000,24500000000,0,1228467
7339467976889587,thread,2,account_worker,106,7810000000,15200000000,2,9801389
7339467976889587,thread,2,trader_callback,98,4230000000,19460000000,0,8837312
7339467976889587,thread,2,trace_writer,99,5150000000,24880000000,0,608950
7339467976889587,thread,2,latency_writer,100,3950000000,19000000000,2,11842078
7339467976889587,thread,3,account_worker,107,11350000000,19120000000,1,88630
7339467976889587,thread,3,trader_callback,101,4970000000,23060000000,0,3251492
7339467976889587,thread,3,trace_writer,102,5290000000,25310000000,0,4830
7339467976889587,thread,3,latency_writer,103,4150000000,19220000000,0,11436378
7339468082664540,process,-1,process,91,91940000000,331600000000,29668,13
7339468082664540,thread,-1,producer,91,80000000,160000000,29668,13
7339468082664540,thread,-1,sampler,108,80000000,100000000,305,9
7339468082664540,thread,0,account_worker,104,9410000000,16980000000,2,5126388
7339468082664540,thread,0,trader_callback,92,3950000000,19140000000,0,10822291
7339468082664540,thread,0,trace_writer,93,4130000000,20100000000,0,8486809
7339468082664540,thread,0,latency_writer,94,5110000000,24440000000,1,1304254
7339468082664540,thread,1,account_worker,105,7820000000,14320000000,0,9328500
7339468082664540,thread,1,trader_callback,95,4710000000,23520000000,0,2663125
7339468082664540,thread,1,trace_writer,96,4580000000,22310000000,1,5879584
7339468082664540,thread,1,latency_writer,97,4930000000,24600000000,0,1228479
7339468082664540,thread,2,account_worker,106,7850000000,15250000000,2,9801395
7339468082664540,thread,2,trader_callback,98,4240000000,19560000000,0,8837313
7339468082664540,thread,2,trace_writer,99,5170000000,24960000000,0,609008
7339468082664540,thread,2,latency_writer,100,3950000000,19050000000,2,11920969
7339468082664540,thread,3,account_worker,107,11400000000,19170000000,1,88650
7339468082664540,thread,3,trader_callback,101,4990000000,23150000000,0,3251493
7339468082664540,thread,3,trace_writer,102,5300000000,25400000000,0,4842
7339468082664540,thread,3,latency_writer,103,4160000000,19290000000,0,11452520
7339468196228458,process,-1,process,91,92370000000,332860000000,29768,13
7339468196228458,thread,-1,producer,91,80000000,160000000,29768,13
7339468196228458,thread,-1,sampler,108,80000000,100000000,306,9
7339468196228458,thread,0,account_worker,104,9460000000,17040000000,2,5126389
7339468196228458,thread,0,trader_callback,92,3960000000,19240000000,0,10822295
7339468196228458,thread,0,trace_writer,93,4140000000,20150000000,0,8575289
7339468196228458,thread,0,latency_writer,94,5130000000,24530000000,1,1304498
7339468196228458,thread,1,account_worker,105,7890000000,14370000000,0,9328504
7339468196228458,thread,1,trader_callback,95,4750000000,23610000000,0,2663125
7339468196228458,thread,1,trace_writer,96,4620000000,22390000000,1,5879584
7339468196228458,thread,1,latency_writer,97,4970000000,24670000000,0,1228485
7339468196228458,thread,2,account_worker,106,7910000000,15300000000,2,9801397
7339468196228458,thread,2,trader_callback,98,4250000000,19660000000,0,8837313
7339468196228458,thread,2,trace_writer,99,5190000000,25050000000,0,609459
7339468196228458,thread,2,latency_writer,100,3960000000,19090000000,2,12009514
7339468196228458,thread,3,account_worker,107,11430000000,19250000000,1,88656
7339468196228458,thread,3,trader_callback,101,5000000000,23250000000,0,3251493
7339468196228458,thread,3,trace_writer,102,5310000000,25500000000,0,4875
7339468196228458,thread,3,latency_writer,103,4190000000,19380000000,0,11452521
7339468296808367,process,-1,process,91,92740000000,333880000000,29817,14
7339468296808367,thread,-1,producer,91,80000000,160000000,29817,14
7339468296808367,thread,-1,sampler,108,80000000,100000000,307,9
7339468296808367,thread,0,account_worker,104,9520000000,17090000000,2,5126389
7339468296808367,thread,0,trader_callback,92,3990000000,19320000000,0,10822298
7339468296808367,thread,0,trace_writer,93,4140000000,20200000000,0,8643056
7339468296808367,thread,0,latency_writer,94,5130000000,24570000000,1,1366949
7339468296808367,thread,1,account_worker,105,7940000000,14410000000,0,9328507
7339468296808367,thread,1,trader_callback,95,4760000000,23690000000,0,2663178
7339468296808367,thread,1,trace_writer,96,4620000000,22480000000,1,5879643
7339468296808367,thread,1,latency_writer,97,4980000000,24750000000,0,1228674
7339468296808367,thread,2,account_worker,106,7980000000,15330000000,2,9801400
7339468296808367,thread,2,trader_callback,98,4260000000,19750000000,0,8837313
7339468296808367,thread,2,trace_writer,99,5190000000,25100000000,0,671921
7339468296808367,thread,2,latency_writer,100,3970000000,19140000000,2,12077292
7339468296808367,thread,3,account_worker,107,11470000000,19310000000,1,88660
7339468296808367,thread,3,trader_callback,101,5020000000,23340000000,0,3251493
7339468296808367,thread,3,trace_writer,102,5340000000,25570000000,0,4881
7339468296808367,thread,3,latency_writer,103,4200000000,19470000000,0,11452521
7339468397394154,process,-1,process,91,93050000000,334950000000,29918,15
7339468397394154,thread,-1,producer,91,90000000,160000000,29918,15
7339468397394154,thread,-1,sampler,108,80000000,100000000,308,9
7339468397394154,thread,0,account_worker,104,9570000000,17130000000,2,5126389
7339468397394154,thread,0,trader_callback,92,4000000000,19400000000,0,10822301
7339468397394154,thread,0,trace_writer,93,4140000000,20240000000,0,8721752
7339468397394154,thread,0,latency_writer,94,5160000000,24590000000,1,1440602
7339468397394154,thread,1,account_worker,105,7980000000,14460000000,0,9328512
7339468397394154,thread,1,trader_callback,95,4770000000,23780000000,0,2663181
7339468397394154,thread,1,trace_writer,96,4630000000,22580000000,1,5879643
7339468397394154,thread,1,latency_writer,97,5000000000,24830000000,0,1228679
7339468397394154,thread,2,account_worker,106,8020000000,15400000000,2,9801401
7339468397394154,thread,2,trader_callback,98,4280000000,19830000000,0,8837313
7339468397394154,thread,2,trace_writer,99,5200000000,25140000000,0,745594
7339468397394154,thread,2,latency_writer,100,3980000000,19180000000,2,12156051
7339468397394154,thread,3,account_worker,107,11500000000,19380000000,1,88661
7339468397394154,thread,3,trader_callback,101,5040000000,23420000000,0,3251493
7339468397394154,thread,3,trace_writer,102,5350000000,25670000000,0,4918
7339468397394154,thread,3,latency_writer,103,4220000000,19550000000,0,11452521
7339468498178064,process,-1,process,91,93400000000,336050000000,30019,15
7339468498178064,thread,-1,producer,91,90000000,160000000,30019,15
7339468498178064,thread,-1,sampler,108,80000000,100000000,309,9
7339468498178064,thread,0,account_worker,104,9610000000,17200000000,2,5126389
7339468498178064,thread,0,trader_callback,92,4030000000,19460000000,0,10822312
7339468498178064,thread,0,trace_writer,93,4150000000,20290000000,0,8804054
7339468498178064,thread,0,latency_writer,94,5170000000,24660000000,1,1471926
7339468498178064,thread,1,account_worker,105,8030000000,14510000000,0,9328517
7339468498178064,thread,1,trader_callback,95,4790000000,23860000000,0,2663181
7339468498178064,thread,1,trace_writer,96,4640000000,22660000000,1,5879643
7339468498178064,thread,1,latency_writer,97,5020000000,24910000000,0,1228679
7339468498178064,thread,2,account_worker,106,8060000000,15450000000,2,9801402
7339468498178064,thread,2,trader_callback,98,4300000000,19920000000,0,8837313
7339468498178064,thread,2,trace_writer,99,5210000000,25200000000,0,776771
7339468498178064,thread,2,latency_writer,100,3990000000,19210000000,2,12238275
7339468498178064,thread,3,account_worker,107,11540000000,19440000000,1,88665
7339468498178064,thread,3,trader_callback,101,5050000000,23510000000,0,3251494
7339468498178064,thread,3,trace_writer,102,5350000000,25760000000,0,4921
7339468498178064,thread,3,latency_writer,103,4230000000,19640000000,0,11452521
7339468598720399,process,-1,process,91,93750000000,337200000000,30119,15
7339468598720399,thread,-1,producer,91,90000000,160000000,30119,15
7339468598720399,thread,-1,sampler,108,80000000,100000000,310,9
7339468598720399,thread,0,account_worker,104,9650000000,17250000000,2,5126389
7339468598720399,thread,0,trader_callback,92,4050000000,19540000000,0,10822312
7339468598720399,thread,0,trace_writer,93,4170000000,20320000000,0,8888962
7339468598720399,thread,0,latency_writer,94,5180000000,24750000000,1,1471928
7339468598720399,thread,1,account_worker,105,8060000000,14570000000,0,9328527
7339468598720399,thread,1,trader_callback,95,4810000000,23950000000,0,2663181
7339468598720399,thread,1,trace_writer,96,4650000000,22750000000,1,5879643
7339468598720399,thread,1,latency_writer,97,5030000000,25010000000,0,1228679
7339468598720399,thread,2,account_worker,106,8090000000,15520000000,2,9801404
7339468598720399,thread,2,trader_callback,98,4320000000,20000000000,0,8837313
7339468598720399,thread,2,trace_writer,99,5230000000,25290000000,0,776774
7339468598720399,thread,2,latency_writer,100,4000000000,19250000000,2,12323266
7339468598720399,thread,3,account_worker,107,11600000000,19490000000,1,88666
7339468598720399,thread,3,trader_callback,101,5070000000,23590000000,0,3251494
7339468598720399,thread,3,trace_writer,102,5380000000,25840000000,0,4921
7339468598720399,thread,3,latency_writer,103,4260000000,19720000000,0,11452522
7339468700030094,process,-1,process,91,93990000000,338300000000,30221,16
7339468700030094,thread,-1,producer,91,90000000,160000000,30221,16
7339468700030094,thread,-1,sampler,108,80000000,100000000,311,9
7339468700030094,thread,0,account_worker,104,9690000000,17320000000,2,5126389
7339468700030094,thread,0,trader_callback,92,4070000000,19590000000,0,10859310
7339468700030094,thread,0,trace_writer,93,4180000000,20360000000,0,8975622
7339468700030094,thread,0,latency_writer,94,5200000000,24830000000,1,1471930
7339468700030094,thread,1,account_worker,105,8080000000,14620000000,1,9351157
7339468700030094,thread,1,trader_callback,95,4810000000,24000000000,0,2695253
7339468700030094,thread,1,trace_writer,96,4660000000,22850000000,1,5879643
7339468700030094,thread,1,latency_writer,97,5030000000,25060000000,0,1260858
7339468700030094,thread,2,account_worker,106,8110000000,15580000000,2,9838517
7339468700030094,thread,2,trader_callback,98,4330000000,20080000000,0,8837313
7339468700030094,thread,2,trace_writer,99,5240000000,25380000000,0,776777
7339468700030094,thread,2,latency_writer,100,4010000000,19300000000,2,12409820
7339468700030094,thread,3,account_worker,107,11630000000,19560000000,1,88666
7339468700030094,thread,3,trader_callback,101,5080000000,23680000000,0,3251494
7339468700030094,thread,3,trace_writer,102,5390000000,25930000000,0,4921
7339468700030094,thread,3,latency_writer,103,4270000000,19810000000,0,11452523
7339468800757360,process,-1,process,91,94240000000,339220000000,30321,16
7339468800757360,thread,-1,producer,91,90000000,160000000,30321,16
7339468800757360,thread,-1,sampler,108,80000000,100000000,312,9
7339468800757360,thread,0,account_worker,104,9720000000,17390000000,2,5126390
7339468800757360,thread,0,trader_callback,92,4090000000,19610000000,0,10912782
7339468800757360,thread,0,trace_writer,93,4190000000,20400000000,0,9056927
7339468800757360,thread,0,latency_writer,94,5220000000,24910000000,1,1471934
7339468800757360,thread,1,account_worker,105,8090000000,14630000000,1,9381013
7339468800757360,thread,1,trader_callback,95,4820000000,24020000000,0,2737437
7339468800757360,thread,1,trace_writer,96,4670000000,22940000000,1,5879644
7339468800757360,thread,1,latency_writer,97,5040000000,25080000000,0,1303110
7339468800757360,thread,2,account_worker,106,8120000000,15600000000,2,9891990
7339468800757360,thread,2,trader_callback,98,4350000000,20170000000,0,8837399
7339468800757360,thread,2,trace_writer,99,5250000000,25470000000,0,776783
7339468800757360,thread,2,latency_writer,100,4010000000,19350000000,2,12491163
7339468800757360,thread,3,account_worker,107,11660000000,19620000000,1,88666
7339468800757360,thread,3,trader_callback,101,5100000000,23760000000,0,3251494
7339468800757360,thread,3,trace_writer,102,5410000000,26010000000,0,4925
7339468800757360,thread,3,latency_writer,103,4280000000,19890000000,0,11452523
7339468901360677,process,-1,process,91,94490000000,340200000000,30422,16
7339468901360677,thread,-1,producer,91,90000000,160000000,30422,16
7339468901360677,thread,-1,sampler,108,80000000,100000000,313,9
7339468901360677,thread,0,account_worker,104,9740000000,17470000000,2,5126391
7339468901360677,thread,0,trader_callback,92,4100000000,19640000000,0,10976362
7339468901360677,thread,0,trace_writer,93,4200000000,20440000000,0,9141028
7339468901360677,thread,0,latency_writer,94,5240000000,24990000000,1,1471938
7339468901360677,thread,1,account_worker,105,8100000000,14660000000,1,9432902
7339468901360677,thread,1,trader_callback,95,4840000000,24040000000,0,2796290
7339468901360677,thread,1,trace_writer,96,4690000000,23020000000,1,5879644
7339468901360677,thread,1,latency_writer,97,5040000000,25140000000,0,1333253
7339468901360677,thread,2,account_worker,106,8140000000,15630000000,2,9955570
7339468901360677,thread,2,trader_callback,98,4360000000,20250000000,0,8837499
7339468901360677,thread,2,trace_writer,99,5270000000,25550000000,0,776787
7339468901360677,thread,2,latency_writer,100,4020000000,19380000000,2,12575246
7339468901360677,thread,3,account_worker,107,11700000000,19690000000,1,88669
7339468901360677,thread,3,trader_callback,101,5100000000,23860000000,0,3251494
7339468901360677,thread,3,trace_writer,102,5420000000,26090000000,0,4928
7339468901360677,thread,3,latency_writer,103,4300000000,19970000000,0,11452523
7339469001904160,process,-1,process,91,94770000000,341260000000,30522,16
7339469001904160,thread,-1,producer,91,90000000,160000000,30522,16
7339469001904160,thread,-1,sampler,108,80000000,110000000,314,9
7339469001904160,thread,0,account_worker,104,9790000000,17520000000,2,5126403
7339469001904160,thread,0,trader_callback,92,4110000000,19690000000,0,11043029
7339469001904160,thread,0,trace_writer,93,4200000000,20490000000,0,9228985
7339469001904160,thread,0,latency_writer,94,5250000000,25070000000,1,1471950
7339469001904160,thread,1,account_worker,105,8130000000,14690000000,1,9473977
7339469001904160,thread,1,trader_callback,95,4850000000,24100000000,0,2837351
7339469001904160,thread,1,trace_writer,96,4710000000,23100000000,1,5879656
7339469001904160,thread,1,latency_writer,97,5050000000,25230000000,0,1333264
7339469001904160,thread,2,account_worker,106,8150000000,15670000000,2,10022234
7339469001904160,thread,2,trader_callback,98,4390000000,20330000000,0,8837611
7339469001904160,thread,2,trace_writer,99,5280000000,25640000000,0,776801
7339469001904160,thread,2,latency_writer,100,4030000000,19430000000,2,12663162
7339469001904160,thread,3,account_worker,107,11730000000,19750000000,1,88680
7339469001904160,thread,3,trader_callback,101,5130000000,23930000000,0,3251505
7339469001904160,thread,3,trace_writer,102,5440000000,26180000000,0,4943
7339469001904160,thread,3,latency_writer,103,4320000000,20060000000,0,11452534
7339469102460922,process,-1,process,91,95080000000,342290000000,30623,16
7339469102460922,thread,-1,producer,91,90000000,160000000,30623,16
7339469102460922,thread,-1,sampler,108,80000000,110000000,315,9
7339469102460922,thread,0,account_worker,104,9830000000,17580000000,2,5126403
7339469102460922,thread,0,trader_callback,92,4110000000,19730000000,0,11105040
7339469102460922,thread,0,trace_writer,93,4210000000,20530000000,0,9313673
7339469102460922,thread,0,latency_writer,94,5270000000,25160000000,1,1471953
7339469102460922,thread,1,account_worker,105,8150000000,14750000000,1,9518804
7339469102460922,thread,1,trader_callback,95,4860000000,24150000000,0,2882194
7339469102460922,thread,1,trace_writer,96,4720000000,23190000000,1,5879656
7339469102460922,thread,1,latency_writer,97,5070000000,25300000000,0,1333265
7339469102460922,thread,2,account_worker,106,8170000000,15700000000,2,10084248
7339469102460922,thread,2,trader_callback,98,4410000000,20400000000,0,8837711
7339469102460922,thread,2,trace_writer,99,5300000000,25720000000,0,776805
7339469102460922,thread,2,latency_writer,100,4040000000,19460000000,2,12747913
7339469102460922,thread,3,account_worker,107,11770000000,19820000000,1,88682
7339469102460922,thread,3,trader_callback,101,5150000000,24010000000,0,3251505
7339469102460922,thread,3,trace_writer,102,5450000000,26260000000,1,4943
7339469102460922,thread,3,latency_writer,103,4330000000,20140000000,0,11452535
7339469203026997,process,-1,process,91,95360000000,343310000000,30724,16
7339469203026997,thread,-1,producer,91,90000000,160000000,30724,16
7339469203026997,thread,-1,sampler,108,80000000,110000000,316,9
7339469203026997,thread,0,account_worker,104,9870000000,17640000000,2,5126404
7339469203026997,thread,0,trader_callback,92,4110000000,19780000000,0,11167610
7339469203026997,thread,0,trace_writer,93,4220000000,20570000000,0,9398220
7339469203026997,thread,0,latency_writer,94,5290000000,25240000000,1,1471955
7339469203026997,thread,1,account_worker,105,8170000000,14780000000,1,9584068
7339469203026997,thread,1,trader_callback,95,4870000000,24190000000,0,2947454
7339469203026997,thread,1,trace_writer,96,4750000000,23260000000,1,5879656
7339469203026997,thread,1,latency_writer,97,5090000000,25390000000,0,1333265
7339469203026997,thread,2,account_worker,106,8190000000,15730000000,2,10146818
7339469203026997,thread,2,trader_callback,98,4420000000,20490000000,0,8837812
7339469203026997,thread,2,trace_writer,99,5310000000,25820000000,0,776805
7339469203026997,thread,2,latency_writer,100,4060000000,19500000000,2,12832455
7339469203026997,thread,3,account_worker,107,11800000000,19890000000,1,88682
7339469203026997,thread,3,trader_callback,101,5170000000,24090000000,0,3251505
7339469203026997,thread,3,trace_writer,102,5480000000,26340000000,1,4943
7339469203026997,thread,3,latency_writer,103,4350000000,20230000000,0,11452535
7339469303612665,process,-1,process,91,95640000000,344320000000,30824,16
7339469303612665,thread,-1,producer,91,90000000,160000000,30824,16
7339469303612665,thread,-1,sampler,108,80000000,110000000,317,9
7339469303612665,thread,0,account_worker,104,9910000000,17710000000,2,5126404
7339469303612665,thread,0,trader_callback,92,4120000000,19810000000,0,11229715
7339469303612665,thread,0,trace_writer,93,4220000000,20620000000,0,9481469
7339469303612665,thread,0,latency_writer,94,5300000000,25320000000,1,1471967
7339469303612665,thread,1,account_worker,105,8180000000,14810000000,1,9646041
7339469303612665,thread,1,trader_callback,95,4880000000,24230000000,0,3009439
7339469303612665,thread,1,trace_writer,96,4780000000,23330000000,1,5879656
7339469303612665,thread,1,latency_writer,97,5110000000,25470000000,0,1333280
7339469303612665,thread,2,account_worker,106,8190000000,15770000000,2,10208889
7339469303612665,thread,2,trader_callback,98,4440000000,20570000000,0,8837913
7339469303612665,thread,2,trace_writer,99,5320000000,25900000000,0,776812
7339469303612665,thread,2,latency_writer,100,4060000000,19550000000,2,12915667
7339469303612665,thread,3,account_worker,107,11850000000,19940000000,1,88684
7339469303612665,thread,3,trader_callback,101,5180000000,24180000000,0,3251505
7339469303612665,thread,3,trace_writer,102,5510000000,26410000000,1,4947
7339469303612665,thread,3,latency_writer,103,4360000000,20310000000,0,11452535
7339469407124348,process,-1,process,91,95970000000,345340000000,30928,16
7339469407124348,thread,-1,producer,91,90000000,160000000,30928,16
7339469407124348,thread,-1,sampler,108,80000000,110000000,318,9
7339469407124348,thread,0,account_worker,104,9950000000,17770000000,2,5126405
7339469407124348,thread,0,trader_callback,92,4140000000,19860000000,0,11257101
7339469407124348,thread,0,trace_writer,93,4220000000,20670000000,0,9554170
7339469407124348,thread,0,latency_writer,94,5330000000,25400000000,1,1471968
7339469407124348,thread,1,account_worker,105,8190000000,14860000000,1,9694943
7339469407124348,thread,1,trader_callback,95,4900000000,24260000000,0,3058340
7339469407124348,thread,1,trace_writer,96,4800000000,23420000000,1,5879656
7339469407124348,thread,1,latency_writer,97,5120000000,25560000000,0,1333281
7339469407124348,thread,2,account_worker,106,8210000000,15810000000,2,10236365
7339469407124348,thread,2,trader_callback,98,4470000000,20640000000,0,8838016
7339469407124348,thread,2,trace_writer,99,5330000000,25990000000,0,776816
7339469407124348,thread,2,latency_writer,100,4060000000,19600000000,2,12988380
7339469407124348,thread,3,account_worker,107,11890000000,20000000000,1,88690
7339469407124348,thread,3,trader_callback,101,5190000000,24260000000,0,3255355
7339469407124348,thread,3,trace_writer,102,5540000000,26480000000,1,4972
7339469407124348,thread,3,latency_writer,103,4390000000,20390000000,0,11452535
7339469507882119,process,-1,process,91,96300000000,346400000000,31029,16
7339469507882119,thread,-1,producer,91,90000000,160000000,31029,16
7339469507882119,thread,-1,sampler,108,80000000,110000000,319,9
7339469507882119,thread,0,account_worker,104,9970000000,17850000000,2,5126407
7339469507882119,thread,0,trader_callback,92,4150000000,19930000000,0,11260138
7339469507882119,thread,0,trace_writer,93,4220000000,20720000000,0,9622679
7339469507882119,thread,0,latency_writer,94,5360000000,25470000000,1,1471969
7339469507882119,thread,1,account_worker,105,8200000000,14890000000,1,9750254
7339469507882119,thread,1,trader_callback,95,4920000000,24290000000,0,3113663
7339469507882119,thread,1,trace_writer,96,4810000000,23500000000,1,5879676
7339469507882119,thread,1,latency_writer,97,5130000000,25650000000,0,1333281
7339469507882119,thread,2,account_worker,106,8260000000,15870000000,2,10236393
7339469507882119,thread,2,trader_callback,98,4500000000,20720000000,0,8838117
7339469507882119,thread,2,trace_writer,99,5350000000,26070000000,0,776877
7339469507882119,thread,2,latency_writer,100,4070000000,19640000000,2,13056978
7339469507882119,thread,3,account_worker,107,11920000000,20070000000,1,88693
7339469507882119,thread,3,trader_callback,101,5220000000,24340000000,0,3255976
7339469507882119,thread,3,trace_writer,102,5560000000,26560000000,1,4973
7339469507882119,thread,3,latency_writer,103,4410000000,20470000000,0,11452535
7339469609097572,process,-1,process,91,96650000000,347440000000,31130,16
7339469609097572,thread,-1,producer,91,90000000,160000000,31130,16
7339469609097572,thread,-1,sampler,108,90000000,110000000,320,9
7339469609097572,thread,0,account_worker,104,10020000000,17900000000,2,5126408
7339469609097572,thread,0,trader_callback,92,4160000000,20010000000,0,11260140
7339469609097572,thread,0,trace_writer,93,4230000000,20760000000,0,9696835
7339469609097572,thread,0,latency_writer,94,5380000000,25550000000,1,1471969
7339469609097572,thread,1,account_worker,105,8210000000,14920000000,1,9806501
7339469609097572,thread,1,trader_callback,95,4930000000,24320000000,0,3169901
7339469609097572,thread,1,trace_writer,96,4830000000,23580000000,1,5879686
7339469609097572,thread,1,latency_writer,97,5150000000,25740000000,0,1333281
7339469609097572,thread,2,account_worker,106,8310000000,15910000000,2,10236393
7339469609097572,thread,2,trader_callback,98,4530000000,20790000000,0,8838218
7339469609097572,thread,2,trace_writer,99,5360000000,26160000000,0,776943
7339469609097572,thread,2,latency_writer,100,4070000000,19690000000,2,13131068
7339469609097572,thread,3,account_worker,107,11980000000,20110000000,1,88697
7339469609097572,thread,3,trader_callback,101,5240000000,24420000000,0,3255976
7339469609097572,thread,3,trace_writer,102,5580000000,26640000000,1,4974
7339469609097572,thread,3,latency_writer,103,4430000000,20560000000,0,11452535
7339469709796088,process,-1,process,91,96930000000,348550000000,31230,16
7339469709796088,thread,-1,producer,91,90000000,160000000,31230,16
7339469709796088,thread,-1,sampler,108,90000000,110000000,321,9
7339469709796088,thread,0,account_worker,104,10060000000,17950000000,2,5126408
7339469709796088,thread,0,trader_callback,92,4180000000,20080000000,0,11260141
7339469709796088,thread,0,trace_writer,93,4250000000,20800000000,0,9781724
7339469709796088,thread,0,latency_writer,94,5400000000,25630000000,1,1471971
7339469709796088,thread,1,account_worker,105,8220000000,14960000000,1,9865102
7339469709796088,thread,1,trader_callback,95,4930000000,24370000000,0,3228510
7339469709796088,thread,1,trace_writer,96,4850000000,23650000000,1,5879690
7339469709796088,thread,1,latency_writer,97,5160000000,25830000000,0,1333281
7339469709796088,thread,2,account_worker,106,8340000000,15990000000,2,10236393
7339469709796088,thread,2,trader_callback,98,4550000000,20870000000,0,8838319
7339469709796088,thread,2,trace_writer,99,5380000000,26240000000,0,776946
7339469709796088,thread,2,latency_writer,100,4070000000,19740000000,2,13215956
7339469709796088,thread,3,account_worker,107,12020000000,20170000000,1,88699
7339469709796088,thread,3,trader_callback,101,5250000000,24510000000,0,3255976
7339469709796088,thread,3,trace_writer,102,5590000000,26730000000,1,4977
7339469709796088,thread,3,latency_writer,103,4440000000,20650000000,0,11452535
7339469810617060,process,-1,process,91,97240000000,349600000000,31332,16
7339469810617060,thread,-1,producer,91,90000000,160000000,31332,16
7339469810617060,thread,-1,sampler,108,90000000,110000000,322,9
7339469810617060,thread,0,account_worker,104,10110000000,18010000000,2,5126408
7339469810617060,thread,0,trader_callback,92,4190000000,20170000000,0,11260141
7339469810617060,thread,0,trace_writer,93,4260000000,20840000000,0,9858650
7339469810617060,thread,0,latency_writer,94,5410000000,25730000000,1,1472021
7339469810617060,thread,1,account_worker,105,8230000000,15000000000,1,9911717
7339469810617060,thread,1,trader_callback,95,4940000000,24400000000,0,3277034
7339469810617060,thread,1,trace_writer,96,4870000000,23720000000,1,5879699
7339469810617060,thread,1,latency_writer,97,5160000000,25920000000,0,1333350
7339469810617060,thread,2,account_worker,106,8380000000,16040000000,2,10240152
7339469810617060,thread,2,trader_callback,98,4560000000,20960000000,0,8838420
7339469810617060,thread,2,trace_writer,99,5400000000,26320000000,0,776985
7339469810617060,thread,2,latency_writer,100,4080000000,19780000000,2,13292904
7339469810617060,thread,3,account_worker,107,12080000000,20210000000,1,88704
7339469810617060,thread,3,trader_callback,101,5270000000,24590000000,0,3255976
7339469810617060,thread,3,trace_writer,102,5610000000,26810000000,1,4978
7339469810617060,thread,3,latency_writer,103,4440000000,20740000000,0,11452535
7339469911948769,process,-1,process,91,97500000000,350630000000,31430,16
7339469911948769,thread,-1,producer,91,90000000,170000000,31430,16
7339469911948769,thread,-1,sampler,108,90000000,110000000,323,9
7339469911948769,thread,0,account_worker,104,10140000000,18080000000,2,5126409
7339469911948769,thread,0,trader_callback,92,4210000000,20240000000,0,11260173
7339469911948769,thread,0,trace_writer,93,4260000000,20890000000,0,9932161
7339469911948769,thread,0,latency_writer,94,5410000000,25820000000,1,1472028
7339469911948769,thread,1,account_worker,105,8240000000,15020000000,1,9942881
7339469911948769,thread,1,trader_callback,95,4950000000,24420000000,0,3323374
7339469911948769,thread,1,trace_writer,96,4890000000,23800000000,1,5879718
7339469911948769,thread,1,latency_writer,97,5170000000,26010000000,0,1333350
7339469911948769,thread,2,account_worker,106,8390000000,16060000000,2,10271552
7339469911948769,thread,2,trader_callback,98,4570000000,21050000000,0,8838481
7339469911948769,thread,2,trace_writer,99,5420000000,26400000000,0,776991
7339469911948769,thread,2,latency_writer,100,4090000000,19820000000,2,13366397
7339469911948769,thread,3,account_worker,107,12160000000,20230000000,1,88704
7339469911948769,thread,3,trader_callback,101,5280000000,24680000000,0,3255977
7339469911948769,thread,3,trace_writer,102,5630000000,26890000000,1,5144
7339469911948769,thread,3,latency_writer,103,4450000000,20840000000,0,11452555
7339470012631246,process,-1,process,91,97770000000,351660000000,31510,16
7339470012631246,thread,-1,producer,91,90000000,170000000,31510,16
7339470012631246,thread,-1,sampler,108,90000000,110000000,324,9
7339470012631246,thread,0,account_worker,104,10190000000,18130000000,2,5126409
7339470012631246,thread,0,trader_callback,92,4230000000,20310000000,0,11260192
7339470012631246,thread,0,trace_writer,93,4270000000,20930000000,0,10015679
7339470012631246,thread,0,latency_writer,94,5420000000,25910000000,1,1472028
7339470012631246,thread,1,account_worker,105,8250000000,15040000000,1,9981179
7339470012631246,thread,1,trader_callback,95,4950000000,24450000000,0,3377269
7339470012631246,thread,1,trace_writer,96,4910000000,23880000000,1,5879723
7339470012631246,thread,1,latency_writer,97,5190000000,26100000000,0,1333353
7339470012631246,thread,2,account_worker,106,8400000000,16090000000,2,10310104
7339470012631246,thread,2,trader_callback,98,4590000000,21130000000,0,8838482
7339470012631246,thread,2,trace_writer,99,5430000000,26480000000,0,776992
7339470012631246,thread,2,latency_writer,100,4100000000,19870000000,2,13449936
7339470012631246,thread,3,account_worker,107,12200000000,20290000000,1,88705
7339470012631246,thread,3,trader_callback,101,5290000000,24770000000,0,3255977
7339470012631246,thread,3,trace_writer,102,5640000000,26980000000,1,5148
7339470012631246,thread,3,latency_writer,103,4460000000,20930000000,0,11452555
7339470113260647,process,-1,process,91,98030000000,352700000000,31601,16
7339470113260647,thread,-1,producer,91,90000000,170000000,31601,16
7339470113260647,thread,-1,sampler,108,90000000,110000000,325,9
7339470113260647,thread,0,account_worker,104,10220000000,18200000000,2,5126410
7339470113260647,thread,0,trader_callback,92,4250000000,20390000000,0,11260202
7339470113260647,thread,0,trace_writer,93,4280000000,20960000000,0,10101988
7339470113260647,thread,0,latency_writer,94,5430000000,26000000000,1,1472035
7339470113260647,thread,1,account_worker,105,8270000000,15060000000,1,10021858
7339470113260647,thread,1,trader_callback,95,4960000000,24480000000,0,3433056
7339470113260647,thread,1,trace_writer,96,4920000000,23960000000,1,5879728
7339470113260647,thread,1,latency_writer,97,5190000000,26190000000,0,1333354
7339470113260647,thread,2,account_worker,106,8410000000,16110000000,2,10350578
7339470113260647,thread,2,trader_callback,98,4610000000,21210000000,0,8838482
7339470113260647,thread,2,trace_writer,99,5440000000,26580000000,0,776993
7339470113260647,thread,2,latency_writer,100,4110000000,19900000000,2,13536219
7339470113260647,thread,3,account_worker,107,12240000000,20350000000,1,88705
7339470113260647,thread,3,trader_callback,101,5310000000,24860000000,0,3255977
7339470113260647,thread,3,trace_writer,102,5660000000,27060000000,1,5148
7339470113260647,thread,3,latency_writer,103,4470000000,21010000000,0,11452556
7339470216026354,process,-1,process,91,98340000000,353730000000,31702,16
7339470216026354,thread,-1,producer,91,90000000,170000000,31702,16
7339470216026354,thread,-1,sampler,108,90000000,110000000,326,9
7339470216026354,thread,0,account_worker,104,10270000000,18260000000,2,5126410
7339470216026354,thread,0,trader_callback,92,4280000000,20470000000,0,11260233
7339470216026354,thread,0,trace_writer,93,4290000000,21010000000,0,10188985
7339470216026354,thread,0,latency_writer,94,5450000000,26080000000,1,1472039
7339470216026354,thread,1,account_worker,105,8280000000,15080000000,1,10061927
7339470216026354,thread,1,trader_callback,95,4960000000,24510000000,0,3488933
7339470216026354,thread,1,trace_writer,96,4930000000,24060000000,1,5879729
7339470216026354,thread,1,latency_writer,97,5220000000,26270000000,0,1333354
7339470216026354,thread,2,account_worker,106,8420000000,16130000000,2,10390574
7339470216026354,thread,2,trader_callback,98,4610000000,21310000000,0,8838482
7339470216026354,thread,2,trace_writer,99,5480000000,26640000000,0,776993
7339470216026354,thread,2,latency_writer,100,4110000000,19950000000,2,13623194
7339470216026354,thread,3,account_worker,107,12290000000,20410000000,1,88741
7339470216026354,thread,3,trader_callback,101,5320000000,24950000000,0,3255977
7339470216026354,thread,3,trace_writer,102,5680000000,27150000000,1,5148
7339470216026354,thread,3,latency_writer,103,4490000000,21100000000,0,11452557
7339470316758074,process,-1,process,91,98610000000,354760000000,31800,16
7339470316758074,thread,-1,producer,91,90000000,170000000,31800,16
7339470316758074,thread,-1,sampler,108,90000000,110000000,327,9
7339470316758074,thread,0,account_worker,104,10300000000,18320000000,2,5126411
7339470316758074,thread,0,trader_callback,92,4310000000,20530000000,0,11260336
7339470316758074,thread,0,trace_writer,93,4290000000,21060000000,0,10259874
7339470316758074,thread,0,latency_writer,94,5470000000,26160000000,1,1472045
7339470316758074,thread,1,account_worker,105,8290000000,15110000000,1,10093971
7339470316758074,thread,1,trader_callback,95,4970000000,24540000000,0,3533545
7339470316758074,thread,1,trace_writer,96,4930000000,24150000000,1,5879748
7339470316758074,thread,1,latency_writer,97,5250000000,26340000000,0,1333373
7339470316758074,thread,2,account_worker,106,8440000000,16150000000,2,10422551
7339470316758074,thread,2,trader_callback,98,4630000000,21400000000,0,8838482
7339470316758074,thread,2,trace_writer,99,5510000000,26710000000,0,777010
7339470316758074,thread,2,latency_writer,100,4130000000,19990000000,2,13694083
7339470316758074,thread,3,account_worker,107,12320000000,20470000000,1,88752
7339470316758074,thread,3,trader_callback,101,5320000000,25040000000,0,3255978
7339470316758074,thread,3,trace_writer,102,5700000000,27230000000,1,5373
7339470316758074,thread,3,latency_writer,103,4520000000,21170000000,0,11452557
7339470417905914,process,-1,process,91,98860000000,355820000000,31896,16
7339470417905914,thread,-1,producer,91,90000000,170000000,31897,16
7339470417905914,thread,-1,sampler,108,90000000,110000000,328,9
7339470417905914,thread,0,account_worker,104,10340000000,18390000000,2,5126411
7339470417905914,thread,0,trader_callback,92,4320000000,20620000000,0,11260398
7339470417905914,thread,0,trace_writer,93,4310000000,21090000000,0,10324773
7339470417905914,thread,0,latency_writer,94,5500000000,26240000000,1,1472050
7339470417905914,thread,1,account_worker,105,8290000000,15140000000,1,10125040
7339470417905914,thread,1,trader_callback,95,4980000000,24560000000,0,3577031
7339470417905914,thread,1,trace_writer,96,4950000000,24230000000,1,5879749
7339470417905914,thread,1,latency_writer,97,5260000000,26430000000,0,1333376
7339470417905914,thread,2,account_worker,106,8440000000,16180000000,2,10453336
7339470417905914,thread,2,trader_callback,98,4630000000,21500000000,0,8838482
7339470417905914,thread,2,trace_writer,99,5520000000,26800000000,0,777015
7339470417905914,thread,2,latency_writer,100,4140000000,20030000000,2,13759079
7339470417905914,thread,3,account_worker,107,12360000000,20530000000,1,88752
7339470417905914,thread,3,trader_callback,101,5340000000,25130000000,0,3255978
7339470417905914,thread,3,trace_writer,102,5710000000,27320000000,1,5373
7339470417905914,thread,3,latency_writer,103,4530000000,21260000000,0,11452557
7339470518650626,process,-1,process,91,99150000000,356840000000,31979,16
7339470518650626,thread,-1,producer,91,90000000,170000000,31979,16
7339470518650626,thread,-1,sampler,108,90000000,110000000,329,9
7339470518650626,thread,0,account_worker,104,10380000000,18440000000,2,5126411
7339470518650626,thread,0,trader_callback,92,4350000000,20690000000,0,11260592
7339470518650626,thread,0,trace_writer,93,4320000000,21130000000,0,10407367
7339470518650626,thread,0,latency_writer,94,5510000000,26330000000,1,1472050
7339470518650626,thread,1,account_worker,105,8300000000,15160000000,1,10164945
7339470518650626,thread,1,trader_callback,95,4990000000,24580000000,0,3632600
7339470518650626,thread,1,trace_writer,96,4970000000,24320000000,1,5879751
7339470518650626,thread,1,latency_writer,97,5270000000,26530000000,0,1333376
7339470518650626,thread,2,account_worker,106,8460000000,16190000000,2,10493500
7339470518650626,thread,2,trader_callback,98,4650000000,21580000000,0,8838482
7339470518650626,thread,2,trace_writer,99,5520000000,26900000000,0,777016
7339470518650626,thread,2,latency_writer,100,4140000000,20080000000,2,13841694
7339470518650626,thread,3,account_worker,107,12400000000,20590000000,1,88754
7339470518650626,thread,3,trader_callback,101,5360000000,25210000000,0,3255980
7339470518650626,thread,3,trace_writer,102,5730000000,27400000000,1,5373
7339470518650626,thread,3,latency_writer,103,4550000000,21340000000,0,11452557
7339470619916607,process,-1,process,91,99440000000,357860000000,32081,16
7339470619916607,thread,-1,producer,91,90000000,170000000,32081,16
7339470619916607,thread,-1,sampler,108,90000000,110000000,330,9
7339470619916607,thread,0,account_worker,104,10420000000,18510000000,2,5126412
7339470619916607,thread,0,trader_callback,92,4370000000,20760000000,0,11262434
7339470619916607,thread,0,trace_writer,93,4320000000,21180000000,0,10474089
7339470619916607,thread,0,latency_writer,94,5530000000,26410000000,1,1472050
7339470619916607,thread,1,account_worker,105,8310000000,15180000000,1,10196859
7339470619916607,thread,1,trader_callback,95,5000000000,24610000000,0,3677282
7339470619916607,thread,1,trace_writer,96,4980000000,24410000000,1,5879786
7339470619916607,thread,1,latency_writer,97,5270000000,26620000000,0,1333376
7339470619916607,thread,2,account_worker,106,8470000000,16220000000,2,10525204
7339470619916607,thread,2,trader_callback,98,4680000000,21650000000,0,8838482
7339470619916607,thread,2,trace_writer,99,5530000000,26990000000,0,777016
7339470619916607,thread,2,latency_writer,100,4150000000,20120000000,2,13908393
7339470619916607,thread,3,account_worker,107,12450000000,20650000000,1,88763
7339470619916607,thread,3,trader_callback,101,5380000000,25290000000,0,3255980
7339470619916607,thread,3,trace_writer,102,5770000000,27460000000,1,5382
7339470619916607,thread,3,latency_writer,103,4550000000,21440000000,0,11452558
7339470721143464,process,-1,process,91,99650000000,358940000000,32179,16
7339470721143464,thread,-1,producer,91,90000000,170000000,32179,16
7339470721143464,thread,-1,sampler,108,90000000,110000000,331,9
7339470721143464,thread,0,account_worker,104,10440000000,18580000000,2,5126412
7339470721143464,thread,0,trader_callback,92,4390000000,20830000000,0,11264221
7339470721143464,thread,0,trace_writer,93,4330000000,21220000000,0,10537975
7339470721143464,thread,0,latency_writer,94,5540000000,26500000000,1,1472052
7339470721143464,thread,1,account_worker,105,8320000000,15210000000,1,10228108
7339470721143464,thread,1,trader_callback,95,5010000000,24630000000,0,3720475
7339470721143464,thread,1,trace_writer,96,4990000000,24490000000,1,5879891
7339470721143464,thread,1,latency_writer,97,5280000000,26710000000,0,1333379
7339470721143464,thread,2,account_worker,106,8490000000,16240000000,2,10556489
7339470721143464,thread,2,trader_callback,98,4700000000,21730000000,0,8838551
7339470721143464,thread,2,trace_writer,99,5550000000,27070000000,0,777016
7339470721143464,thread,2,latency_writer,100,4150000000,20170000000,2,13972214
7339470721143464,thread,3,account_worker,107,12480000000,20720000000,1,88764
7339470721143464,thread,3,trader_callback,101,5400000000,25370000000,0,3255980
7339470721143464,thread,3,trace_writer,102,5770000000,27560000000,1,5388
7339470721143464,thread,3,latency_writer,103,4570000000,21530000000,0,11452559
7339470821938707,process,-1,process,91,99920000000,359960000000,32277,16
7339470821938707,thread,-1,producer,91,90000000,170000000,32277,16
7339470821938707,thread,-1,sampler,108,90000000,110000000,332,9
7339470821938707,thread,0,account_worker,104,10480000000,18650000000,2,5126422
7339470821938707,thread,0,trader_callback,92,4410000000,20910000000,0,11265249
7339470821938707,thread,0,trace_writer,93,4340000000,21260000000,0,10600996
7339470821938707,thread,0,latency_writer,94,5550000000,26590000000,1,1472093
7339470821938707,thread,1,account_worker,105,8330000000,15230000000,1,10258681
7339470821938707,thread,1,trader_callback,95,5010000000,24660000000,0,3762238
7339470821938707,thread,1,trace_writer,96,5010000000,24570000000,1,5880000
7339470821938707,thread,1,latency_writer,97,5300000000,26790000000,0,1333445
7339470821938707,thread,2,account_worker,106,8490000000,16270000000,2,10586521
7339470821938707,thread,2,trader_callback,98,4720000000,21810000000,0,8838552
7339470821938707,thread,2,trace_writer,99,5560000000,27160000000,0,777061
7339470821938707,thread,2,latency_writer,100,4160000000,20210000000,2,14035223
7339470821938707,thread,3,account_worker,107,12510000000,20790000000,1,88769
7339470821938707,thread,3,trader_callback,101,5420000000,25440000000,0,3255993
7339470821938707,thread,3,trace_writer,102,5790000000,27640000000,1,5390
7339470821938707,thread,3,latency_writer,103,4580000000,21610000000,0,11452559
7339470922718238,process,-1,process,91,100140000000,360950000000,32376,16
7339470922718238,thread,-1,producer,91,90000000,170000000,32376,16
7339470922718238,thread,-1,sampler,108,90000000,110000000,333,9
7339470922718238,thread,0,account_worker,104,10490000000,18690000000,2,5168837
7339470922718238,thread,0,trader_callback,92,4420000000,21000000000,0,11265251
7339470922718238,thread,0,trace_writer,93,4350000000,21300000000,0,10667239
7339470922718238,thread,0,latency_writer,94,5560000000,26680000000,1,1472096
7339470922718238,thread,1,account_worker,105,8350000000,15260000000,1,10304400
7339470922718238,thread,1,trader_callback,95,5030000000,24700000000,0,3809223
7339470922718238,thread,1,trace_writer,96,5010000000,24610000000,1,5936946
7339470922718238,thread,1,latency_writer,97,5310000000,26840000000,0,1390411
7339470922718238,thread,2,account_worker,106,8490000000,16320000000,3,10632328
7339470922718238,thread,2,trader_callback,98,4740000000,21890000000,0,8839259
7339470922718238,thread,2,trace_writer,99,5580000000,27240000000,0,777062
7339470922718238,thread,2,latency_writer,100,4160000000,20250000000,2,14101545
7339470922718238,thread,3,account_worker,107,12540000000,20860000000,1,89504
7339470922718238,thread,3,trader_callback,101,5440000000,25520000000,0,3255999
7339470922718238,thread,3,trace_writer,102,5810000000,27720000000,1,5394
7339470922718238,thread,3,latency_writer,103,4600000000,21690000000,0,11452559
7339471023676455,process,-1,process,91,100400000000,361900000000,32471,17
7339471023676455,thread,-1,producer,91,90000000,170000000,32471,17
7339471023676455,thread,-1,sampler,108,90000000,110000000,334,9
7339471023676455,thread,0,account_worker,104,10510000000,18730000000,2,5221527
7339471023676455,thread,0,trader_callback,92,4440000000,21070000000,0,11266155
7339471023676455,thread,0,trace_writer,93,4360000000,21340000000,0,10739970
7339471023676455,thread,0,latency_writer,94,5580000000,26740000000,1,1480357
7339471023676455,thread,1,account_worker,105,8370000000,15290000000,1,10353781
7339471023676455,thread,1,trader_callback,95,5040000000,24740000000,0,3858602
7339471023676455,thread,1,trace_writer,96,5030000000,24660000000,1,5957948
7339471023676455,thread,1,latency_writer,97,5330000000,26880000000,0,1411612
7339471023676455,thread,2,account_worker,106,8510000000,16340000000,3,10685084
7339471023676455,thread,2,trader_callback,98,4760000000,21970000000,0,8839260
7339471023676455,thread,2,trace_writer,99,5600000000,27330000000,0,777062
7339471023676455,thread,2,latency_writer,100,4170000000,20300000000,2,14174345
7339471023676455,thread,3,account_worker,107,12580000000,20920000000,1,90375
7339471023676455,thread,3,trader_callback,101,5460000000,25600000000,0,3255999
7339471023676455,thread,3,trace_writer,102,5820000000,27810000000,1,5395
7339471023676455,thread,3,latency_writer,103,4610000000,21790000000,0,11452559
7339471124686110,process,-1,process,91,100670000000,362930000000,32562,17
7339471124686110,thread,-1,producer,91,90000000,170000000,32562,17
7339471124686110,thread,-1,sampler,108,90000000,110000000,335,10
7339471124686110,thread,0,account_worker,104,10530000000,18760000000,2,5276102
7339471124686110,thread,0,trader_callback,92,4450000000,21130000000,0,11304614
7339471124686110,thread,0,trace_writer,93,4370000000,21380000000,0,10805027
7339471124686110,thread,0,latency_writer,94,5590000000,26830000000,1,1480367
7339471124686110,thread,1,account_worker,105,8380000000,15330000000,1,10404652
7339471124686110,thread,1,trader_callback,95,5050000000,24810000000,0,3870958
7339471124686110,thread,1,trace_writer,96,5060000000,24730000000,1,5957953
7339471124686110,thread,1,latency_writer,97,5350000000,26960000000,0,1411620
7339471124686110,thread,2,account_worker,106,8520000000,16390000000,3,10739553
7339471124686110,thread,2,trader_callback,98,4770000000,22060000000,0,8839260
7339471124686110,thread,2,trace_writer,99,5610000000,27410000000,0,777066
7339471124686110,thread,2,latency_writer,100,4180000000,20340000000,2,14239237
7339471124686110,thread,3,account_worker,107,12630000000,20970000000,1,90375
7339471124686110,thread,3,trader_callback,101,5470000000,25690000000,0,3255999
7339471124686110,thread,3,trace_writer,102,5850000000,27880000000,1,5395
7339471124686110,thread,3,latency_writer,103,4630000000,21870000000,0,11453012
7339471225386848,process,-1,process,91,100920000000,363950000000,32623,17
7339471225386848,thread,-1,producer,91,90000000,170000000,32623,17
7339471225386848,thread,-1,sampler,108,90000000,110000000,336,10
7339471225386848,thread,0,account_worker,104,10550000000,18790000000,2,5329093
7339471225386848,thread,0,trader_callback,92,4460000000,21170000000,0,11358958
7339471225386848,thread,0,trace_writer,93,4380000000,21420000000,0,10871872
7339471225386848,thread,0,latency_writer,94,5590000000,26900000000,1,1511910
7339471225386848,thread,1,account_worker,105,8390000000,15380000000,1,10459000
7339471225386848,thread,1,trader_callback,95,5060000000,24900000000,0,3870960
7339471225386848,thread,1,trace_writer,96,5070000000,24820000000,1,5957958
7339471225386848,thread,1,latency_writer,97,5370000000,27010000000,0,1443239
7339471225386848,thread,2,account_worker,106,8540000000,16420000000,3,10792582
7339471225386848,thread,2,trader_callback,98,4790000000,22150000000,0,8839260
7339471225386848,thread,2,trace_writer,99,5650000000,27480000000,0,777066
7339471225386848,thread,2,latency_writer,100,4180000000,20390000000,2,14306129
7339471225386848,thread,3,account_worker,107,12660000000,21040000000,1,90380
7339471225386848,thread,3,trader_callback,101,5480000000,25780000000,0,3256000
7339471225386848,thread,3,trace_writer,102,5860000000,27970000000,1,5395
7339471225386848,thread,3,latency_writer,103,4640000000,21950000000,0,11453013
7339471326219840,process,-1,process,91,101120000000,364940000000,32713,18
7339471326219840,thread,-1,producer,91,90000000,170000000,32713,18
7339471326219840,thread,-1,sampler,108,90000000,120000000,337,10
7339471326219840,thread,0,account_worker,104,10560000000,18830000000,2,5382165
7339471326219840,thread,0,trader_callback,92,4460000000,21210000000,0,11412999
7339471326219840,thread,0,trace_writer,93,4390000000,21460000000,0,10938374
7339471326219840,thread,0,latency_writer,94,5600000000,26950000000,1,1576877
7339471326219840,thread,1,account_worker,105,8400000000,15420000000,1,10513035
7339471326219840,thread,1,trader_callback,95,5080000000,24980000000,0,3870977
7339471326219840,thread,1,trace_writer,96,5090000000,24890000000,1,5957964
7339471326219840,thread,1,latency_writer,97,5390000000,27050000000,0,1508193
7339471326219840,thread,2,account_worker,106,8540000000,16470000000,3,10845622
7339471326219840,thread,2,trader_callback,98,4800000000,22240000000,0,8839260
7339471326219840,thread,2,trace_writer,99,5660000000,27570000000,0,777103
7339471326219840,thread,2,latency_writer,100,4190000000,20430000000,2,14372617
7339471326219840,thread,3,account_worker,107,12700000000,21100000000,1,90385
7339471326219840,thread,3,trader_callback,101,5490000000,25880000000,0,3256001
7339471326219840,thread,3,trace_writer,102,5880000000,28060000000,1,5399
7339471326219840,thread,3,latency_writer,103,4660000000,22030000000,0,11453015
7339471426988084,process,-1,process,91,101370000000,365880000000,32763,18
7339471426988084,thread,-1,producer,91,90000000,170000000,32763,18
7339471426988084,thread,-1,sampler,108,90000000,120000000,338,10
7339471426988084,thread,0,account_worker,104,10570000000,18870000000,2,5433680
7339471426988084,thread,0,trader_callback,92,4470000000,21260000000,0,11465978
7339471426988084,thread,0,trace_writer,93,4400000000,21510000000,0,11005475
7339471426988084,thread,0,latency_writer,94,5600000000,26980000000,1,1630490
7339471426988084,thread,1,account_worker,105,8420000000,15450000000,1,10566004
7339471426988084,thread,1,trader_callback,95,5090000000,25070000000,0,3870978
7339471426988084,thread,1,trace_writer,96,5100000000,24980000000,1,5957969
7339471426988084,thread,1,latency_writer,97,5390000000,27080000000,0,1561822
7339471426988084,thread,2,account_worker,106,8560000000,16500000000,3,10897057
7339471426988084,thread,2,trader_callback,98,4820000000,22320000000,0,8839260
7339471426988084,thread,2,trace_writer,99,5680000000,27650000000,0,777105
7339471426988084,thread,2,latency_writer,100,4200000000,20470000000,2,14439752
7339471426988084,thread,3,account_worker,107,12750000000,21150000000,1,90386
7339471426988084,thread,3,trader_callback,101,5500000000,25960000000,0,3256002
7339471426988084,thread,3,trace_writer,102,5890000000,28150000000,1,5400
7339471426988084,thread,3,latency_writer,103,4690000000,22110000000,0,11453015
7339471527725809,process,-1,process,91,101580000000,366870000000,32851,18
7339471527725809,thread,-1,producer,91,90000000,170000000,32851,18
7339471527725809,thread,-1,sampler,108,90000000,120000000,339,10
7339471527725809,thread,0,account_worker,104,10580000000,18900000000,2,5487420
7339471527725809,thread,0,trader_callback,92,4470000000,21310000000,0,11519798
7339471527725809,thread,0,trace_writer,93,4410000000,21540000000,0,11076609
7339471527725809,thread,0,latency_writer,94,5610000000,27020000000,1,1701407
7339471527725809,thread,1,account_worker,105,8420000000,15490000000,1,10619870
7339471527725809,thread,1,trader_callback,95,5100000000,25150000000,0,3870979
7339471527725809,thread,1,trace_writer,96,5110000000,25070000000,1,5957972
7339471527725809,thread,1,latency_writer,97,5390000000,27130000000,0,1632766
7339471527725809,thread,2,account_worker,106,8580000000,16530000000,3,10950904
7339471527725809,thread,2,trader_callback,98,4830000000,22410000000,0,8839260
7339471527725809,thread,2,trace_writer,99,5690000000,27740000000,0,777105
7339471527725809,thread,2,latency_writer,100,4210000000,20500000000,2,14510848
7339471527725809,thread,3,account_worker,107,12790000000,21210000000,1,90386
7339471527725809,thread,3,trader_callback,101,5510000000,26050000000,0,3256002
7339471527725809,thread,3,trace_writer,102,5900000000,28230000000,1,5400
7339471527725809,thread,3,latency_writer,103,4710000000,22190000000,0,11453015
7339471628506609,process,-1,process,91,101800000000,367780000000,32952,18
7339471628506609,thread,-1,producer,91,90000000,170000000,32952,18
7339471628506609,thread,-1,sampler,108,90000000,120000000,340,10
7339471628506609,thread,0,account_worker,104,10600000000,18940000000,2,5531247
7339471628506609,thread,0,trader_callback,92,4490000000,21340000000,0,11584821
7339471628506609,thread,0,trace_writer,93,4410000000,21590000000,0,11157925
7339471628506609,thread,0,latency_writer,94,5610000000,27070000000,1,1771561
7339471628506609,thread,1,account_worker,105,8440000000,15530000000,1,10684890
7339471628506609,thread,1,trader_callback,95,5110000000,25250000000,0,3870980
7339471628506609,thread,1,trace_writer,96,5130000000,25160000000,1,5958007
7339471628506609,thread,1,latency_writer,97,5400000000,27170000000,0,1702235
7339471628506609,thread,2,account_worker,106,8600000000,16560000000,3,10994699
7339471628506609,thread,2,trader_callback,98,4840000000,22470000000,0,8893891
7339471628506609,thread,2,trace_writer,99,5720000000,27810000000,0,777105
7339471628506609,thread,2,latency_writer,100,4230000000,20530000000,2,14592257
7339471628506609,thread,3,account_worker,107,12810000000,21290000000,1,90386
7339471628506609,thread,3,trader_callback,101,5520000000,26110000000,0,3311452
7339471628506609,thread,3,trace_writer,102,5910000000,28320000000,1,5400
7339471628506609,thread,3,latency_writer,103,4730000000,22270000000,0,11453015
7339471729306927,process,-1,process,91,102080000000,368610000000,33051,18
7339471729306927,thread,-1,producer,91,90000000,170000000,33051,18
7339471729306927,thread,-1,sampler,108,90000000,120000000,341,10
7339471729306927,thread,0,account_worker,104,10610000000,18980000000,2,5571835
7339471729306927,thread,0,trader_callback,92,4500000000,21380000000,0,11646602
7339471729306927,thread,0,trace_writer,93,4430000000,21630000000,0,11235989
7339471729306927,thread,0,latency_writer,94,5620000000,27100000000,1,1858538
7339471729306927,thread,1,account_worker,105,8470000000,15540000000,1,10746645
7339471729306927,thread,1,trader_callback,95,5120000000,25340000000,0,3870981
7339471729306927,thread,1,trace_writer,96,5150000000,25240000000,1,5958009
7339471729306927,thread,1,latency_writer,97,5410000000,27210000000,0,1784632
7339471729306927,thread,2,account_worker,106,8620000000,16590000000,3,11035242
7339471729306927,thread,2,trader_callback,98,4840000000,22510000000,0,8976270
7339471729306927,thread,2,trace_writer,99,5750000000,27880000000,0,777105
7339471729306927,thread,2,latency_writer,100,4250000000,20560000000,2,14670224
7339471729306927,thread,3,account_worker,107,12850000000,21350000000,1,90391
7339471729306927,thread,3,trader_callback,101,5530000000,26160000000,0,3398331
7339471729306927,thread,3,trace_writer,102,5930000000,28400000000,1,5403
7339471729306927,thread,3,latency_writer,103,4750000000,22350000000,0,11453015
7339471829877128,process,-1,process,91,102290000000,369500000000,33136,18
7339471829877128,thread,-1,producer,91,90000000,170000000,33136,18
7339471829877128,thread,-1,sampler,108,90000000,120000000,342,10
7339471829877128,thread,0,account_worker,104,10610000000,19020000000,2,5611795
7339471829877128,thread,0,trader_callback,92,4500000000,21430000000,0,11708330
7339471829877128,thread,0,trace_writer,93,4430000000,21670000000,0,11315292
7339471829877128,thread,0,latency_writer,94,5630000000,27140000000,1,1937095
7339471829877128,thread,1,account_worker,105,8490000000,15580000000,1,10808322
7339471829877128,thread,1,trader_callback,95,5140000000,25420000000,0,3870982
7339471829877128,thread,1,trace_writer,96,5160000000,25320000000,1,5958011
7339471829877128,thread,1,latency_writer,97,5420000000,27250000000,0,1863364
7339471829877128,thread,2,account_worker,106,8630000000,16630000000,3,11075126
7339471829877128,thread,2,trader_callback,98,4850000000,22550000000,0,9055003
7339471829877128,thread,2,trace_writer,99,5760000000,27970000000,0,777105
7339471829877128,thread,2,latency_writer,100,4260000000,20600000000,2,14749519
7339471829877128,thread,3,account_worker,107,12890000000,21410000000,1,90392
7339471829877128,thread,3,trader_callback,101,5540000000,26200000000,0,3476870
7339471829877128,thread,3,trace_writer,102,5950000000,28490000000,1,5403
7339471829877128,thread,3,latency_writer,103,4760000000,22440000000,0,11453015
7339471931625458,process,-1,process,91,102570000000,370330000000,33229,18
7339471931625458,thread,-1,producer,91,90000000,170000000,33229,18
7339471931625458,thread,-1,sampler,108,90000000,120000000,343,10
7339471931625458,thread,0,account_worker,104,10630000000,19060000000,2,5652134
7339471931625458,thread,0,trader_callback,92,4530000000,21450000000,0,11772388
7339471931625458,thread,0,trace_writer,93,4450000000,21700000000,0,11393961
7339471931625458,thread,0,latency_writer,94,5640000000,27190000000,1,2017382
7339471931625458,thread,1,account_worker,105,8510000000,15600000000,1,10872421
7339471931625458,thread,1,trader_callback,95,5140000000,25520000000,0,3870986
7339471931625458,thread,1,trace_writer,96,5190000000,25390000000,1,5958013
7339471931625458,thread,1,latency_writer,97,5420000000,27290000000,0,1944396
7339471931625458,thread,2,account_worker,106,8650000000,16660000000,3,11115583
7339471931625458,thread,2,trader_callback,98,4860000000,22600000000,0,9136030
7339471931625458,thread,2,trace_writer,99,5780000000,28060000000,0,777106
7339471931625458,thread,2,latency_writer,100,4270000000,20650000000,2,14828185
7339471931625458,thread,3,account_worker,107,12940000000,21460000000,1,90392
7339471931625458,thread,3,trader_callback,101,5560000000,26220000000,0,3557146
7339471931625458,thread,3,trace_writer,102,5970000000,28570000000,1,5404
7339471931625458,thread,3,latency_writer,103,4770000000,22530000000,0,11453015
7339472032368005,process,-1,process,91,102880000000,371130000000,33314,18
7339472032368005,thread,-1,producer,91,90000000,170000000,33314,18
7339472032368005,thread,-1,sampler,108,90000000,120000000,344,10
7339472032368005,thread,0,account_worker,104,10650000000,19090000000,2,5691792
7339472032368005,thread,0,trader_callback,92,4530000000,21500000000,0,11835531
7339472032368005,thread,0,trace_writer,93,4470000000,21740000000,0,11474687
7339472032368005,thread,0,latency_writer,94,5650000000,27230000000,1,2100212
7339472032368005,thread,1,account_worker,105,8540000000,15630000000,1,10935575
7339472032368005,thread,1,trader_callback,95,5180000000,25580000000,0,3870995
7339472032368005,thread,1,trace_writer,96,5210000000,25460000000,1,5958013
7339472032368005,thread,1,latency_writer,97,5440000000,27320000000,0,2025012
7339472032368005,thread,2,account_worker,106,8680000000,16690000000,3,11155206
7339472032368005,thread,2,trader_callback,98,4870000000,22640000000,0,9216651
7339472032368005,thread,2,trace_writer,99,5790000000,28140000000,0,777110
7339472032368005,thread,2,latency_writer,100,4270000000,20700000000,2,14908925
7339472032368005,thread,3,account_worker,107,13000000000,21510000000,1,90396
7339472032368005,thread,3,trader_callback,101,5560000000,26270000000,0,3640002
7339472032368005,thread,3,trace_writer,102,6000000000,28640000000,1,5406
7339472032368005,thread,3,latency_writer,103,4790000000,22610000000,0,11453015
7339472133483960,process,-1,process,91,103060000000,372070000000,33415,18
7339472133483960,thread,-1,producer,91,90000000,170000000,33415,18
7339472133483960,thread,-1,sampler,108,90000000,120000000,345,10
7339472133483960,thread,0,account_worker,104,10670000000,19120000000,2,5733196
7339472133483960,thread,0,trader_callback,92,4550000000,21530000000,0,11898721
7339472133483960,thread,0,trace_writer,93,4470000000,21790000000,0,11556267
7339472133483960,thread,0,latency_writer,94,5660000000,27260000000,1,2181142
7339472133483960,thread,1,account_worker,105,8550000000,15670000000,1,10998768
7339472133483960,thread,1,trader_callback,95,5200000000,25660000000,0,3870996
7339472133483960,thread,1,trace_writer,96,5220000000,25560000000,1,5958013
7339472133483960,thread,1,latency_writer,97,5440000000,27370000000,0,2104437
7339472133483960,thread,2,account_worker,106,8690000000,16730000000,3,11196653
7339472133483960,thread,2,trader_callback,98,4890000000,22670000000,0,9296076
7339472133483960,thread,2,trace_writer,99,5810000000,28220000000,0,777111
7339472133483960,thread,2,latency_writer,100,4280000000,20740000000,2,14990532
7339472133483960,thread,3,account_worker,107,13020000000,21590000000,1,90399
7339472133483960,thread,3,trader_callback,101,5560000000,26320000000,0,3720926
7339472133483960,thread,3,trace_writer,102,6020000000,28730000000,1,5410
7339472133483960,thread,3,latency_writer,103,4790000000,22710000000,0,11453017
7339472238593885,process,-1,process,91,103290000000,372990000000,33518,18
7339472238593885,thread,-1,producer,91,90000000,180000000,33518,18
7339472238593885,thread,-1,sampler,108,90000000,120000000,346,10
7339472238593885,thread,0,account_worker,104,10680000000,19160000000,2,5775074
7339472238593885,thread,0,trader_callback,92,4560000000,21580000000,0,11954237
7339472238593885,thread,0,trace_writer,93,4480000000,21830000000,0,11628296
7339472238593885,thread,0,latency_writer,94,5670000000,27310000000,1,2252732
7339472238593885,thread,1,account_worker,105,8550000000,15720000000,1,11054284
7339472238593885,thread,1,trader_callback,95,5220000000,25740000000,0,3870996
7339472238593885,thread,1,trace_writer,96,5250000000,25630000000,1,5958993
7339472238593885,thread,1,latency_writer,97,5440000000,27420000000,0,2173310
7339472238593885,thread,2,account_worker,106,8700000000,16760000000,3,11238522
7339472238593885,thread,2,trader_callback,98,4890000000,22710000000,0,9364946
7339472238593885,thread,2,trace_writer,99,5810000000,28330000000,0,777116
7339472238593885,thread,2,latency_writer,100,4290000000,20790000000,2,15062543
7339472238593885,thread,3,account_worker,107,13070000000,21650000000,1,90408
7339472238593885,thread,3,trader_callback,101,5580000000,26360000000,0,3792515
7339472238593885,thread,3,trace_writer,102,6030000000,28810000000,1,5416
7339472238593885,thread,3,latency_writer,103,4810000000,22800000000,0,11453017
7339472339350678,process,-1,process,91,103490000000,373930000000,33618,18
7339472339350678,thread,-1,producer,91,90000000,180000000,33618,18
7339472339350678,thread,-1,sampler,108,90000000,120000000,347,10
7339472339350678,thread,0,account_worker,104,10700000000,19210000000,2,5795484
7339472339350678,thread,0,trader_callback,92,4570000000,21610000000,0,12009960
7339472339350678,thread,0,trace_writer,93,4480000000,21880000000,0,11697531
7339472339350678,thread,0,latency_writer,94,5680000000,27350000000,1,2315369
7339472339350678,thread,1,account_worker,105,8560000000,15760000000,1,11110003
7339472339350678,thread,1,trader_callback,95,5240000000,25830000000,0,3871202
7339472339350678,thread,1,trace_writer,96,5260000000,25710000000,1,5959881
7339472339350678,thread,1,latency_writer,97,5450000000,27470000000,0,2241277
7339472339350678,thread,2,account_worker,106,8720000000,16820000000,3,11258205
7339472339350678,thread,2,trader_callback,98,4900000000,22760000000,0,9432916
7339472339350678,thread,2,trace_writer,99,5820000000,28410000000,0,777172
7339472339350678,thread,2,latency_writer,100,4290000000,20830000000,2,15131763
7339472339350678,thread,3,account_worker,107,13110000000,21700000000,1,90415
7339472339350678,thread,3,trader_callback,101,5590000000,26390000000,0,3854959
7339472339350678,thread,3,trace_writer,102,6040000000,28900000000,1,5422
7339472339350678,thread,3,latency_writer,103,4820000000,22890000000,0,11453017
7339472440147264,process,-1,process,91,103760000000,374870000000,33712,18
7339472440147264,thread,-1,producer,91,90000000,180000000,33712,18
7339472440147264,thread,-1,sampler,108,90000000,120000000,348,10
7339472440147264,thread,0,account_worker,104,10730000000,19260000000,2,5796626
7339472440147264,thread,0,trader_callback,92,4580000000,21650000000,0,12065109
7339472440147264,thread,0,trace_writer,93,4490000000,21920000000,0,11765182
7339472440147264,thread,0,latency_writer,94,5680000000,27400000000,1,2315645
7339472440147264,thread,1,account_worker,105,8570000000,15800000000,1,11165141
7339472440147264,thread,1,trader_callback,95,5250000000,25910000000,0,3871620
7339472440147264,thread,1,trace_writer,96,5270000000,25800000000,1,5959888
7339472440147264,thread,1,latency_writer,97,5460000000,27510000000,0,2309278
7339472440147264,thread,2,account_worker,106,8750000000,16890000000,3,11258900
7339472440147264,thread,2,trader_callback,98,4910000000,22800000000,0,9500913
7339472440147264,thread,2,trace_writer,99,5840000000,28500000000,0,777172
7339472440147264,thread,2,latency_writer,100,4300000000,20880000000,2,15199432
7339472440147264,thread,3,account_worker,107,13160000000,21750000000,1,90419
7339472440147264,thread,3,trader_callback,101,5610000000,26440000000,0,3855798
7339472440147264,thread,3,trace_writer,102,6060000000,28990000000,1,5562
7339472440147264,thread,3,latency_writer,103,4840000000,22970000000,0,11453134
7339472540910756,process,-1,process,91,104020000000,375860000000,33810,18
7339472540910756,thread,-1,producer,91,90000000,180000000,33810,18
7339472540910756,thread,-1,sampler,108,90000000,120000000,349,10
7339472540910756,thread,0,account_worker,104,10770000000,19320000000,2,5796746
7339472540910756,thread,0,trader_callback,92,4580000000,21700000000,0,12113274
7339472540910756,thread,0,trace_writer,93,4500000000,21960000000,0,11839529
7339472540910756,thread,0,latency_writer,94,5690000000,27480000000,1,2318028
7339472540910756,thread,1,account_worker,105,8580000000,15850000000,1,11213309
7339472540910756,thread,1,trader_callback,95,5270000000,25990000000,0,3874082
7339472540910756,thread,1,trace_writer,96,5300000000,25870000000,1,5959978
7339472540910756,thread,1,latency_writer,97,5460000000,27550000000,0,2380087
7339472540910756,thread,2,account_worker,106,8780000000,16960000000,3,11259441
7339472540910756,thread,2,trader_callback,98,4920000000,22840000000,0,9571723
7339472540910756,thread,2,trace_writer,99,5840000000,28590000000,0,777172
7339472540910756,thread,2,latency_writer,100,4310000000,20920000000,2,15273763
7339472540910756,thread,3,account_worker,107,13200000000,21810000000,1,90425
7339472540910756,thread,3,trader_callback,101,5620000000,26520000000,0,3859611
7339472540910756,thread,3,trace_writer,102,6070000000,29060000000,1,6504
7339472540910756,thread,3,latency_writer,103,4860000000,23050000000,0,11453134
7339472641625180,process,-1,process,91,104300000000,376830000000,33911,18
7339472641625180,thread,-1,producer,91,90000000,180000000,33911,18
7339472641625180,thread,-1,sampler,108,90000000,120000000,350,10
7339472641625180,thread,0,account_worker,104,10790000000,19360000000,2,5809881
7339472641625180,thread,0,trader_callback,92,4590000000,21740000000,0,12152528
7339472641625180,thread,0,trace_writer,93,4500000000,22010000000,0,11909103
7339472641625180,thread,0,latency_writer,94,5720000000,27560000000,1,2318033
7339472641625180,thread,1,account_worker,105,8600000000,15870000000,1,11252372
7339472641625180,thread,1,trader_callback,95,5290000000,26070000000,0,3875080
7339472641625180,thread,1,trace_writer,96,5300000000,25970000000,1,5959979
7339472641625180,thread,1,latency_writer,97,5470000000,27590000000,0,2443212
7339472641625180,thread,2,account_worker,106,8810000000,17030000000,3,11259443
7339472641625180,thread,2,trader_callback,98,4930000000,22880000000,0,9634849
7339472641625180,thread,2,trace_writer,99,5870000000,28670000000,0,777175
7339472641625180,thread,2,latency_writer,100,4320000000,20960000000,2,15343297
7339472641625180,thread,3,account_worker,107,13250000000,21860000000,1,90432
7339472641625180,thread,3,trader_callback,101,5650000000,26590000000,0,3861774
7339472641625180,thread,3,trace_writer,102,6080000000,29150000000,1,7950
7339472641625180,thread,3,latency_writer,103,4880000000,23110000000,0,11463866
7339472742379064,process,-1,process,91,104550000000,377860000000,34012,18
7339472742379064,thread,-1,producer,91,90000000,180000000,34012,18
7339472742379064,thread,-1,sampler,108,90000000,120000000,351,10
7339472742379064,thread,0,account_worker,104,10810000000,19430000000,2,5814126
7339472742379064,thread,0,trader_callback,92,4600000000,21780000000,0,12200635
7339472742379064,thread,0,trace_writer,93,4500000000,22060000000,0,11967535
7339472742379064,thread,0,latency_writer,94,5740000000,27640000000,1,2318549
7339472742379064,thread,1,account_worker,105,8610000000,15910000000,1,11300489
7339472742379064,thread,1,trader_callback,95,5310000000,26150000000,0,3877266
7339472742379064,thread,1,trace_writer,96,5320000000,26050000000,1,5960038
7339472742379064,thread,1,latency_writer,97,5490000000,27630000000,0,2507611
7339472742379064,thread,2,account_worker,106,8830000000,17100000000,3,11260353
7339472742379064,thread,2,trader_callback,98,4940000000,22930000000,0,9699236
7339472742379064,thread,2,trace_writer,99,5880000000,28760000000,0,777176
7339472742379064,thread,2,latency_writer,100,4330000000,21000000000,2,15401754
7339472742379064,thread,3,account_worker,107,13290000000,21920000000,1,90437
7339472742379064,thread,3,trader_callback,101,5660000000,26680000000,0,3861774
7339472742379064,thread,3,trace_writer,102,6090000000,29240000000,1,9401
7339472742379064,thread,3,latency_writer,103,4900000000,23190000000,0,11463866
7339472843149216,process,-1,process,91,104770000000,378900000000,34111,18
7339472843149216,thread,-1,producer,91,90000000,180000000,34111,18
7339472843149216,thread,-1,sampler,108,90000000,130000000,352,10
7339472843149216,thread,0,account_worker,104,10840000000,19490000000,2,5817406
7339472843149216,thread,0,trader_callback,92,4620000000,21810000000,0,12254569
7339472843149216,thread,0,trace_writer,93,4510000000,22100000000,0,12030211
7339472843149216,thread,0,latency_writer,94,5760000000,27690000000,1,2318800
7339472843149216,thread,1,account_worker,105,8620000000,15940000000,1,11354415
7339472843149216,thread,1,trader_callback,95,5320000000,26240000000,0,3878628
7339472843149216,thread,1,trace_writer,96,5340000000,26130000000,1,5960077
7339472843149216,thread,1,latency_writer,97,5490000000,27680000000,0,2572184
7339472843149216,thread,2,account_worker,106,8850000000,17180000000,3,11261358
7339472843149216,thread,2,trader_callback,98,4940000000,22970000000,0,9763819
7339472843149216,thread,2,trace_writer,99,5900000000,28840000000,0,777223
7339472843149216,thread,2,latency_writer,100,4330000000,21040000000,2,15464429
7339472843149216,thread,3,account_worker,107,13320000000,21990000000,1,90440
7339472843149216,thread,3,trader_callback,101,5670000000,26770000000,0,3861775
7339472843149216,thread,3,trace_writer,102,6100000000,29330000000,1,10108
7339472843149216,thread,3,latency_writer,103,4910000000,23280000000,0,11463866
7339472943888301,process,-1,process,91,105020000000,379910000000,34210,18
7339472943888301,thread,-1,producer,91,90000000,180000000,34211,18
7339472943888301,thread,-1,sampler,108,90000000,130000000,353,10
7339472943888301,thread,0,account_worker,104,10880000000,19550000000,2,5817407
7339472943888301,thread,0,trader_callback,92,4630000000,21850000000,0,12305500
7339472943888301,thread,0,trace_writer,93,4520000000,22140000000,0,12106856
7339472943888301,thread,0,latency_writer,94,5760000000,27750000000,1,2318829
7339472943888301,thread,1,account_worker,105,8640000000,15980000000,1,11405380
7339472943888301,thread,1,trader_callback,95,5320000000,26320000000,0,3879817
7339472943888301,thread,1,trace_writer,96,5360000000,26210000000,1,5960542
7339472943888301,thread,1,latency_writer,97,5490000000,27730000000,0,2642248
7339472943888301,thread,2,account_worker,106,8890000000,17250000000,3,11261359
7339472943888301,thread,2,trader_callback,98,4940000000,23020000000,0,9833931
7339472943888301,thread,2,trace_writer,99,5920000000,28930000000,0,777225
7339472943888301,thread,2,latency_writer,100,4350000000,21080000000,2,15541223
7339472943888301,thread,3,account_worker,107,13360000000,22060000000,1,90444
7339472943888301,thread,3,trader_callback,101,5680000000,26860000000,0,3861775
7339472943888301,thread,3,trace_writer,102,6100000000,29420000000,1,10109
7339472943888301,thread,3,latency_writer,103,4930000000,23370000000,0,11463866
7339473045148850,process,-1,process,91,105310000000,380910000000,34293,18
7339473045148850,thread,-1,producer,91,90000000,180000000,34293,18
7339473045148850,thread,-1,sampler,108,90000000,130000000,354,10
7339473045148850,thread,0,account_worker,104,10920000000,19610000000,2,5817465
7339473045148850,thread,0,trader_callback,92,4640000000,21890000000,0,12355406
7339473045148850,thread,0,trace_writer,93,4520000000,22190000000,0,12175211
7339473045148850,thread,0,latency_writer,94,5800000000,27790000000,1,2318909
7339473045148850,thread,1,account_worker,105,8640000000,16020000000,1,11455250
7339473045148850,thread,1,trader_callback,95,5350000000,26390000000,0,3880307
7339473045148850,thread,1,trace_writer,96,5380000000,26300000000,1,5960638
7339473045148850,thread,1,latency_writer,97,5510000000,27760000000,0,2713643
7339473045148850,thread,2,account_worker,106,8930000000,17310000000,3,11261359
7339473045148850,thread,2,trader_callback,98,4940000000,23070000000,0,9905281
7339473045148850,thread,2,trace_writer,99,5920000000,29020000000,0,777228
7339473045148850,thread,2,latency_writer,100,4360000000,21120000000,2,15609450
7339473045148850,thread,3,account_worker,107,13390000000,22120000000,1,90450
7339473045148850,thread,3,trader_callback,101,5710000000,26930000000,0,3861775
7339473045148850,thread,3,trace_writer,102,6120000000,29510000000,1,10115
7339473045148850,thread,3,latency_writer,103,4930000000,23470000000,0,11463866
7339473145851790,process,-1,process,91,105570000000,381940000000,34377,22
7339473145851790,thread,-1,producer,91,100000000,180000000,34377,22
7339473145851790,thread,-1,sampler,108,90000000,130000000,355,10
7339473145851790,thread,0,account_worker,104,10960000000,19670000000,2,5817467
7339473145851790,thread,0,trader_callback,92,4650000000,21930000000,0,12402597
7339473145851790,thread,0,trace_writer,93,4530000000,22230000000,0,12239776
7339473145851790,thread,0,latency_writer,94,5820000000,27870000000,1,2320852
7339473145851790,thread,1,account_worker,105,8650000000,16070000000,1,11502448
7339473145851790,thread,1,trader_callback,95,5360000000,26480000000,0,3881448
7339473145851790,thread,1,trace_writer,96,5380000000,26390000000,1,5962013
7339473145851790,thread,1,latency_writer,97,5510000000,27810000000,0,2782700
7339473145851790,thread,2,account_worker,106,8970000000,17360000000,3,11261360
7339473145851790,thread,2,trader_callback,98,4950000000,23120000000,0,9974339
7339473145851790,thread,2,trace_writer,99,5950000000,29090000000,0,777229
7339473145851790,thread,2,latency_writer,100,4360000000,21170000000,2,15674041
7339473145851790,thread,3,account_worker,107,13430000000,22190000000,1,90451
7339473145851790,thread,3,trader_callback,101,5720000000,27020000000,0,3863118
7339473145851790,thread,3,trace_writer,102,6140000000,29590000000,1,10117
7339473145851790,thread,3,latency_writer,103,4940000000,23560000000,0,11463867
7339473250612591,process,-1,process,91,105890000000,382960000000,34476,22
7339473250612591,thread,-1,producer,91,100000000,180000000,34476,22
7339473250612591,thread,-1,sampler,108,90000000,130000000,356,10
7339473250612591,thread,0,account_worker,104,10990000000,19740000000,2,5817468
7339473250612591,thread,0,trader_callback,92,4660000000,21970000000,0,12451186
7339473250612591,thread,0,trace_writer,93,4550000000,22270000000,0,12313359
7339473250612591,thread,0,latency_writer,94,5830000000,27960000000,1,2322698
7339473250612591,thread,1,account_worker,105,8660000000,16110000000,1,11551033
7339473250612591,thread,1,trader_callback,95,5390000000,26550000000,0,3881548
7339473250612591,thread,1,trace_writer,96,5410000000,26460000000,1,5962703
7339473250612591,thread,1,latency_writer,97,5520000000,27850000000,0,2847871
7339473250612591,thread,2,account_worker,106,9020000000,17420000000,3,11261360
7339473250612591,thread,2,trader_callback,98,4960000000,23160000000,0,10039521
7339473250612591,thread,2,trace_writer,99,5950000000,29190000000,1,780630
7339473250612591,thread,2,latency_writer,100,4360000000,21220000000,2,15747592
7339473250612591,thread,3,account_worker,107,13470000000,22250000000,1,90475
7339473250612591,thread,3,trader_callback,101,5740000000,27100000000,0,3863189
7339473250612591,thread,3,trace_writer,102,6170000000,29660000000,1,10122
7339473250612591,thread,3,latency_writer,103,4950000000,23650000000,0,11463867
7339473360405783,process,-1,process,91,106190000000,384020000000,34580,22
7339473360405783,thread,-1,producer,91,100000000,180000000,34580,22
7339473360405783,thread,-1,sampler,108,90000000,130000000,357,10
7339473360405783,thread,0,account_worker,104,11030000000,19810000000,2,5817469
7339473360405783,thread,0,trader_callback,92,4670000000,22020000000,0,12498769
7339473360405783,thread,0,trace_writer,93,4560000000,22290000000,0,12363667
7339473360405783,thread,0,latency_writer,94,5860000000,28040000000,1,2322794
7339473360405783,thread,1,account_worker,105,8680000000,16140000000,1,11598625
7339473360405783,thread,1,trader_callback,95,5400000000,26650000000,0,3881590
7339473360405783,thread,1,trace_writer,96,5420000000,26560000000,1,5962734
7339473360405783,thread,1,latency_writer,97,5530000000,27890000000,0,2913453
7339473360405783,thread,2,account_worker,106,9050000000,17490000000,3,11265772
7339473360405783,thread,2,trader_callback,98,4960000000,23210000000,0,10105093
7339473360405783,thread,2,trace_writer,99,5960000000,29270000000,1,787932
7339473360405783,thread,2,latency_writer,100,4370000000,21240000000,2,15798067
7339473360405783,thread,3,account_worker,107,13520000000,22310000000,1,90497
7339473360405783,thread,3,trader_callback,101,5760000000,27190000000,0,3863214
7339473360405783,thread,3,trace_writer,102,6190000000,29750000000,1,10123
7339473360405783,thread,3,latency_writer,103,4980000000,23740000000,0,11463867
7339473464818370,process,-1,process,91,106500000000,385040000000,34680,22
7339473464818370,thread,-1,producer,91,100000000,180000000,34680,22
7339473464818370,thread,-1,sampler,108,90000000,130000000,358,10
7339473464818370,thread,0,account_worker,104,11080000000,19870000000,2,5817469
7339473464818370,thread,0,trader_callback,92,4670000000,22070000000,0,12546403
7339473464818370,thread,0,trace_writer,93,4560000000,22340000000,0,12431150
7339473464818370,thread,0,latency_writer,94,5870000000,28120000000,1,2322836
7339473464818370,thread,1,account_worker,105,8700000000,16170000000,1,11646246
7339473464818370,thread,1,trader_callback,95,5420000000,26740000000,0,3881596
7339473464818370,thread,1,trace_writer,96,5440000000,26650000000,1,5962735
7339473464818370,thread,1,latency_writer,97,5540000000,27940000000,0,2980457
7339473464818370,thread,2,account_worker,106,9090000000,17550000000,3,11268744
7339473464818370,thread,2,trader_callback,98,4970000000,23250000000,0,10172089
7339473464818370,thread,2,trace_writer,99,5980000000,29360000000,1,787932
7339473464818370,thread,2,latency_writer,100,4390000000,21280000000,2,15865432
7339473464818370,thread,3,account_worker,107,13550000000,22370000000,1,90498
7339473464818370,thread,3,trader_callback,101,5770000000,27270000000,0,3863235
7339473464818370,thread,3,trace_writer,102,6210000000,29830000000,1,10123
7339473464818370,thread,3,latency_writer,103,4990000000,23820000000,0,11464005
7339473568026270,process,-1,process,91,106760000000,386110000000,34775,22
7339473568026270,thread,-1,producer,91,100000000,180000000,34775,22
7339473568026270,thread,-1,sampler,108,90000000,130000000,359,10
7339473568026270,thread,0,account_worker,104,11110000000,19940000000,2,5817469
7339473568026270,thread,0,trader_callback,92,4680000000,22110000000,0,12586191
7339473568026270,thread,0,trace_writer,93,4570000000,22380000000,0,12477399
7339473568026270,thread,0,latency_writer,94,5880000000,28210000000,1,2322947
7339473568026270,thread,1,account_worker,105,8710000000,16210000000,1,11685994
7339473568026270,thread,1,trader_callback,95,5440000000,26820000000,0,3881604
7339473568026270,thread,1,trace_writer,96,5460000000,26730000000,1,5962738
7339473568026270,thread,1,latency_writer,97,5550000000,27980000000,0,3036346
7339473568026270,thread,2,account_worker,106,9130000000,17620000000,3,11268746
7339473568026270,thread,2,trader_callback,98,4980000000,23290000000,0,10227986
7339473568026270,thread,2,trace_writer,99,5990000000,29450000000,1,787935
7339473568026270,thread,2,latency_writer,100,4400000000,21320000000,2,15911686
7339473568026270,thread,3,account_worker,107,13590000000,22450000000,1,90498
7339473568026270,thread,3,trader_callback,101,5810000000,27330000000,0,3863244
7339473568026270,thread,3,trace_writer,102,6210000000,29940000000,1,10134
7339473568026270,thread,3,latency_writer,103,5010000000,23910000000,0,11465229
7339473668847225,process,-1,process,91,107080000000,387170000000,34846,22
7339473668847225,thread,-1,producer,91,100000000,180000000,34846,22
7339473668847225,thread,-1,sampler,108,90000000,130000000,360,10
7339473668847225,thread,0,account_worker,104,11140000000,20010000000,2,5817469
7339473668847225,thread,0,trader_callback,92,4690000000,22150000000,0,12632567
7339473668847225,thread,0,trace_writer,93,4580000000,22450000000,0,12489649
7339473668847225,thread,0,latency_writer,94,5910000000,28290000000,1,2322993
7339473668847225,thread,1,account_worker,105,8720000000,16260000000,1,11732414
7339473668847225,thread,1,trader_callback,95,5440000000,26920000000,0,3881605
7339473668847225,thread,1,trace_writer,96,5480000000,26810000000,1,5962738
7339473668847225,thread,1,latency_writer,97,5560000000,28020000000,0,3096951
7339473668847225,thread,2,account_worker,106,9160000000,17690000000,3,11268746
7339473668847225,thread,2,trader_callback,98,5000000000,23330000000,0,10288609
7339473668847225,thread,2,trace_writer,99,6020000000,29520000000,1,787935
7339473668847225,thread,2,latency_writer,100,4410000000,21390000000,2,15922828
7339473668847225,thread,3,account_worker,107,13630000000,22500000000,1,90500
7339473668847225,thread,3,trader_callback,101,5820000000,27420000000,0,3863253
7339473668847225,thread,3,trace_writer,102,6240000000,30010000000,1,10149
7339473668847225,thread,3,latency_writer,103,5040000000,23980000000,0,11465665
7339473769586526,process,-1,process,91,107340000000,388310000000,34923,22
7339473769586526,thread,-1,producer,91,100000000,180000000,34923,22
7339473769586526,thread,-1,sampler,108,90000000,130000000,361,10
7339473769586526,thread,0,account_worker,104,11170000000,20080000000,2,5817469
7339473769586526,thread,0,trader_callback,92,4690000000,22200000000,0,12683543
7339473769586526,thread,0,trace_writer,93,4590000000,22540000000,0,12489649
7339473769586526,thread,0,latency_writer,94,5920000000,28370000000,1,2323286
7339473769586526,thread,1,account_worker,105,8730000000,16290000000,1,11783345
7339473769586526,thread,1,trader_callback,95,5460000000,27000000000,0,3881649
7339473769586526,thread,1,trace_writer,96,5500000000,26890000000,1,5962829
7339473769586526,thread,1,latency_writer,97,5580000000,28050000000,0,3160817
7339473769586526,thread,2,account_worker,106,9200000000,17750000000,3,11268746
7339473769586526,thread,2,trader_callback,98,5000000000,23380000000,0,10352447
7339473769586526,thread,2,trace_writer,99,6030000000,29610000000,1,787989
7339473769586526,thread,2,latency_writer,100,4430000000,21470000000,2,15922885
7339473769586526,thread,3,account_worker,107,13670000000,22560000000,1,90500
7339473769586526,thread,3,trader_callback,101,5830000000,27510000000,0,3863273
7339473769586526,thread,3,trace_writer,102,6240000000,30100000000,1,10151
7339473769586526,thread,3,latency_writer,103,5040000000,24070000000,0,11465665
7339473870306674,process,-1,process,91,107660000000,389430000000,35016,23
7339473870306674,thread,-1,producer,91,100000000,180000000,35016,23
7339473870306674,thread,-1,sampler,108,90000000,130000000,362,10
7339473870306674,thread,0,account_worker,104,11210000000,20140000000,2,5817469
7339473870306674,thread,0,trader_callback,92,4710000000,22280000000,0,12683543
7339473870306674,thread,0,trace_writer,93,4620000000,22620000000,0,12489649
7339473870306674,thread,0,latency_writer,94,5930000000,28460000000,1,2323546
7339473870306674,thread,1,account_worker,105,8750000000,16330000000,1,11835831
7339473870306674,thread,1,trader_callback,95,5480000000,27080000000,0,3881649
7339473870306674,thread,1,trace_writer,96,5510000000,26950000000,1,5981645
7339473870306674,thread,1,latency_writer,97,5590000000,28130000000,0,3163969
7339473870306674,thread,2,account_worker,106,9240000000,17810000000,3,11268746
7339473870306674,thread,2,trader_callback,98,5000000000,23420000000,0,10406902
7339473870306674,thread,2,trace_writer,99,6040000000,29700000000,1,787993
7339473870306674,thread,2,latency_writer,100,4450000000,21550000000,2,15922893
7339473870306674,thread,3,account_worker,107,13700000000,22630000000,1,90502
7339473870306674,thread,3,trader_callback,101,5840000000,27580000000,0,3882539
7339473870306674,thread,3,trace_writer,102,6260000000,30190000000,1,10152
7339473870306674,thread,3,latency_writer,103,5060000000,24160000000,0,11465665
7339473971033832,process,-1,process,91,107960000000,390510000000,35112,23
7339473971033832,thread,-1,producer,91,100000000,180000000,35112,23
7339473971033832,thread,-1,sampler,108,90000000,130000000,363,10
7339473971033832,thread,0,account_worker,104,11250000000,20210000000,2,5817482
7339473971033832,thread,0,trader_callback,92,4730000000,22360000000,0,12683555
7339473971033832,thread,0,trace_writer,93,4630000000,22700000000,0,12489661
7339473971033832,thread,0,latency_writer,94,5940000000,28540000000,1,2324672
7339473971033832,thread,1,account_worker,105,8750000000,16380000000,1,11891674
7339473971033832,thread,1,trader_callback,95,5500000000,27160000000,0,3881661
7339473971033832,thread,1,trace_writer,96,5530000000,26980000000,1,6037277
7339473971033832,thread,1,latency_writer,97,5620000000,28200000000,0,3164485
7339473971033832,thread,2,account_worker,106,9270000000,17880000000,3,11268759
7339473971033832,thread,2,trader_callback,98,5020000000,23460000000,0,10462763
7339473971033832,thread,2,trace_writer,99,6060000000,29790000000,1,788007
7339473971033832,thread,2,latency_writer,100,4470000000,21620000000,2,15922906
7339473971033832,thread,3,account_worker,107,13750000000,22680000000,1,90520
7339473971033832,thread,3,trader_callback,101,5840000000,27620000000,0,3938162
7339473971033832,thread,3,trace_writer,102,6260000000,30290000000,1,10168
7339473971033832,thread,3,latency_writer,103,5080000000,24240000000,0,11465677
7339474071765140,process,-1,process,91,108290000000,391580000000,35212,23
7339474071765140,thread,-1,producer,91,100000000,180000000,35212,23
7339474071765140,thread,-1,sampler,108,90000000,130000000,364,10
7339474071765140,thread,0,account_worker,104,11300000000,20260000000,2,5817483
7339474071765140,thread,0,trader_callback,92,4760000000,22440000000,0,12683556
7339474071765140,thread,0,trace_writer,93,4650000000,22790000000,0,12489662
7339474071765140,thread,0,latency_writer,94,5960000000,28620000000,1,2324698
7339474071765140,thread,1,account_worker,105,8770000000,16420000000,1,11947629
7339474071765140,thread,1,trader_callback,95,5510000000,27250000000,0,3881664
7339474071765140,thread,1,trace_writer,96,5540000000,27010000000,1,6092677
7339474071765140,thread,1,latency_writer,97,5640000000,28280000000,0,3164486
7339474071765140,thread,2,account_worker,106,9310000000,17940000000,3,11268759
7339474071765140,thread,2,trader_callback,98,5020000000,23500000000,0,10518716
7339474071765140,thread,2,trace_writer,99,6080000000,29860000000,1,788011
7339474071765140,thread,2,latency_writer,100,4500000000,21690000000,2,15922907
7339474071765140,thread,3,account_worker,107,13790000000,22750000000,1,90524
7339474071765140,thread,3,trader_callback,101,5840000000,27670000000,0,3993516
7339474071765140,thread,3,trace_writer,102,6260000000,30390000000,1,10171
7339474071765140,thread,3,latency_writer,103,5100000000,24320000000,0,11465677
7339474172371905,process,-1,process,91,108630000000,392610000000,35313,23
7339474172371905,thread,-1,producer,91,100000000,180000000,35313,23
7339474172371905,thread,-1,sampler,108,90000000,130000000,365,10
7339474172371905,thread,0,account_worker,104,11340000000,20320000000,2,5817483
7339474172371905,thread,0,trader_callback,92,4770000000,22520000000,0,12683556
7339474172371905,thread,0,trace_writer,93,4670000000,22870000000,0,12489662
7339474172371905,thread,0,latency_writer,94,5980000000,28690000000,1,2324725
7339474172371905,thread,1,account_worker,105,8790000000,16450000000,1,11999435
7339474172371905,thread,1,trader_callback,95,5540000000,27320000000,0,3881666
7339474172371905,thread,1,trace_writer,96,5540000000,27050000000,1,6143354
7339474172371905,thread,1,latency_writer,97,5670000000,28340000000,0,3164491
7339474172371905,thread,2,account_worker,106,9330000000,18020000000,3,11268760
7339474172371905,thread,2,trader_callback,98,5030000000,23550000000,0,10570564
7339474172371905,thread,2,trace_writer,99,6100000000,29940000000,1,788012
7339474172371905,thread,2,latency_writer,100,4510000000,21780000000,2,15922909
7339474172371905,thread,3,account_worker,107,13830000000,22810000000,1,90524
7339474172371905,thread,3,trader_callback,101,5860000000,27690000000,0,4044234
7339474172371905,thread,3,trace_writer,102,6290000000,30460000000,1,10173
7339474172371905,thread,3,latency_writer,103,5120000000,24400000000,0,11465679
7339474273158540,process,-1,process,91,108860000000,393780000000,35414,23
7339474273158540,thread,-1,producer,91,100000000,180000000,35414,23
7339474273158540,thread,-1,sampler,108,90000000,130000000,366,10
7339474273158540,thread,0,account_worker,104,11350000000,20400000000,2,5817483
7339474273158540,thread,0,trader_callback,92,4780000000,22610000000,0,12683556
7339474273158540,thread,0,trace_writer,93,4670000000,22960000000,0,12489662
7339474273158540,thread,0,latency_writer,94,6000000000,28770000000,1,2324737
7339474273158540,thread,1,account_worker,105,8790000000,16490000000,1,12054650
7339474273158540,thread,1,trader_callback,95,5550000000,27400000000,0,3881666
7339474273158540,thread,1,trace_writer,96,5550000000,27100000000,1,6196487
7339474273158540,thread,1,latency_writer,97,5680000000,28440000000,0,3164492
7339474273158540,thread,2,account_worker,106,9370000000,18080000000,3,11268760
7339474273158540,thread,2,trader_callback,98,5040000000,23590000000,0,10625783
7339474273158540,thread,2,trace_writer,99,6110000000,30030000000,1,788015
7339474273158540,thread,2,latency_writer,100,4520000000,21880000000,2,15922909
7339474273158540,thread,3,account_worker,107,13870000000,22870000000,1,90525
7339474273158540,thread,3,trader_callback,101,5880000000,27720000000,0,4097375
7339474273158540,thread,3,trace_writer,102,6310000000,30540000000,1,10176
7339474273158540,thread,3,latency_writer,103,5140000000,24490000000,0,11465679
7339474373941059,process,-1,process,91,109200000000,394850000000,35515,23
7339474373941059,thread,-1,producer,91,100000000,180000000,35515,23
7339474373941059,thread,-1,sampler,108,90000000,130000000,367,10
7339474373941059,thread,0,account_worker,104,11380000000,20480000000,2,5817483
7339474373941059,thread,0,trader_callback,92,4810000000,22690000000,0,12683556
7339474373941059,thread,0,trace_writer,93,4690000000,23050000000,0,12489662
7339474373941059,thread,0,latency_writer,94,6020000000,28850000000,1,2324749
7339474373941059,thread,1,account_worker,105,8810000000,16530000000,1,12109140
7339474373941059,thread,1,trader_callback,95,5570000000,27480000000,0,3881666
7339474373941059,thread,1,trace_writer,96,5560000000,27140000000,1,6250142
7339474373941059,thread,1,latency_writer,97,5710000000,28510000000,0,3164495
7339474373941059,thread,2,account_worker,106,9410000000,18150000000,3,11268760
7339474373941059,thread,2,trader_callback,98,5050000000,23630000000,0,10680230
7339474373941059,thread,2,trace_writer,99,6140000000,30090000000,1,788015
7339474373941059,thread,2,latency_writer,100,4530000000,21960000000,2,15922909
7339474373941059,thread,3,account_worker,107,13920000000,22920000000,1,90525
7339474373941059,thread,3,trader_callback,101,5890000000,27760000000,0,4151053
7339474373941059,thread,3,trace_writer,102,6320000000,30630000000,1,10179
7339474373941059,thread,3,latency_writer,103,5140000000,24580000000,0,11465679
7339474474806072,process,-1,process,91,109480000000,395990000000,35615,23
7339474474806072,thread,-1,producer,91,100000000,180000000,35615,23
7339474474806072,thread,-1,sampler,108,90000000,130000000,368,13
7339474474806072,thread,0,account_worker,104,11420000000,20530000000,2,5817483
7339474474806072,thread,0,trader_callback,92,4830000000,22770000000,0,12683556
7339474474806072,thread,0,trace_writer,93,4690000000,23150000000,0,12489662
7339474474806072,thread,0,latency_writer,94,6040000000,28930000000,1,2324759
7339474474806072,thread,1,account_worker,105,8820000000,16570000000,1,12159254
7339474474806072,thread,1,trader_callback,95,5580000000,27570000000,0,3881666
7339474474806072,thread,1,trace_writer,96,5560000000,27190000000,1,6322114
7339474474806072,thread,1,latency_writer,97,5720000000,28590000000,0,3164496
7339474474806072,thread,2,account_worker,106,9450000000,18200000000,3,11268760
7339474474806072,thread,2,trader_callback,98,5060000000,23670000000,0,10730377
7339474474806072,thread,2,trace_writer,99,6150000000,30190000000,1,788018
7339474474806072,thread,2,latency_writer,100,4540000000,22050000000,2,15922909
7339474474806072,thread,3,account_worker,107,13950000000,22990000000,1,90527
7339474474806072,thread,3,trader_callback,101,5900000000,27800000000,0,4223021
7339474474806072,thread,3,trace_writer,102,6340000000,30720000000,1,10179
7339474474806072,thread,3,latency_writer,103,5170000000,24650000000,0,11465679
7339474575557392,process,-1,process,91,109810000000,397060000000,35716,23
7339474575557392,thread,-1,producer,91,100000000,180000000,35716,23
7339474575557392,thread,-1,sampler,108,90000000,130000000,369,13
7339474575557392,thread,0,account_worker,104,11470000000,20590000000,2,5817484
7339474575557392,thread,0,trader_callback,92,4840000000,22860000000,0,12683556
7339474575557392,thread,0,trace_writer,93,4700000000,23240000000,0,12489662
7339474575557392,thread,0,latency_writer,94,6060000000,29020000000,1,2324771
7339474575557392,thread,1,account_worker,105,8840000000,16600000000,1,12223609
7339474575557392,thread,1,trader_callback,95,5610000000,27640000000,0,3881666
7339474575557392,thread,1,trace_writer,96,5560000000,27230000000,1,6403056
7339474575557392,thread,1,latency_writer,97,5740000000,28670000000,0,3164498
7339474575557392,thread,2,account_worker,106,9490000000,18260000000,3,11268760
7339474575557392,thread,2,trader_callback,98,5070000000,23710000000,0,10794709
7339474575557392,thread,2,trace_writer,99,6180000000,30260000000,1,788018
7339474575557392,thread,2,latency_writer,100,4560000000,22140000000,2,15922910
7339474575557392,thread,3,account_worker,107,14000000000,23040000000,1,90528
7339474575557392,thread,3,trader_callback,101,5910000000,27840000000,0,4303948
7339474575557392,thread,3,trace_writer,102,6350000000,30810000000,1,10179
7339474575557392,thread,3,latency_writer,103,5190000000,24740000000,0,11465679
7339474676220455,process,-1,process,91,110120000000,398130000000,35805,23
7339474676220455,thread,-1,producer,91,100000000,180000000,35805,23
7339474676220455,thread,-1,sampler,108,90000000,130000000,370,13
7339474676220455,thread,0,account_worker,104,11520000000,20640000000,2,5817484
7339474676220455,thread,0,trader_callback,92,4860000000,22940000000,0,12683556
7339474676220455,thread,0,trace_writer,93,4710000000,23330000000,0,12489663
7339474676220455,thread,0,latency_writer,94,6080000000,29090000000,1,2324800
7339474676220455,thread,1,account_worker,105,8850000000,16620000000,1,12257253
7339474676220455,thread,1,trader_callback,95,5640000000,27720000000,0,3881669
7339474676220455,thread,1,trace_writer,96,5570000000,27260000000,1,6448752
7339474676220455,thread,1,latency_writer,97,5750000000,28760000000,0,3164501
7339474676220455,thread,2,account_worker,106,9530000000,18320000000,3,11269590
7339474676220455,thread,2,trader_callback,98,5070000000,23740000000,0,10844472
7339474676220455,thread,2,trace_writer,99,6200000000,30330000000,1,788516
7339474676220455,thread,2,latency_writer,100,4570000000,22220000000,2,15922913
7339474676220455,thread,3,account_worker,107,14050000000,23090000000,1,90531
7339474676220455,thread,3,trader_callback,101,5920000000,27910000000,0,4309318
7339474676220455,thread,3,trace_writer,102,6360000000,30890000000,1,10182
7339474676220455,thread,3,latency_writer,103,5210000000,24820000000,0,11465680
7339474780024553,process,-1,process,91,110430000000,399250000000,35907,23
7339474780024553,thread,-1,producer,91,100000000,190000000,35907,23
7339474780024553,thread,-1,sampler,108,90000000,140000000,371,13
7339474780024553,thread,0,account_worker,104,11550000000,20710000000,2,5817485
7339474780024553,thread,0,trader_callback,92,4870000000,23030000000,0,12683557
7339474780024553,thread,0,trace_writer,93,4730000000,23420000000,0,12489663
7339474780024553,thread,0,latency_writer,94,6090000000,29170000000,1,2324907
7339474780024553,thread,1,account_worker,105,8850000000,16650000000,1,12276541
7339474780024553,thread,1,trader_callback,95,5650000000,27810000000,0,3881704
7339474780024553,thread,1,trace_writer,96,5580000000,27290000000,1,6483949
7339474780024553,thread,1,latency_writer,97,5780000000,28840000000,0,3164502
7339474780024553,thread,2,account_worker,106,9560000000,18400000000,3,11269591
7339474780024553,thread,2,trader_callback,98,5080000000,23770000000,0,10880158
7339474780024553,thread,2,trace_writer,99,6220000000,30420000000,1,788544
7339474780024553,thread,2,latency_writer,100,4580000000,22320000000,2,15922914
7339474780024553,thread,3,account_worker,107,14100000000,23140000000,1,90540
7339474780024553,thread,3,trader_callback,101,5930000000,27990000000,0,4309440
7339474780024553,thread,3,trace_writer,102,6380000000,30970000000,1,10194
7339474780024553,thread,3,latency_writer,103,5230000000,24900000000,0,11465680
7339474880860934,process,-1,process,91,110710000000,400310000000,36006,23
7339474880860934,thread,-1,producer,91,100000000,190000000,36006,23
7339474880860934,thread,-1,sampler,108,90000000,140000000,372,14
7339474880860934,thread,0,account_worker,104,11600000000,20760000000,2,5817498
7339474880860934,thread,0,trader_callback,92,4890000000,23110000000,0,12683557
7339474880860934,thread,0,trace_writer,93,4730000000,23510000000,0,12489670
7339474880860934,thread,0,latency_writer,94,6110000000,29220000000,1,2346403
7339474880860934,thread,1,account_worker,105,8860000000,16680000000,1,12302735
7339474880860934,thread,1,trader_callback,95,5660000000,27900000000,0,3881705
7339474880860934,thread,1,trace_writer,96,5580000000,27320000000,1,6526891
7339474880860934,thread,1,latency_writer,97,5790000000,28900000000,0,3186019
7339474880860934,thread,2,account_worker,106,9580000000,18470000000,3,11269591
7339474880860934,thread,2,trader_callback,98,5100000000,23780000000,0,10923504
7339474880860934,thread,2,trace_writer,99,6240000000,30500000000,1,788544
7339474880860934,thread,2,latency_writer,100,4600000000,22400000000,2,15922916
7339474880860934,thread,3,account_worker,107,14130000000,23210000000,1,90861
7339474880860934,thread,3,trader_callback,101,5950000000,28060000000,0,4309554
7339474880860934,thread,3,trace_writer,102,6380000000,31070000000,1,10210
7339474880860934,thread,3,latency_writer,103,5250000000,24980000000,0,11465680
7339474983215342,process,-1,process,91,110960000000,401390000000,36109,23
7339474983215342,thread,-1,producer,91,100000000,190000000,36109,23
7339474983215342,thread,-1,sampler,108,90000000,140000000,373,14
7339474983215342,thread,0,account_worker,104,11620000000,20840000000,2,5817498
7339474983215342,thread,0,trader_callback,92,4900000000,23200000000,0,12683557
7339474983215342,thread,0,trace_writer,93,4760000000,23590000000,0,12489670
7339474983215342,thread,0,latency_writer,94,6120000000,29260000000,1,2427175
7339474983215342,thread,1,account_worker,105,8870000000,16700000000,1,12339780
7339474983215342,thread,1,trader_callback,95,5670000000,27990000000,0,3881706
7339474983215342,thread,1,trace_writer,96,5580000000,27350000000,1,6579070
7339474983215342,thread,1,latency_writer,97,5810000000,28940000000,0,3266775
7339474983215342,thread,2,account_worker,106,9610000000,18550000000,3,11269593
7339474983215342,thread,2,trader_callback,98,5100000000,23820000000,0,10976189
7339474983215342,thread,2,trace_writer,99,6260000000,30590000000,1,788548
7339474983215342,thread,2,latency_writer,100,4620000000,22480000000,2,15922920
7339474983215342,thread,3,account_worker,107,14160000000,23280000000,1,90862
7339474983215342,thread,3,trader_callback,101,5970000000,28150000000,0,4309664
7339474983215342,thread,3,trace_writer,102,6390000000,31170000000,1,10212
7339474983215342,thread,3,latency_writer,103,5270000000,25060000000,0,11465680
7339475083841057,process,-1,process,91,111220000000,402520000000,36206,23
7339475083841057,thread,-1,producer,91,100000000,190000000,36206,23
7339475083841057,thread,-1,sampler,108,90000000,140000000,374,14
7339475083841057,thread,0,account_worker,104,11680000000,20880000000,2,5817499
7339475083841057,thread,0,trader_callback,92,4920000000,23280000000,0,12683558
7339475083841057,thread,0,trace_writer,93,4790000000,23660000000,0,12489671
7339475083841057,thread,0,latency_writer,94,6140000000,29350000000,1,2431117
7339475083841057,thread,1,account_worker,105,8880000000,16720000000,1,12376448
7339475083841057,thread,1,trader_callback,95,5670000000,28090000000,0,3881707
7339475083841057,thread,1,trace_writer,96,5580000000,27380000000,1,6627790
7339475083841057,thread,1,latency_writer,97,5820000000,29020000000,0,3270683
7339475083841057,thread,2,account_worker,106,9650000000,18610000000,3,11269593
7339475083841057,thread,2,trader_callback,98,5110000000,23840000000,0,11025295
7339475083841057,thread,2,trace_writer,99,6270000000,30670000000,1,788549
7339475083841057,thread,2,latency_writer,100,4640000000,22560000000,2,15922924
7339475083841057,thread,3,account_worker,107,14180000000,23360000000,1,90868
7339475083841057,thread,3,trader_callback,101,5980000000,28230000000,0,4309778
7339475083841057,thread,3,trace_writer,102,6410000000,31250000000,1,10212
7339475083841057,thread,3,latency_writer,103,5280000000,25160000000,0,11465681
7339475184606294,process,-1,process,91,111570000000,403570000000,36307,23
7339475184606294,thread,-1,producer,91,100000000,190000000,36307,23
7339475184606294,thread,-1,sampler,108,90000000,140000000,375,14
7339475184606294,thread,0,account_worker,104,11730000000,20930000000,2,5817499
7339475184606294,thread,0,trader_callback,92,4930000000,23370000000,0,12683558
7339475184606294,thread,0,trace_writer,93,4800000000,23750000000,0,12489671
7339475184606294,thread,0,latency_writer,94,6160000000,29430000000,1,2431120
7339475184606294,thread,1,account_worker,105,8890000000,16750000000,1,12411128
7339475184606294,thread,1,trader_callback,95,5680000000,28180000000,0,3881709
7339475184606294,thread,1,trace_writer,96,5590000000,27410000000,1,6674212
7339475184606294,thread,1,latency_writer,97,5840000000,29100000000,0,3270693
7339475184606294,thread,2,account_worker,106,9700000000,18660000000,3,11269594
7339475184606294,thread,2,trader_callback,98,5130000000,23860000000,0,11071966
7339475184606294,thread,2,trace_writer,99,6290000000,30760000000,1,788552
7339475184606294,thread,2,latency_writer,100,4660000000,22630000000,2,15922930
7339475184606294,thread,3,account_worker,107,14230000000,23420000000,1,90870
7339475184606294,thread,3,trader_callback,101,5990000000,28320000000,0,4309901
7339475184606294,thread,3,trace_writer,102,6420000000,31340000000,1,10216
7339475184606294,thread,3,latency_writer,103,5290000000,25240000000,0,11465682
7339475285191965,process,-1,process,91,111880000000,404660000000,36407,23
7339475285191965,thread,-1,producer,91,100000000,190000000,36407,23
7339475285191965,thread,-1,sampler,108,90000000,140000000,376,14
7339475285191965,thread,0,account_worker,104,11770000000,20990000000,2,5817499
7339475285191965,thread,0,trader_callback,92,4950000000,23460000000,0,12683558
7339475285191965,thread,0,trace_writer,93,4810000000,23840000000,0,12489671
7339475285191965,thread,0,latency_writer,94,6170000000,29510000000,1,2431123
7339475285191965,thread,1,account_worker,105,8900000000,16770000000,1,12447478
7339475285191965,thread,1,trader_callback,95,5690000000,28270000000,0,3881711
7339475285191965,thread,1,trace_writer,96,5610000000,27430000000,1,6723948
7339475285191965,thread,1,latency_writer,97,5850000000,29190000000,0,3270703
7339475285191965,thread,2,account_worker,106,9740000000,18720000000,3,11269594
7339475285191965,thread,2,trader_callback,98,5130000000,23880000000,0,11122192
7339475285191965,thread,2,trace_writer,99,6310000000,30840000000,1,788554
7339475285191965,thread,2,latency_writer,100,4680000000,22710000000,2,15922931
7339475285191965,thread,3,account_worker,107,14270000000,23470000000,1,90874
7339475285191965,thread,3,trader_callback,101,6020000000,28390000000,0,4310006
7339475285191965,thread,3,trace_writer,102,6440000000,31420000000,1,10216
7339475285191965,thread,3,latency_writer,103,5300000000,25340000000,0,11465682
7339475385780996,process,-1,process,91,112190000000,405760000000,36507,23
7339475385780996,thread,-1,producer,91,100000000,190000000,36507,23
7339475385780996,thread,-1,sampler,108,90000000,140000000,377,14
7339475385780996,thread,0,account_worker,104,11800000000,21070000000,2,5817502
7339475385780996,thread,0,trader_callback,92,4980000000,23520000000,0,12683560
7339475385780996,thread,0,trace_writer,93,4830000000,23920000000,0,12489673
7339475385780996,thread,0,latency_writer,94,6190000000,29590000000,1,2431125
7339475385780996,thread,1,account_worker,105,8910000000,16800000000,1,12488245
7339475385780996,thread,1,trader_callback,95,5710000000,28350000000,0,3881714
7339475385780996,thread,1,trace_writer,96,5610000000,27450000000,1,6778785
7339475385780996,thread,1,latency_writer,97,5870000000,29270000000,0,3270705
7339475385780996,thread,2,account_worker,106,9780000000,18780000000,3,11269596
7339475385780996,thread,2,trader_callback,98,5140000000,23910000000,0,11177291
7339475385780996,thread,2,trace_writer,99,6320000000,30920000000,1,788559
7339475385780996,thread,2,latency_writer,100,4700000000,22790000000,2,15922934
7339475385780996,thread,3,account_worker,107,14300000000,23550000000,1,90876
7339475385780996,thread,3,trader_callback,101,6040000000,28460000000,0,4310112
7339475385780996,thread,3,trace_writer,102,6460000000,31510000000,1,10218
7339475385780996,thread,3,latency_writer,103,5310000000,25420000000,0,11465684
7339475486361368,process,-1,process,91,112510000000,406840000000,36608,23
7339475486361368,thread,-1,producer,91,100000000,190000000,36608,23
7339475486361368,thread,-1,sampler,108,90000000,140000000,378,14
7339475486361368,thread,0,account_worker,104,11850000000,21120000000,2,5817502
7339475486361368,thread,0,trader_callback,92,5000000000,23610000000,0,12683560
7339475486361368,thread,0,trace_writer,93,4840000000,24010000000,0,12489673
7339475486361368,thread,0,latency_writer,94,6210000000,29670000000,1,2431126
7339475486361368,thread,1,account_worker,105,8920000000,16820000000,1,12529327
7339475486361368,thread,1,trader_callback,95,5730000000,28440000000,0,3881714
7339475486361368,thread,1,trace_writer,96,5610000000,27490000000,1,6834008
7339475486361368,thread,1,latency_writer,97,5900000000,29340000000,0,3270709
7339475486361368,thread,2,account_worker,106,9830000000,18830000000,3,11269597
7339475486361368,thread,2,trader_callback,98,5150000000,23940000000,0,11232847
7339475486361368,thread,2,trace_writer,99,6340000000,31010000000,1,788559
7339475486361368,thread,2,latency_writer,100,4710000000,22880000000,2,15922937
7339475486361368,thread,3,account_worker,107,14340000000,23610000000,1,90877
7339475486361368,thread,3,trader_callback,101,6060000000,28540000000,0,4310213
7339475486361368,thread,3,trace_writer,102,6470000000,31590000000,1,10221
7339475486361368,thread,3,latency_writer,103,5320000000,25510000000,0,11465684
