mono_ns,account_index,queue,depth,capacity,high_watermark,oldest_age_ns,dropped
7339437433662094,0,market_ingress,0,1024,0,0,0
7339437433662094,0,trader_request,0,1024,0,0,0
7339437433662094,0,trading_callback,0,1024,0,0,0
7339437433662094,0,trace,0,8192,0,0,0
7339437433662094,0,latency,0,4096,0,0,0
7339437433662094,1,market_ingress,0,1024,0,0,0
7339437433662094,1,trader_request,0,1024,0,0,0
7339437433662094,1,trading_callback,0,1024,0,0,0
7339437433662094,1,trace,0,8192,0,0,0
7339437433662094,1,latency,0,4096,0,0,0
7339437433662094,2,market_ingress,0,1024,0,0,0
7339437433662094,2,trader_request,0,1024,0,0,0
7339437433662094,2,trading_callback,0,1024,0,0,0
7339437433662094,2,trace,0,8192,0,0,0
7339437433662094,2,latency,0,4096,0,0,0
7339437433662094,3,market_ingress,0,1024,0,0,0
7339437433662094,3,trader_request,0,1024,0,0,0
7339437433662094,3,trading_callback,0,1024,0,0,0
7339437433662094,3,trace,0,8192,0,0,0
7339437433662094,3,latency,0,4096,0,0,0
7339437534462172,0,market_ingress,0,1024,0,0,0
7339437534462172,0,trader_request,0,1024,0,0,0
7339437534462172,0,trading_callback,0,1024,0,0,0
7339437534462172,0,trace,0,8192,0,0,0
7339437534462172,0,latency,0,4096,0,0,0
7339437534462172,1,market_ingress,0,1024,0,0,0
7339437534462172,1,trader_request,0,1024,0,0,0
7339437534462172,1,trading_callback,0,1024,0,0,0
7339437534462172,1,trace,0,8192,0,0,0
7339437534462172,1,latency,0,4096,0,0,0
7339437534462172,2,market_ingress,0,1024,0,0,0
7339437534462172,2,trader_request,0,1024,0,0,0
7339437534462172,2,trading_callback,0,1024,0,0,0
7339437534462172,2,trace,0,8192,0,0,0
7339437534462172,2,latency,0,4096,0,0,0
7339437534462172,3,market_ingress,0,1024,0,0,0
7339437534462172,3,trader_request,0,1024,0,0,0
7339437534462172,3,trading_callback,0,1024,0,0,0
7339437534462172,3,trace,0,8192,0,0,0
7339437534462172,3,latency,0,4096,0,0,0
7339437635008500,0,market_ingress,0,1024,1,0,0
7339437635008500,0,trader_request,0,1024,1,0,0
7339437635008500,0,trading_callback,0,1024,2,0,0
7339437635008500,0,trace,0,8192,3,0,0
7339437635008500,0,latency,0,4096,0,0,0
7339437635008500,1,market_ingress,0,1024,1,0,0
7339437635008500,1,trader_request,0,1024,1,0,0
7339437635008500,1,trading_callback,0,1024,2,0,0
7339437635008500,1,trace,0,8192,20,0,0
7339437635008500,1,latency,0,4096,0,0,0
7339437635008500,2,market_ingress,0,1024,1,0,0
7339437635008500,2,trader_request,0,1024,1,0,0
7339437635008500,2,trading_callback,0,1024,2,0,0
7339437635008500,2,trace,0,8192,3,0,0
7339437635008500,2,latency,0,4096,0,0,0
7339437635008500,3,market_ingress,0,1024,1,0,0
7339437635008500,3,trader_request,0,1024,1,0,0
7339437635008500,3,trading_callback,0,1024,2,0,0
7339437635008500,3,trace,0,8192,3,0,0
7339437635008500,3,latency,0,4096,0,0,0
7339437735573586,0,market_ingress,0,1024,1,0,0
7339437735573586,0,trader_request,0,1024,1,0,0
7339437735573586,0,trading_callback,0,1024,2,0,0
7339437735573586,0,trace,0,8192,3,0,0
7339437735573586,0,latency,0,4096,0,0,0
7339437735573586,1,market_ingress,0,1024,1,0,0
7339437735573586,1,trader_request,0,1024,1,0,0
7339437735573586,1,trading_callback,0,1024,2,0,0
7339437735573586,1,trace,0,8192,20,0,0
7339437735573586,1,latency,0,4096,0,0,0
7339437735573586,2,market_ingress,0,1024,2,0,0
7339437735573586,2,trader_request,0,1024,1,0,0
7339437735573586,2,trading_callback,0,1024,2,0,0
7339437735573586,2,trace,0,8192,3,0,0
7339437735573586,2,latency,0,4096,0,0,0
7339437735573586,3,market_ingress,0,1024,1,0,0
7339437735573586,3,trader_request,0,1024,1,0,0
7339437735573586,3,trading_callback,0,1024,2,0,0
7339437735573586,3,trace,0,8192,3,0,0
7339437735573586,3,latency,0,4096,0,0,0
7339437836128906,0,market_ingress,0,1024,1,0,0
7339437836128906,0,trader_request,0,1024,1,0,0
7339437836128906,0,trading_callback,0,1024,2,0,0
7339437836128906,0,trace,0,8192,3,0,0
7339437836128906,0,latency,0,4096,0,0,0
7339437836128906,1,market_ingress,0,1024,1,0,0
7339437836128906,1,trader_request,0,1024,1,0,0
7339437836128906,1,trading_callback,0,1024,2,0,0
7339437836128906,1,trace,0,8192,20,0,0
7339437836128906,1,latency,0,4096,0,0,0
7339437836128906,2,market_ingress,0,1024,2,0,0
7339437836128906,2,trader_request,0,1024,1,0,0
7339437836128906,2,trading_callback,0,1024,2,0,0
7339437836128906,2,trace,0,8192,3,0,0
7339437836128906,2,latency,0,4096,0,0,0
7339437836128906,3,market_ingress,0,1024,1,0,0
7339437836128906,3,trader_request,0,1024,1,0,0
7339437836128906,3,trading_callback,0,1024,2,0,0
7339437836128906,3,trace,0,8192,3,0,0
7339437836128906,3,latency,0,4096,0,0,0
7339437936693069,0,market_ingress,0,1024,2,0,0
7339437936693069,0,trader_request,0,1024,1,0,0
7339437936693069,0,trading_callback,0,1024,2,0,0
7339437936693069,0,trace,0,8192,5,0,0
7339437936693069,0,latency,0,4096,0,0,0
7339437936693069,1,market_ingress,0,1024,3,0,0
7339437936693069,1,trader_request,0,1024,1,0,0
7339437936693069,1,trading_callback,0,1024,2,0,0
7339437936693069,1,trace,0,8192,20,0,0
7339437936693069,1,latency,0,4096,0,0,0
7339437936693069,2,market_ingress,0,1024,6,0,0
7339437936693069,2,trader_request,0,1024,1,0,0
7339437936693069,2,trading_callback,0,1024,2,0,0
7339437936693069,2,trace,0,8192,5,0,0
7339437936693069,2,latency,0,4096,0,0,0
7339437936693069,3,market_ingress,0,1024,2,0,0
7339437936693069,3,trader_request,0,1024,1,0,0
7339437936693069,3,trading_callback,0,1024,2,0,0
7339437936693069,3,trace,0,8192,5,0,0
7339437936693069,3,latency,0,4096,0,0,0
7339438037258988,0,market_ingress,0,1024,2,0,0
7339438037258988,0,trader_request,0,1024,1,0,0
7339438037258988,0,trading_callback,0,1024,2,0,0
7339438037258988,0,trace,0,8192,5,0,0
7339438037258988,0,latency,0,4096,0,0,0
7339438037258988,1,market_ingress,0,1024,3,0,0
7339438037258988,1,trader_request,0,1024,1,0,0
7339438037258988,1,trading_callback,0,1024,2,0,0
7339438037258988,1,trace,0,8192,20,0,0
7339438037258988,1,latency,0,4096,0,0,0
7339438037258988,2,market_ingress,0,1024,6,0,0
7339438037258988,2,trader_request,0,1024,1,0,0
7339438037258988,2,trading_callback,0,1024,2,0,0
7339438037258988,2,trace,0,8192,5,0,0
7339438037258988,2,latency,0,4096,0,0,0
7339438037258988,3,market_ingress,0,1024,2,0,0
7339438037258988,3,trader_request,0,1024,1,0,0
7339438037258988,3,trading_callback,0,1024,2,0,0
7339438037258988,3,trace,0,8192,5,0,0
7339438037258988,3,latency,0,4096,0,0,0
7339438137837843,0,market_ingress,0,1024,2,0,0
7339438137837843,0,trader_request,0,1024,1,0,0
7339438137837843,0,trading_callback,0,1024,2,0,0
7339438137837843,0,trace,0,8192,5,0,0
7339438137837843,0,latency,0,4096,0,0,0
7339438137837843,1,market_ingress,0,1024,3,0,0
7339438137837843,1,trader_request,0,1024,1,0,0
7339438137837843,1,trading_callback,0,1024,2,0,0
7339438137837843,1,trace,0,8192,20,0,0
7339438137837843,1,latency,0,4096,0,0,0
7339438137837843,2,market_ingress,0,1024,6,0,0
7339438137837843,2,trader_request,0,1024,1,0,0
7339438137837843,2,trading_callback,0,1024,2,0,0
7339438137837843,2,trace,0,8192,5,0,0
7339438137837843,2,latency,0,4096,0,0,0
7339438137837843,3,market_ingress,0,1024,2,0,0
7339438137837843,3,trader_request,0,1024,1,0,0
7339438137837843,3,trading_callback,0,1024,2,0,0
7339438137837843,3,trace,0,8192,5,0,0
7339438137837843,3,latency,0,4096,0,0,0
7339438238377818,0,market_ingress,0,1024,2,0,0
7339438238377818,0,trader_request,0,1024,1,0,0
7339438238377818,0,trading_callback,0,1024,2,0,0
7339438238377818,0,trace,0,8192,5,0,0
7339438238377818,0,latency,0,4096,0,0,0
7339438238377818,1,market_ingress,0,1024,3,0,0
7339438238377818,1,trader_request,0,1024,1,0,0
7339438238377818,1,trading_callback,0,1024,2,0,0
7339438238377818,1,trace,0,8192,20,0,0
7339438238377818,1,latency,0,4096,0,0,0
7339438238377818,2,market_ingress,0,1024,6,0,0
7339438238377818,2,trader_request,0,1024,1,0,0
7339438238377818,2,trading_callback,0,1024,2,0,0
7339438238377818,2,trace,0,8192,5,0,0
7339438238377818,2,latency,0,4096,0,0,0
7339438238377818,3,market_ingress,0,1024,2,0,0
7339438238377818,3,trader_request,0,1024,1,0,0
7339438238377818,3,trading_callback,0,1024,2,0,0
7339438238377818,3,trace,0,8192,5,0,0
7339438238377818,3,latency,0,4096,0,0,0
7339438338947056,0,market_ingress,0,1024,2,0,0
7339438338947056,0,trader_request,0,1024,1,0,0
7339438338947056,0,trading_callback,0,1024,2,0,0
7339438338947056,0,trace,0,8192,5,0,0
7339438338947056,0,latency,0,4096,0,0,0
7339438338947056,1,market_ingress,0,1024,3,0,0
7339438338947056,1,trader_request,0,1024,1,0,0
7339438338947056,1,trading_callback,0,1024,2,0,0
7339438338947056,1,trace,0,8192,20,0,0
7339438338947056,1,latency,0,4096,0,0,0
7339438338947056,2,market_ingress,0,1024,6,0,0
7339438338947056,2,trader_request,0,1024,1,0,0
7339438338947056,2,trading_callback,0,1024,2,0,0
7339438338947056,2,trace,0,8192,5,0,0
7339438338947056,2,latency,0,4096,0,0,0
7339438338947056,3,market_ingress,0,1024,6,0,0
7339438338947056,3,trader_request,0,1024,1,0,0
7339438338947056,3,trading_callback,0,1024,3,0,0
7339438338947056,3,trace,0,8192,5,0,0
7339438338947056,3,latency,0,4096,0,0,0
7339438439540915,0,market_ingress,0,1024,2,0,0
7339438439540915,0,trader_request,0,1024,1,0,0
7339438439540915,0,trading_callback,0,1024,2,0,0
7339438439540915,0,trace,0,8192,5,0,0
7339438439540915,0,latency,0,4096,0,0,0
7339438439540915,1,market_ingress,0,1024,3,0,0
7339438439540915,1,trader_request,0,1024,1,0,0
7339438439540915,1,trading_callback,0,1024,2,0,0
7339438439540915,1,trace,0,8192,20,0,0
7339438439540915,1,latency,0,4096,0,0,0
7339438439540915,2,market_ingress,1,1024,6,45742,0
7339438439540915,2,trader_request,0,1024,1,0,0
7339438439540915,2,trading_callback,0,1024,2,0,0
7339438439540915,2,trace,0,8192,5,0,0
7339438439540915,2,latency,0,4096,0,0,0
7339438439540915,3,market_ingress,0,1024,6,0,0
7339438439540915,3,trader_request,0,1024,1,0,0
7339438439540915,3,trading_callback,0,1024,3,0,0
7339438439540915,3,trace,0,8192,5,0,0
7339438439540915,3,latency,0,4096,0,0,0
7339438540144859,0,market_ingress,0,1024,2,0,0
7339438540144859,0,trader_request,0,1024,1,0,0
7339438540144859,0,trading_callback,0,1024,2,0,0
7339438540144859,0,trace,0,8192,5,0,0
7339438540144859,0,latency,0,4096,0,0,0
7339438540144859,1,market_ingress,0,1024,3,0,0
7339438540144859,1,trader_request,0,1024,1,0,0
7339438540144859,1,trading_callback,0,1024,2,0,0
7339438540144859,1,trace,0,8192,20,0,0
7339438540144859,1,latency,0,4096,0,0,0
7339438540144859,2,market_ingress,0,1024,6,0,0
7339438540144859,2,trader_request,0,1024,1,0,0
7339438540144859,2,trading_callback,0,1024,2,0,0
7339438540144859,2,trace,0,8192,5,0,0
7339438540144859,2,latency,0,4096,0,0,0
7339438540144859,3,market_ingress,0,1024,6,0,0
7339438540144859,3,trader_request,0,1024,1,0,0
7339438540144859,3,trading_callback,0,1024,3,0,0
7339438540144859,3,trace,0,8192,5,0,0
7339438540144859,3,latency,0,4096,0,0,0
7339438640687245,0,market_ingress,0,1024,2,0,0
7339438640687245,0,trader_request,0,1024,1,0,0
7339438640687245,0,trading_callback,0,1024,2,0,0
7339438640687245,0,trace,0,8192,5,0,0
7339438640687245,0,latency,0,4096,0,0,0
7339438640687245,1,market_ingress,0,1024,3,0,0
7339438640687245,1,trader_request,0,1024,1,0,0
7339438640687245,1,trading_callback,0,1024,2,0,0
7339438640687245,1,trace,0,8192,20,0,0
7339438640687245,1,latency,0,4096,0,0,0
7339438640687245,2,market_ingress,0,1024,6,0,0
7339438640687245,2,trader_request,0,1024,1,0,0
7339438640687245,2,trading_callback,0,1024,2,0,0
7339438640687245,2,trace,0,8192,5,0,0
7339438640687245,2,latency,0,4096,0,0,0
7339438640687245,3,market_ingress,0,1024,6,0,0
7339438640687245,3,trader_request,0,1024,1,0,0
7339438640687245,3,trading_callback,0,1024,3,0,0
7339438640687245,3,trace,0,8192,5,0,0
7339438640687245,3,latency,0,4096,0,0,0
7339438741467047,0,market_ingress,0,1024,2,0,0
7339438741467047,0,trader_request,0,1024,1,0,0
7339438741467047,0,trading_callback,0,1024,2,0,0
7339438741467047,0,trace,0,8192,5,0,0
7339438741467047,0,latency,0,4096,0,0,0
7339438741467047,1,market_ingress,0,1024,3,0,0
7339438741467047,1,trader_request,0,1024,1,0,0
7339438741467047,1,trading_callback,0,1024,2,0,0
7339438741467047,1,trace,0,8192,20,0,0
7339438741467047,1,latency,0,4096,0,0,0
7339438741467047,2,market_ingress,0,1024,6,0,0
7339438741467047,2,trader_request,0,1024,1,0,0
7339438741467047,2,trading_callback,0,1024,2,0,0
7339438741467047,2,trace,0,8192,5,0,0
7339438741467047,2,latency,0,4096,0,0,0
7339438741467047,3,market_ingress,0,1024,6,0,0
7339438741467047,3,trader_request,0,1024,1,0,0
7339438741467047,3,trading_callback,0,1024,3,0,0
7339438741467047,3,trace,0,8192,5,0,0
7339438741467047,3,latency,0,4096,0,0,0
7339438842029520,0,market_ingress,0,1024,2,0,0
7339438842029520,0,trader_request,0,1024,1,0,0
7339438842029520,0,trading_callback,0,1024,2,0,0
7339438842029520,0,trace,0,8192,5,0,0
7339438842029520,0,latency,0,4096,0,0,0
7339438842029520,1,market_ingress,0,1024,3,0,0
7339438842029520,1,trader_request,0,1024,1,0,0
7339438842029520,1,trading_callback,0,1024,2,0,0
7339438842029520,1,trace,0,8192,20,0,0
7339438842029520,1,latency,0,4096,0,0,0
7339438842029520,2,market_ingress,0,1024,6,0,0
7339438842029520,2,trader_request,0,1024,1,0,0
7339438842029520,2,trading_callback,0,1024,2,0,0
7339438842029520,2,trace,0,8192,5,0,0
7339438842029520,2,latency,0,4096,0,0,0
7339438842029520,3,market_ingress,0,1024,6,0,0
7339438842029520,3,trader_request,0,1024,1,0,0
7339438842029520,3,trading_callback,0,1024,3,0,0
7339438842029520,3,trace,0,8192,5,0,0
7339438842029520,3,latency,0,4096,0,0,0
7339438942596592,0,market_ingress,0,1024,2,0,0
7339438942596592,0,trader_request,0,1024,1,0,0
7339438942596592,0,trading_callback,0,1024,2,0,0
7339438942596592,0,trace,0,8192,5,0,0
7339438942596592,0,latency,0,4096,0,0,0
7339438942596592,1,market_ingress,0,1024,4,0,0
7339438942596592,1,trader_request,0,1024,1,0,0
7339438942596592,1,trading_callback,0,1024,2,0,0
7339438942596592,1,trace,0,8192,20,0,0
7339438942596592,1,latency,0,4096,0,0,0
7339438942596592,2,market_ingress,0,1024,6,0,0
7339438942596592,2,trader_request,0,1024,1,0,0
7339438942596592,2,trading_callback,0,1024,2,0,0
7339438942596592,2,trace,0,8192,5,0,0
7339438942596592,2,latency,0,4096,0,0,0
7339438942596592,3,market_ingress,0,1024,6,0,0
7339438942596592,3,trader_request,0,1024,1,0,0
7339438942596592,3,trading_callback,0,1024,3,0,0
7339438942596592,3,trace,0,8192,5,0,0
7339438942596592,3,latency,0,4096,0,0,0
7339439043151957,0,market_ingress,0,1024,2,0,0
7339439043151957,0,trader_request,0,1024,1,0,0
7339439043151957,0,trading_callback,0,1024,2,0,0
7339439043151957,0,trace,0,8192,5,0,0
7339439043151957,0,latency,0,4096,0,0,0
7339439043151957,1,market_ingress,0,1024,4,0,0
7339439043151957,1,trader_request,0,1024,1,0,0
7339439043151957,1,trading_callback,0,1024,2,0,0
7339439043151957,1,trace,0,8192,20,0,0
7339439043151957,1,latency,0,4096,0,0,0
7339439043151957,2,market_ingress,0,1024,6,0,0
7339439043151957,2,trader_request,0,1024,1,0,0
7339439043151957,2,trading_callback,0,1024,2,0,0
7339439043151957,2,trace,0,8192,5,0,0
7339439043151957,2,latency,0,4096,0,0,0
7339439043151957,3,market_ingress,0,1024,6,0,0
7339439043151957,3,trader_request,0,1024,1,0,0
7339439043151957,3,trading_callback,0,1024,3,0,0
7339439043151957,3,trace,0,8192,5,0,0
7339439043151957,3,latency,0,4096,0,0,0
7339439143722488,0,market_ingress,0,1024,2,0,0
7339439143722488,0,trader_request,0,1024,1,0,0
7339439143722488,0,trading_callback,0,1024,2,0,0
7339439143722488,0,trace,0,8192,5,0,0
7339439143722488,0,latency,0,4096,0,0,0
7339439143722488,1,market_ingress,0,1024,4,0,0
7339439143722488,1,trader_request,0,1024,1,0,0
7339439143722488,1,trading_callback,0,1024,2,0,0
7339439143722488,1,trace,0,8192,20,0,0
7339439143722488,1,latency,0,4096,0,0,0
7339439143722488,2,market_ingress,0,1024,6,0,0
7339439143722488,2,trader_request,0,1024,1,0,0
7339439143722488,2,trading_callback,0,1024,2,0,0
7339439143722488,2,trace,0,8192,5,0,0
7339439143722488,2,latency,0,4096,0,0,0
7339439143722488,3,market_ingress,0,1024,6,0,0
7339439143722488,3,trader_request,0,1024,1,0,0
7339439143722488,3,trading_callback,0,1024,3,0,0
7339439143722488,3,trace,0,8192,5,0,0
7339439143722488,3,latency,0,4096,0,0,0
7339439244296684,0,market_ingress,0,1024,2,0,0
7339439244296684,0,trader_request,0,1024,1,0,0
7339439244296684,0,trading_callback,0,1024,2,0,0
7339439244296684,0,trace,0,8192,5,0,0
7339439244296684,0,latency,0,4096,0,0,0
7339439244296684,1,market_ingress,0,1024,4,0,0
7339439244296684,1,trader_request,0,1024,1,0,0
7339439244296684,1,trading_callback,0,1024,2,0,0
7339439244296684,1,trace,0,8192,20,0,0
7339439244296684,1,latency,0,4096,0,0,0
7339439244296684,2,market_ingress,0,1024,6,0,0
7339439244296684,2,trader_request,0,1024,1,0,0
7339439244296684,2,trading_callback,0,1024,2,0,0
7339439244296684,2,trace,0,8192,5,0,0
7339439244296684,2,latency,0,4096,0,0,0
7339439244296684,3,market_ingress,0,1024,6,0,0
7339439244296684,3,trader_request,0,1024,1,0,0
7339439244296684,3,trading_callback,0,1024,3,0,0
7339439244296684,3,trace,0,8192,5,0,0
7339439244296684,3,latency,0,4096,0,0,0
7339439344861753,0,market_ingress,0,1024,4,0,0
7339439344861753,0,trader_request,0,1024,1,0,0
7339439344861753,0,trading_callback,0,1024,2,0,0
7339439344861753,0,trace,0,8192,5,0,0
7339439344861753,0,latency,0,4096,0,0,0
7339439344861753,1,market_ingress,0,1024,4,0,0
7339439344861753,1,trader_request,0,1024,1,0,0
7339439344861753,1,trading_callback,0,1024,2,0,0
7339439344861753,1,trace,0,8192,20,0,0
7339439344861753,1,latency,0,4096,0,0,0
7339439344861753,2,market_ingress,0,1024,6,0,0
7339439344861753,2,trader_request,0,1024,1,0,0
7339439344861753,2,trading_callback,0,1024,2,0,0
7339439344861753,2,trace,0,8192,5,0,0
7339439344861753,2,latency,0,4096,0,0,0
7339439344861753,3,market_ingress,0,1024,6,0,0
7339439344861753,3,trader_request,0,1024,2,0,0
7339439344861753,3,trading_callback,0,1024,3,0,0
7339439344861753,3,trace,0,8192,5,0,0
7339439344861753,3,latency,0,4096,0,0,0
7339439445442135,0,market_ingress,0,1024,6,0,0
7339439445442135,0,trader_request,0,1024,1,0,0
7339439445442135,0,trading_callback,0,1024,2,0,0
7339439445442135,0,trace,0,8192,5,0,0
7339439445442135,0,latency,0,4096,0,0,0
7339439445442135,1,market_ingress,0,1024,6,0,0
7339439445442135,1,trader_request,0,1024,1,0,0
7339439445442135,1,trading_callback,0,1024,2,0,0
7339439445442135,1,trace,0,8192,20,0,0
7339439445442135,1,latency,0,4096,0,0,0
7339439445442135,2,market_ingress,0,1024,6,0,0
7339439445442135,2,trader_request,0,1024,1,0,0
7339439445442135,2,trading_callback,0,1024,2,0,0
7339439445442135,2,trace,0,8192,5,0,0
7339439445442135,2,latency,0,4096,0,0,0
7339439445442135,3,market_ingress,0,1024,6,0,0
7339439445442135,3,trader_request,0,1024,2,0,0
7339439445442135,3,trading_callback,0,1024,3,0,0
7339439445442135,3,trace,0,8192,5,0,0
7339439445442135,3,latency,0,4096,0,0,0
7339439546018250,0,market_ingress,0,1024,9,0,0
7339439546018250,0,trader_request,0,1024,1,0,0
7339439546018250,0,trading_callback,0,1024,2,0,0
7339439546018250,0,trace,0,8192,5,0,0
7339439546018250,0,latency,0,4096,2,0,0
7339439546018250,1,market_ingress,0,1024,21,0,0
7339439546018250,1,trader_request,0,1024,1,0,0
7339439546018250,1,trading_callback,0,1024,3,0,0
7339439546018250,1,trace,0,8192,20,0,0
7339439546018250,1,latency,0,4096,2,0,0
7339439546018250,2,market_ingress,0,1024,9,0,0
7339439546018250,2,trader_request,0,1024,1,0,0
7339439546018250,2,trading_callback,0,1024,2,0,0
7339439546018250,2,trace,0,8192,15,0,0
7339439546018250,2,latency,0,4096,2,0,0
7339439546018250,3,market_ingress,0,1024,9,0,0
7339439546018250,3,trader_request,0,1024,4,0,0
7339439546018250,3,trading_callback,0,1024,5,0,0
7339439546018250,3,trace,0,8192,5,0,0
7339439546018250,3,latency,0,4096,2,0,0
7339439646761841,0,market_ingress,0,1024,9,0,0
7339439646761841,0,trader_request,0,1024,1,0,0
7339439646761841,0,trading_callback,0,1024,2,0,0
7339439646761841,0,trace,0,8192,5,0,0
7339439646761841,0,latency,0,4096,2,0,0
7339439646761841,1,market_ingress,0,1024,21,0,0
7339439646761841,1,trader_request,0,1024,1,0,0
7339439646761841,1,trading_callback,0,1024,3,0,0
7339439646761841,1,trace,0,8192,20,0,0
7339439646761841,1,latency,0,4096,2,0,0
7339439646761841,2,market_ingress,0,1024,9,0,0
7339439646761841,2,trader_request,0,1024,1,0,0
7339439646761841,2,trading_callback,0,1024,2,0,0
7339439646761841,2,trace,0,8192,15,0,0
7339439646761841,2,latency,0,4096,2,0,0
7339439646761841,3,market_ingress,0,1024,9,0,0
7339439646761841,3,trader_request,0,1024,4,0,0
7339439646761841,3,trading_callback,0,1024,5,0,0
7339439646761841,3,trace,0,8192,5,0,0
7339439646761841,3,latency,0,4096,20,0,0
7339439747386961,0,market_ingress,0,1024,9,0,0
7339439747386961,0,trader_request,0,1024,1,0,0
7339439747386961,0,trading_callback,0,1024,2,0,0
7339439747386961,0,trace,0,8192,5,0,0
7339439747386961,0,latency,0,4096,2,0,0
7339439747386961,1,market_ingress,0,1024,21,0,0
7339439747386961,1,trader_request,0,1024,1,0,0
7339439747386961,1,trading_callback,0,1024,3,0,0
7339439747386961,1,trace,0,8192,20,0,0
7339439747386961,1,latency,0,4096,2,0,0
7339439747386961,2,market_ingress,0,1024,9,0,0
7339439747386961,2,trader_request,0,1024,1,0,0
7339439747386961,2,trading_callback,0,1024,2,0,0
7339439747386961,2,trace,0,8192,15,0,0
7339439747386961,2,latency,0,4096,2,0,0
7339439747386961,3,market_ingress,0,1024,9,0,0
7339439747386961,3,trader_request,0,1024,4,0,0
7339439747386961,3,trading_callback,0,1024,5,0,0
7339439747386961,3,trace,0,8192,5,0,0
7339439747386961,3,latency,0,4096,20,0,0
7339439848822524,0,market_ingress,0,1024,9,0,0
7339439848822524,0,trader_request,0,1024,1,0,0
7339439848822524,0,trading_callback,0,1024,2,0,0
7339439848822524,0,trace,0,8192,5,0,0
7339439848822524,0,latency,0,4096,2,0,0
7339439848822524,1,market_ingress,0,1024,21,0,0
7339439848822524,1,trader_request,0,1024,1,0,0
7339439848822524,1,trading_callback,0,1024,3,0,0
7339439848822524,1,trace,0,8192,20,0,0
7339439848822524,1,latency,0,4096,2,0,0
7339439848822524,2,market_ingress,0,1024,9,0,0
7339439848822524,2,trader_request,0,1024,1,0,0
7339439848822524,2,trading_callback,0,1024,2,0,0
7339439848822524,2,trace,0,8192,15,0,0
7339439848822524,2,latency,0,4096,2,0,0
7339439848822524,3,market_ingress,0,1024,9,0,0
7339439848822524,3,trader_request,0,1024,4,0,0
7339439848822524,3,trading_callback,0,1024,5,0,0
7339439848822524,3,trace,0,8192,5,0,0
7339439848822524,3,latency,0,4096,20,0,0
7339439949431790,0,market_ingress,0,1024,9,0,0
7339439949431790,0,trader_request,0,1024,1,0,0
7339439949431790,0,trading_callback,0,1024,2,0,0
7339439949431790,0,trace,0,8192,5,0,0
7339439949431790,0,latency,0,4096,2,0,0
7339439949431790,1,market_ingress,0,1024,21,0,0
7339439949431790,1,trader_request,0,1024,1,0,0
7339439949431790,1,trading_callback,0,1024,3,0,0
7339439949431790,1,trace,0,8192,20,0,0
7339439949431790,1,latency,0,4096,2,0,0
7339439949431790,2,market_ingress,0,1024,9,0,0
7339439949431790,2,trader_request,0,1024,1,0,0
7339439949431790,2,trading_callback,0,1024,2,0,0
7339439949431790,2,trace,0,8192,15,0,0
7339439949431790,2,latency,0,4096,2,0,0
7339439949431790,3,market_ingress,0,1024,9,0,0
7339439949431790,3,trader_request,0,1024,4,0,0
7339439949431790,3,trading_callback,0,1024,5,0,0
7339439949431790,3,trace,0,8192,5,0,0
7339439949431790,3,latency,0,4096,20,0,0
7339440050017888,0,market_ingress,0,1024,9,0,0
7339440050017888,0,trader_request,0,1024,1,0,0
7339440050017888,0,trading_callback,0,1024,2,0,0
7339440050017888,0,trace,0,8192,5,0,0
7339440050017888,0,latency,0,4096,2,0,0
7339440050017888,1,market_ingress,0,1024,21,0,0
7339440050017888,1,trader_request,0,1024,1,0,0
7339440050017888,1,trading_callback,0,1024,3,0,0
7339440050017888,1,trace,0,8192,20,0,0
7339440050017888,1,latency,0,4096,2,0,0
7339440050017888,2,market_ingress,0,1024,9,0,0
7339440050017888,2,trader_request,0,1024,1,0,0
7339440050017888,2,trading_callback,0,1024,2,0,0
7339440050017888,2,trace,0,8192,15,0,0
7339440050017888,2,latency,0,4096,2,0,0
7339440050017888,3,market_ingress,0,1024,9,0,0
7339440050017888,3,trader_request,0,1024,4,0,0
7339440050017888,3,trading_callback,0,1024,5,0,0
7339440050017888,3,trace,0,8192,5,0,0
7339440050017888,3,latency,0,4096,20,0,0
7339440150577351,0,market_ingress,0,1024,9,0,0
7339440150577351,0,trader_request,0,1024,1,0,0
7339440150577351,0,trading_callback,0,1024,2,0,0
7339440150577351,0,trace,0,8192,5,0,0
7339440150577351,0,latency,0,4096,2,0,0
7339440150577351,1,market_ingress,0,1024,21,0,0
7339440150577351,1,trader_request,0,1024,1,0,0
7339440150577351,1,trading_callback,0,1024,3,0,0
7339440150577351,1,trace,0,8192,20,0,0
7339440150577351,1,latency,0,4096,2,0,0
7339440150577351,2,market_ingress,0,1024,9,0,0
7339440150577351,2,trader_request,0,1024,1,0,0
7339440150577351,2,trading_callback,0,1024,2,0,0
7339440150577351,2,trace,0,8192,15,0,0
7339440150577351,2,latency,0,4096,2,0,0
7339440150577351,3,market_ingress,0,1024,9,0,0
7339440150577351,3,trader_request,0,1024,4,0,0
7339440150577351,3,trading_callback,0,1024,5,0,0
7339440150577351,3,trace,0,8192,5,0,0
7339440150577351,3,latency,0,4096,20,0,0
7339440251154457,0,market_ingress,0,1024,9,0,0
7339440251154457,0,trader_request,0,1024,1,0,0
7339440251154457,0,trading_callback,0,1024,2,0,0
7339440251154457,0,trace,0,8192,5,0,0
7339440251154457,0,latency,0,4096,2,0,0
7339440251154457,1,market_ingress,0,1024,21,0,0
7339440251154457,1,trader_request,0,1024,1,0,0
7339440251154457,1,trading_callback,0,1024,3,0,0
7339440251154457,1,trace,0,8192,20,0,0
7339440251154457,1,latency,0,4096,3,0,0
7339440251154457,2,market_ingress,0,1024,9,0,0
7339440251154457,2,trader_request,0,1024,1,0,0
7339440251154457,2,trading_callback,0,1024,2,0,0
7339440251154457,2,trace,0,8192,15,0,0
7339440251154457,2,latency,0,4096,3,0,0
7339440251154457,3,market_ingress,0,1024,9,0,0
7339440251154457,3,trader_request,0,1024,4,0,0
7339440251154457,3,trading_callback,0,1024,5,0,0
7339440251154457,3,trace,0,8192,5,0,0
7339440251154457,3,latency,0,4096,20,0,0
7339440351718927,0,market_ingress,0,1024,9,0,0
7339440351718927,0,trader_request,0,1024,1,0,0
7339440351718927,0,trading_callback,0,1024,2,0,0
7339440351718927,0,trace,0,8192,5,0,0
7339440351718927,0,latency,0,4096,2,0,0
7339440351718927,1,market_ingress,0,1024,21,0,0
7339440351718927,1,trader_request,0,1024,1,0,0
7339440351718927,1,trading_callback,0,1024,3,0,0
7339440351718927,1,trace,0,8192,20,0,0
7339440351718927,1,latency,0,4096,3,0,0
7339440351718927,2,market_ingress,0,1024,9,0,0
7339440351718927,2,trader_request,0,1024,1,0,0
7339440351718927,2,trading_callback,0,1024,2,0,0
7339440351718927,2,trace,0,8192,15,0,0
7339440351718927,2,latency,0,4096,3,0,0
7339440351718927,3,market_ingress,0,1024,9,0,0
7339440351718927,3,trader_request,0,1024,4,0,0
7339440351718927,3,trading_callback,0,1024,5,0,0
7339440351718927,3,trace,0,8192,5,0,0
7339440351718927,3,latency,0,4096,20,0,0
7339440452533430,0,market_ingress,0,1024,9,0,0
7339440452533430,0,trader_request,0,1024,1,0,0
7339440452533430,0,trading_callback,0,1024,2,0,0
7339440452533430,0,trace,0,8192,5,0,0
7339440452533430,0,latency,0,4096,2,0,0
7339440452533430,1,market_ingress,0,1024,21,0,0
7339440452533430,1,trader_request,0,1024,1,0,0
7339440452533430,1,trading_callback,0,1024,3,0,0
7339440452533430,1,trace,0,8192,20,0,0
7339440452533430,1,latency,0,4096,3,0,0
7339440452533430,2,market_ingress,0,1024,9,0,0
7339440452533430,2,trader_request,0,1024,1,0,0
7339440452533430,2,trading_callback,0,1024,2,0,0
7339440452533430,2,trace,0,8192,15,0,0
7339440452533430,2,latency,0,4096,9,0,0
7339440452533430,3,market_ingress,0,1024,9,0,0
7339440452533430,3,trader_request,0,1024,4,0,0
7339440452533430,3,trading_callback,0,1024,5,0,0
7339440452533430,3,trace,0,8192,5,0,0
7339440452533430,3,latency,0,4096,20,0,0
7339440553365508,0,market_ingress,0,1024,15,0,0
7339440553365508,0,trader_request,0,1024,1,0,0
7339440553365508,0,trading_callback,0,1024,3,0,0
7339440553365508,0,trace,0,8192,5,0,0
7339440553365508,0,latency,0,4096,2,0,0
7339440553365508,1,market_ingress,0,1024,21,0,0
7339440553365508,1,trader_request,0,1024,1,0,0
7339440553365508,1,trading_callback,0,1024,3,0,0
7339440553365508,1,trace,0,8192,20,0,0
7339440553365508,1,latency,0,4096,3,0,0
7339440553365508,2,market_ingress,0,1024,15,0,0
7339440553365508,2,trader_request,0,1024,1,0,0
7339440553365508,2,trading_callback,0,1024,3,0,0
7339440553365508,2,trace,0,8192,15,0,0
7339440553365508,2,latency,0,4096,9,0,0
7339440553365508,3,market_ingress,0,1024,15,0,0
7339440553365508,3,trader_request,0,1024,4,0,0
7339440553365508,3,trading_callback,0,1024,5,0,0
7339440553365508,3,trace,0,8192,5,0,0
7339440553365508,3,latency,0,4096,20,0,0
7339440653964426,0,market_ingress,0,1024,15,0,0
7339440653964426,0,trader_request,0,1024,1,0,0
7339440653964426,0,trading_callback,0,1024,3,0,0
7339440653964426,0,trace,0,8192,5,0,0
7339440653964426,0,latency,0,4096,2,0,0
7339440653964426,1,market_ingress,0,1024,21,0,0
7339440653964426,1,trader_request,0,1024,1,0,0
7339440653964426,1,trading_callback,0,1024,3,0,0
7339440653964426,1,trace,0,8192,20,0,0
7339440653964426,1,latency,0,4096,3,0,0
7339440653964426,2,market_ingress,0,1024,15,0,0
7339440653964426,2,trader_request,0,1024,1,0,0
7339440653964426,2,trading_callback,0,1024,3,0,0
7339440653964426,2,trace,0,8192,15,0,0
7339440653964426,2,latency,0,4096,9,0,0
7339440653964426,3,market_ingress,0,1024,15,0,0
7339440653964426,3,trader_request,0,1024,4,0,0
7339440653964426,3,trading_callback,0,1024,5,0,0
7339440653964426,3,trace,0,8192,5,0,0
7339440653964426,3,latency,0,4096,20,0,0
7339440754528671,0,market_ingress,0,1024,15,0,0
7339440754528671,0,trader_request,0,1024,1,0,0
7339440754528671,0,trading_callback,0,1024,3,0,0
7339440754528671,0,trace,0,8192,5,0,0
7339440754528671,0,latency,0,4096,5,0,0
7339440754528671,1,market_ingress,0,1024,21,0,0
7339440754528671,1,trader_request,0,1024,1,0,0
7339440754528671,1,trading_callback,0,1024,3,0,0
7339440754528671,1,trace,0,8192,22,0,0
7339440754528671,1,latency,0,4096,3,0,0
7339440754528671,2,market_ingress,0,1024,15,0,0
7339440754528671,2,trader_request,0,1024,1,0,0
7339440754528671,2,trading_callback,0,1024,3,0,0
7339440754528671,2,trace,0,8192,15,0,0
7339440754528671,2,latency,0,4096,18,0,0
7339440754528671,3,market_ingress,0,1024,15,0,0
7339440754528671,3,trader_request,0,1024,4,0,0
7339440754528671,3,trading_callback,0,1024,5,0,0
7339440754528671,3,trace,0,8192,5,0,0
7339440754528671,3,latency,0,4096,20,0,0
7339440855236844,0,market_ingress,0,1024,15,0,0
7339440855236844,0,trader_request,0,1024,1,0,0
7339440855236844,0,trading_callback,0,1024,3,0,0
7339440855236844,0,trace,0,8192,5,0,0
7339440855236844,0,latency,0,4096,5,0,0
7339440855236844,1,market_ingress,0,1024,21,0,0
7339440855236844,1,trader_request,0,1024,1,0,0
7339440855236844,1,trading_callback,0,1024,3,0,0
7339440855236844,1,trace,0,8192,22,0,0
7339440855236844,1,latency,0,4096,3,0,0
7339440855236844,2,market_ingress,0,1024,15,0,0
7339440855236844,2,trader_request,0,1024,1,0,0
7339440855236844,2,trading_callback,0,1024,3,0,0
7339440855236844,2,trace,0,8192,15,0,0
7339440855236844,2,latency,0,4096,18,0,0
7339440855236844,3,market_ingress,0,1024,15,0,0
7339440855236844,3,trader_request,0,1024,4,0,0
7339440855236844,3,trading_callback,0,1024,5,0,0
7339440855236844,3,trace,0,8192,5,0,0
7339440855236844,3,latency,0,4096,20,0,0
7339440955834790,0,market_ingress,0,1024,15,0,0
7339440955834790,0,trader_request,0,1024,1,0,0
7339440955834790,0,trading_callback,0,1024,3,0,0
7339440955834790,0,trace,0,8192,5,0,0
7339440955834790,0,latency,0,4096,5,0,0
7339440955834790,1,market_ingress,0,1024,21,0,0
7339440955834790,1,trader_request,0,1024,1,0,0
7339440955834790,1,trading_callback,0,1024,3,0,0
7339440955834790,1,trace,0,8192,22,0,0
7339440955834790,1,latency,0,4096,3,0,0
7339440955834790,2,market_ingress,0,1024,15,0,0
7339440955834790,2,trader_request,0,1024,1,0,0
7339440955834790,2,trading_callback,0,1024,4,0,0
7339440955834790,2,trace,0,8192,15,0,0
7339440955834790,2,latency,0,4096,18,0,0
7339440955834790,3,market_ingress,0,1024,15,0,0
7339440955834790,3,trader_request,0,1024,4,0,0
7339440955834790,3,trading_callback,0,1024,5,0,0
7339440955834790,3,trace,0,8192,5,0,0
7339440955834790,3,latency,0,4096,20,0,0
7339441056416384,0,market_ingress,0,1024,15,0,0
7339441056416384,0,trader_request,0,1024,1,0,0
7339441056416384,0,trading_callback,0,1024,3,0,0
7339441056416384,0,trace,0,8192,5,0,0
7339441056416384,0,latency,0,4096,5,0,0
7339441056416384,1,market_ingress,0,1024,21,0,0
7339441056416384,1,trader_request,0,1024,1,0,0
7339441056416384,1,trading_callback,0,1024,3,0,0
7339441056416384,1,trace,0,8192,22,0,0
7339441056416384,1,latency,0,4096,3,0,0
7339441056416384,2,market_ingress,0,1024,15,0,0
7339441056416384,2,trader_request,0,1024,1,0,0
7339441056416384,2,trading_callback,0,1024,4,0,0
7339441056416384,2,trace,0,8192,15,0,0
7339441056416384,2,latency,0,4096,18,0,0
7339441056416384,3,market_ingress,0,1024,15,0,0
7339441056416384,3,trader_request,0,1024,4,0,0
7339441056416384,3,trading_callback,0,1024,5,0,0
7339441056416384,3,trace,0,8192,5,0,0
7339441056416384,3,latency,0,4096,20,0,0
7339441156986758,0,market_ingress,0,1024,15,0,0
7339441156986758,0,trader_request,0,1024,1,0,0
7339441156986758,0,trading_callback,0,1024,3,0,0
7339441156986758,0,trace,0,8192,5,0,0
7339441156986758,0,latency,0,4096,5,0,0
7339441156986758,1,market_ingress,0,1024,21,0,0
7339441156986758,1,trader_request,0,1024,1,0,0
7339441156986758,1,trading_callback,0,1024,3,0,0
7339441156986758,1,trace,0,8192,22,0,0
7339441156986758,1,latency,0,4096,3,0,0
7339441156986758,2,market_ingress,0,1024,15,0,0
7339441156986758,2,trader_request,0,1024,1,0,0
7339441156986758,2,trading_callback,0,1024,4,0,0
7339441156986758,2,trace,0,8192,15,0,0
7339441156986758,2,latency,0,4096,18,0,0
7339441156986758,3,market_ingress,0,1024,15,0,0
7339441156986758,3,trader_request,0,1024,4,0,0
7339441156986758,3,trading_callback,0,1024,5,0,0
7339441156986758,3,trace,0,8192,5,0,0
7339441156986758,3,latency,0,4096,20,0,0
7339441260021093,0,market_ingress,0,1024,15,0,0
7339441260021093,0,trader_request,0,1024,1,0,0
7339441260021093,0,trading_callback,0,1024,3,0,0
7339441260021093,0,trace,0,8192,5,0,0
7339441260021093,0,latency,0,4096,5,0,0
7339441260021093,1,market_ingress,0,1024,21,0,0
7339441260021093,1,trader_request,0,1024,1,0,0
7339441260021093,1,trading_callback,2,1024,3,64438,0
7339441260021093,1,trace,0,8192,22,0,0
7339441260021093,1,latency,0,4096,3,0,0
7339441260021093,2,market_ingress,0,1024,15,0,0
7339441260021093,2,trader_request,0,1024,1,0,0
7339441260021093,2,trading_callback,0,1024,4,0,0
7339441260021093,2,trace,0,8192,15,0,0
7339441260021093,2,latency,0,4096,18,0,0
7339441260021093,3,market_ingress,0,1024,15,0,0
7339441260021093,3,trader_request,0,1024,4,0,0
7339441260021093,3,trading_callback,0,1024,5,0,0
7339441260021093,3,trace,0,8192,5,0,0
7339441260021093,3,latency,0,4096,20,0,0
7339441360606694,0,market_ingress,0,1024,15,0,0
7339441360606694,0,trader_request,0,1024,1,0,0
7339441360606694,0,trading_callback,0,1024,3,0,0
7339441360606694,0,trace,0,8192,5,0,0
7339441360606694,0,latency,0,4096,5,0,0
7339441360606694,1,market_ingress,0,1024,21,0,0
7339441360606694,1,trader_request,0,1024,1,0,0
7339441360606694,1,trading_callback,0,1024,3,0,0
7339441360606694,1,trace,0,8192,22,0,0
7339441360606694,1,latency,0,4096,3,0,0
7339441360606694,2,market_ingress,0,1024,15,0,0
7339441360606694,2,trader_request,0,1024,1,0,0
7339441360606694,2,trading_callback,0,1024,4,0,0
7339441360606694,2,trace,0,8192,15,0,0
7339441360606694,2,latency,0,4096,18,0,0
7339441360606694,3,market_ingress,0,1024,15,0,0
7339441360606694,3,trader_request,0,1024,4,0,0
7339441360606694,3,trading_callback,0,1024,5,0,0
7339441360606694,3,trace,0,8192,5,0,0
7339441360606694,3,latency,0,4096,20,0,0
7339441462233725,0,market_ingress,0,1024,15,0,0
7339441462233725,0,trader_request,0,1024,1,0,0
7339441462233725,0,trading_callback,0,1024,3,0,0
7339441462233725,0,trace,0,8192,5,0,0
7339441462233725,0,latency,0,4096,5,0,0
7339441462233725,1,market_ingress,4,1024,21,3777009,0
7339441462233725,1,trader_request,0,1024,1,0,0
7339441462233725,1,trading_callback,0,1024,3,0,0
7339441462233725,1,trace,0,8192,22,0,0
7339441462233725,1,latency,0,4096,3,0,0
7339441462233725,2,market_ingress,0,1024,15,0,0
7339441462233725,2,trader_request,0,1024,1,0,0
7339441462233725,2,trading_callback,0,1024,4,0,0
7339441462233725,2,trace,0,8192,15,0,0
7339441462233725,2,latency,0,4096,18,0,0
7339441462233725,3,market_ingress,0,1024,15,0,0
7339441462233725,3,trader_request,2,1024,4,2174295,0
7339441462233725,3,trading_callback,0,1024,5,0,0
7339441462233725,3,trace,0,8192,5,0,0
7339441462233725,3,latency,0,4096,20,0,0
7339441562854550,0,market_ingress,0,1024,15,0,0
7339441562854550,0,trader_request,0,1024,1,0,0
7339441562854550,0,trading_callback,0,1024,3,0,0
7339441562854550,0,trace,0,8192,5,0,0
7339441562854550,0,latency,0,4096,5,0,0
7339441562854550,1,market_ingress,0,1024,21,0,0
7339441562854550,1,trader_request,0,1024,1,0,0
7339441562854550,1,trading_callback,0,1024,3,0,0
7339441562854550,1,trace,0,8192,22,0,0
7339441562854550,1,latency,0,4096,3,0,0
7339441562854550,2,market_ingress,0,1024,15,0,0
7339441562854550,2,trader_request,0,1024,1,0,0
7339441562854550,2,trading_callback,0,1024,4,0,0
7339441562854550,2,trace,0,8192,15,0,0
7339441562854550,2,latency,0,4096,20,0,0
7339441562854550,3,market_ingress,0,1024,15,0,0
7339441562854550,3,trader_request,0,1024,4,0,0
7339441562854550,3,trading_callback,0,1024,5,0,0
7339441562854550,3,trace,0,8192,5,0,0
7339441562854550,3,latency,0,4096,20,0,0
7339441663436579,0,market_ingress,0,1024,15,0,0
7339441663436579,0,trader_request,0,1024,1,0,0
7339441663436579,0,trading_callback,0,1024,3,0,0
7339441663436579,0,trace,0,8192,5,0,0
7339441663436579,0,latency,0,4096,5,0,0
7339441663436579,1,market_ingress,0,1024,21,0,0
7339441663436579,1,trader_request,0,1024,1,0,0
7339441663436579,1,trading_callback,0,1024,3,0,0
7339441663436579,1,trace,0,8192,22,0,0
7339441663436579,1,latency,0,4096,3,0,0
7339441663436579,2,market_ingress,0,1024,15,0,0
7339441663436579,2,trader_request,0,1024,1,0,0
7339441663436579,2,trading_callback,0,1024,4,0,0
7339441663436579,2,trace,0,8192,15,0,0
7339441663436579,2,latency,0,4096,20,0,0
7339441663436579,3,market_ingress,0,1024,15,0,0
7339441663436579,3,trader_request,0,1024,4,0,0
7339441663436579,3,trading_callback,0,1024,5,0,0
7339441663436579,3,trace,0,8192,5,0,0
7339441663436579,3,latency,0,4096,20,0,0
7339441763993288,0,market_ingress,0,1024,15,0,0
7339441763993288,0,trader_request,0,1024,1,0,0
7339441763993288,0,trading_callback,0,1024,3,0,0
7339441763993288,0,trace,0,8192,5,0,0
7339441763993288,0,latency,0,4096,5,0,0
7339441763993288,1,market_ingress,0,1024,21,0,0
7339441763993288,1,trader_request,0,1024,1,0,0
7339441763993288,1,trading_callback,0,1024,3,0,0
7339441763993288,1,trace,0,8192,22,0,0
7339441763993288,1,latency,0,4096,3,0,0
7339441763993288,2,market_ingress,0,1024,15,0,0
7339441763993288,2,trader_request,0,1024,1,0,0
7339441763993288,2,trading_callback,0,1024,4,0,0
7339441763993288,2,trace,0,8192,15,0,0
7339441763993288,2,latency,0,4096,20,0,0
7339441763993288,3,market_ingress,0,1024,15,0,0
7339441763993288,3,trader_request,0,1024,4,0,0
7339441763993288,3,trading_callback,0,1024,5,0,0
7339441763993288,3,trace,0,8192,5,0,0
7339441763993288,3,latency,0,4096,20,0,0
7339441864811631,0,market_ingress,0,1024,15,0,0
7339441864811631,0,trader_request,0,1024,1,0,0
7339441864811631,0,trading_callback,0,1024,3,0,0
7339441864811631,0,trace,0,8192,5,0,0
7339441864811631,0,latency,0,4096,5,0,0
7339441864811631,1,market_ingress,0,1024,21,0,0
7339441864811631,1,trader_request,0,1024,1,0,0
7339441864811631,1,trading_callback,0,1024,3,0,0
7339441864811631,1,trace,0,8192,22,0,0
7339441864811631,1,latency,0,4096,3,0,0
7339441864811631,2,market_ingress,0,1024,15,0,0
7339441864811631,2,trader_request,0,1024,1,0,0
7339441864811631,2,trading_callback,0,1024,4,0,0
7339441864811631,2,trace,0,8192,15,0,0
7339441864811631,2,latency,0,4096,20,0,0
7339441864811631,3,market_ingress,0,1024,15,0,0
7339441864811631,3,trader_request,0,1024,4,0,0
7339441864811631,3,trading_callback,0,1024,5,0,0
7339441864811631,3,trace,0,8192,5,0,0
7339441864811631,3,latency,0,4096,20,0,0
7339441965364576,0,market_ingress,0,1024,15,0,0
7339441965364576,0,trader_request,0,1024,1,0,0
7339441965364576,0,trading_callback,0,1024,3,0,0
7339441965364576,0,trace,0,8192,5,0,0
7339441965364576,0,latency,0,4096,5,0,0
7339441965364576,1,market_ingress,0,1024,21,0,0
7339441965364576,1,trader_request,0,1024,1,0,0
7339441965364576,1,trading_callback,0,1024,3,0,0
7339441965364576,1,trace,0,8192,22,0,0
7339441965364576,1,latency,0,4096,3,0,0
7339441965364576,2,market_ingress,0,1024,15,0,0
7339441965364576,2,trader_request,0,1024,1,0,0
7339441965364576,2,trading_callback,0,1024,4,0,0
7339441965364576,2,trace,0,8192,15,0,0
7339441965364576,2,latency,0,4096,20,0,0
7339441965364576,3,market_ingress,0,1024,15,0,0
7339441965364576,3,trader_request,0,1024,4,0,0
7339441965364576,3,trading_callback,0,1024,5,0,0
7339441965364576,3,trace,0,8192,5,0,0
7339441965364576,3,latency,0,4096,20,0,0
7339442065901867,0,market_ingress,0,1024,15,0,0
7339442065901867,0,trader_request,0,1024,1,0,0
7339442065901867,0,trading_callback,0,1024,3,0,0
7339442065901867,0,trace,0,8192,5,0,0
7339442065901867,0,latency,0,4096,5,0,0
7339442065901867,1,market_ingress,0,1024,21,0,0
7339442065901867,1,trader_request,0,1024,1,0,0
7339442065901867,1,trading_callback,0,1024,3,0,0
7339442065901867,1,trace,0,8192,22,0,0
7339442065901867,1,latency,0,4096,3,0,0
7339442065901867,2,market_ingress,0,1024,15,0,0
7339442065901867,2,trader_request,0,1024,1,0,0
7339442065901867,2,trading_callback,0,1024,4,0,0
7339442065901867,2,trace,0,8192,15,0,0
7339442065901867,2,latency,0,4096,20,0,0
7339442065901867,3,market_ingress,0,1024,15,0,0
7339442065901867,3,trader_request,0,1024,4,0,0
7339442065901867,3,trading_callback,0,1024,5,0,0
7339442065901867,3,trace,0,8192,5,0,0
7339442065901867,3,latency,0,4096,20,0,0
7339442166499086,0,market_ingress,0,1024,15,0,0
7339442166499086,0,trader_request,0,1024,1,0,0
7339442166499086,0,trading_callback,0,1024,3,0,0
7339442166499086,0,trace,0,8192,5,0,0
7339442166499086,0,latency,0,4096,5,0,0
7339442166499086,1,market_ingress,0,1024,21,0,0
7339442166499086,1,trader_request,0,1024,1,0,0
7339442166499086,1,trading_callback,0,1024,3,0,0
7339442166499086,1,trace,0,8192,22,0,0
7339442166499086,1,latency,0,4096,3,0,0
7339442166499086,2,market_ingress,0,1024,15,0,0
7339442166499086,2,trader_request,0,1024,1,0,0
7339442166499086,2,trading_callback,0,1024,4,0,0
7339442166499086,2,trace,0,8192,15,0,0
7339442166499086,2,latency,0,4096,20,0,0
7339442166499086,3,market_ingress,0,1024,15,0,0
7339442166499086,3,trader_request,0,1024,4,0,0
7339442166499086,3,trading_callback,0,1024,5,0,0
7339442166499086,3,trace,0,8192,5,0,0
7339442166499086,3,latency,0,4096,20,0,0
7339442267097603,0,market_ingress,0,1024,15,0,0
7339442267097603,0,trader_request,0,1024,1,0,0
7339442267097603,0,trading_callback,0,1024,3,0,0
7339442267097603,0,trace,0,8192,5,0,0
7339442267097603,0,latency,0,4096,5,0,0
7339442267097603,1,market_ingress,0,1024,21,0,0
7339442267097603,1,trader_request,0,1024,1,0,0
7339442267097603,1,trading_callback,0,1024,3,0,0
7339442267097603,1,trace,0,8192,22,0,0
7339442267097603,1,latency,0,4096,3,0,0
7339442267097603,2,market_ingress,0,1024,15,0,0
7339442267097603,2,trader_request,0,1024,1,0,0
7339442267097603,2,trading_callback,0,1024,4,0,0
7339442267097603,2,trace,0,8192,15,0,0
7339442267097603,2,latency,0,4096,20,0,0
7339442267097603,3,market_ingress,0,1024,15,0,0
7339442267097603,3,trader_request,0,1024,4,0,0
7339442267097603,3,trading_callback,0,1024,5,0,0
7339442267097603,3,trace,0,8192,5,0,0
7339442267097603,3,latency,0,4096,20,0,0
7339442367669005,0,market_ingress,0,1024,15,0,0
7339442367669005,0,trader_request,0,1024,3,0,0
7339442367669005,0,trading_callback,0,1024,5,0,0
7339442367669005,0,trace,0,8192,5,0,0
7339442367669005,0,latency,0,4096,5,0,0
7339442367669005,1,market_ingress,0,1024,21,0,0
7339442367669005,1,trader_request,0,1024,1,0,0
7339442367669005,1,trading_callback,0,1024,3,0,0
7339442367669005,1,trace,0,8192,22,0,0
7339442367669005,1,latency,0,4096,3,0,0
7339442367669005,2,market_ingress,0,1024,15,0,0
7339442367669005,2,trader_request,0,1024,1,0,0
7339442367669005,2,trading_callback,0,1024,4,0,0
7339442367669005,2,trace,0,8192,15,0,0
7339442367669005,2,latency,0,4096,20,0,0
7339442367669005,3,market_ingress,0,1024,15,0,0
7339442367669005,3,trader_request,0,1024,4,0,0
7339442367669005,3,trading_callback,0,1024,5,0,0
7339442367669005,3,trace,0,8192,5,0,0
7339442367669005,3,latency,0,4096,20,0,0
7339442468524280,0,market_ingress,0,1024,15,0,0
7339442468524280,0,trader_request,0,1024,3,0,0
7339442468524280,0,trading_callback,0,1024,5,0,0
7339442468524280,0,trace,0,8192,5,0,0
7339442468524280,0,latency,0,4096,5,0,0
7339442468524280,1,market_ingress,0,1024,21,0,0
7339442468524280,1,trader_request,0,1024,1,0,0
7339442468524280,1,trading_callback,0,1024,3,0,0
7339442468524280,1,trace,0,8192,22,0,0
7339442468524280,1,latency,0,4096,3,0,0
7339442468524280,2,market_ingress,0,1024,15,0,0
7339442468524280,2,trader_request,0,1024,1,0,0
7339442468524280,2,trading_callback,0,1024,4,0,0
7339442468524280,2,trace,0,8192,15,0,0
7339442468524280,2,latency,0,4096,20,0,0
7339442468524280,3,market_ingress,0,1024,15,0,0
7339442468524280,3,trader_request,0,1024,4,0,0
7339442468524280,3,trading_callback,0,1024,5,0,0
7339442468524280,3,trace,0,8192,5,0,0
7339442468524280,3,latency,0,4096,20,0,0
7339442569075979,0,market_ingress,0,1024,15,0,0
7339442569075979,0,trader_request,0,1024,3,0,0
7339442569075979,0,trading_callback,0,1024,5,0,0
7339442569075979,0,trace,0,8192,5,0,0
7339442569075979,0,latency,0,4096,5,0,0
7339442569075979,1,market_ingress,0,1024,21,0,0
7339442569075979,1,trader_request,0,1024,1,0,0
7339442569075979,1,trading_callback,0,1024,3,0,0
7339442569075979,1,trace,0,8192,22,0,0
7339442569075979,1,latency,0,4096,3,0,0
7339442569075979,2,market_ingress,0,1024,15,0,0
7339442569075979,2,trader_request,0,1024,1,0,0
7339442569075979,2,trading_callback,0,1024,4,0,0
7339442569075979,2,trace,0,8192,15,0,0
7339442569075979,2,latency,0,4096,20,0,0
7339442569075979,3,market_ingress,0,1024,15,0,0
7339442569075979,3,trader_request,0,1024,4,0,0
7339442569075979,3,trading_callback,0,1024,5,0,0
7339442569075979,3,trace,0,8192,5,0,0
7339442569075979,3,latency,0,4096,20,0,0
7339442669667018,0,market_ingress,0,1024,15,0,0
7339442669667018,0,trader_request,0,1024,3,0,0
7339442669667018,0,trading_callback,0,1024,5,0,0
7339442669667018,0,trace,0,8192,5,0,0
7339442669667018,0,latency,0,4096,5,0,0
7339442669667018,1,market_ingress,0,1024,21,0,0
7339442669667018,1,trader_request,0,1024,1,0,0
7339442669667018,1,trading_callback,0,1024,3,0,0
7339442669667018,1,trace,0,8192,22,0,0
7339442669667018,1,latency,0,4096,3,0,0
7339442669667018,2,market_ingress,0,1024,15,0,0
7339442669667018,2,trader_request,0,1024,1,0,0
7339442669667018,2,trading_callback,0,1024,4,0,0
7339442669667018,2,trace,0,8192,15,0,0
7339442669667018,2,latency,0,4096,20,0,0
7339442669667018,3,market_ingress,0,1024,15,0,0
7339442669667018,3,trader_request,0,1024,4,0,0
7339442669667018,3,trading_callback,0,1024,5,0,0
7339442669667018,3,trace,0,8192,5,0,0
7339442669667018,3,latency,0,4096,20,0,0
7339442771412307,0,market_ingress,0,1024,15,0,0
7339442771412307,0,trader_request,0,1024,3,0,0
7339442771412307,0,trading_callback,0,1024,5,0,0
7339442771412307,0,trace,0,8192,5,0,0
7339442771412307,0,latency,0,4096,5,0,0
7339442771412307,1,market_ingress,0,1024,21,0,0
7339442771412307,1,trader_request,0,1024,1,0,0
7339442771412307,1,trading_callback,0,1024,3,0,0
7339442771412307,1,trace,0,8192,22,0,0
7339442771412307,1,latency,0,4096,3,0,0
7339442771412307,2,market_ingress,0,1024,15,0,0
7339442771412307,2,trader_request,0,1024,1,0,0
7339442771412307,2,trading_callback,0,1024,4,0,0
7339442771412307,2,trace,0,8192,15,0,0
7339442771412307,2,latency,0,4096,20,0,0
7339442771412307,3,market_ingress,0,1024,15,0,0
7339442771412307,3,trader_request,0,1024,4,0,0
7339442771412307,3,trading_callback,0,1024,5,0,0
7339442771412307,3,trace,0,8192,5,0,0
7339442771412307,3,latency,0,4096,20,0,0
7339442872024968,0,market_ingress,0,1024,15,0,0
7339442872024968,0,trader_request,0,1024,3,0,0
7339442872024968,0,trading_callback,0,1024,5,0,0
7339442872024968,0,trace,0,8192,5,0,0
7339442872024968,0,latency,0,4096,5,0,0
7339442872024968,1,market_ingress,0,1024,21,0,0
7339442872024968,1,trader_request,0,1024,1,0,0
7339442872024968,1,trading_callback,0,1024,3,0,0
7339442872024968,1,trace,0,8192,22,0,0
7339442872024968,1,latency,0,4096,3,0,0
7339442872024968,2,market_ingress,0,1024,15,0,0
7339442872024968,2,trader_request,0,1024,1,0,0
7339442872024968,2,trading_callback,0,1024,4,0,0
7339442872024968,2,trace,0,8192,15,0,0
7339442872024968,2,latency,0,4096,28,0,0
7339442872024968,3,market_ingress,0,1024,15,0,0
7339442872024968,3,trader_request,0,1024,4,0,0
7339442872024968,3,trading_callback,0,1024,5,0,0
7339442872024968,3,trace,0,8192,5,0,0
7339442872024968,3,latency,0,4096,20,0,0
7339442972767804,0,market_ingress,0,1024,15,0,0
7339442972767804,0,trader_request,0,1024,3,0,0
7339442972767804,0,trading_callback,0,1024,5,0,0
7339442972767804,0,trace,0,8192,5,0,0
7339442972767804,0,latency,0,4096,5,0,0
7339442972767804,1,market_ingress,0,1024,21,0,0
7339442972767804,1,trader_request,0,1024,1,0,0
7339442972767804,1,trading_callback,0,1024,3,0,0
7339442972767804,1,trace,0,8192,22,0,0
7339442972767804,1,latency,0,4096,3,0,0
7339442972767804,2,market_ingress,0,1024,15,0,0
7339442972767804,2,trader_request,0,1024,1,0,0
7339442972767804,2,trading_callback,0,1024,4,0,0
7339442972767804,2,trace,0,8192,15,0,0
7339442972767804,2,latency,0,4096,28,0,0
7339442972767804,3,market_ingress,0,1024,15,0,0
7339442972767804,3,trader_request,0,1024,4,0,0
7339442972767804,3,trading_callback,0,1024,5,0,0
7339442972767804,3,trace,0,8192,5,0,0
7339442972767804,3,latency,0,4096,20,0,0
7339443079353946,0,market_ingress,0,1024,15,0,0
7339443079353946,0,trader_request,0,1024,3,0,0
7339443079353946,0,trading_callback,0,1024,5,0,0
7339443079353946,0,trace,0,8192,5,0,0
7339443079353946,0,latency,0,4096,5,0,0
7339443079353946,1,market_ingress,0,1024,21,0,0
7339443079353946,1,trader_request,0,1024,1,0,0
7339443079353946,1,trading_callback,0,1024,3,0,0
7339443079353946,1,trace,0,8192,22,0,0
7339443079353946,1,latency,0,4096,3,0,0
7339443079353946,2,market_ingress,0,1024,15,0,0
7339443079353946,2,trader_request,0,1024,1,0,0
7339443079353946,2,trading_callback,0,1024,4,0,0
7339443079353946,2,trace,0,8192,15,0,0
7339443079353946,2,latency,0,4096,28,0,0
7339443079353946,3,market_ingress,0,1024,15,0,0
7339443079353946,3,trader_request,0,1024,4,0,0
7339443079353946,3,trading_callback,0,1024,5,0,0
7339443079353946,3,trace,0,8192,5,0,0
7339443079353946,3,latency,0,4096,20,0,0
7339443179904059,0,market_ingress,0,1024,15,0,0
7339443179904059,0,trader_request,0,1024,3,0,0
7339443179904059,0,trading_callback,0,1024,5,0,0
7339443179904059,0,trace,0,8192,5,0,0
7339443179904059,0,latency,0,4096,5,0,0
7339443179904059,1,market_ingress,0,1024,21,0,0
7339443179904059,1,trader_request,0,1024,1,0,0
7339443179904059,1,trading_callback,0,1024,3,0,0
7339443179904059,1,trace,0,8192,22,0,0
7339443179904059,1,latency,0,4096,3,0,0
7339443179904059,2,market_ingress,0,1024,15,0,0
7339443179904059,2,trader_request,0,1024,1,0,0
7339443179904059,2,trading_callback,0,1024,4,0,0
7339443179904059,2,trace,0,8192,15,0,0
7339443179904059,2,latency,0,4096,28,0,0
7339443179904059,3,market_ingress,0,1024,15,0,0
7339443179904059,3,trader_request,0,1024,4,0,0
7339443179904059,3,trading_callback,0,1024,5,0,0
7339443179904059,3,trace,0,8192,5,0,0
7339443179904059,3,latency,0,4096,20,0,0
7339443280537092,0,market_ingress,0,1024,15,0,0
7339443280537092,0,trader_request,0,1024,3,0,0
7339443280537092,0,trading_callback,0,1024,5,0,0
7339443280537092,0,trace,0,8192,5,0,0
7339443280537092,0,latency,0,4096,5,0,0
7339443280537092,1,market_ingress,0,1024,21,0,0
7339443280537092,1,trader_request,0,1024,1,0,0
7339443280537092,1,trading_callback,0,1024,3,0,0
7339443280537092,1,trace,0,8192,22,0,0
7339443280537092,1,latency,0,4096,3,0,0
7339443280537092,2,market_ingress,0,1024,15,0,0
7339443280537092,2,trader_request,0,1024,1,0,0
7339443280537092,2,trading_callback,0,1024,4,0,0
7339443280537092,2,trace,0,8192,15,0,0
7339443280537092,2,latency,0,4096,28,0,0
7339443280537092,3,market_ingress,0,1024,15,0,0
7339443280537092,3,trader_request,0,1024,4,0,0
7339443280537092,3,trading_callback,0,1024,5,0,0
7339443280537092,3,trace,0,8192,5,0,0
7339443280537092,3,latency,0,4096,20,0,0
7339443381280934,0,market_ingress,0,1024,15,0,0
7339443381280934,0,trader_request,0,1024,3,0,0
7339443381280934,0,trading_callback,0,1024,5,0,0
7339443381280934,0,trace,0,8192,5,0,0
7339443381280934,0,latency,0,4096,5,0,0
7339443381280934,1,market_ingress,0,1024,21,0,0
7339443381280934,1,trader_request,0,1024,1,0,0
7339443381280934,1,trading_callback,0,1024,3,0,0
7339443381280934,1,trace,0,8192,22,0,0
7339443381280934,1,latency,0,4096,3,0,0
7339443381280934,2,market_ingress,0,1024,15,0,0
7339443381280934,2,trader_request,0,1024,1,0,0
7339443381280934,2,trading_callback,0,1024,4,0,0
7339443381280934,2,trace,0,8192,15,0,0
7339443381280934,2,latency,0,4096,28,0,0
7339443381280934,3,market_ingress,0,1024,15,0,0
7339443381280934,3,trader_request,0,1024,4,0,0
7339443381280934,3,trading_callback,0,1024,5,0,0
7339443381280934,3,trace,0,8192,5,0,0
7339443381280934,3,latency,0,4096,20,0,0
7339443482008743,0,market_ingress,0,1024,15,0,0
7339443482008743,0,trader_request,0,1024,3,0,0
7339443482008743,0,trading_callback,0,1024,5,0,0
7339443482008743,0,trace,0,8192,5,0,0
7339443482008743,0,latency,0,4096,5,0,0
7339443482008743,1,market_ingress,0,1024,21,0,0
7339443482008743,1,trader_request,0,1024,1,0,0
7339443482008743,1,trading_callback,0,1024,3,0,0
7339443482008743,1,trace,0,8192,22,0,0
7339443482008743,1,latency,0,4096,3,0,0
7339443482008743,2,market_ingress,0,1024,15,0,0
7339443482008743,2,trader_request,0,1024,1,0,0
7339443482008743,2,trading_callback,0,1024,4,0,0
7339443482008743,2,trace,0,8192,15,0,0
7339443482008743,2,latency,0,4096,28,0,0
7339443482008743,3,market_ingress,0,1024,15,0,0
7339443482008743,3,trader_request,0,1024,4,0,0
7339443482008743,3,trading_callback,0,1024,5,0,0
7339443482008743,3,trace,0,8192,5,0,0
7339443482008743,3,latency,0,4096,20,0,0
7339443582597060,0,market_ingress,0,1024,15,0,0
7339443582597060,0,trader_request,0,1024,3,0,0
7339443582597060,0,trading_callback,0,1024,5,0,0
7339443582597060,0,trace,0,8192,5,0,0
7339443582597060,0,latency,0,4096,5,0,0
7339443582597060,1,market_ingress,0,1024,21,0,0
7339443582597060,1,trader_request,0,1024,1,0,0
7339443582597060,1,trading_callback,0,1024,3,0,0
7339443582597060,1,trace,0,8192,22,0,0
7339443582597060,1,latency,0,4096,3,0,0
7339443582597060,2,market_ingress,0,1024,15,0,0
7339443582597060,2,trader_request,0,1024,1,0,0
7339443582597060,2,trading_callback,0,1024,4,0,0
7339443582597060,2,trace,0,8192,15,0,0
7339443582597060,2,latency,0,4096,28,0,0
7339443582597060,3,market_ingress,0,1024,15,0,0
7339443582597060,3,trader_request,0,1024,4,0,0
7339443582597060,3,trading_callback,0,1024,5,0,0
7339443582597060,3,trace,0,8192,5,0,0
7339443582597060,3,latency,0,4096,20,0,0
7339443683201174,0,market_ingress,0,1024,15,0,0
7339443683201174,0,trader_request,0,1024,3,0,0
7339443683201174,0,trading_callback,0,1024,5,0,0
7339443683201174,0,trace,0,8192,5,0,0
7339443683201174,0,latency,0,4096,5,0,0
7339443683201174,1,market_ingress,0,1024,21,0,0
7339443683201174,1,trader_request,0,1024,1,0,0
7339443683201174,1,trading_callback,0,1024,3,0,0
7339443683201174,1,trace,0,8192,22,0,0
7339443683201174,1,latency,0,4096,3,0,0
7339443683201174,2,market_ingress,0,1024,15,0,0
7339443683201174,2,trader_request,0,1024,1,0,0
7339443683201174,2,trading_callback,0,1024,4,0,0
7339443683201174,2,trace,0,8192,15,0,0
7339443683201174,2,latency,0,4096,28,0,0
7339443683201174,3,market_ingress,0,1024,15,0,0
7339443683201174,3,trader_request,0,1024,4,0,0
7339443683201174,3,trading_callback,0,1024,5,0,0
7339443683201174,3,trace,0,8192,5,0,0
7339443683201174,3,latency,0,4096,20,0,0
7339443783735336,0,market_ingress,0,1024,15,0,0
7339443783735336,0,trader_request,0,1024,3,0,0
7339443783735336,0,trading_callback,0,1024,5,0,0
7339443783735336,0,trace,0,8192,5,0,0
7339443783735336,0,latency,0,4096,5,0,0
7339443783735336,1,market_ingress,0,1024,21,0,0
7339443783735336,1,trader_request,0,1024,1,0,0
7339443783735336,1,trading_callback,0,1024,3,0,0
7339443783735336,1,trace,0,8192,22,0,0
7339443783735336,1,latency,0,4096,3,0,0
7339443783735336,2,market_ingress,0,1024,15,0,0
7339443783735336,2,trader_request,0,1024,1,0,0
7339443783735336,2,trading_callback,0,1024,4,0,0
7339443783735336,2,trace,0,8192,15,0,0
7339443783735336,2,latency,0,4096,28,0,0
7339443783735336,3,market_ingress,0,1024,15,0,0
7339443783735336,3,trader_request,0,1024,4,0,0
7339443783735336,3,trading_callback,0,1024,5,0,0
7339443783735336,3,trace,0,8192,5,0,0
7339443783735336,3,latency,0,4096,20,0,0
7339443884307167,0,market_ingress,0,1024,15,0,0
7339443884307167,0,trader_request,0,1024,3,0,0
7339443884307167,0,trading_callback,0,1024,5,0,0
7339443884307167,0,trace,0,8192,5,0,0
7339443884307167,0,latency,0,4096,5,0,0
7339443884307167,1,market_ingress,0,1024,21,0,0
7339443884307167,1,trader_request,0,1024,1,0,0
7339443884307167,1,trading_callback,0,1024,3,0,0
7339443884307167,1,trace,0,8192,22,0,0
7339443884307167,1,latency,0,4096,3,0,0
7339443884307167,2,market_ingress,0,1024,15,0,0
7339443884307167,2,trader_request,0,1024,1,0,0
7339443884307167,2,trading_callback,0,1024,4,0,0
7339443884307167,2,trace,0,8192,15,0,0
7339443884307167,2,latency,0,4096,28,0,0
7339443884307167,3,market_ingress,0,1024,15,0,0
7339443884307167,3,trader_request,0,1024,4,0,0
7339443884307167,3,trading_callback,0,1024,5,0,0
7339443884307167,3,trace,0,8192,5,0,0
7339443884307167,3,latency,0,4096,20,0,0
7339443984901829,0,market_ingress,0,1024,15,0,0
7339443984901829,0,trader_request,0,1024,3,0,0
7339443984901829,0,trading_callback,0,1024,5,0,0
7339443984901829,0,trace,0,8192,5,0,0
7339443984901829,0,latency,0,4096,5,0,0
7339443984901829,1,market_ingress,0,1024,21,0,0
7339443984901829,1,trader_request,0,1024,1,0,0
7339443984901829,1,trading_callback,0,1024,3,0,0
7339443984901829,1,trace,0,8192,22,0,0
7339443984901829,1,latency,0,4096,3,0,0
7339443984901829,2,market_ingress,0,1024,15,0,0
7339443984901829,2,trader_request,0,1024,1,0,0
7339443984901829,2,trading_callback,0,1024,4,0,0
7339443984901829,2,trace,0,8192,15,0,0
7339443984901829,2,latency,0,4096,28,0,0
7339443984901829,3,market_ingress,0,1024,15,0,0
7339443984901829,3,trader_request,0,1024,4,0,0
7339443984901829,3,trading_callback,0,1024,5,0,0
7339443984901829,3,trace,0,8192,5,0,0
7339443984901829,3,latency,0,4096,20,0,0
7339444085470628,0,market_ingress,0,1024,15,0,0
7339444085470628,0,trader_request,0,1024,3,0,0
7339444085470628,0,trading_callback,0,1024,5,0,0
7339444085470628,0,trace,0,8192,5,0,0
7339444085470628,0,latency,0,4096,5,0,0
7339444085470628,1,market_ingress,0,1024,21,0,0
7339444085470628,1,trader_request,0,1024,1,0,0
7339444085470628,1,trading_callback,0,1024,3,0,0
7339444085470628,1,trace,0,8192,22,0,0
7339444085470628,1,latency,0,4096,3,0,0
7339444085470628,2,market_ingress,0,1024,15,0,0
7339444085470628,2,trader_request,0,1024,1,0,0
7339444085470628,2,trading_callback,0,1024,4,0,0
7339444085470628,2,trace,0,8192,15,0,0
7339444085470628,2,latency,0,4096,28,0,0
7339444085470628,3,market_ingress,0,1024,15,0,0
7339444085470628,3,trader_request,0,1024,4,0,0
7339444085470628,3,trading_callback,0,1024,5,0,0
7339444085470628,3,trace,0,8192,5,0,0
7339444085470628,3,latency,0,4096,20,0,0
7339444186020493,0,market_ingress,0,1024,15,0,0
7339444186020493,0,trader_request,0,1024,3,0,0
7339444186020493,0,trading_callback,0,1024,5,0,0
7339444186020493,0,trace,0,8192,7,0,0
7339444186020493,0,latency,0,4096,5,0,0
7339444186020493,1,market_ingress,0,1024,21,0,0
7339444186020493,1,trader_request,0,1024,1,0,0
7339444186020493,1,trading_callback,0,1024,3,0,0
7339444186020493,1,trace,0,8192,22,0,0
7339444186020493,1,latency,0,4096,3,0,0
7339444186020493,2,market_ingress,0,1024,15,0,0
7339444186020493,2,trader_request,0,1024,1,0,0
7339444186020493,2,trading_callback,0,1024,4,0,0
7339444186020493,2,trace,0,8192,15,0,0
7339444186020493,2,latency,0,4096,28,0,0
7339444186020493,3,market_ingress,0,1024,15,0,0
7339444186020493,3,trader_request,0,1024,4,0,0
7339444186020493,3,trading_callback,0,1024,5,0,0
7339444186020493,3,trace,0,8192,5,0,0
7339444186020493,3,latency,0,4096,20,0,0
7339444286610662,0,market_ingress,0,1024,15,0,0
7339444286610662,0,trader_request,0,1024,3,0,0
7339444286610662,0,trading_callback,0,1024,5,0,0
7339444286610662,0,trace,0,8192,7,0,0
7339444286610662,0,latency,0,4096,5,0,0
7339444286610662,1,market_ingress,0,1024,21,0,0
7339444286610662,1,trader_request,0,1024,1,0,0
7339444286610662,1,trading_callback,0,1024,3,0,0
7339444286610662,1,trace,0,8192,22,0,0
7339444286610662,1,latency,0,4096,3,0,0
7339444286610662,2,market_ingress,0,1024,15,0,0
7339444286610662,2,trader_request,0,1024,1,0,0
7339444286610662,2,trading_callback,0,1024,4,0,0
7339444286610662,2,trace,0,8192,15,0,0
7339444286610662,2,latency,0,4096,28,0,0
7339444286610662,3,market_ingress,0,1024,15,0,0
7339444286610662,3,trader_request,0,1024,4,0,0
7339444286610662,3,trading_callback,0,1024,5,0,0
7339444286610662,3,trace,0,8192,5,0,0
7339444286610662,3,latency,0,4096,20,0,0
7339444387186658,0,market_ingress,0,1024,15,0,0
7339444387186658,0,trader_request,0,1024,3,0,0
7339444387186658,0,trading_callback,0,1024,5,0,0
7339444387186658,0,trace,0,8192,7,0,0
7339444387186658,0,latency,0,4096,5,0,0
7339444387186658,1,market_ingress,0,1024,21,0,0
7339444387186658,1,trader_request,0,1024,1,0,0
7339444387186658,1,trading_callback,0,1024,3,0,0
7339444387186658,1,trace,0,8192,22,0,0
7339444387186658,1,latency,0,4096,3,0,0
7339444387186658,2,market_ingress,0,1024,15,0,0
7339444387186658,2,trader_request,0,1024,1,0,0
7339444387186658,2,trading_callback,0,1024,4,0,0
7339444387186658,2,trace,0,8192,15,0,0
7339444387186658,2,latency,0,4096,28,0,0
7339444387186658,3,market_ingress,0,1024,15,0,0
7339444387186658,3,trader_request,0,1024,4,0,0
7339444387186658,3,trading_callback,0,1024,5,0,0
7339444387186658,3,trace,0,8192,5,0,0
7339444387186658,3,latency,0,4096,20,0,0
7339444487716340,0,market_ingress,0,1024,15,0,0
7339444487716340,0,trader_request,0,1024,3,0,0
7339444487716340,0,trading_callback,0,1024,5,0,0
7339444487716340,0,trace,0,8192,7,0,0
7339444487716340,0,latency,0,4096,5,0,0
7339444487716340,1,market_ingress,0,1024,21,0,0
7339444487716340,1,trader_request,0,1024,1,0,0
7339444487716340,1,trading_callback,2,1024,3,87056,0
7339444487716340,1,trace,0,8192,22,0,0
7339444487716340,1,latency,0,4096,3,0,0
7339444487716340,2,market_ingress,0,1024,15,0,0
7339444487716340,2,trader_request,0,1024,1,0,0
7339444487716340,2,trading_callback,0,1024,4,0,0
7339444487716340,2,trace,0,8192,15,0,0
7339444487716340,2,latency,0,4096,28,0,0
7339444487716340,3,market_ingress,0,1024,15,0,0
7339444487716340,3,trader_request,0,1024,4,0,0
7339444487716340,3,trading_callback,0,1024,5,0,0
7339444487716340,3,trace,0,8192,5,0,0
7339444487716340,3,latency,0,4096,20,0,0
7339444588323132,0,market_ingress,0,1024,15,0,0
7339444588323132,0,trader_request,0,1024,3,0,0
7339444588323132,0,trading_callback,0,1024,5,0,0
7339444588323132,0,trace,0,8192,7,0,0
7339444588323132,0,latency,0,4096,5,0,0
7339444588323132,1,market_ingress,0,1024,21,0,0
7339444588323132,1,trader_request,0,1024,1,0,0
7339444588323132,1,trading_callback,0,1024,3,0,0
7339444588323132,1,trace,0,8192,22,0,0
7339444588323132,1,latency,0,4096,3,0,0
7339444588323132,2,market_ingress,0,1024,15,0,0
7339444588323132,2,trader_request,0,1024,1,0,0
7339444588323132,2,trading_callback,0,1024,4,0,0
7339444588323132,2,trace,0,8192,15,0,0
7339444588323132,2,latency,0,4096,28,0,0
7339444588323132,3,market_ingress,0,1024,15,0,0
7339444588323132,3,trader_request,0,1024,4,0,0
7339444588323132,3,trading_callback,0,1024,5,0,0
7339444588323132,3,trace,0,8192,5,0,0
7339444588323132,3,latency,0,4096,20,0,0
7339444688883006,0,market_ingress,0,1024,15,0,0
7339444688883006,0,trader_request,0,1024,3,0,0
7339444688883006,0,trading_callback,0,1024,5,0,0
7339444688883006,0,trace,0,8192,7,0,0
7339444688883006,0,latency,0,4096,5,0,0
7339444688883006,1,market_ingress,0,1024,21,0,0
7339444688883006,1,trader_request,0,1024,1,0,0
7339444688883006,1,trading_callback,0,1024,3,0,0
7339444688883006,1,trace,0,8192,22,0,0
7339444688883006,1,latency,0,4096,3,0,0
7339444688883006,2,market_ingress,0,1024,15,0,0
7339444688883006,2,trader_request,0,1024,1,0,0
7339444688883006,2,trading_callback,0,1024,4,0,0
7339444688883006,2,trace,0,8192,15,0,0
7339444688883006,2,latency,0,4096,28,0,0
7339444688883006,3,market_ingress,0,1024,15,0,0
7339444688883006,3,trader_request,0,1024,4,0,0
7339444688883006,3,trading_callback,0,1024,5,0,0
7339444688883006,3,trace,0,8192,5,0,0
7339444688883006,3,latency,0,4096,20,0,0
7339444789461262,0,market_ingress,0,1024,15,0,0
7339444789461262,0,trader_request,0,1024,3,0,0
7339444789461262,0,trading_callback,0,1024,5,0,0
7339444789461262,0,trace,0,8192,10,0,0
7339444789461262,0,latency,0,4096,5,0,0
7339444789461262,1,market_ingress,0,1024,21,0,0
7339444789461262,1,trader_request,0,1024,1,0,0
7339444789461262,1,trading_callback,0,1024,3,0,0
7339444789461262,1,trace,0,8192,22,0,0
7339444789461262,1,latency,0,4096,3,0,0
7339444789461262,2,market_ingress,0,1024,15,0,0
7339444789461262,2,trader_request,0,1024,1,0,0
7339444789461262,2,trading_callback,0,1024,4,0,0
7339444789461262,2,trace,0,8192,15,0,0
7339444789461262,2,latency,0,4096,28,0,0
7339444789461262,3,market_ingress,0,1024,15,0,0
7339444789461262,3,trader_request,0,1024,4,0,0
7339444789461262,3,trading_callback,0,1024,5,0,0
7339444789461262,3,trace,0,8192,5,0,0
7339444789461262,3,latency,0,4096,20,0,0
7339444890203292,0,market_ingress,0,1024,15,0,0
7339444890203292,0,trader_request,0,1024,3,0,0
7339444890203292,0,trading_callback,0,1024,5,0,0
7339444890203292,0,trace,0,8192,11,0,0
7339444890203292,0,latency,0,4096,5,0,0
7339444890203292,1,market_ingress,0,1024,21,0,0
7339444890203292,1,trader_request,0,1024,1,0,0
7339444890203292,1,trading_callback,0,1024,3,0,0
7339444890203292,1,trace,0,8192,22,0,0
7339444890203292,1,latency,0,4096,3,0,0
7339444890203292,2,market_ingress,0,1024,15,0,0
7339444890203292,2,trader_request,0,1024,1,0,0
7339444890203292,2,trading_callback,0,1024,4,0,0
7339444890203292,2,trace,0,8192,15,0,0
7339444890203292,2,latency,0,4096,28,0,0
7339444890203292,3,market_ingress,0,1024,15,0,0
7339444890203292,3,trader_request,0,1024,4,0,0
7339444890203292,3,trading_callback,0,1024,5,0,0
7339444890203292,3,trace,0,8192,5,0,0
7339444890203292,3,latency,0,4096,20,0,0
7339444990779749,0,market_ingress,0,1024,15,0,0
7339444990779749,0,trader_request,0,1024,3,0,0
7339444990779749,0,trading_callback,0,1024,5,0,0
7339444990779749,0,trace,0,8192,11,0,0
7339444990779749,0,latency,0,4096,5,0,0
7339444990779749,1,market_ingress,0,1024,21,0,0
7339444990779749,1,trader_request,0,1024,1,0,0
7339444990779749,1,trading_callback,0,1024,3,0,0
7339444990779749,1,trace,0,8192,22,0,0
7339444990779749,1,latency,0,4096,5,0,0
7339444990779749,2,market_ingress,0,1024,15,0,0
7339444990779749,2,trader_request,0,1024,1,0,0
7339444990779749,2,trading_callback,0,1024,4,0,0
7339444990779749,2,trace,0,8192,15,0,0
7339444990779749,2,latency,0,4096,28,0,0
7339444990779749,3,market_ingress,0,1024,15,0,0
7339444990779749,3,trader_request,0,1024,4,0,0
7339444990779749,3,trading_callback,0,1024,5,0,0
7339444990779749,3,trace,0,8192,5,0,0
7339444990779749,3,latency,0,4096,20,0,0
7339445091332002,0,market_ingress,0,1024,15,0,0
7339445091332002,0,trader_request,0,1024,3,0,0
7339445091332002,0,trading_callback,0,1024,5,0,0
7339445091332002,0,trace,0,8192,11,0,0
7339445091332002,0,latency,0,4096,21,0,0
7339445091332002,1,market_ingress,0,1024,21,0,0
7339445091332002,1,trader_request,0,1024,1,0,0
7339445091332002,1,trading_callback,0,1024,3,0,0
7339445091332002,1,trace,0,8192,22,0,0
7339445091332002,1,latency,0,4096,5,0,0
7339445091332002,2,market_ingress,0,1024,15,0,0
7339445091332002,2,trader_request,0,1024,1,0,0
7339445091332002,2,trading_callback,0,1024,4,0,0
7339445091332002,2,trace,0,8192,15,0,0
7339445091332002,2,latency,0,4096,28,0,0
7339445091332002,3,market_ingress,0,1024,15,0,0
7339445091332002,3,trader_request,0,1024,4,0,0
7339445091332002,3,trading_callback,0,1024,5,0,0
7339445091332002,3,trace,0,8192,5,0,0
7339445091332002,3,latency,0,4096,20,0,0
7339445192020829,0,market_ingress,0,1024,15,0,0
7339445192020829,0,trader_request,0,1024,3,0,0
7339445192020829,0,trading_callback,0,1024,5,0,0
7339445192020829,0,trace,0,8192,11,0,0
7339445192020829,0,latency,0,4096,21,0,0
7339445192020829,1,market_ingress,0,1024,21,0,0
7339445192020829,1,trader_request,0,1024,1,0,0
7339445192020829,1,trading_callback,0,1024,3,0,0
7339445192020829,1,trace,0,8192,22,0,0
7339445192020829,1,latency,0,4096,5,0,0
7339445192020829,2,market_ingress,0,1024,15,0,0
7339445192020829,2,trader_request,0,1024,1,0,0
7339445192020829,2,trading_callback,0,1024,4,0,0
7339445192020829,2,trace,0,8192,15,0,0
7339445192020829,2,latency,0,4096,28,0,0
7339445192020829,3,market_ingress,0,1024,15,0,0
7339445192020829,3,trader_request,0,1024,4,0,0
7339445192020829,3,trading_callback,0,1024,5,0,0
7339445192020829,3,trace,0,8192,5,0,0
7339445192020829,3,latency,0,4096,20,0,0
7339445292570695,0,market_ingress,0,1024,15,0,0
7339445292570695,0,trader_request,0,1024,3,0,0
7339445292570695,0,trading_callback,0,1024,5,0,0
7339445292570695,0,trace,0,8192,11,0,0
7339445292570695,0,latency,0,4096,21,0,0
7339445292570695,1,market_ingress,0,1024,21,0,0
7339445292570695,1,trader_request,0,1024,1,0,0
7339445292570695,1,trading_callback,0,1024,3,0,0
7339445292570695,1,trace,0,8192,22,0,0
7339445292570695,1,latency,0,4096,5,0,0
7339445292570695,2,market_ingress,0,1024,15,0,0
7339445292570695,2,trader_request,0,1024,1,0,0
7339445292570695,2,trading_callback,0,1024,4,0,0
7339445292570695,2,trace,0,8192,15,0,0
7339445292570695,2,latency,0,4096,28,0,0
7339445292570695,3,market_ingress,0,1024,15,0,0
7339445292570695,3,trader_request,0,1024,4,0,0
7339445292570695,3,trading_callback,0,1024,5,0,0
7339445292570695,3,trace,0,8192,5,0,0
7339445292570695,3,latency,0,4096,20,0,0
7339445393191651,0,market_ingress,0,1024,15,0,0
7339445393191651,0,trader_request,0,1024,3,0,0
7339445393191651,0,trading_callback,0,1024,5,0,0
7339445393191651,0,trace,0,8192,11,0,0
7339445393191651,0,latency,0,4096,21,0,0
7339445393191651,1,market_ingress,0,1024,21,0,0
7339445393191651,1,trader_request,0,1024,1,0,0
7339445393191651,1,trading_callback,0,1024,3,0,0
7339445393191651,1,trace,0,8192,22,0,0
7339445393191651,1,latency,0,4096,5,0,0
7339445393191651,2,market_ingress,0,1024,15,0,0
7339445393191651,2,trader_request,0,1024,1,0,0
7339445393191651,2,trading_callback,0,1024,4,0,0
7339445393191651,2,trace,0,8192,15,0,0
7339445393191651,2,latency,0,4096,28,0,0
7339445393191651,3,market_ingress,0,1024,15,0,0
7339445393191651,3,trader_request,0,1024,4,0,0
7339445393191651,3,trading_callback,0,1024,5,0,0
7339445393191651,3,trace,0,8192,5,0,0
7339445393191651,3,latency,0,4096,20,0,0
7339445493759297,0,market_ingress,0,1024,15,0,0
7339445493759297,0,trader_request,0,1024,3,0,0
7339445493759297,0,trading_callback,0,1024,5,0,0
7339445493759297,0,trace,0,8192,11,0,0
7339445493759297,0,latency,0,4096,21,0,0
7339445493759297,1,market_ingress,0,1024,21,0,0
7339445493759297,1,trader_request,0,1024,1,0,0
7339445493759297,1,trading_callback,0,1024,3,0,0
7339445493759297,1,trace,0,8192,22,0,0
7339445493759297,1,latency,0,4096,5,0,0
7339445493759297,2,market_ingress,0,1024,15,0,0
7339445493759297,2,trader_request,0,1024,1,0,0
7339445493759297,2,trading_callback,0,1024,4,0,0
7339445493759297,2,trace,0,8192,15,0,0
7339445493759297,2,latency,0,4096,28,0,0
7339445493759297,3,market_ingress,0,1024,15,0,0
7339445493759297,3,trader_request,0,1024,4,0,0
7339445493759297,3,trading_callback,0,1024,5,0,0
7339445493759297,3,trace,0,8192,5,0,0
7339445493759297,3,latency,0,4096,20,0,0
7339445594344873,0,market_ingress,0,1024,15,0,0
7339445594344873,0,trader_request,0,1024,3,0,0
7339445594344873,0,trading_callback,0,1024,5,0,0
7339445594344873,0,trace,0,8192,11,0,0
7339445594344873,0,latency,0,4096,21,0,0
7339445594344873,1,market_ingress,0,1024,21,0,0
7339445594344873,1,trader_request,0,1024,1,0,0
7339445594344873,1,trading_callback,0,1024,3,0,0
7339445594344873,1,trace,0,8192,22,0,0
7339445594344873,1,latency,0,4096,5,0,0
7339445594344873,2,market_ingress,0,1024,15,0,0
7339445594344873,2,trader_request,0,1024,1,0,0
7339445594344873,2,trading_callback,0,1024,4,0,0
7339445594344873,2,trace,0,8192,15,0,0
7339445594344873,2,latency,0,4096,28,0,0
7339445594344873,3,market_ingress,0,1024,15,0,0
7339445594344873,3,trader_request,0,1024,4,0,0
7339445594344873,3,trading_callback,0,1024,5,0,0
7339445594344873,3,trace,0,8192,5,0,0
7339445594344873,3,latency,0,4096,20,0,0
7339445694913477,0,market_ingress,0,1024,15,0,0
7339445694913477,0,trader_request,0,1024,3,0,0
7339445694913477,0,trading_callback,0,1024,5,0,0
7339445694913477,0,trace,0,8192,11,0,0
7339445694913477,0,latency,0,4096,21,0,0
7339445694913477,1,market_ingress,0,1024,21,0,0
7339445694913477,1,trader_request,0,1024,1,0,0
7339445694913477,1,trading_callback,0,1024,3,0,0
7339445694913477,1,trace,0,8192,22,0,0
7339445694913477,1,latency,0,4096,5,0,0
7339445694913477,2,market_ingress,0,1024,15,0,0
7339445694913477,2,trader_request,0,1024,1,0,0
7339445694913477,2,trading_callback,0,1024,4,0,0
7339445694913477,2,trace,0,8192,15,0,0
7339445694913477,2,latency,0,4096,28,0,0
7339445694913477,3,market_ingress,0,1024,15,0,0
7339445694913477,3,trader_request,0,1024,4,0,0
7339445694913477,3,trading_callback,0,1024,5,0,0
7339445694913477,3,trace,0,8192,5,0,0
7339445694913477,3,latency,0,4096,20,0,0
7339445795661955,0,market_ingress,0,1024,15,0,0
7339445795661955,0,trader_request,0,1024,3,0,0
7339445795661955,0,trading_callback,0,1024,5,0,0
7339445795661955,0,trace,0,8192,11,0,0
7339445795661955,0,latency,0,4096,21,0,0
7339445795661955,1,market_ingress,0,1024,21,0,0
7339445795661955,1,trader_request,0,1024,1,0,0
7339445795661955,1,trading_callback,0,1024,3,0,0
7339445795661955,1,trace,0,8192,22,0,0
7339445795661955,1,latency,0,4096,5,0,0
7339445795661955,2,market_ingress,0,1024,15,0,0
7339445795661955,2,trader_request,0,1024,1,0,0
7339445795661955,2,trading_callback,0,1024,4,0,0
7339445795661955,2,trace,0,8192,15,0,0
7339445795661955,2,latency,0,4096,28,0,0
7339445795661955,3,market_ingress,0,1024,15,0,0
7339445795661955,3,trader_request,0,1024,4,0,0
7339445795661955,3,trading_callback,0,1024,5,0,0
7339445795661955,3,trace,0,8192,5,0,0
7339445795661955,3,latency,0,4096,20,0,0
7339445896241036,0,market_ingress,0,1024,15,0,0
7339445896241036,0,trader_request,0,1024,3,0,0
7339445896241036,0,trading_callback,0,1024,5,0,0
7339445896241036,0,trace,0,8192,11,0,0
7339445896241036,0,latency,0,4096,21,0,0
7339445896241036,1,market_ingress,0,1024,21,0,0
7339445896241036,1,trader_request,0,1024,1,0,0
7339445896241036,1,trading_callback,0,1024,3,0,0
7339445896241036,1,trace,0,8192,22,0,0
7339445896241036,1,latency,0,4096,5,0,0
7339445896241036,2,market_ingress,0,1024,15,0,0
7339445896241036,2,trader_request,0,1024,1,0,0
7339445896241036,2,trading_callback,0,1024,4,0,0
7339445896241036,2,trace,0,8192,15,0,0
7339445896241036,2,latency,0,4096,28,0,0
7339445896241036,3,market_ingress,0,1024,15,0,0
7339445896241036,3,trader_request,0,1024,4,0,0
7339445896241036,3,trading_callback,0,1024,5,0,0
7339445896241036,3,trace,0,8192,5,0,0
7339445896241036,3,latency,0,4096,20,0,0
7339445996970190,0,market_ingress,0,1024,15,0,0
7339445996970190,0,trader_request,0,1024,3,0,0
7339445996970190,0,trading_callback,0,1024,5,0,0
7339445996970190,0,trace,0,8192,11,0,0
7339445996970190,0,latency,0,4096,21,0,0
7339445996970190,1,market_ingress,0,1024,21,0,0
7339445996970190,1,trader_request,0,1024,1,0,0
7339445996970190,1,trading_callback,0,1024,3,0,0
7339445996970190,1,trace,0,8192,22,0,0
7339445996970190,1,latency,0,4096,5,0,0
7339445996970190,2,market_ingress,0,1024,15,0,0
7339445996970190,2,trader_request,0,1024,1,0,0
7339445996970190,2,trading_callback,0,1024,4,0,0
7339445996970190,2,trace,0,8192,15,0,0
7339445996970190,2,latency,0,4096,28,0,0
7339445996970190,3,market_ingress,0,1024,15,0,0
7339445996970190,3,trader_request,0,1024,4,0,0
7339445996970190,3,trading_callback,0,1024,5,0,0
7339445996970190,3,trace,0,8192,5,0,0
7339445996970190,3,latency,0,4096,20,0,0
7339446097714235,0,market_ingress,0,1024,15,0,0
7339446097714235,0,trader_request,0,1024,3,0,0
7339446097714235,0,trading_callback,0,1024,5,0,0
7339446097714235,0,trace,0,8192,11,0,0
7339446097714235,0,latency,0,4096,21,0,0
7339446097714235,1,market_ingress,0,1024,21,0,0
7339446097714235,1,trader_request,0,1024,1,0,0
7339446097714235,1,trading_callback,0,1024,3,0,0
7339446097714235,1,trace,0,8192,22,0,0
7339446097714235,1,latency,0,4096,5,0,0
7339446097714235,2,market_ingress,0,1024,15,0,0
7339446097714235,2,trader_request,0,1024,1,0,0
7339446097714235,2,trading_callback,0,1024,4,0,0
7339446097714235,2,trace,0,8192,15,0,0
7339446097714235,2,latency,0,4096,28,0,0
7339446097714235,3,market_ingress,0,1024,15,0,0
7339446097714235,3,trader_request,0,1024,4,0,0
7339446097714235,3,trading_callback,0,1024,5,0,0
7339446097714235,3,trace,0,8192,5,0,0
7339446097714235,3,latency,0,4096,20,0,0
7339446198272995,0,market_ingress,0,1024,15,0,0
7339446198272995,0,trader_request,0,1024,3,0,0
7339446198272995,0,trading_callback,0,1024,5,0,0
7339446198272995,0,trace,0,8192,11,0,0
7339446198272995,0,latency,0,4096,21,0,0
7339446198272995,1,market_ingress,0,1024,21,0,0
7339446198272995,1,trader_request,0,1024,1,0,0
7339446198272995,1,trading_callback,0,1024,3,0,0
7339446198272995,1,trace,0,8192,22,0,0
7339446198272995,1,latency,0,4096,5,0,0
7339446198272995,2,market_ingress,0,1024,15,0,0
7339446198272995,2,trader_request,0,1024,1,0,0
7339446198272995,2,trading_callback,0,1024,4,0,0
7339446198272995,2,trace,0,8192,15,0,0
7339446198272995,2,latency,0,4096,28,0,0
7339446198272995,3,market_ingress,0,1024,15,0,0
7339446198272995,3,trader_request,0,1024,4,0,0
7339446198272995,3,trading_callback,0,1024,5,0,0
7339446198272995,3,trace,0,8192,5,0,0
7339446198272995,3,latency,0,4096,20,0,0
7339446298822139,0,market_ingress,0,1024,15,0,0
7339446298822139,0,trader_request,0,1024,3,0,0
7339446298822139,0,trading_callback,0,1024,5,0,0
7339446298822139,0,trace,0,8192,11,0,0
7339446298822139,0,latency,0,4096,21,0,0
7339446298822139,1,market_ingress,0,1024,21,0,0
7339446298822139,1,trader_request,0,1024,1,0,0
7339446298822139,1,trading_callback,0,1024,3,0,0
7339446298822139,1,trace,0,8192,22,0,0
7339446298822139,1,latency,0,4096,5,0,0
7339446298822139,2,market_ingress,0,1024,15,0,0
7339446298822139,2,trader_request,0,1024,1,0,0
7339446298822139,2,trading_callback,0,1024,4,0,0
7339446298822139,2,trace,0,8192,15,0,0
7339446298822139,2,latency,0,4096,28,0,0
7339446298822139,3,market_ingress,0,1024,15,0,0
7339446298822139,3,trader_request,0,1024,4,0,0
7339446298822139,3,trading_callback,0,1024,5,0,0
7339446298822139,3,trace,0,8192,5,0,0
7339446298822139,3,latency,0,4096,20,0,0
7339446399384737,0,market_ingress,0,1024,15,0,0
7339446399384737,0,trader_request,0,1024,3,0,0
7339446399384737,0,trading_callback,0,1024,5,0,0
7339446399384737,0,trace,0,8192,11,0,0
7339446399384737,0,latency,0,4096,21,0,0
7339446399384737,1,market_ingress,0,1024,21,0,0
7339446399384737,1,trader_request,0,1024,1,0,0
7339446399384737,1,trading_callback,0,1024,3,0,0
7339446399384737,1,trace,0,8192,22,0,0
7339446399384737,1,latency,0,4096,5,0,0
7339446399384737,2,market_ingress,0,1024,15,0,0
7339446399384737,2,trader_request,0,1024,1,0,0
7339446399384737,2,trading_callback,0,1024,4,0,0
7339446399384737,2,trace,0,8192,15,0,0
7339446399384737,2,latency,0,4096,28,0,0
7339446399384737,3,market_ingress,0,1024,15,0,0
7339446399384737,3,trader_request,0,1024,4,0,0
7339446399384737,3,trading_callback,0,1024,5,0,0
7339446399384737,3,trace,0,8192,5,0,0
7339446399384737,3,latency,0,4096,20,0,0
7339446499936963,0,market_ingress,0,1024,15,0,0
7339446499936963,0,trader_request,0,1024,3,0,0
7339446499936963,0,trading_callback,0,1024,5,0,0
7339446499936963,0,trace,0,8192,11,0,0
7339446499936963,0,latency,0,4096,21,0,0
7339446499936963,1,market_ingress,0,1024,21,0,0
7339446499936963,1,trader_request,0,1024,1,0,0
7339446499936963,1,trading_callback,0,1024,3,0,0
7339446499936963,1,trace,0,8192,22,0,0
7339446499936963,1,latency,0,4096,5,0,0
7339446499936963,2,market_ingress,0,1024,15,0,0
7339446499936963,2,trader_request,0,1024,1,0,0
7339446499936963,2,trading_callback,0,1024,4,0,0
7339446499936963,2,trace,0,8192,15,0,0
7339446499936963,2,latency,0,4096,28,0,0
7339446499936963,3,market_ingress,0,1024,15,0,0
7339446499936963,3,trader_request,0,1024,4,0,0
7339446499936963,3,trading_callback,0,1024,5,0,0
7339446499936963,3,trace,0,8192,5,0,0
7339446499936963,3,latency,0,4096,20,0,0
7339446600496428,0,market_ingress,0,1024,15,0,0
7339446600496428,0,trader_request,0,1024,3,0,0
7339446600496428,0,trading_callback,0,1024,5,0,0
7339446600496428,0,trace,0,8192,11,0,0
7339446600496428,0,latency,0,4096,21,0,0
7339446600496428,1,market_ingress,0,1024,21,0,0
7339446600496428,1,trader_request,0,1024,1,0,0
7339446600496428,1,trading_callback,0,1024,3,0,0
7339446600496428,1,trace,0,8192,22,0,0
7339446600496428,1,latency,0,4096,5,0,0
7339446600496428,2,market_ingress,0,1024,15,0,0
7339446600496428,2,trader_request,0,1024,1,0,0
7339446600496428,2,trading_callback,0,1024,4,0,0
7339446600496428,2,trace,0,8192,15,0,0
7339446600496428,2,latency,0,4096,28,0,0
7339446600496428,3,market_ingress,0,1024,15,0,0
7339446600496428,3,trader_request,0,1024,4,0,0
7339446600496428,3,trading_callback,0,1024,5,0,0
7339446600496428,3,trace,0,8192,5,0,0
7339446600496428,3,latency,0,4096,20,0,0
7339446701083910,0,market_ingress,0,1024,15,0,0
7339446701083910,0,trader_request,0,1024,3,0,0
7339446701083910,0,trading_callback,0,1024,5,0,0
7339446701083910,0,trace,0,8192,11,0,0
7339446701083910,0,latency,0,4096,21,0,0
7339446701083910,1,market_ingress,0,1024,21,0,0
7339446701083910,1,trader_request,0,1024,1,0,0
7339446701083910,1,trading_callback,0,1024,3,0,0
7339446701083910,1,trace,0,8192,22,0,0
7339446701083910,1,latency,0,4096,5,0,0
7339446701083910,2,market_ingress,0,1024,15,0,0
7339446701083910,2,trader_request,0,1024,1,0,0
7339446701083910,2,trading_callback,0,1024,4,0,0
7339446701083910,2,trace,0,8192,15,0,0
7339446701083910,2,latency,0,4096,28,0,0
7339446701083910,3,market_ingress,0,1024,15,0,0
7339446701083910,3,trader_request,0,1024,4,0,0
7339446701083910,3,trading_callback,0,1024,5,0,0
7339446701083910,3,trace,0,8192,5,0,0
7339446701083910,3,latency,0,4096,20,0,0
7339446801622038,0,market_ingress,0,1024,15,0,0
7339446801622038,0,trader_request,0,1024,3,0,0
7339446801622038,0,trading_callback,0,1024,5,0,0
7339446801622038,0,trace,0,8192,11,0,0
7339446801622038,0,latency,0,4096,21,0,0
7339446801622038,1,market_ingress,0,1024,21,0,0
7339446801622038,1,trader_request,0,1024,1,0,0
7339446801622038,1,trading_callback,0,1024,3,0,0
7339446801622038,1,trace,0,8192,22,0,0
7339446801622038,1,latency,0,4096,5,0,0
7339446801622038,2,market_ingress,0,1024,15,0,0
7339446801622038,2,trader_request,0,1024,1,0,0
7339446801622038,2,trading_callback,0,1024,4,0,0
7339446801622038,2,trace,0,8192,15,0,0
7339446801622038,2,latency,0,4096,28,0,0
7339446801622038,3,market_ingress,0,1024,15,0,0
7339446801622038,3,trader_request,0,1024,4,0,0
7339446801622038,3,trading_callback,0,1024,5,0,0
7339446801622038,3,trace,0,8192,5,0,0
7339446801622038,3,latency,0,4096,20,0,0
7339446902221848,0,market_ingress,0,1024,15,0,0
7339446902221848,0,trader_request,0,1024,3,0,0
7339446902221848,0,trading_callback,0,1024,5,0,0
7339446902221848,0,trace,0,8192,11,0,0
7339446902221848,0,latency,0,4096,21,0,0
7339446902221848,1,market_ingress,0,1024,21,0,0
7339446902221848,1,trader_request,0,1024,1,0,0
7339446902221848,1,trading_callback,0,1024,3,0,0
7339446902221848,1,trace,0,8192,22,0,0
7339446902221848,1,latency,0,4096,5,0,0
7339446902221848,2,market_ingress,0,1024,15,0,0
7339446902221848,2,trader_request,0,1024,1,0,0
7339446902221848,2,trading_callback,0,1024,4,0,0
7339446902221848,2,trace,0,8192,15,0,0
7339446902221848,2,latency,0,4096,28,0,0
7339446902221848,3,market_ingress,0,1024,15,0,0
7339446902221848,3,trader_request,0,1024,4,0,0
7339446902221848,3,trading_callback,0,1024,5,0,0
7339446902221848,3,trace,0,8192,5,0,0
7339446902221848,3,latency,0,4096,20,0,0
7339447002750728,0,market_ingress,0,1024,15,0,0
7339447002750728,0,trader_request,0,1024,3,0,0
7339447002750728,0,trading_callback,0,1024,5,0,0
7339447002750728,0,trace,0,8192,11,0,0
7339447002750728,0,latency,0,4096,21,0,0
7339447002750728,1,market_ingress,0,1024,21,0,0
7339447002750728,1,trader_request,0,1024,1,0,0
7339447002750728,1,trading_callback,0,1024,3,0,0
7339447002750728,1,trace,0,8192,22,0,0
7339447002750728,1,latency,0,4096,5,0,0
7339447002750728,2,market_ingress,0,1024,15,0,0
7339447002750728,2,trader_request,0,1024,1,0,0
7339447002750728,2,trading_callback,0,1024,4,0,0
7339447002750728,2,trace,0,8192,15,0,0
7339447002750728,2,latency,0,4096,28,0,0
7339447002750728,3,market_ingress,0,1024,15,0,0
7339447002750728,3,trader_request,0,1024,4,0,0
7339447002750728,3,trading_callback,0,1024,5,0,0
7339447002750728,3,trace,0,8192,5,0,0
7339447002750728,3,latency,0,4096,20,0,0
7339447103338949,0,market_ingress,0,1024,15,0,0
7339447103338949,0,trader_request,0,1024,3,0,0
7339447103338949,0,trading_callback,0,1024,5,0,0
7339447103338949,0,trace,0,8192,11,0,0
7339447103338949,0,latency,0,4096,21,0,0
7339447103338949,1,market_ingress,0,1024,21,0,0
7339447103338949,1,trader_request,0,1024,1,0,0
7339447103338949,1,trading_callback,0,1024,3,0,0
7339447103338949,1,trace,0,8192,22,0,0
7339447103338949,1,latency,0,4096,5,0,0
7339447103338949,2,market_ingress,0,1024,15,0,0
7339447103338949,2,trader_request,0,1024,1,0,0
7339447103338949,2,trading_callback,0,1024,4,0,0
7339447103338949,2,trace,0,8192,15,0,0
7339447103338949,2,latency,0,4096,28,0,0
7339447103338949,3,market_ingress,0,1024,15,0,0
7339447103338949,3,trader_request,0,1024,4,0,0
7339447103338949,3,trading_callback,0,1024,5,0,0
7339447103338949,3,trace,0,8192,5,0,0
7339447103338949,3,latency,0,4096,20,0,0
7339447203908068,0,market_ingress,0,1024,15,0,0
7339447203908068,0,trader_request,0,1024,3,0,0
7339447203908068,0,trading_callback,0,1024,5,0,0
7339447203908068,0,trace,0,8192,11,0,0
7339447203908068,0,latency,0,4096,21,0,0
7339447203908068,1,market_ingress,0,1024,21,0,0
7339447203908068,1,trader_request,0,1024,1,0,0
7339447203908068,1,trading_callback,0,1024,3,0,0
7339447203908068,1,trace,0,8192,22,0,0
7339447203908068,1,latency,0,4096,5,0,0
7339447203908068,2,market_ingress,0,1024,15,0,0
7339447203908068,2,trader_request,0,1024,1,0,0
7339447203908068,2,trading_callback,0,1024,4,0,0
7339447203908068,2,trace,0,8192,15,0,0
7339447203908068,2,latency,0,4096,28,0,0
7339447203908068,3,market_ingress,0,1024,15,0,0
7339447203908068,3,trader_request,0,1024,4,0,0
7339447203908068,3,trading_callback,0,1024,5,0,0
7339447203908068,3,trace,0,8192,5,0,0
7339447203908068,3,latency,0,4096,20,0,0
7339447304470154,0,market_ingress,0,1024,15,0,0
7339447304470154,0,trader_request,0,1024,3,0,0
7339447304470154,0,trading_callback,0,1024,5,0,0
7339447304470154,0,trace,0,8192,11,0,0
7339447304470154,0,latency,0,4096,21,0,0
7339447304470154,1,market_ingress,0,1024,21,0,0
7339447304470154,1,trader_request,0,1024,1,0,0
7339447304470154,1,trading_callback,0,1024,3,0,0
7339447304470154,1,trace,0,8192,22,0,0
7339447304470154,1,latency,0,4096,5,0,0
7339447304470154,2,market_ingress,0,1024,15,0,0
7339447304470154,2,trader_request,0,1024,1,0,0
7339447304470154,2,trading_callback,0,1024,4,0,0
7339447304470154,2,trace,0,8192,15,0,0
7339447304470154,2,latency,0,4096,28,0,0
7339447304470154,3,market_ingress,0,1024,15,0,0
7339447304470154,3,trader_request,0,1024,4,0,0
7339447304470154,3,trading_callback,0,1024,5,0,0
7339447304470154,3,trace,0,8192,5,0,0
7339447304470154,3,latency,0,4096,20,0,0
7339447405016210,0,market_ingress,0,1024,15,0,0
7339447405016210,0,trader_request,0,1024,3,0,0
7339447405016210,0,trading_callback,0,1024,5,0,0
7339447405016210,0,trace,0,8192,11,0,0
7339447405016210,0,latency,0,4096,21,0,0
7339447405016210,1,market_ingress,0,1024,21,0,0
7339447405016210,1,trader_request,0,1024,1,0,0
7339447405016210,1,trading_callback,0,1024,3,0,0
7339447405016210,1,trace,0,8192,22,0,0
7339447405016210,1,latency,0,4096,5,0,0
7339447405016210,2,market_ingress,0,1024,15,0,0
7339447405016210,2,trader_request,0,1024,1,0,0
7339447405016210,2,trading_callback,0,1024,4,0,0
7339447405016210,2,trace,0,8192,15,0,0
7339447405016210,2,latency,0,4096,28,0,0
7339447405016210,3,market_ingress,0,1024,15,0,0
7339447405016210,3,trader_request,0,1024,4,0,0
7339447405016210,3,trading_callback,0,1024,5,0,0
7339447405016210,3,trace,0,8192,5,0,0
7339447405016210,3,latency,0,4096,20,0,0
7339447505574802,0,market_ingress,0,1024,15,0,0
7339447505574802,0,trader_request,0,1024,3,0,0
7339447505574802,0,trading_callback,0,1024,5,0,0
7339447505574802,0,trace,0,8192,11,0,0
7339447505574802,0,latency,0,4096,21,0,0
7339447505574802,1,market_ingress,0,1024,21,0,0
7339447505574802,1,trader_request,0,1024,1,0,0
7339447505574802,1,trading_callback,0,1024,3,0,0
7339447505574802,1,trace,0,8192,22,0,0
7339447505574802,1,latency,0,4096,5,0,0
7339447505574802,2,market_ingress,0,1024,15,0,0
7339447505574802,2,trader_request,0,1024,1,0,0
7339447505574802,2,trading_callback,0,1024,4,0,0
7339447505574802,2,trace,0,8192,15,0,0
7339447505574802,2,latency,0,4096,28,0,0
7339447505574802,3,market_ingress,0,1024,15,0,0
7339447505574802,3,trader_request,0,1024,4,0,0
7339447505574802,3,trading_callback,0,1024,5,0,0
7339447505574802,3,trace,0,8192,5,0,0
7339447505574802,3,latency,0,4096,20,0,0
7339447606156039,0,market_ingress,0,1024,15,0,0
7339447606156039,0,trader_request,0,1024,3,0,0
7339447606156039,0,trading_callback,0,1024,5,0,0
7339447606156039,0,trace,0,8192,11,0,0
7339447606156039,0,latency,0,4096,21,0,0
7339447606156039,1,market_ingress,0,1024,21,0,0
7339447606156039,1,trader_request,0,1024,1,0,0
7339447606156039,1,trading_callback,0,1024,3,0,0
7339447606156039,1,trace,0,8192,22,0,0
7339447606156039,1,latency,0,4096,5,0,0
7339447606156039,2,market_ingress,0,1024,15,0,0
7339447606156039,2,trader_request,0,1024,1,0,0
7339447606156039,2,trading_callback,0,1024,4,0,0
7339447606156039,2,trace,0,8192,15,0,0
7339447606156039,2,latency,0,4096,28,0,0
7339447606156039,3,market_ingress,0,1024,15,0,0
7339447606156039,3,trader_request,0,1024,4,0,0
7339447606156039,3,trading_callback,0,1024,5,0,0
7339447606156039,3,trace,0,8192,5,0,0
7339447606156039,3,latency,0,4096,20,0,0
7339447706724661,0,market_ingress,0,1024,15,0,0
7339447706724661,0,trader_request,0,1024,3,0,0
7339447706724661,0,trading_callback,0,1024,5,0,0
7339447706724661,0,trace,0,8192,11,0,0
7339447706724661,0,latency,0,4096,21,0,0
7339447706724661,1,market_ingress,0,1024,21,0,0
7339447706724661,1,trader_request,0,1024,1,0,0
7339447706724661,1,trading_callback,0,1024,3,0,0
7339447706724661,1,trace,0,8192,22,0,0
7339447706724661,1,latency,0,4096,5,0,0
7339447706724661,2,market_ingress,0,1024,15,0,0
7339447706724661,2,trader_request,0,1024,1,0,0
7339447706724661,2,trading_callback,0,1024,4,0,0
7339447706724661,2,trace,0,8192,15,0,0
7339447706724661,2,latency,0,4096,28,0,0
7339447706724661,3,market_ingress,0,1024,15,0,0
7339447706724661,3,trader_request,0,1024,4,0,0
7339447706724661,3,trading_callback,0,1024,5,0,0
7339447706724661,3,trace,0,8192,5,0,0
7339447706724661,3,latency,0,4096,20,0,0
7339447807310616,0,market_ingress,0,1024,15,0,0
7339447807310616,0,trader_request,0,1024,3,0,0
7339447807310616,0,trading_callback,0,1024,5,0,0
7339447807310616,0,trace,0,8192,11,0,0
7339447807310616,0,latency,0,4096,21,0,0
7339447807310616,1,market_ingress,0,1024,21,0,0
7339447807310616,1,trader_request,0,1024,1,0,0
7339447807310616,1,trading_callback,0,1024,3,0,0
7339447807310616,1,trace,0,8192,22,0,0
7339447807310616,1,latency,0,4096,5,0,0
7339447807310616,2,market_ingress,0,1024,15,0,0
7339447807310616,2,trader_request,0,1024,1,0,0
7339447807310616,2,trading_callback,0,1024,4,0,0
7339447807310616,2,trace,0,8192,15,0,0
7339447807310616,2,latency,0,4096,28,0,0
7339447807310616,3,market_ingress,0,1024,15,0,0
7339447807310616,3,trader_request,0,1024,4,0,0
7339447807310616,3,trading_callback,0,1024,5,0,0
7339447807310616,3,trace,0,8192,5,0,0
7339447807310616,3,latency,0,4096,20,0,0
7339447907874459,0,market_ingress,0,1024,15,0,0
7339447907874459,0,trader_request,0,1024,3,0,0
7339447907874459,0,trading_callback,0,1024,5,0,0
7339447907874459,0,trace,0,8192,11,0,0
7339447907874459,0,latency,0,4096,21,0,0
7339447907874459,1,market_ingress,0,1024,21,0,0
7339447907874459,1,trader_request,0,1024,1,0,0
7339447907874459,1,trading_callback,0,1024,3,0,0
7339447907874459,1,trace,0,8192,22,0,0
7339447907874459,1,latency,0,4096,5,0,0
7339447907874459,2,market_ingress,0,1024,15,0,0
7339447907874459,2,trader_request,0,1024,1,0,0
7339447907874459,2,trading_callback,0,1024,4,0,0
7339447907874459,2,trace,0,8192,15,0,0
7339447907874459,2,latency,0,4096,28,0,0
7339447907874459,3,market_ingress,0,1024,15,0,0
7339447907874459,3,trader_request,0,1024,4,0,0
7339447907874459,3,trading_callback,0,1024,5,0,0
7339447907874459,3,trace,0,8192,5,0,0
7339447907874459,3,latency,0,4096,20,0,0
7339448008468659,0,market_ingress,0,1024,15,0,0
7339448008468659,0,trader_request,0,1024,3,0,0
7339448008468659,0,trading_callback,0,1024,5,0,0
7339448008468659,0,trace,0,8192,11,0,0
7339448008468659,0,latency,0,4096,21,0,0
7339448008468659,1,market_ingress,0,1024,21,0,0
7339448008468659,1,trader_request,0,1024,1,0,0
7339448008468659,1,trading_callback,0,1024,3,0,0
7339448008468659,1,trace,0,8192,22,0,0
7339448008468659,1,latency,0,4096,5,0,0
7339448008468659,2,market_ingress,0,1024,15,0,0
7339448008468659,2,trader_request,0,1024,1,0,0
7339448008468659,2,trading_callback,0,1024,4,0,0
7339448008468659,2,trace,0,8192,15,0,0
7339448008468659,2,latency,0,4096,28,0,0
7339448008468659,3,market_ingress,0,1024,15,0,0
7339448008468659,3,trader_request,0,1024,4,0,0
7339448008468659,3,trading_callback,0,1024,5,0,0
7339448008468659,3,trace,0,8192,5,0,0
7339448008468659,3,latency,0,4096,20,0,0
7339448109020340,0,market_ingress,0,1024,15,0,0
7339448109020340,0,trader_request,0,1024,3,0,0
7339448109020340,0,trading_callback,0,1024,5,0,0
7339448109020340,0,trace,0,8192,11,0,0
7339448109020340,0,latency,0,4096,21,0,0
7339448109020340,1,market_ingress,0,1024,21,0,0
7339448109020340,1,trader_request,0,1024,1,0,0
7339448109020340,1,trading_callback,0,1024,3,0,0
7339448109020340,1,trace,0,8192,22,0,0
7339448109020340,1,latency,0,4096,5,0,0
7339448109020340,2,market_ingress,0,1024,15,0,0
7339448109020340,2,trader_request,0,1024,1,0,0
7339448109020340,2,trading_callback,0,1024,4,0,0
7339448109020340,2,trace,0,8192,15,0,0
7339448109020340,2,latency,0,4096,28,0,0
7339448109020340,3,market_ingress,0,1024,15,0,0
7339448109020340,3,trader_request,0,1024,4,0,0
7339448109020340,3,trading_callback,0,1024,5,0,0
7339448109020340,3,trace,0,8192,5,0,0
7339448109020340,3,latency,0,4096,20,0,0
7339448209570225,0,market_ingress,0,1024,15,0,0
7339448209570225,0,trader_request,0,1024,3,0,0
7339448209570225,0,trading_callback,0,1024,5,0,0
7339448209570225,0,trace,3,8192,11,45261,0
7339448209570225,0,latency,0,4096,21,0,0
7339448209570225,1,market_ingress,0,1024,21,0,0
7339448209570225,1,trader_request,0,1024,1,0,0
7339448209570225,1,trading_callback,0,1024,3,0,0
7339448209570225,1,trace,0,8192,22,0,0
7339448209570225,1,latency,0,4096,5,0,0
7339448209570225,2,market_ingress,0,1024,15,0,0
7339448209570225,2,trader_request,0,1024,1,0,0
7339448209570225,2,trading_callback,0,1024,4,0,0
7339448209570225,2,trace,0,8192,15,0,0
7339448209570225,2,latency,0,4096,28,0,0
7339448209570225,3,market_ingress,0,1024,15,0,0
7339448209570225,3,trader_request,0,1024,4,0,0
7339448209570225,3,trading_callback,0,1024,5,0,0
7339448209570225,3,trace,0,8192,5,0,0
7339448209570225,3,latency,0,4096,20,0,0
7339448310132910,0,market_ingress,0,1024,15,0,0
7339448310132910,0,trader_request,0,1024,3,0,0
7339448310132910,0,trading_callback,0,1024,5,0,0
7339448310132910,0,trace,0,8192,11,0,0
7339448310132910,0,latency,0,4096,21,0,0
7339448310132910,1,market_ingress,0,1024,21,0,0
7339448310132910,1,trader_request,0,1024,1,0,0
7339448310132910,1,trading_callback,0,1024,3,0,0
7339448310132910,1,trace,0,8192,22,0,0
7339448310132910,1,latency,0,4096,5,0,0
7339448310132910,2,market_ingress,0,1024,15,0,0
7339448310132910,2,trader_request,0,1024,1,0,0
7339448310132910,2,trading_callback,0,1024,4,0,0
7339448310132910,2,trace,0,8192,15,0,0
7339448310132910,2,latency,0,4096,28,0,0
7339448310132910,3,market_ingress,0,1024,15,0,0
7339448310132910,3,trader_request,0,1024,4,0,0
7339448310132910,3,trading_callback,0,1024,5,0,0
7339448310132910,3,trace,0,8192,5,0,0
7339448310132910,3,latency,0,4096,20,0,0
7339448410686057,0,market_ingress,0,1024,15,0,0
7339448410686057,0,trader_request,0,1024,3,0,0
7339448410686057,0,trading_callback,0,1024,5,0,0
7339448410686057,0,trace,0,8192,11,0,0
7339448410686057,0,latency,0,4096,21,0,0
7339448410686057,1,market_ingress,0,1024,21,0,0
7339448410686057,1,trader_request,0,1024,1,0,0
7339448410686057,1,trading_callback,0,1024,3,0,0
7339448410686057,1,trace,0,8192,22,0,0
7339448410686057,1,latency,0,4096,5,0,0
7339448410686057,2,market_ingress,0,1024,15,0,0
7339448410686057,2,trader_request,0,1024,1,0,0
7339448410686057,2,trading_callback,0,1024,4,0,0
7339448410686057,2,trace,0,8192,15,0,0
7339448410686057,2,latency,0,4096,28,0,0
7339448410686057,3,market_ingress,0,1024,15,0,0
7339448410686057,3,trader_request,0,1024,4,0,0
7339448410686057,3,trading_callback,0,1024,5,0,0
7339448410686057,3,trace,0,8192,5,0,0
7339448410686057,3,latency,0,4096,20,0,0
7339448511232141,0,market_ingress,0,1024,15,0,0
7339448511232141,0,trader_request,0,1024,3,0,0
7339448511232141,0,trading_callback,0,1024,5,0,0
7339448511232141,0,trace,0,8192,11,0,0
7339448511232141,0,latency,0,4096,21,0,0
7339448511232141,1,market_ingress,0,1024,21,0,0
7339448511232141,1,trader_request,0,1024,1,0,0
7339448511232141,1,trading_callback,0,1024,3,0,0
7339448511232141,1,trace,0,8192,22,0,0
7339448511232141,1,latency,0,4096,5,0,0
7339448511232141,2,market_ingress,0,1024,15,0,0
7339448511232141,2,trader_request,0,1024,1,0,0
7339448511232141,2,trading_callback,0,1024,4,0,0
7339448511232141,2,trace,0,8192,15,0,0
7339448511232141,2,latency,0,4096,28,0,0
7339448511232141,3,market_ingress,0,1024,15,0,0
7339448511232141,3,trader_request,0,1024,4,0,0
7339448511232141,3,trading_callback,0,1024,5,0,0
7339448511232141,3,trace,0,8192,5,0,0
7339448511232141,3,latency,0,4096,20,0,0
7339448611823831,0,market_ingress,0,1024,15,0,0
7339448611823831,0,trader_request,0,1024,3,0,0
7339448611823831,0,trading_callback,0,1024,5,0,0
7339448611823831,0,trace,0,8192,11,0,0
7339448611823831,0,latency,0,4096,21,0,0
7339448611823831,1,market_ingress,0,1024,21,0,0
7339448611823831,1,trader_request,0,1024,1,0,0
7339448611823831,1,trading_callback,0,1024,3,0,0
7339448611823831,1,trace,0,8192,22,0,0
7339448611823831,1,latency,0,4096,5,0,0
7339448611823831,2,market_ingress,0,1024,15,0,0
7339448611823831,2,trader_request,0,1024,1,0,0
7339448611823831,2,trading_callback,0,1024,4,0,0
7339448611823831,2,trace,0,8192,15,0,0
7339448611823831,2,latency,0,4096,28,0,0
7339448611823831,3,market_ingress,0,1024,15,0,0
7339448611823831,3,trader_request,0,1024,4,0,0
7339448611823831,3,trading_callback,0,1024,5,0,0
7339448611823831,3,trace,0,8192,5,0,0
7339448611823831,3,latency,0,4096,20,0,0
7339448712417101,0,market_ingress,0,1024,15,0,0
7339448712417101,0,trader_request,0,1024,3,0,0
7339448712417101,0,trading_callback,0,1024,5,0,0
7339448712417101,0,trace,0,8192,11,0,0
7339448712417101,0,latency,0,4096,21,0,0
7339448712417101,1,market_ingress,0,1024,21,0,0
7339448712417101,1,trader_request,0,1024,1,0,0
7339448712417101,1,trading_callback,0,1024,3,0,0
7339448712417101,1,trace,0,8192,22,0,0
7339448712417101,1,latency,0,4096,5,0,0
7339448712417101,2,market_ingress,0,1024,15,0,0
7339448712417101,2,trader_request,0,1024,1,0,0
7339448712417101,2,trading_callback,0,1024,4,0,0
7339448712417101,2,trace,0,8192,15,0,0
7339448712417101,2,latency,0,4096,28,0,0
7339448712417101,3,market_ingress,0,1024,15,0,0
7339448712417101,3,trader_request,0,1024,4,0,0
7339448712417101,3,trading_callback,0,1024,5,0,0
7339448712417101,3,trace,0,8192,5,0,0
7339448712417101,3,latency,0,4096,20,0,0
7339448812992845,0,market_ingress,0,1024,15,0,0
7339448812992845,0,trader_request,0,1024,3,0,0
7339448812992845,0,trading_callback,0,1024,5,0,0
7339448812992845,0,trace,0,8192,11,0,0
7339448812992845,0,latency,0,4096,21,0,0
7339448812992845,1,market_ingress,0,1024,21,0,0
7339448812992845,1,trader_request,0,1024,1,0,0
7339448812992845,1,trading_callback,0,1024,3,0,0
7339448812992845,1,trace,0,8192,22,0,0
7339448812992845,1,latency,0,4096,5,0,0
7339448812992845,2,market_ingress,0,1024,15,0,0
7339448812992845,2,trader_request,0,1024,1,0,0
7339448812992845,2,trading_callback,0,1024,4,0,0
7339448812992845,2,trace,0,8192,15,0,0
7339448812992845,2,latency,0,4096,28,0,0
7339448812992845,3,market_ingress,0,1024,15,0,0
7339448812992845,3,trader_request,0,1024,4,0,0
7339448812992845,3,trading_callback,0,1024,5,0,0
7339448812992845,3,trace,0,8192,5,0,0
7339448812992845,3,latency,0,4096,20,0,0
7339448913810169,0,market_ingress,0,1024,15,0,0
7339448913810169,0,trader_request,0,1024,3,0,0
7339448913810169,0,trading_callback,0,1024,5,0,0
7339448913810169,0,trace,0,8192,11,0,0
7339448913810169,0,latency,0,4096,21,0,0
7339448913810169,1,market_ingress,0,1024,21,0,0
7339448913810169,1,trader_request,0,1024,1,0,0
7339448913810169,1,trading_callback,0,1024,3,0,0
7339448913810169,1,trace,0,8192,22,0,0
7339448913810169,1,latency,0,4096,5,0,0
7339448913810169,2,market_ingress,0,1024,15,0,0
7339448913810169,2,trader_request,0,1024,1,0,0
7339448913810169,2,trading_callback,0,1024,4,0,0
7339448913810169,2,trace,0,8192,15,0,0
7339448913810169,2,latency,0,4096,28,0,0
7339448913810169,3,market_ingress,0,1024,15,0,0
7339448913810169,3,trader_request,0,1024,4,0,0
7339448913810169,3,trading_callback,0,1024,5,0,0
7339448913810169,3,trace,0,8192,5,0,0
7339448913810169,3,latency,0,4096,20,0,0
7339449014386101,0,market_ingress,0,1024,15,0,0
7339449014386101,0,trader_request,0,1024,3,0,0
7339449014386101,0,trading_callback,0,1024,5,0,0
7339449014386101,0,trace,0,8192,11,0,0
7339449014386101,0,latency,0,4096,21,0,0
7339449014386101,1,market_ingress,0,1024,21,0,0
7339449014386101,1,trader_request,0,1024,1,0,0
7339449014386101,1,trading_callback,0,1024,3,0,0
7339449014386101,1,trace,0,8192,22,0,0
7339449014386101,1,latency,0,4096,5,0,0
7339449014386101,2,market_ingress,0,1024,15,0,0
7339449014386101,2,trader_request,0,1024,1,0,0
7339449014386101,2,trading_callback,0,1024,4,0,0
7339449014386101,2,trace,0,8192,15,0,0
7339449014386101,2,latency,0,4096,28,0,0
7339449014386101,3,market_ingress,0,1024,15,0,0
7339449014386101,3,trader_request,0,1024,4,0,0
7339449014386101,3,trading_callback,0,1024,5,0,0
7339449014386101,3,trace,0,8192,5,0,0
7339449014386101,3,latency,0,4096,20,0,0
7339449114981464,0,market_ingress,0,1024,15,0,0
7339449114981464,0,trader_request,0,1024,3,0,0
7339449114981464,0,trading_callback,0,1024,5,0,0
7339449114981464,0,trace,0,8192,11,0,0
7339449114981464,0,latency,0,4096,21,0,0
7339449114981464,1,market_ingress,0,1024,21,0,0
7339449114981464,1,trader_request,0,1024,1,0,0
7339449114981464,1,trading_callback,0,1024,3,0,0
7339449114981464,1,trace,0,8192,22,0,0
7339449114981464,1,latency,0,4096,5,0,0
7339449114981464,2,market_ingress,0,1024,15,0,0
7339449114981464,2,trader_request,0,1024,1,0,0
7339449114981464,2,trading_callback,0,1024,4,0,0
7339449114981464,2,trace,0,8192,15,0,0
7339449114981464,2,latency,0,4096,28,0,0
7339449114981464,3,market_ingress,0,1024,15,0,0
7339449114981464,3,trader_request,0,1024,4,0,0
7339449114981464,3,trading_callback,0,1024,5,0,0
7339449114981464,3,trace,0,8192,5,0,0
7339449114981464,3,latency,0,4096,20,0,0
7339449215572649,0,market_ingress,0,1024,15,0,0
7339449215572649,0,trader_request,0,1024,3,0,0
7339449215572649,0,trading_callback,0,1024,5,0,0
7339449215572649,0,trace,0,8192,11,0,0
7339449215572649,0,latency,0,4096,21,0,0
7339449215572649,1,market_ingress,0,1024,21,0,0
7339449215572649,1,trader_request,0,1024,1,0,0
7339449215572649,1,trading_callback,0,1024,3,0,0
7339449215572649,1,trace,0,8192,22,0,0
7339449215572649,1,latency,0,4096,5,0,0
7339449215572649,2,market_ingress,0,1024,15,0,0
7339449215572649,2,trader_request,0,1024,1,0,0
7339449215572649,2,trading_callback,0,1024,4,0,0
7339449215572649,2,trace,0,8192,15,0,0
7339449215572649,2,latency,0,4096,28,0,0
7339449215572649,3,market_ingress,0,1024,15,0,0
7339449215572649,3,trader_request,0,1024,4,0,0
7339449215572649,3,trading_callback,0,1024,5,0,0
7339449215572649,3,trace,0,8192,5,0,0
7339449215572649,3,latency,0,4096,20,0,0
7339449316323852,0,market_ingress,0,1024,15,0,0
7339449316323852,0,trader_request,0,1024,3,0,0
7339449316323852,0,trading_callback,0,1024,5,0,0
7339449316323852,0,trace,0,8192,11,0,0
7339449316323852,0,latency,0,4096,21,0,0
7339449316323852,1,market_ingress,0,1024,21,0,0
7339449316323852,1,trader_request,0,1024,1,0,0
7339449316323852,1,trading_callback,0,1024,3,0,0
7339449316323852,1,trace,0,8192,22,0,0
7339449316323852,1,latency,0,4096,5,0,0
7339449316323852,2,market_ingress,0,1024,15,0,0
7339449316323852,2,trader_request,0,1024,1,0,0
7339449316323852,2,trading_callback,0,1024,4,0,0
7339449316323852,2,trace,0,8192,15,0,0
7339449316323852,2,latency,0,4096,28,0,0
7339449316323852,3,market_ingress,0,1024,15,0,0
7339449316323852,3,trader_request,0,1024,4,0,0
7339449316323852,3,trading_callback,0,1024,5,0,0
7339449316323852,3,trace,0,8192,5,0,0
7339449316323852,3,latency,0,4096,20,0,0
7339449417090638,0,market_ingress,0,1024,15,0,0
7339449417090638,0,trader_request,0,1024,3,0,0
7339449417090638,0,trading_callback,0,1024,5,0,0
7339449417090638,0,trace,0,8192,11,0,0
7339449417090638,0,latency,0,4096,21,0,0
7339449417090638,1,market_ingress,0,1024,21,0,0
7339449417090638,1,trader_request,0,1024,1,0,0
7339449417090638,1,trading_callback,0,1024,3,0,0
7339449417090638,1,trace,0,8192,22,0,0
7339449417090638,1,latency,0,4096,5,0,0
7339449417090638,2,market_ingress,0,1024,15,0,0
7339449417090638,2,trader_request,0,1024,1,0,0
7339449417090638,2,trading_callback,0,1024,4,0,0
7339449417090638,2,trace,0,8192,15,0,0
7339449417090638,2,latency,0,4096,28,0,0
7339449417090638,3,market_ingress,0,1024,15,0,0
7339449417090638,3,trader_request,0,1024,4,0,0
7339449417090638,3,trading_callback,0,1024,5,0,0
7339449417090638,3,trace,0,8192,5,0,0
7339449417090638,3,latency,0,4096,20,0,0
7339449517647493,0,market_ingress,0,1024,15,0,0
7339449517647493,0,trader_request,0,1024,3,0,0
7339449517647493,0,trading_callback,0,1024,5,0,0
7339449517647493,0,trace,0,8192,11,0,0
7339449517647493,0,latency,0,4096,21,0,0
7339449517647493,1,market_ingress,0,1024,21,0,0
7339449517647493,1,trader_request,0,1024,1,0,0
7339449517647493,1,trading_callback,0,1024,3,0,0
7339449517647493,1,trace,0,8192,22,0,0
7339449517647493,1,latency,0,4096,5,0,0
7339449517647493,2,market_ingress,0,1024,15,0,0
7339449517647493,2,trader_request,0,1024,1,0,0
7339449517647493,2,trading_callback,0,1024,4,0,0
7339449517647493,2,trace,0,8192,15,0,0
7339449517647493,2,latency,0,4096,28,0,0
7339449517647493,3,market_ingress,0,1024,15,0,0
7339449517647493,3,trader_request,0,1024,4,0,0
7339449517647493,3,trading_callback,0,1024,5,0,0
7339449517647493,3,trace,0,8192,5,0,0
7339449517647493,3,latency,0,4096,20,0,0
7339449618226757,0,market_ingress,0,1024,15,0,0
7339449618226757,0,trader_request,0,1024,3,0,0
7339449618226757,0,trading_callback,0,1024,5,0,0
7339449618226757,0,trace,0,8192,11,0,0
7339449618226757,0,latency,0,4096,21,0,0
7339449618226757,1,market_ingress,0,1024,21,0,0
7339449618226757,1,trader_request,0,1024,1,0,0
7339449618226757,1,trading_callback,0,1024,3,0,0
7339449618226757,1,trace,0,8192,22,0,0
7339449618226757,1,latency,0,4096,5,0,0
7339449618226757,2,market_ingress,0,1024,15,0,0
7339449618226757,2,trader_request,0,1024,1,0,0
7339449618226757,2,trading_callback,0,1024,4,0,0
7339449618226757,2,trace,0,8192,15,0,0
7339449618226757,2,latency,0,4096,28,0,0
7339449618226757,3,market_ingress,0,1024,15,0,0
7339449618226757,3,trader_request,0,1024,4,0,0
7339449618226757,3,trading_callback,0,1024,5,0,0
7339449618226757,3,trace,0,8192,5,0,0
7339449618226757,3,latency,0,4096,20,0,0
7339449718786523,0,market_ingress,0,1024,15,0,0
7339449718786523,0,trader_request,0,1024,3,0,0
7339449718786523,0,trading_callback,0,1024,5,0,0
7339449718786523,0,trace,0,8192,11,0,0
7339449718786523,0,latency,0,4096,21,0,0
7339449718786523,1,market_ingress,0,1024,21,0,0
7339449718786523,1,trader_request,0,1024,1,0,0
7339449718786523,1,trading_callback,0,1024,3,0,0
7339449718786523,1,trace,0,8192,22,0,0
7339449718786523,1,latency,0,4096,5,0,0
7339449718786523,2,market_ingress,0,1024,15,0,0
7339449718786523,2,trader_request,0,1024,1,0,0
7339449718786523,2,trading_callback,0,1024,4,0,0
7339449718786523,2,trace,0,8192,15,0,0
7339449718786523,2,latency,0,4096,28,0,0
7339449718786523,3,market_ingress,0,1024,15,0,0
7339449718786523,3,trader_request,0,1024,4,0,0
7339449718786523,3,trading_callback,0,1024,5,0,0
7339449718786523,3,trace,0,8192,5,0,0
7339449718786523,3,latency,0,4096,20,0,0
7339449819491792,0,market_ingress,0,1024,15,0,0
7339449819491792,0,trader_request,0,1024,3,0,0
7339449819491792,0,trading_callback,0,1024,5,0,0
7339449819491792,0,trace,0,8192,11,0,0
7339449819491792,0,latency,0,4096,21,0,0
7339449819491792,1,market_ingress,0,1024,21,0,0
7339449819491792,1,trader_request,0,1024,1,0,0
7339449819491792,1,trading_callback,0,1024,3,0,0
7339449819491792,1,trace,0,8192,22,0,0
7339449819491792,1,latency,0,4096,5,0,0
7339449819491792,2,market_ingress,0,1024,15,0,0
7339449819491792,2,trader_request,0,1024,1,0,0
7339449819491792,2,trading_callback,0,1024,4,0,0
7339449819491792,2,trace,0,8192,15,0,0
7339449819491792,2,latency,0,4096,28,0,0
7339449819491792,3,market_ingress,0,1024,15,0,0
7339449819491792,3,trader_request,0,1024,4,0,0
7339449819491792,3,trading_callback,0,1024,5,0,0
7339449819491792,3,trace,0,8192,5,0,0
7339449819491792,3,latency,0,4096,20,0,0
7339449920216356,0,market_ingress,0,1024,15,0,0
7339449920216356,0,trader_request,0,1024,3,0,0
7339449920216356,0,trading_callback,0,1024,5,0,0
7339449920216356,0,trace,0,8192,11,0,0
7339449920216356,0,latency,0,4096,21,0,0
7339449920216356,1,market_ingress,0,1024,21,0,0
7339449920216356,1,trader_request,0,1024,1,0,0
7339449920216356,1,trading_callback,0,1024,3,0,0
7339449920216356,1,trace,0,8192,22,0,0
7339449920216356,1,latency,0,4096,5,0,0
7339449920216356,2,market_ingress,0,1024,15,0,0
7339449920216356,2,trader_request,0,1024,1,0,0
7339449920216356,2,trading_callback,0,1024,4,0,0
7339449920216356,2,trace,0,8192,15,0,0
7339449920216356,2,latency,0,4096,28,0,0
7339449920216356,3,market_ingress,0,1024,15,0,0
7339449920216356,3,trader_request,0,1024,4,0,0
7339449920216356,3,trading_callback,0,1024,5,0,0
7339449920216356,3,trace,0,8192,5,0,0
7339449920216356,3,latency,0,4096,20,0,0
7339450020764864,0,market_ingress,0,1024,15,0,0
7339450020764864,0,trader_request,0,1024,3,0,0
7339450020764864,0,trading_callback,0,1024,5,0,0
7339450020764864,0,trace,0,8192,25,0,0
7339450020764864,0,latency,0,4096,21,0,0
7339450020764864,1,market_ingress,0,1024,21,0,0
7339450020764864,1,trader_request,0,1024,1,0,0
7339450020764864,1,trading_callback,0,1024,3,0,0
7339450020764864,1,trace,0,8192,22,0,0
7339450020764864,1,latency,0,4096,5,0,0
7339450020764864,2,market_ingress,0,1024,15,0,0
7339450020764864,2,trader_request,0,1024,3,0,0
7339450020764864,2,trading_callback,0,1024,6,0,0
7339450020764864,2,trace,0,8192,15,0,0
7339450020764864,2,latency,0,4096,28,0,0
7339450020764864,3,market_ingress,0,1024,15,0,0
7339450020764864,3,trader_request,0,1024,4,0,0
7339450020764864,3,trading_callback,0,1024,5,0,0
7339450020764864,3,trace,0,8192,5,0,0
7339450020764864,3,latency,0,4096,20,0,0
7339450121337347,0,market_ingress,0,1024,15,0,0
7339450121337347,0,trader_request,0,1024,3,0,0
7339450121337347,0,trading_callback,0,1024,5,0,0
7339450121337347,0,trace,0,8192,25,0,0
7339450121337347,0,latency,0,4096,21,0,0
7339450121337347,1,market_ingress,0,1024,21,0,0
7339450121337347,1,trader_request,0,1024,1,0,0
7339450121337347,1,trading_callback,0,1024,3,0,0
7339450121337347,1,trace,0,8192,22,0,0
7339450121337347,1,latency,0,4096,5,0,0
7339450121337347,2,market_ingress,0,1024,15,0,0
7339450121337347,2,trader_request,0,1024,3,0,0
7339450121337347,2,trading_callback,0,1024,6,0,0
7339450121337347,2,trace,0,8192,15,0,0
7339450121337347,2,latency,0,4096,28,0,0
7339450121337347,3,market_ingress,0,1024,15,0,0
7339450121337347,3,trader_request,0,1024,4,0,0
7339450121337347,3,trading_callback,0,1024,5,0,0
7339450121337347,3,trace,0,8192,5,0,0
7339450121337347,3,latency,0,4096,20,0,0
7339450221935486,0,market_ingress,0,1024,15,0,0
7339450221935486,0,trader_request,0,1024,3,0,0
7339450221935486,0,trading_callback,0,1024,5,0,0
7339450221935486,0,trace,0,8192,25,0,0
7339450221935486,0,latency,0,4096,21,0,0
7339450221935486,1,market_ingress,0,1024,21,0,0
7339450221935486,1,trader_request,0,1024,1,0,0
7339450221935486,1,trading_callback,0,1024,3,0,0
7339450221935486,1,trace,0,8192,22,0,0
7339450221935486,1,latency,0,4096,5,0,0
7339450221935486,2,market_ingress,0,1024,15,0,0
7339450221935486,2,trader_request,0,1024,3,0,0
7339450221935486,2,trading_callback,0,1024,6,0,0
7339450221935486,2,trace,0,8192,15,0,0
7339450221935486,2,latency,0,4096,28,0,0
7339450221935486,3,market_ingress,0,1024,15,0,0
7339450221935486,3,trader_request,0,1024,4,0,0
7339450221935486,3,trading_callback,0,1024,5,0,0
7339450221935486,3,trace,0,8192,5,0,0
7339450221935486,3,latency,0,4096,20,0,0
7339450322534641,0,market_ingress,0,1024,15,0,0
7339450322534641,0,trader_request,0,1024,3,0,0
7339450322534641,0,trading_callback,2,1024,5,38653,0
7339450322534641,0,trace,0,8192,25,0,0
7339450322534641,0,latency,0,4096,21,0,0
7339450322534641,1,market_ingress,0,1024,21,0,0
7339450322534641,1,trader_request,0,1024,1,0,0
7339450322534641,1,trading_callback,0,1024,3,0,0
7339450322534641,1,trace,0,8192,22,0,0
7339450322534641,1,latency,0,4096,5,0,0
7339450322534641,2,market_ingress,0,1024,15,0,0
7339450322534641,2,trader_request,0,1024,3,0,0
7339450322534641,2,trading_callback,2,1024,6,50687,0
7339450322534641,2,trace,0,8192,15,0,0
7339450322534641,2,latency,0,4096,28,0,0
7339450322534641,3,market_ingress,0,1024,15,0,0
7339450322534641,3,trader_request,0,1024,4,0,0
7339450322534641,3,trading_callback,0,1024,5,0,0
7339450322534641,3,trace,0,8192,5,0,0
7339450322534641,3,latency,0,4096,20,0,0
7339450423288241,0,market_ingress,0,1024,15,0,0
7339450423288241,0,trader_request,0,1024,3,0,0
7339450423288241,0,trading_callback,0,1024,5,0,0
7339450423288241,0,trace,0,8192,25,0,0
7339450423288241,0,latency,0,4096,21,0,0
7339450423288241,1,market_ingress,0,1024,21,0,0
7339450423288241,1,trader_request,0,1024,1,0,0
7339450423288241,1,trading_callback,0,1024,3,0,0
7339450423288241,1,trace,0,8192,22,0,0
7339450423288241,1,latency,0,4096,5,0,0
7339450423288241,2,market_ingress,0,1024,15,0,0
7339450423288241,2,trader_request,0,1024,3,0,0
7339450423288241,2,trading_callback,0,1024,6,0,0
7339450423288241,2,trace,0,8192,15,0,0
7339450423288241,2,latency,0,4096,28,0,0
7339450423288241,3,market_ingress,0,1024,15,0,0
7339450423288241,3,trader_request,0,1024,4,0,0
7339450423288241,3,trading_callback,0,1024,5,0,0
7339450423288241,3,trace,0,8192,5,0,0
7339450423288241,3,latency,0,4096,20,0,0
7339450524027483,0,market_ingress,0,1024,15,0,0
7339450524027483,0,trader_request,0,1024,3,0,0
7339450524027483,0,trading_callback,0,1024,5,0,0
7339450524027483,0,trace,0,8192,25,0,0
7339450524027483,0,latency,0,4096,21,0,0
7339450524027483,1,market_ingress,0,1024,21,0,0
7339450524027483,1,trader_request,0,1024,1,0,0
7339450524027483,1,trading_callback,0,1024,3,0,0
7339450524027483,1,trace,0,8192,22,0,0
7339450524027483,1,latency,0,4096,5,0,0
7339450524027483,2,market_ingress,0,1024,15,0,0
7339450524027483,2,trader_request,0,1024,3,0,0
7339450524027483,2,trading_callback,0,1024,6,0,0
7339450524027483,2,trace,0,8192,15,0,0
7339450524027483,2,latency,0,4096,28,0,0
7339450524027483,3,market_ingress,0,1024,15,0,0
7339450524027483,3,trader_request,0,1024,4,0,0
7339450524027483,3,trading_callback,0,1024,5,0,0
7339450524027483,3,trace,0,8192,5,0,0
7339450524027483,3,latency,0,4096,20,0,0
7339450624606098,0,market_ingress,0,1024,15,0,0
7339450624606098,0,trader_request,0,1024,3,0,0
7339450624606098,0,trading_callback,0,1024,5,0,0
7339450624606098,0,trace,0,8192,25,0,0
7339450624606098,0,latency,0,4096,21,0,0
7339450624606098,1,market_ingress,0,1024,21,0,0
7339450624606098,1,trader_request,0,1024,1,0,0
7339450624606098,1,trading_callback,0,1024,3,0,0
7339450624606098,1,trace,0,8192,22,0,0
7339450624606098,1,latency,0,4096,5,0,0
7339450624606098,2,market_ingress,0,1024,15,0,0
7339450624606098,2,trader_request,0,1024,3,0,0
7339450624606098,2,trading_callback,0,1024,6,0,0
7339450624606098,2,trace,0,8192,15,0,0
7339450624606098,2,latency,0,4096,28,0,0
7339450624606098,3,market_ingress,0,1024,15,0,0
7339450624606098,3,trader_request,0,1024,4,0,0
7339450624606098,3,trading_callback,0,1024,5,0,0
7339450624606098,3,trace,0,8192,5,0,0
7339450624606098,3,latency,0,4096,20,0,0
7339450725197843,0,market_ingress,0,1024,15,0,0
7339450725197843,0,trader_request,0,1024,3,0,0
7339450725197843,0,trading_callback,0,1024,5,0,0
7339450725197843,0,trace,0,8192,25,0,0
7339450725197843,0,latency,0,4096,21,0,0
7339450725197843,1,market_ingress,0,1024,21,0,0
7339450725197843,1,trader_request,0,1024,1,0,0
7339450725197843,1,trading_callback,0,1024,3,0,0
7339450725197843,1,trace,0,8192,22,0,0
7339450725197843,1,latency,0,4096,5,0,0
7339450725197843,2,market_ingress,0,1024,15,0,0
7339450725197843,2,trader_request,0,1024,3,0,0
7339450725197843,2,trading_callback,0,1024,6,0,0
7339450725197843,2,trace,0,8192,15,0,0
7339450725197843,2,latency,0,4096,28,0,0
7339450725197843,3,market_ingress,0,1024,15,0,0
7339450725197843,3,trader_request,0,1024,4,0,0
7339450725197843,3,trading_callback,0,1024,5,0,0
7339450725197843,3,trace,0,8192,5,0,0
7339450725197843,3,latency,0,4096,20,0,0
7339450826003284,0,market_ingress,0,1024,15,0,0
7339450826003284,0,trader_request,0,1024,3,0,0
7339450826003284,0,trading_callback,0,1024,5,0,0
7339450826003284,0,trace,0,8192,25,0,0
7339450826003284,0,latency,0,4096,21,0,0
7339450826003284,1,market_ingress,0,1024,21,0,0
7339450826003284,1,trader_request,0,1024,1,0,0
7339450826003284,1,trading_callback,0,1024,3,0,0
7339450826003284,1,trace,0,8192,22,0,0
7339450826003284,1,latency,0,4096,5,0,0
7339450826003284,2,market_ingress,0,1024,15,0,0
7339450826003284,2,trader_request,0,1024,3,0,0
7339450826003284,2,trading_callback,0,1024,6,0,0
7339450826003284,2,trace,0,8192,15,0,0
7339450826003284,2,latency,0,4096,28,0,0
7339450826003284,3,market_ingress,0,1024,15,0,0
7339450826003284,3,trader_request,0,1024,4,0,0
7339450826003284,3,trading_callback,0,1024,5,0,0
7339450826003284,3,trace,0,8192,5,0,0
7339450826003284,3,latency,0,4096,20,0,0
7339450926570070,0,market_ingress,0,1024,15,0,0
7339450926570070,0,trader_request,0,1024,3,0,0
7339450926570070,0,trading_callback,0,1024,5,0,0
7339450926570070,0,trace,0,8192,25,0,0
7339450926570070,0,latency,0,4096,21,0,0
7339450926570070,1,market_ingress,0,1024,21,0,0
7339450926570070,1,trader_request,0,1024,1,0,0
7339450926570070,1,trading_callback,0,1024,3,0,0
7339450926570070,1,trace,0,8192,22,0,0
7339450926570070,1,latency,0,4096,5,0,0
7339450926570070,2,market_ingress,0,1024,15,0,0
7339450926570070,2,trader_request,0,1024,3,0,0
7339450926570070,2,trading_callback,0,1024,6,0,0
7339450926570070,2,trace,0,8192,15,0,0
7339450926570070,2,latency,0,4096,28,0,0
7339450926570070,3,market_ingress,0,1024,15,0,0
7339450926570070,3,trader_request,0,1024,4,0,0
7339450926570070,3,trading_callback,0,1024,5,0,0
7339450926570070,3,trace,0,8192,5,0,0
7339450926570070,3,latency,0,4096,20,0,0
7339451027276617,0,market_ingress,0,1024,15,0,0
7339451027276617,0,trader_request,0,1024,3,0,0
7339451027276617,0,trading_callback,0,1024,5,0,0
7339451027276617,0,trace,0,8192,25,0,0
7339451027276617,0,latency,0,4096,21,0,0
7339451027276617,1,market_ingress,0,1024,21,0,0
7339451027276617,1,trader_request,0,1024,1,0,0
7339451027276617,1,trading_callback,0,1024,3,0,0
7339451027276617,1,trace,0,8192,22,0,0
7339451027276617,1,latency,0,4096,5,0,0
7339451027276617,2,market_ingress,0,1024,15,0,0
7339451027276617,2,trader_request,0,1024,3,0,0
7339451027276617,2,trading_callback,0,1024,6,0,0
7339451027276617,2,trace,0,8192,15,0,0
7339451027276617,2,latency,0,4096,28,0,0
7339451027276617,3,market_ingress,0,1024,15,0,0
7339451027276617,3,trader_request,0,1024,4,0,0
7339451027276617,3,trading_callback,0,1024,5,0,0
7339451027276617,3,trace,0,8192,5,0,0
7339451027276617,3,latency,0,4096,20,0,0
7339451127841075,0,market_ingress,0,1024,15,0,0
7339451127841075,0,trader_request,0,1024,3,0,0
7339451127841075,0,trading_callback,0,1024,5,0,0
7339451127841075,0,trace,0,8192,25,0,0
7339451127841075,0,latency,0,4096,21,0,0
7339451127841075,1,market_ingress,0,1024,21,0,0
7339451127841075,1,trader_request,0,1024,1,0,0
7339451127841075,1,trading_callback,0,1024,3,0,0
7339451127841075,1,trace,0,8192,22,0,0
7339451127841075,1,latency,0,4096,5,0,0
7339451127841075,2,market_ingress,0,1024,15,0,0
7339451127841075,2,trader_request,0,1024,3,0,0
7339451127841075,2,trading_callback,0,1024,6,0,0
7339451127841075,2,trace,0,8192,15,0,0
7339451127841075,2,latency,0,4096,28,0,0
7339451127841075,3,market_ingress,0,1024,15,0,0
7339451127841075,3,trader_request,0,1024,4,0,0
7339451127841075,3,trading_callback,0,1024,5,0,0
7339451127841075,3,trace,0,8192,5,0,0
7339451127841075,3,latency,0,4096,20,0,0
7339451228440908,0,market_ingress,0,1024,15,0,0
7339451228440908,0,trader_request,0,1024,3,0,0
7339451228440908,0,trading_callback,0,1024,5,0,0
7339451228440908,0,trace,0,8192,25,0,0
7339451228440908,0,latency,0,4096,21,0,0
7339451228440908,1,market_ingress,0,1024,21,0,0
7339451228440908,1,trader_request,0,1024,1,0,0
7339451228440908,1,trading_callback,0,1024,3,0,0
7339451228440908,1,trace,0,8192,22,0,0
7339451228440908,1,latency,0,4096,5,0,0
7339451228440908,2,market_ingress,0,1024,15,0,0
7339451228440908,2,trader_request,0,1024,3,0,0
7339451228440908,2,trading_callback,0,1024,6,0,0
7339451228440908,2,trace,0,8192,15,0,0
7339451228440908,2,latency,0,4096,28,0,0
7339451228440908,3,market_ingress,0,1024,15,0,0
7339451228440908,3,trader_request,0,1024,4,0,0
7339451228440908,3,trading_callback,0,1024,5,0,0
7339451228440908,3,trace,0,8192,5,0,0
7339451228440908,3,latency,0,4096,20,0,0
7339451329016004,0,market_ingress,0,1024,15,0,0
7339451329016004,0,trader_request,0,1024,3,0,0
7339451329016004,0,trading_callback,0,1024,5,0,0
7339451329016004,0,trace,0,8192,25,0,0
7339451329016004,0,latency,0,4096,21,0,0
7339451329016004,1,market_ingress,0,1024,21,0,0
7339451329016004,1,trader_request,0,1024,1,0,0
7339451329016004,1,trading_callback,0,1024,3,0,0
7339451329016004,1,trace,0,8192,22,0,0
7339451329016004,1,latency,0,4096,5,0,0
7339451329016004,2,market_ingress,0,1024,15,0,0
7339451329016004,2,trader_request,0,1024,3,0,0
7339451329016004,2,trading_callback,0,1024,6,0,0
7339451329016004,2,trace,0,8192,15,0,0
7339451329016004,2,latency,0,4096,28,0,0
7339451329016004,3,market_ingress,0,1024,15,0,0
7339451329016004,3,trader_request,0,1024,4,0,0
7339451329016004,3,trading_callback,0,1024,5,0,0
7339451329016004,3,trace,0,8192,5,0,0
7339451329016004,3,latency,0,4096,20,0,0
7339451429634972,0,market_ingress,0,1024,15,0,0
7339451429634972,0,trader_request,0,1024,3,0,0
7339451429634972,0,trading_callback,0,1024,5,0,0
7339451429634972,0,trace,3,8192,25,105409,0
7339451429634972,0,latency,0,4096,21,0,0
7339451429634972,1,market_ingress,0,1024,21,0,0
7339451429634972,1,trader_request,0,1024,1,0,0
7339451429634972,1,trading_callback,0,1024,3,0,0
7339451429634972,1,trace,0,8192,22,0,0
7339451429634972,1,latency,0,4096,5,0,0
7339451429634972,2,market_ingress,0,1024,15,0,0
7339451429634972,2,trader_request,1,1024,3,3539,0
7339451429634972,2,trading_callback,0,1024,6,0,0
7339451429634972,2,trace,0,8192,15,0,0
7339451429634972,2,latency,0,4096,28,0,0
7339451429634972,3,market_ingress,0,1024,15,0,0
7339451429634972,3,trader_request,0,1024,4,0,0
7339451429634972,3,trading_callback,0,1024,5,0,0
7339451429634972,3,trace,0,8192,5,0,0
7339451429634972,3,latency,0,4096,20,0,0
7339451530165383,0,market_ingress,0,1024,15,0,0
7339451530165383,0,trader_request,0,1024,3,0,0
7339451530165383,0,trading_callback,0,1024,5,0,0
7339451530165383,0,trace,0,8192,25,0,0
7339451530165383,0,latency,0,4096,21,0,0
7339451530165383,1,market_ingress,0,1024,21,0,0
7339451530165383,1,trader_request,0,1024,1,0,0
7339451530165383,1,trading_callback,0,1024,3,0,0
7339451530165383,1,trace,0,8192,22,0,0
7339451530165383,1,latency,0,4096,5,0,0
7339451530165383,2,market_ingress,0,1024,15,0,0
7339451530165383,2,trader_request,0,1024,3,0,0
7339451530165383,2,trading_callback,0,1024,6,0,0
7339451530165383,2,trace,0,8192,15,0,0
7339451530165383,2,latency,0,4096,28,0,0
7339451530165383,3,market_ingress,0,1024,15,0,0
7339451530165383,3,trader_request,0,1024,4,0,0
7339451530165383,3,trading_callback,0,1024,5,0,0
7339451530165383,3,trace,0,8192,5,0,0
7339451530165383,3,latency,0,4096,20,0,0
7339451630760264,0,market_ingress,0,1024,15,0,0
7339451630760264,0,trader_request,0,1024,3,0,0
7339451630760264,0,trading_callback,0,1024,5,0,0
7339451630760264,0,trace,0,8192,25,0,0
7339451630760264,0,latency,0,4096,21,0,0
7339451630760264,1,market_ingress,0,1024,21,0,0
7339451630760264,1,trader_request,0,1024,1,0,0
7339451630760264,1,trading_callback,0,1024,3,0,0
7339451630760264,1,trace,0,8192,22,0,0
7339451630760264,1,latency,0,4096,5,0,0
7339451630760264,2,market_ingress,0,1024,15,0,0
7339451630760264,2,trader_request,0,1024,3,0,0
7339451630760264,2,trading_callback,0,1024,6,0,0
7339451630760264,2,trace,0,8192,15,0,0
7339451630760264,2,latency,0,4096,28,0,0
7339451630760264,3,market_ingress,0,1024,15,0,0
7339451630760264,3,trader_request,0,1024,4,0,0
7339451630760264,3,trading_callback,0,1024,5,0,0
7339451630760264,3,trace,0,8192,5,0,0
7339451630760264,3,latency,0,4096,20,0,0
7339451731354783,0,market_ingress,0,1024,15,0,0
7339451731354783,0,trader_request,0,1024,3,0,0
7339451731354783,0,trading_callback,0,1024,5,0,0
7339451731354783,0,trace,0,8192,25,0,0
7339451731354783,0,latency,0,4096,21,0,0
7339451731354783,1,market_ingress,0,1024,21,0,0
7339451731354783,1,trader_request,0,1024,1,0,0
7339451731354783,1,trading_callback,0,1024,3,0,0
7339451731354783,1,trace,0,8192,22,0,0
7339451731354783,1,latency,0,4096,5,0,0
7339451731354783,2,market_ingress,1,1024,15,918,0
7339451731354783,2,trader_request,0,1024,3,0,0
7339451731354783,2,trading_callback,0,1024,6,0,0
7339451731354783,2,trace,0,8192,15,0,0
7339451731354783,2,latency,0,4096,28,0,0
7339451731354783,3,market_ingress,0,1024,15,0,0
7339451731354783,3,trader_request,0,1024,4,0,0
7339451731354783,3,trading_callback,0,1024,5,0,0
7339451731354783,3,trace,0,8192,5,0,0
7339451731354783,3,latency,0,4096,20,0,0
7339451832176079,0,market_ingress,0,1024,15,0,0
7339451832176079,0,trader_request,0,1024,3,0,0
7339451832176079,0,trading_callback,0,1024,5,0,0
7339451832176079,0,trace,0,8192,25,0,0
7339451832176079,0,latency,0,4096,21,0,0
7339451832176079,1,market_ingress,0,1024,21,0,0
7339451832176079,1,trader_request,0,1024,1,0,0
7339451832176079,1,trading_callback,0,1024,3,0,0
7339451832176079,1,trace,0,8192,22,0,0
7339451832176079,1,latency,0,4096,5,0,0
7339451832176079,2,market_ingress,0,1024,15,0,0
7339451832176079,2,trader_request,0,1024,3,0,0
7339451832176079,2,trading_callback,0,1024,6,0,0
7339451832176079,2,trace,0,8192,15,0,0
7339451832176079,2,latency,0,4096,28,0,0
7339451832176079,3,market_ingress,0,1024,15,0,0
7339451832176079,3,trader_request,0,1024,4,0,0
7339451832176079,3,trading_callback,0,1024,5,0,0
7339451832176079,3,trace,0,8192,5,0,0
7339451832176079,3,latency,0,4096,20,0,0
7339451932846055,0,market_ingress,0,1024,15,0,0
7339451932846055,0,trader_request,0,1024,3,0,0
7339451932846055,0,trading_callback,0,1024,5,0,0
7339451932846055,0,trace,0,8192,25,0,0
7339451932846055,0,latency,0,4096,21,0,0
7339451932846055,1,market_ingress,0,1024,21,0,0
7339451932846055,1,trader_request,0,1024,1,0,0
7339451932846055,1,trading_callback,0,1024,3,0,0
7339451932846055,1,trace,0,8192,22,0,0
7339451932846055,1,latency,0,4096,5,0,0
7339451932846055,2,market_ingress,0,1024,15,0,0
7339451932846055,2,trader_request,0,1024,3,0,0
7339451932846055,2,trading_callback,0,1024,6,0,0
7339451932846055,2,trace,0,8192,15,0,0
7339451932846055,2,latency,0,4096,28,0,0
7339451932846055,3,market_ingress,0,1024,15,0,0
7339451932846055,3,trader_request,0,1024,4,0,0
7339451932846055,3,trading_callback,0,1024,5,0,0
7339451932846055,3,trace,0,8192,5,0,0
7339451932846055,3,latency,0,4096,20,0,0
7339452033799970,0,market_ingress,0,1024,15,0,0
7339452033799970,0,trader_request,0,1024,3,0,0
7339452033799970,0,trading_callback,0,1024,5,0,0
7339452033799970,0,trace,0,8192,25,0,0
7339452033799970,0,latency,0,4096,21,0,0
7339452033799970,1,market_ingress,0,1024,21,0,0
7339452033799970,1,trader_request,0,1024,1,0,0
7339452033799970,1,trading_callback,0,1024,3,0,0
7339452033799970,1,trace,0,8192,22,0,0
7339452033799970,1,latency,0,4096,5,0,0
7339452033799970,2,market_ingress,0,1024,15,0,0
7339452033799970,2,trader_request,0,1024,3,0,0
7339452033799970,2,trading_callback,0,1024,6,0,0
7339452033799970,2,trace,0,8192,15,0,0
7339452033799970,2,latency,0,4096,28,0,0
7339452033799970,3,market_ingress,0,1024,15,0,0
7339452033799970,3,trader_request,0,1024,4,0,0
7339452033799970,3,trading_callback,0,1024,5,0,0
7339452033799970,3,trace,0,8192,5,0,0
7339452033799970,3,latency,0,4096,20,0,0
7339452136026485,0,market_ingress,0,1024,15,0,0
7339452136026485,0,trader_request,0,1024,3,0,0
7339452136026485,0,trading_callback,0,1024,5,0,0
7339452136026485,0,trace,0,8192,25,0,0
7339452136026485,0,latency,0,4096,21,0,0
7339452136026485,1,market_ingress,0,1024,21,0,0
7339452136026485,1,trader_request,0,1024,1,0,0
7339452136026485,1,trading_callback,0,1024,3,0,0
7339452136026485,1,trace,0,8192,22,0,0
7339452136026485,1,latency,0,4096,5,0,0
7339452136026485,2,market_ingress,0,1024,15,0,0
7339452136026485,2,trader_request,0,1024,3,0,0
7339452136026485,2,trading_callback,0,1024,6,0,0
7339452136026485,2,trace,0,8192,15,0,0
7339452136026485,2,latency,0,4096,28,0,0
7339452136026485,3,market_ingress,0,1024,15,0,0
7339452136026485,3,trader_request,0,1024,4,0,0
7339452136026485,3,trading_callback,0,1024,5,0,0
7339452136026485,3,trace,0,8192,5,0,0
7339452136026485,3,latency,0,4096,20,0,0
7339452236791867,0,market_ingress,0,1024,15,0,0
7339452236791867,0,trader_request,0,1024,3,0,0
7339452236791867,0,trading_callback,0,1024,5,0,0
7339452236791867,0,trace,0,8192,25,0,0
7339452236791867,0,latency,0,4096,21,0,0
7339452236791867,1,market_ingress,0,1024,21,0,0
7339452236791867,1,trader_request,0,1024,1,0,0
7339452236791867,1,trading_callback,0,1024,3,0,0
7339452236791867,1,trace,0,8192,22,0,0
7339452236791867,1,latency,0,4096,5,0,0
7339452236791867,2,market_ingress,0,1024,15,0,0
7339452236791867,2,trader_request,0,1024,3,0,0
7339452236791867,2,trading_callback,0,1024,6,0,0
7339452236791867,2,trace,0,8192,15,0,0
7339452236791867,2,latency,0,4096,28,0,0
7339452236791867,3,market_ingress,0,1024,15,0,0
7339452236791867,3,trader_request,0,1024,4,0,0
7339452236791867,3,trading_callback,0,1024,5,0,0
7339452236791867,3,trace,0,8192,5,0,0
7339452236791867,3,latency,0,4096,20,0,0
7339452337508954,0,market_ingress,0,1024,15,0,0
7339452337508954,0,trader_request,0,1024,3,0,0
7339452337508954,0,trading_callback,0,1024,5,0,0
7339452337508954,0,trace,0,8192,25,0,0
7339452337508954,0,latency,0,4096,21,0,0
7339452337508954,1,market_ingress,0,1024,21,0,0
7339452337508954,1,trader_request,0,1024,1,0,0
7339452337508954,1,trading_callback,0,1024,3,0,0
7339452337508954,1,trace,0,8192,22,0,0
7339452337508954,1,latency,0,4096,5,0,0
7339452337508954,2,market_ingress,0,1024,15,0,0
7339452337508954,2,trader_request,0,1024,3,0,0
7339452337508954,2,trading_callback,0,1024,6,0,0
7339452337508954,2,trace,0,8192,15,0,0
7339452337508954,2,latency,0,4096,28,0,0
7339452337508954,3,market_ingress,0,1024,15,0,0
7339452337508954,3,trader_request,0,1024,4,0,0
7339452337508954,3,trading_callback,0,1024,5,0,0
7339452337508954,3,trace,0,8192,5,0,0
7339452337508954,3,latency,0,4096,20,0,0
7339452438191829,0,market_ingress,0,1024,15,0,0
7339452438191829,0,trader_request,0,1024,3,0,0
7339452438191829,0,trading_callback,0,1024,5,0,0
7339452438191829,0,trace,0,8192,25,0,0
7339452438191829,0,latency,0,4096,21,0,0
7339452438191829,1,market_ingress,0,1024,21,0,0
7339452438191829,1,trader_request,0,1024,1,0,0
7339452438191829,1,trading_callback,0,1024,3,0,0
7339452438191829,1,trace,0,8192,22,0,0
7339452438191829,1,latency,0,4096,5,0,0
7339452438191829,2,market_ingress,0,1024,15,0,0
7339452438191829,2,trader_request,0,1024,3,0,0
7339452438191829,2,trading_callback,0,1024,6,0,0
7339452438191829,2,trace,0,8192,15,0,0
7339452438191829,2,latency,0,4096,28,0,0
7339452438191829,3,market_ingress,0,1024,15,0,0
7339452438191829,3,trader_request,0,1024,4,0,0
7339452438191829,3,trading_callback,0,1024,5,0,0
7339452438191829,3,trace,0,8192,5,0,0
7339452438191829,3,latency,0,4096,20,0,0
7339452538770633,0,market_ingress,0,1024,15,0,0
7339452538770633,0,trader_request,0,1024,3,0,0
7339452538770633,0,trading_callback,0,1024,5,0,0
7339452538770633,0,trace,0,8192,25,0,0
7339452538770633,0,latency,0,4096,21,0,0
7339452538770633,1,market_ingress,0,1024,21,0,0
7339452538770633,1,trader_request,0,1024,1,0,0
7339452538770633,1,trading_callback,0,1024,3,0,0
7339452538770633,1,trace,0,8192,22,0,0
7339452538770633,1,latency,0,4096,5,0,0
7339452538770633,2,market_ingress,0,1024,15,0,0
7339452538770633,2,trader_request,0,1024,3,0,0
7339452538770633,2,trading_callback,0,1024,6,0,0
7339452538770633,2,trace,0,8192,15,0,0
7339452538770633,2,latency,0,4096,28,0,0
7339452538770633,3,market_ingress,0,1024,15,0,0
7339452538770633,3,trader_request,0,1024,4,0,0
7339452538770633,3,trading_callback,0,1024,5,0,0
7339452538770633,3,trace,0,8192,5,0,0
7339452538770633,3,latency,0,4096,20,0,0
7339452639560182,0,market_ingress,0,1024,15,0,0
7339452639560182,0,trader_request,0,1024,3,0,0
7339452639560182,0,trading_callback,0,1024,5,0,0
7339452639560182,0,trace,0,8192,25,0,0
7339452639560182,0,latency,0,4096,21,0,0
7339452639560182,1,market_ingress,0,1024,21,0,0
7339452639560182,1,trader_request,0,1024,1,0,0
7339452639560182,1,trading_callback,0,1024,3,0,0
7339452639560182,1,trace,0,8192,22,0,0
7339452639560182,1,latency,0,4096,5,0,0
7339452639560182,2,market_ingress,0,1024,15,0,0
7339452639560182,2,trader_request,0,1024,3,0,0
7339452639560182,2,trading_callback,0,1024,6,0,0
7339452639560182,2,trace,0,8192,15,0,0
7339452639560182,2,latency,0,4096,28,0,0
7339452639560182,3,market_ingress,0,1024,15,0,0
7339452639560182,3,trader_request,0,1024,4,0,0
7339452639560182,3,trading_callback,0,1024,5,0,0
7339452639560182,3,trace,0,8192,5,0,0
7339452639560182,3,latency,0,4096,20,0,0
7339452740164640,0,market_ingress,0,1024,15,0,0
7339452740164640,0,trader_request,0,1024,3,0,0
7339452740164640,0,trading_callback,0,1024,5,0,0
7339452740164640,0,trace,0,8192,25,0,0
7339452740164640,0,latency,0,4096,21,0,0
7339452740164640,1,market_ingress,0,1024,21,0,0
7339452740164640,1,trader_request,0,1024,1,0,0
7339452740164640,1,trading_callback,0,1024,3,0,0
7339452740164640,1,trace,0,8192,22,0,0
7339452740164640,1,latency,0,4096,5,0,0
7339452740164640,2,market_ingress,0,1024,15,0,0
7339452740164640,2,trader_request,0,1024,3,0,0
7339452740164640,2,trading_callback,0,1024,6,0,0
7339452740164640,2,trace,0,8192,15,0,0
7339452740164640,2,latency,0,4096,28,0,0
7339452740164640,3,market_ingress,0,1024,15,0,0
7339452740164640,3,trader_request,0,1024,4,0,0
7339452740164640,3,trading_callback,0,1024,5,0,0
7339452740164640,3,trace,0,8192,5,0,0
7339452740164640,3,latency,0,4096,20,0,0
7339452841704044,0,market_ingress,0,1024,15,0,0
7339452841704044,0,trader_request,0,1024,3,0,0
7339452841704044,0,trading_callback,0,1024,5,0,0
7339452841704044,0,trace,0,8192,25,0,0
7339452841704044,0,latency,0,4096,21,0,0
7339452841704044,1,market_ingress,0,1024,21,0,0
7339452841704044,1,trader_request,0,1024,1,0,0
7339452841704044,1,trading_callback,0,1024,3,0,0
7339452841704044,1,trace,0,8192,22,0,0
7339452841704044,1,latency,0,4096,7,0,0
7339452841704044,2,market_ingress,0,1024,15,0,0
7339452841704044,2,trader_request,0,1024,3,0,0
7339452841704044,2,trading_callback,0,1024,6,0,0
7339452841704044,2,trace,0,8192,15,0,0
7339452841704044,2,latency,0,4096,28,0,0
7339452841704044,3,market_ingress,0,1024,15,0,0
7339452841704044,3,trader_request,0,1024,4,0,0
7339452841704044,3,trading_callback,0,1024,5,0,0
7339452841704044,3,trace,0,8192,5,0,0
7339452841704044,3,latency,0,4096,20,0,0
7339452942309700,0,market_ingress,0,1024,15,0,0
7339452942309700,0,trader_request,0,1024,3,0,0
7339452942309700,0,trading_callback,0,1024,5,0,0
7339452942309700,0,trace,0,8192,25,0,0
7339452942309700,0,latency,0,4096,21,0,0
7339452942309700,1,market_ingress,0,1024,21,0,0
7339452942309700,1,trader_request,0,1024,1,0,0
7339452942309700,1,trading_callback,0,1024,3,0,0
7339452942309700,1,trace,0,8192,27,0,0
7339452942309700,1,latency,0,4096,13,0,0
7339452942309700,2,market_ingress,0,1024,15,0,0
7339452942309700,2,trader_request,0,1024,3,0,0
7339452942309700,2,trading_callback,0,1024,6,0,0
7339452942309700,2,trace,0,8192,15,0,0
7339452942309700,2,latency,0,4096,28,0,0
7339452942309700,3,market_ingress,0,1024,15,0,0
7339452942309700,3,trader_request,0,1024,4,0,0
7339452942309700,3,trading_callback,0,1024,5,0,0
7339452942309700,3,trace,0,8192,5,0,0
7339452942309700,3,latency,0,4096,20,0,0
7339453043039146,0,market_ingress,0,1024,15,0,0
7339453043039146,0,trader_request,0,1024,3,0,0
7339453043039146,0,trading_callback,0,1024,5,0,0
7339453043039146,0,trace,0,8192,25,0,0
7339453043039146,0,latency,0,4096,21,0,0
7339453043039146,1,market_ingress,0,1024,21,0,0
7339453043039146,1,trader_request,0,1024,1,0,0
7339453043039146,1,trading_callback,0,1024,3,0,0
7339453043039146,1,trace,0,8192,27,0,0
7339453043039146,1,latency,0,4096,13,0,0
7339453043039146,2,market_ingress,0,1024,15,0,0
7339453043039146,2,trader_request,0,1024,3,0,0
7339453043039146,2,trading_callback,0,1024,6,0,0
7339453043039146,2,trace,0,8192,15,0,0
7339453043039146,2,latency,0,4096,28,0,0
7339453043039146,3,market_ingress,0,1024,15,0,0
7339453043039146,3,trader_request,0,1024,4,0,0
7339453043039146,3,trading_callback,0,1024,5,0,0
7339453043039146,3,trace,0,8192,5,0,0
7339453043039146,3,latency,0,4096,20,0,0
7339453143727854,0,market_ingress,0,1024,15,0,0
7339453143727854,0,trader_request,0,1024,3,0,0
7339453143727854,0,trading_callback,0,1024,5,0,0
7339453143727854,0,trace,0,8192,25,0,0
7339453143727854,0,latency,0,4096,21,0,0
7339453143727854,1,market_ingress,0,1024,21,0,0
7339453143727854,1,trader_request,0,1024,1,0,0
7339453143727854,1,trading_callback,0,1024,3,0,0
7339453143727854,1,trace,0,8192,27,0,0
7339453143727854,1,latency,0,4096,13,0,0
7339453143727854,2,market_ingress,0,1024,15,0,0
7339453143727854,2,trader_request,0,1024,3,0,0
7339453143727854,2,trading_callback,0,1024,6,0,0
7339453143727854,2,trace,0,8192,15,0,0
7339453143727854,2,latency,0,4096,28,0,0
7339453143727854,3,market_ingress,0,1024,15,0,0
7339453143727854,3,trader_request,0,1024,4,0,0
7339453143727854,3,trading_callback,0,1024,5,0,0
7339453143727854,3,trace,0,8192,5,0,0
7339453143727854,3,latency,0,4096,20,0,0
7339453244453986,0,market_ingress,0,1024,15,0,0
7339453244453986,0,trader_request,0,1024,3,0,0
7339453244453986,0,trading_callback,0,1024,5,0,0
7339453244453986,0,trace,0,8192,25,0,0
7339453244453986,0,latency,0,4096,21,0,0
7339453244453986,1,market_ingress,0,1024,21,0,0
7339453244453986,1,trader_request,0,1024,1,0,0
7339453244453986,1,trading_callback,0,1024,3,0,0
7339453244453986,1,trace,0,8192,27,0,0
7339453244453986,1,latency,1,4096,13,73780,0
7339453244453986,2,market_ingress,0,1024,15,0,0
7339453244453986,2,trader_request,0,1024,3,0,0
7339453244453986,2,trading_callback,0,1024,6,0,0
7339453244453986,2,trace,0,8192,15,0,0
7339453244453986,2,latency,0,4096,28,0,0
7339453244453986,3,market_ingress,0,1024,15,0,0
7339453244453986,3,trader_request,0,1024,4,0,0
7339453244453986,3,trading_callback,0,1024,5,0,0
7339453244453986,3,trace,0,8192,5,0,0
7339453244453986,3,latency,0,4096,20,0,0
7339453345168994,0,market_ingress,0,1024,15,0,0
7339453345168994,0,trader_request,0,1024,3,0,0
7339453345168994,0,trading_callback,0,1024,5,0,0
7339453345168994,0,trace,0,8192,25,0,0
7339453345168994,0,latency,0,4096,21,0,0
7339453345168994,1,market_ingress,0,1024,21,0,0
7339453345168994,1,trader_request,0,1024,1,0,0
7339453345168994,1,trading_callback,0,1024,3,0,0
7339453345168994,1,trace,0,8192,27,0,0
7339453345168994,1,latency,0,4096,13,0,0
7339453345168994,2,market_ingress,0,1024,15,0,0
7339453345168994,2,trader_request,0,1024,3,0,0
7339453345168994,2,trading_callback,0,1024,6,0,0
7339453345168994,2,trace,0,8192,15,0,0
7339453345168994,2,latency,0,4096,28,0,0
7339453345168994,3,market_ingress,0,1024,15,0,0
7339453345168994,3,trader_request,0,1024,4,0,0
7339453345168994,3,trading_callback,0,1024,5,0,0
7339453345168994,3,trace,0,8192,5,0,0
7339453345168994,3,latency,0,4096,20,0,0
7339453445738628,0,market_ingress,0,1024,15,0,0
7339453445738628,0,trader_request,0,1024,3,0,0
7339453445738628,0,trading_callback,0,1024,5,0,0
7339453445738628,0,trace,0,8192,25,0,0
7339453445738628,0,latency,0,4096,21,0,0
7339453445738628,1,market_ingress,0,1024,21,0,0
7339453445738628,1,trader_request,0,1024,1,0,0
7339453445738628,1,trading_callback,0,1024,3,0,0
7339453445738628,1,trace,0,8192,27,0,0
7339453445738628,1,latency,0,4096,13,0,0
7339453445738628,2,market_ingress,0,1024,15,0,0
7339453445738628,2,trader_request,0,1024,3,0,0
7339453445738628,2,trading_callback,0,1024,6,0,0
7339453445738628,2,trace,0,8192,15,0,0
7339453445738628,2,latency,0,4096,28,0,0
7339453445738628,3,market_ingress,0,1024,15,0,0
7339453445738628,3,trader_request,0,1024,4,0,0
7339453445738628,3,trading_callback,0,1024,5,0,0
7339453445738628,3,trace,0,8192,5,0,0
7339453445738628,3,latency,0,4096,20,0,0
7339453546485404,0,market_ingress,0,1024,15,0,0
7339453546485404,0,trader_request,0,1024,3,0,0
7339453546485404,0,trading_callback,0,1024,5,0,0
7339453546485404,0,trace,0,8192,25,0,0
7339453546485404,0,latency,0,4096,21,0,0
7339453546485404,1,market_ingress,0,1024,21,0,0
7339453546485404,1,trader_request,0,1024,1,0,0
7339453546485404,1,trading_callback,0,1024,3,0,0
7339453546485404,1,trace,0,8192,27,0,0
7339453546485404,1,latency,0,4096,13,0,0
7339453546485404,2,market_ingress,0,1024,15,0,0
7339453546485404,2,trader_request,0,1024,3,0,0
7339453546485404,2,trading_callback,0,1024,6,0,0
7339453546485404,2,trace,0,8192,15,0,0
7339453546485404,2,latency,0,4096,28,0,0
7339453546485404,3,market_ingress,0,1024,15,0,0
7339453546485404,3,trader_request,0,1024,4,0,0
7339453546485404,3,trading_callback,0,1024,5,0,0
7339453546485404,3,trace,0,8192,5,0,0
7339453546485404,3,latency,0,4096,20,0,0
7339453647064163,0,market_ingress,0,1024,15,0,0
7339453647064163,0,trader_request,0,1024,3,0,0
7339453647064163,0,trading_callback,0,1024,5,0,0
7339453647064163,0,trace,0,8192,25,0,0
7339453647064163,0,latency,0,4096,21,0,0
7339453647064163,1,market_ingress,0,1024,21,0,0
7339453647064163,1,trader_request,0,1024,1,0,0
7339453647064163,1,trading_callback,0,1024,3,0,0
7339453647064163,1,trace,0,8192,27,0,0
7339453647064163,1,latency,0,4096,13,0,0
7339453647064163,2,market_ingress,0,1024,15,0,0
7339453647064163,2,trader_request,0,1024,3,0,0
7339453647064163,2,trading_callback,0,1024,6,0,0
7339453647064163,2,trace,0,8192,15,0,0
7339453647064163,2,latency,0,4096,28,0,0
7339453647064163,3,market_ingress,0,1024,15,0,0
7339453647064163,3,trader_request,0,1024,4,0,0
7339453647064163,3,trading_callback,0,1024,5,0,0
7339453647064163,3,trace,0,8192,5,0,0
7339453647064163,3,latency,0,4096,20,0,0
7339453747613855,0,market_ingress,0,1024,15,0,0
7339453747613855,0,trader_request,0,1024,3,0,0
7339453747613855,0,trading_callback,0,1024,5,0,0
7339453747613855,0,trace,0,8192,25,0,0
7339453747613855,0,latency,0,4096,21,0,0
7339453747613855,1,market_ingress,0,1024,21,0,0
7339453747613855,1,trader_request,0,1024,1,0,0
7339453747613855,1,trading_callback,0,1024,3,0,0
7339453747613855,1,trace,0,8192,27,0,0
7339453747613855,1,latency,0,4096,13,0,0
7339453747613855,2,market_ingress,0,1024,15,0,0
7339453747613855,2,trader_request,0,1024,3,0,0
7339453747613855,2,trading_callback,0,1024,6,0,0
7339453747613855,2,trace,0,8192,15,0,0
7339453747613855,2,latency,0,4096,28,0,0
7339453747613855,3,market_ingress,0,1024,15,0,0
7339453747613855,3,trader_request,0,1024,4,0,0
7339453747613855,3,trading_callback,0,1024,5,0,0
7339453747613855,3,trace,0,8192,5,0,0
7339453747613855,3,latency,0,4096,20,0,0
7339453848362375,0,market_ingress,0,1024,15,0,0
7339453848362375,0,trader_request,0,1024,3,0,0
7339453848362375,0,trading_callback,0,1024,5,0,0
7339453848362375,0,trace,0,8192,25,0,0
7339453848362375,0,latency,0,4096,21,0,0
7339453848362375,1,market_ingress,0,1024,21,0,0
7339453848362375,1,trader_request,0,1024,1,0,0
7339453848362375,1,trading_callback,0,1024,3,0,0
7339453848362375,1,trace,0,8192,27,0,0
7339453848362375,1,latency,0,4096,13,0,0
7339453848362375,2,market_ingress,0,1024,15,0,0
7339453848362375,2,trader_request,0,1024,3,0,0
7339453848362375,2,trading_callback,0,1024,6,0,0
7339453848362375,2,trace,0,8192,15,0,0
7339453848362375,2,latency,0,4096,28,0,0
7339453848362375,3,market_ingress,0,1024,15,0,0
7339453848362375,3,trader_request,0,1024,4,0,0
7339453848362375,3,trading_callback,0,1024,5,0,0
7339453848362375,3,trace,0,8192,5,0,0
7339453848362375,3,latency,0,4096,20,0,0
7339453952034070,0,market_ingress,0,1024,15,0,0
7339453952034070,0,trader_request,0,1024,3,0,0
7339453952034070,0,trading_callback,0,1024,5,0,0
7339453952034070,0,trace,0,8192,25,0,0
7339453952034070,0,latency,0,4096,21,0,0
7339453952034070,1,market_ingress,0,1024,21,0,0
7339453952034070,1,trader_request,0,1024,1,0,0
7339453952034070,1,trading_callback,0,1024,3,0,0
7339453952034070,1,trace,0,8192,27,0,0
7339453952034070,1,latency,0,4096,13,0,0
7339453952034070,2,market_ingress,0,1024,15,0,0
7339453952034070,2,trader_request,0,1024,3,0,0
7339453952034070,2,trading_callback,0,1024,6,0,0
7339453952034070,2,trace,0,8192,15,0,0
7339453952034070,2,latency,0,4096,28,0,0
7339453952034070,3,market_ingress,0,1024,15,0,0
7339453952034070,3,trader_request,0,1024,4,0,0
7339453952034070,3,trading_callback,0,1024,5,0,0
7339453952034070,3,trace,0,8192,5,0,0
7339453952034070,3,latency,0,4096,20,0,0
7339454053605665,0,market_ingress,0,1024,15,0,0
7339454053605665,0,trader_request,0,1024,3,0,0
7339454053605665,0,trading_callback,0,1024,5,0,0
7339454053605665,0,trace,0,8192,25,0,0
7339454053605665,0,latency,0,4096,21,0,0
7339454053605665,1,market_ingress,0,1024,21,0,0
7339454053605665,1,trader_request,0,1024,1,0,0
7339454053605665,1,trading_callback,0,1024,3,0,0
7339454053605665,1,trace,0,8192,27,0,0
7339454053605665,1,latency,0,4096,13,0,0
7339454053605665,2,market_ingress,0,1024,15,0,0
7339454053605665,2,trader_request,0,1024,3,0,0
7339454053605665,2,trading_callback,0,1024,6,0,0
7339454053605665,2,trace,0,8192,15,0,0
7339454053605665,2,latency,0,4096,28,0,0
7339454053605665,3,market_ingress,0,1024,15,0,0
7339454053605665,3,trader_request,0,1024,4,0,0
7339454053605665,3,trading_callback,0,1024,5,0,0
7339454053605665,3,trace,0,8192,5,0,0
7339454053605665,3,latency,0,4096,20,0,0
7339454154376683,0,market_ingress,0,1024,15,0,0
7339454154376683,0,trader_request,0,1024,3,0,0
7339454154376683,0,trading_callback,0,1024,5,0,0
7339454154376683,0,trace,0,8192,25,0,0
7339454154376683,0,latency,0,4096,21,0,0
7339454154376683,1,market_ingress,0,1024,21,0,0
7339454154376683,1,trader_request,0,1024,1,0,0
7339454154376683,1,trading_callback,0,1024,3,0,0
7339454154376683,1,trace,0,8192,27,0,0
7339454154376683,1,latency,0,4096,13,0,0
7339454154376683,2,market_ingress,0,1024,15,0,0
7339454154376683,2,trader_request,0,1024,3,0,0
7339454154376683,2,trading_callback,0,1024,6,0,0
7339454154376683,2,trace,0,8192,15,0,0
7339454154376683,2,latency,0,4096,28,0,0
7339454154376683,3,market_ingress,0,1024,15,0,0
7339454154376683,3,trader_request,0,1024,4,0,0
7339454154376683,3,trading_callback,0,1024,5,0,0
7339454154376683,3,trace,0,8192,5,0,0
7339454154376683,3,latency,0,4096,20,0,0
7339454255120936,0,market_ingress,0,1024,15,0,0
7339454255120936,0,trader_request,0,1024,3,0,0
7339454255120936,0,trading_callback,0,1024,5,0,0
7339454255120936,0,trace,0,8192,25,0,0
7339454255120936,0,latency,0,4096,21,0,0
7339454255120936,1,market_ingress,0,1024,21,0,0
7339454255120936,1,trader_request,0,1024,1,0,0
7339454255120936,1,trading_callback,0,1024,3,0,0
7339454255120936,1,trace,0,8192,27,0,0
7339454255120936,1,latency,0,4096,13,0,0
7339454255120936,2,market_ingress,0,1024,15,0,0
7339454255120936,2,trader_request,0,1024,3,0,0
7339454255120936,2,trading_callback,0,1024,6,0,0
7339454255120936,2,trace,0,8192,15,0,0
7339454255120936,2,latency,0,4096,28,0,0
7339454255120936,3,market_ingress,0,1024,15,0,0
7339454255120936,3,trader_request,0,1024,4,0,0
7339454255120936,3,trading_callback,0,1024,5,0,0
7339454255120936,3,trace,0,8192,5,0,0
7339454255120936,3,latency,0,4096,20,0,0
7339454355692714,0,market_ingress,0,1024,15,0,0
7339454355692714,0,trader_request,0,1024,3,0,0
7339454355692714,0,trading_callback,0,1024,5,0,0
7339454355692714,0,trace,0,8192,25,0,0
7339454355692714,0,latency,0,4096,21,0,0
7339454355692714,1,market_ingress,0,1024,21,0,0
7339454355692714,1,trader_request,0,1024,1,0,0
7339454355692714,1,trading_callback,0,1024,3,0,0
7339454355692714,1,trace,0,8192,27,0,0
7339454355692714,1,latency,0,4096,13,0,0
7339454355692714,2,market_ingress,0,1024,15,0,0
7339454355692714,2,trader_request,0,1024,3,0,0
7339454355692714,2,trading_callback,0,1024,6,0,0
7339454355692714,2,trace,0,8192,15,0,0
7339454355692714,2,latency,0,4096,28,0,0
7339454355692714,3,market_ingress,0,1024,15,0,0
7339454355692714,3,trader_request,0,1024,4,0,0
7339454355692714,3,trading_callback,0,1024,5,0,0
7339454355692714,3,trace,0,8192,5,0,0
7339454355692714,3,latency,0,4096,20,0,0
7339454456259891,0,market_ingress,0,1024,15,0,0
7339454456259891,0,trader_request,0,1024,3,0,0
7339454456259891,0,trading_callback,0,1024,5,0,0
7339454456259891,0,trace,0,8192,25,0,0
7339454456259891,0,latency,0,4096,21,0,0
7339454456259891,1,market_ingress,0,1024,21,0,0
7339454456259891,1,trader_request,0,1024,1,0,0
7339454456259891,1,trading_callback,0,1024,3,0,0
7339454456259891,1,trace,0,8192,27,0,0
7339454456259891,1,latency,0,4096,13,0,0
7339454456259891,2,market_ingress,0,1024,15,0,0
7339454456259891,2,trader_request,0,1024,3,0,0
7339454456259891,2,trading_callback,0,1024,6,0,0
7339454456259891,2,trace,0,8192,15,0,0
7339454456259891,2,latency,0,4096,28,0,0
7339454456259891,3,market_ingress,0,1024,15,0,0
7339454456259891,3,trader_request,0,1024,4,0,0
7339454456259891,3,trading_callback,0,1024,5,0,0
7339454456259891,3,trace,0,8192,5,0,0
7339454456259891,3,latency,0,4096,20,0,0
7339454556808190,0,market_ingress,0,1024,15,0,0
7339454556808190,0,trader_request,0,1024,3,0,0
7339454556808190,0,trading_callback,0,1024,5,0,0
7339454556808190,0,trace,0,8192,25,0,0
7339454556808190,0,latency,0,4096,21,0,0
7339454556808190,1,market_ingress,0,1024,21,0,0
7339454556808190,1,trader_request,0,1024,1,0,0
7339454556808190,1,trading_callback,0,1024,3,0,0
7339454556808190,1,trace,0,8192,27,0,0
7339454556808190,1,latency,0,4096,13,0,0
7339454556808190,2,market_ingress,0,1024,15,0,0
7339454556808190,2,trader_request,0,1024,3,0,0
7339454556808190,2,trading_callback,0,1024,6,0,0
7339454556808190,2,trace,0,8192,15,0,0
7339454556808190,2,latency,0,4096,28,0,0
7339454556808190,3,market_ingress,0,1024,15,0,0
7339454556808190,3,trader_request,0,1024,4,0,0
7339454556808190,3,trading_callback,0,1024,5,0,0
7339454556808190,3,trace,0,8192,5,0,0
7339454556808190,3,latency,0,4096,20,0,0
7339454657570906,0,market_ingress,0,1024,15,0,0
7339454657570906,0,trader_request,0,1024,3,0,0
7339454657570906,0,trading_callback,0,1024,5,0,0
7339454657570906,0,trace,0,8192,25,0,0
7339454657570906,0,latency,0,4096,21,0,0
7339454657570906,1,market_ingress,0,1024,21,0,0
7339454657570906,1,trader_request,0,1024,1,0,0
7339454657570906,1,trading_callback,0,1024,3,0,0
7339454657570906,1,trace,0,8192,27,0,0
7339454657570906,1,latency,0,4096,13,0,0
7339454657570906,2,market_ingress,0,1024,15,0,0
7339454657570906,2,trader_request,0,1024,3,0,0
7339454657570906,2,trading_callback,1,1024,6,120479,0
7339454657570906,2,trace,0,8192,15,0,0
7339454657570906,2,latency,0,4096,28,0,0
7339454657570906,3,market_ingress,0,1024,15,0,0
7339454657570906,3,trader_request,0,1024,4,0,0
7339454657570906,3,trading_callback,0,1024,5,0,0
7339454657570906,3,trace,0,8192,5,0,0
7339454657570906,3,latency,0,4096,20,0,0
7339454758317774,0,market_ingress,0,1024,15,0,0
7339454758317774,0,trader_request,0,1024,3,0,0
7339454758317774,0,trading_callback,0,1024,5,0,0
7339454758317774,0,trace,0,8192,25,0,0
7339454758317774,0,latency,0,4096,21,0,0
7339454758317774,1,market_ingress,0,1024,21,0,0
7339454758317774,1,trader_request,0,1024,1,0,0
7339454758317774,1,trading_callback,0,1024,3,0,0
7339454758317774,1,trace,0,8192,27,0,0
7339454758317774,1,latency,0,4096,13,0,0
7339454758317774,2,market_ingress,0,1024,15,0,0
7339454758317774,2,trader_request,0,1024,3,0,0
7339454758317774,2,trading_callback,0,1024,6,0,0
7339454758317774,2,trace,0,8192,15,0,0
7339454758317774,2,latency,0,4096,28,0,0
7339454758317774,3,market_ingress,0,1024,15,0,0
7339454758317774,3,trader_request,0,1024,4,0,0
7339454758317774,3,trading_callback,0,1024,5,0,0
7339454758317774,3,trace,0,8192,5,0,0
7339454758317774,3,latency,0,4096,20,0,0
7339454859029772,0,market_ingress,0,1024,15,0,0
7339454859029772,0,trader_request,0,1024,3,0,0
7339454859029772,0,trading_callback,0,1024,5,0,0
7339454859029772,0,trace,0,8192,25,0,0
7339454859029772,0,latency,0,4096,21,0,0
7339454859029772,1,market_ingress,0,1024,21,0,0
7339454859029772,1,trader_request,0,1024,1,0,0
7339454859029772,1,trading_callback,0,1024,3,0,0
7339454859029772,1,trace,0,8192,27,0,0
7339454859029772,1,latency,0,4096,13,0,0
7339454859029772,2,market_ingress,0,1024,15,0,0
7339454859029772,2,trader_request,0,1024,3,0,0
7339454859029772,2,trading_callback,0,1024,6,0,0
7339454859029772,2,trace,0,8192,15,0,0
7339454859029772,2,latency,0,4096,28,0,0
7339454859029772,3,market_ingress,0,1024,15,0,0
7339454859029772,3,trader_request,0,1024,4,0,0
7339454859029772,3,trading_callback,0,1024,5,0,0
7339454859029772,3,trace,0,8192,5,0,0
7339454859029772,3,latency,0,4096,20,0,0
7339454959580763,0,market_ingress,0,1024,15,0,0
7339454959580763,0,trader_request,0,1024,3,0,0
7339454959580763,0,trading_callback,0,1024,5,0,0
7339454959580763,0,trace,0,8192,25,0,0
7339454959580763,0,latency,0,4096,21,0,0
7339454959580763,1,market_ingress,0,1024,21,0,0
7339454959580763,1,trader_request,0,1024,1,0,0
7339454959580763,1,trading_callback,0,1024,3,0,0
7339454959580763,1,trace,0,8192,27,0,0
7339454959580763,1,latency,0,4096,13,0,0
7339454959580763,2,market_ingress,0,1024,15,0,0
7339454959580763,2,trader_request,0,1024,3,0,0
7339454959580763,2,trading_callback,0,1024,6,0,0
7339454959580763,2,trace,0,8192,15,0,0
7339454959580763,2,latency,0,4096,28,0,0
7339454959580763,3,market_ingress,0,1024,15,0,0
7339454959580763,3,trader_request,0,1024,4,0,0
7339454959580763,3,trading_callback,0,1024,5,0,0
7339454959580763,3,trace,0,8192,5,0,0
7339454959580763,3,latency,0,4096,20,0,0
7339455060372125,0,market_ingress,0,1024,15,0,0
7339455060372125,0,trader_request,0,1024,3,0,0
7339455060372125,0,trading_callback,0,1024,5,0,0
7339455060372125,0,trace,0,8192,25,0,0
7339455060372125,0,latency,0,4096,21,0,0
7339455060372125,1,market_ingress,0,1024,21,0,0
7339455060372125,1,trader_request,0,1024,1,0,0
7339455060372125,1,trading_callback,0,1024,3,0,0
7339455060372125,1,trace,0,8192,27,0,0
7339455060372125,1,latency,0,4096,13,0,0
7339455060372125,2,market_ingress,0,1024,15,0,0
7339455060372125,2,trader_request,0,1024,3,0,0
7339455060372125,2,trading_callback,0,1024,6,0,0
7339455060372125,2,trace,0,8192,15,0,0
7339455060372125,2,latency,0,4096,28,0,0
7339455060372125,3,market_ingress,0,1024,15,0,0
7339455060372125,3,trader_request,0,1024,4,0,0
7339455060372125,3,trading_callback,0,1024,5,0,0
7339455060372125,3,trace,0,8192,5,0,0
7339455060372125,3,latency,0,4096,20,0,0
7339455160925113,0,market_ingress,0,1024,15,0,0
7339455160925113,0,trader_request,0,1024,3,0,0
7339455160925113,0,trading_callback,0,1024,5,0,0
7339455160925113,0,trace,0,8192,25,0,0
7339455160925113,0,latency,0,4096,21,0,0
7339455160925113,1,market_ingress,0,1024,21,0,0
7339455160925113,1,trader_request,0,1024,1,0,0
7339455160925113,1,trading_callback,0,1024,3,0,0
7339455160925113,1,trace,0,8192,27,0,0
7339455160925113,1,latency,0,4096,13,0,0
7339455160925113,2,market_ingress,0,1024,15,0,0
7339455160925113,2,trader_request,0,1024,3,0,0
7339455160925113,2,trading_callback,0,1024,6,0,0
7339455160925113,2,trace,0,8192,15,0,0
7339455160925113,2,latency,0,4096,28,0,0
7339455160925113,3,market_ingress,0,1024,15,0,0
7339455160925113,3,trader_request,0,1024,4,0,0
7339455160925113,3,trading_callback,0,1024,5,0,0
7339455160925113,3,trace,0,8192,5,0,0
7339455160925113,3,latency,0,4096,20,0,0
7339455261480551,0,market_ingress,0,1024,15,0,0
7339455261480551,0,trader_request,0,1024,3,0,0
7339455261480551,0,trading_callback,0,1024,5,0,0
7339455261480551,0,trace,0,8192,25,0,0
7339455261480551,0,latency,0,4096,21,0,0
7339455261480551,1,market_ingress,0,1024,21,0,0
7339455261480551,1,trader_request,0,1024,1,0,0
7339455261480551,1,trading_callback,0,1024,3,0,0
7339455261480551,1,trace,0,8192,27,0,0
7339455261480551,1,latency,0,4096,13,0,0
7339455261480551,2,market_ingress,0,1024,15,0,0
7339455261480551,2,trader_request,0,1024,3,0,0
7339455261480551,2,trading_callback,0,1024,6,0,0
7339455261480551,2,trace,0,8192,15,0,0
7339455261480551,2,latency,0,4096,28,0,0
7339455261480551,3,market_ingress,0,1024,15,0,0
7339455261480551,3,trader_request,0,1024,4,0,0
7339455261480551,3,trading_callback,0,1024,5,0,0
7339455261480551,3,trace,0,8192,5,0,0
7339455261480551,3,latency,0,4096,20,0,0
7339455362210721,0,market_ingress,0,1024,15,0,0
7339455362210721,0,trader_request,0,1024,3,0,0
7339455362210721,0,trading_callback,0,1024,5,0,0
7339455362210721,0,trace,0,8192,25,0,0
7339455362210721,0,latency,0,4096,21,0,0
7339455362210721,1,market_ingress,0,1024,21,0,0
7339455362210721,1,trader_request,0,1024,1,0,0
7339455362210721,1,trading_callback,0,1024,3,0,0
7339455362210721,1,trace,0,8192,27,0,0
7339455362210721,1,latency,0,4096,13,0,0
7339455362210721,2,market_ingress,0,1024,15,0,0
7339455362210721,2,trader_request,0,1024,3,0,0
7339455362210721,2,trading_callback,0,1024,6,0,0
7339455362210721,2,trace,0,8192,15,0,0
7339455362210721,2,latency,0,4096,28,0,0
7339455362210721,3,market_ingress,0,1024,15,0,0
7339455362210721,3,trader_request,0,1024,4,0,0
7339455362210721,3,trading_callback,0,1024,5,0,0
7339455362210721,3,trace,0,8192,5,0,0
7339455362210721,3,latency,0,4096,20,0,0
7339455462781683,0,market_ingress,0,1024,15,0,0
7339455462781683,0,trader_request,0,1024,3,0,0
7339455462781683,0,trading_callback,0,1024,5,0,0
7339455462781683,0,trace,0,8192,25,0,0
7339455462781683,0,latency,0,4096,21,0,0
7339455462781683,1,market_ingress,0,1024,21,0,0
7339455462781683,1,trader_request,0,1024,1,0,0
7339455462781683,1,trading_callback,0,1024,3,0,0
7339455462781683,1,trace,0,8192,27,0,0
7339455462781683,1,latency,0,4096,13,0,0
7339455462781683,2,market_ingress,0,1024,15,0,0
7339455462781683,2,trader_request,0,1024,3,0,0
7339455462781683,2,trading_callback,0,1024,6,0,0
7339455462781683,2,trace,0,8192,15,0,0
7339455462781683,2,latency,0,4096,28,0,0
7339455462781683,3,market_ingress,0,1024,15,0,0
7339455462781683,3,trader_request,0,1024,4,0,0
7339455462781683,3,trading_callback,0,1024,5,0,0
7339455462781683,3,trace,0,8192,5,0,0
7339455462781683,3,latency,0,4096,20,0,0
7339455563324720,0,market_ingress,0,1024,15,0,0
7339455563324720,0,trader_request,0,1024,3,0,0
7339455563324720,0,trading_callback,0,1024,5,0,0
7339455563324720,0,trace,0,8192,25,0,0
7339455563324720,0,latency,0,4096,21,0,0
7339455563324720,1,market_ingress,0,1024,21,0,0
7339455563324720,1,trader_request,0,1024,1,0,0
7339455563324720,1,trading_callback,0,1024,3,0,0
7339455563324720,1,trace,0,8192,27,0,0
7339455563324720,1,latency,0,4096,13,0,0
7339455563324720,2,market_ingress,0,1024,15,0,0
7339455563324720,2,trader_request,0,1024,3,0,0
7339455563324720,2,trading_callback,0,1024,6,0,0
7339455563324720,2,trace,0,8192,15,0,0
7339455563324720,2,latency,0,4096,28,0,0
7339455563324720,3,market_ingress,0,1024,15,0,0
7339455563324720,3,trader_request,0,1024,4,0,0
7339455563324720,3,trading_callback,0,1024,5,0,0
7339455563324720,3,trace,0,8192,5,0,0
7339455563324720,3,latency,0,4096,20,0,0
7339455663896279,0,market_ingress,0,1024,15,0,0
7339455663896279,0,trader_request,0,1024,3,0,0
7339455663896279,0,trading_callback,0,1024,5,0,0
7339455663896279,0,trace,0,8192,25,0,0
7339455663896279,0,latency,0,4096,21,0,0
7339455663896279,1,market_ingress,0,1024,21,0,0
7339455663896279,1,trader_request,0,1024,1,0,0
7339455663896279,1,trading_callback,0,1024,3,0,0
7339455663896279,1,trace,0,8192,27,0,0
7339455663896279,1,latency,0,4096,13,0,0
7339455663896279,2,market_ingress,0,1024,15,0,0
7339455663896279,2,trader_request,0,1024,3,0,0
7339455663896279,2,trading_callback,0,1024,6,0,0
7339455663896279,2,trace,0,8192,15,0,0
7339455663896279,2,latency,0,4096,28,0,0
7339455663896279,3,market_ingress,0,1024,15,0,0
7339455663896279,3,trader_request,0,1024,4,0,0
7339455663896279,3,trading_callback,0,1024,5,0,0
7339455663896279,3,trace,0,8192,5,0,0
7339455663896279,3,latency,0,4096,20,0,0
7339455764430565,0,market_ingress,0,1024,15,0,0
7339455764430565,0,trader_request,0,1024,3,0,0
7339455764430565,0,trading_callback,0,1024,5,0,0
7339455764430565,0,trace,0,8192,25,0,0
7339455764430565,0,latency,0,4096,21,0,0
7339455764430565,1,market_ingress,0,1024,21,0,0
7339455764430565,1,trader_request,0,1024,1,0,0
7339455764430565,1,trading_callback,0,1024,3,0,0
7339455764430565,1,trace,0,8192,27,0,0
7339455764430565,1,latency,0,4096,13,0,0
7339455764430565,2,market_ingress,0,1024,15,0,0
7339455764430565,2,trader_request,0,1024,3,0,0
7339455764430565,2,trading_callback,0,1024,6,0,0
7339455764430565,2,trace,0,8192,15,0,0
7339455764430565,2,latency,0,4096,28,0,0
7339455764430565,3,market_ingress,0,1024,15,0,0
7339455764430565,3,trader_request,0,1024,4,0,0
7339455764430565,3,trading_callback,0,1024,5,0,0
7339455764430565,3,trace,0,8192,5,0,0
7339455764430565,3,latency,0,4096,20,0,0
7339455864983433,0,market_ingress,0,1024,15,0,0
7339455864983433,0,trader_request,0,1024,3,0,0
7339455864983433,0,trading_callback,0,1024,5,0,0
7339455864983433,0,trace,0,8192,25,0,0
7339455864983433,0,latency,0,4096,21,0,0
7339455864983433,1,market_ingress,0,1024,21,0,0
7339455864983433,1,trader_request,0,1024,1,0,0
7339455864983433,1,trading_callback,0,1024,3,0,0
7339455864983433,1,trace,0,8192,27,0,0
7339455864983433,1,latency,0,4096,13,0,0
7339455864983433,2,market_ingress,0,1024,15,0,0
7339455864983433,2,trader_request,0,1024,3,0,0
7339455864983433,2,trading_callback,0,1024,6,0,0
7339455864983433,2,trace,0,8192,15,0,0
7339455864983433,2,latency,0,4096,28,0,0
7339455864983433,3,market_ingress,0,1024,15,0,0
7339455864983433,3,trader_request,0,1024,4,0,0
7339455864983433,3,trading_callback,0,1024,5,0,0
7339455864983433,3,trace,0,8192,5,0,0
7339455864983433,3,latency,0,4096,20,0,0
7339455965552912,0,market_ingress,0,1024,15,0,0
7339455965552912,0,trader_request,0,1024,3,0,0
7339455965552912,0,trading_callback,1,1024,5,16315,0
7339455965552912,0,trace,0,8192,25,0,0
7339455965552912,0,latency,0,4096,21,0,0
7339455965552912,1,market_ingress,0,1024,21,0,0
7339455965552912,1,trader_request,0,1024,1,0,0
7339455965552912,1,trading_callback,1,1024,3,24841,0
7339455965552912,1,trace,0,8192,27,0,0
7339455965552912,1,latency,0,4096,13,0,0
7339455965552912,2,market_ingress,0,1024,15,0,0
7339455965552912,2,trader_request,0,1024,3,0,0
7339455965552912,2,trading_callback,2,1024,6,22224,0
7339455965552912,2,trace,0,8192,15,0,0
7339455965552912,2,latency,0,4096,28,0,0
7339455965552912,3,market_ingress,0,1024,15,0,0
7339455965552912,3,trader_request,0,1024,4,0,0
7339455965552912,3,trading_callback,0,1024,5,0,0
7339455965552912,3,trace,0,8192,5,0,0
7339455965552912,3,latency,0,4096,20,0,0
7339456066230801,0,market_ingress,0,1024,15,0,0
7339456066230801,0,trader_request,0,1024,3,0,0
7339456066230801,0,trading_callback,0,1024,5,0,0
7339456066230801,0,trace,0,8192,25,0,0
7339456066230801,0,latency,0,4096,21,0,0
7339456066230801,1,market_ingress,0,1024,21,0,0
7339456066230801,1,trader_request,0,1024,1,0,0
7339456066230801,1,trading_callback,0,1024,3,0,0
7339456066230801,1,trace,0,8192,27,0,0
7339456066230801,1,latency,0,4096,13,0,0
7339456066230801,2,market_ingress,0,1024,15,0,0
7339456066230801,2,trader_request,0,1024,3,0,0
7339456066230801,2,trading_callback,0,1024,6,0,0
7339456066230801,2,trace,0,8192,15,0,0
7339456066230801,2,latency,0,4096,28,0,0
7339456066230801,3,market_ingress,0,1024,15,0,0
7339456066230801,3,trader_request,0,1024,4,0,0
7339456066230801,3,trading_callback,0,1024,5,0,0
7339456066230801,3,trace,0,8192,5,0,0
7339456066230801,3,latency,0,4096,20,0,0
7339456166794773,0,market_ingress,0,1024,15,0,0
7339456166794773,0,trader_request,0,1024,3,0,0
7339456166794773,0,trading_callback,0,1024,5,0,0
7339456166794773,0,trace,0,8192,25,0,0
7339456166794773,0,latency,0,4096,21,0,0
7339456166794773,1,market_ingress,0,1024,21,0,0
7339456166794773,1,trader_request,0,1024,1,0,0
7339456166794773,1,trading_callback,0,1024,3,0,0
7339456166794773,1,trace,0,8192,27,0,0
7339456166794773,1,latency,0,4096,13,0,0
7339456166794773,2,market_ingress,0,1024,15,0,0
7339456166794773,2,trader_request,0,1024,3,0,0
7339456166794773,2,trading_callback,0,1024,6,0,0
7339456166794773,2,trace,0,8192,15,0,0
7339456166794773,2,latency,0,4096,28,0,0
7339456166794773,3,market_ingress,7,1024,15,6243875,0
7339456166794773,3,trader_request,0,1024,4,0,0
7339456166794773,3,trading_callback,1,1024,5,822342,0
7339456166794773,3,trace,0,8192,5,0,0
7339456166794773,3,latency,0,4096,20,0,0
7339456268344477,0,market_ingress,0,1024,15,0,0
7339456268344477,0,trader_request,0,1024,3,0,0
7339456268344477,0,trading_callback,0,1024,5,0,0
7339456268344477,0,trace,0,8192,25,0,0
7339456268344477,0,latency,0,4096,21,0,0
7339456268344477,1,market_ingress,0,1024,21,0,0
7339456268344477,1,trader_request,0,1024,1,0,0
7339456268344477,1,trading_callback,0,1024,3,0,0
7339456268344477,1,trace,0,8192,27,0,0
7339456268344477,1,latency,0,4096,13,0,0
7339456268344477,2,market_ingress,0,1024,15,0,0
7339456268344477,2,trader_request,0,1024,3,0,0
7339456268344477,2,trading_callback,0,1024,6,0,0
7339456268344477,2,trace,0,8192,15,0,0
7339456268344477,2,latency,0,4096,28,0,0
7339456268344477,3,market_ingress,0,1024,15,0,0
7339456268344477,3,trader_request,0,1024,4,0,0
7339456268344477,3,trading_callback,0,1024,5,0,0
7339456268344477,3,trace,0,8192,5,0,0
7339456268344477,3,latency,0,4096,20,0,0
7339456368940660,0,market_ingress,0,1024,15,0,0
7339456368940660,0,trader_request,0,1024,3,0,0
7339456368940660,0,trading_callback,0,1024,5,0,0
7339456368940660,0,trace,0,8192,25,0,0
7339456368940660,0,latency,0,4096,21,0,0
7339456368940660,1,market_ingress,0,1024,21,0,0
7339456368940660,1,trader_request,0,1024,1,0,0
7339456368940660,1,trading_callback,0,1024,3,0,0
7339456368940660,1,trace,0,8192,27,0,0
7339456368940660,1,latency,0,4096,13,0,0
7339456368940660,2,market_ingress,0,1024,15,0,0
7339456368940660,2,trader_request,0,1024,3,0,0
7339456368940660,2,trading_callback,0,1024,6,0,0
7339456368940660,2,trace,0,8192,15,0,0
7339456368940660,2,latency,0,4096,28,0,0
7339456368940660,3,market_ingress,0,1024,15,0,0
7339456368940660,3,trader_request,0,1024,4,0,0
7339456368940660,3,trading_callback,0,1024,5,0,0
7339456368940660,3,trace,0,8192,5,0,0
7339456368940660,3,latency,0,4096,20,0,0
7339456469458312,0,market_ingress,0,1024,15,0,0
7339456469458312,0,trader_request,0,1024,3,0,0
7339456469458312,0,trading_callback,0,1024,5,0,0
7339456469458312,0,trace,0,8192,25,0,0
7339456469458312,0,latency,0,4096,21,0,0
7339456469458312,1,market_ingress,0,1024,21,0,0
7339456469458312,1,trader_request,0,1024,1,0,0
7339456469458312,1,trading_callback,0,1024,3,0,0
7339456469458312,1,trace,0,8192,27,0,0
7339456469458312,1,latency,0,4096,13,0,0
7339456469458312,2,market_ingress,0,1024,15,0,0
7339456469458312,2,trader_request,0,1024,3,0,0
7339456469458312,2,trading_callback,0,1024,6,0,0
7339456469458312,2,trace,0,8192,15,0,0
7339456469458312,2,latency,0,4096,28,0,0
7339456469458312,3,market_ingress,0,1024,15,0,0
7339456469458312,3,trader_request,0,1024,4,0,0
7339456469458312,3,trading_callback,0,1024,5,0,0
7339456469458312,3,trace,0,8192,5,0,0
7339456469458312,3,latency,0,4096,20,0,0
7339456570045701,0,market_ingress,0,1024,15,0,0
7339456570045701,0,trader_request,0,1024,3,0,0
7339456570045701,0,trading_callback,0,1024,5,0,0
7339456570045701,0,trace,0,8192,25,0,0
7339456570045701,0,latency,0,4096,21,0,0
7339456570045701,1,market_ingress,0,1024,21,0,0
7339456570045701,1,trader_request,0,1024,2,0,0
7339456570045701,1,trading_callback,0,1024,3,0,0
7339456570045701,1,trace,0,8192,27,0,0
7339456570045701,1,latency,0,4096,13,0,0
7339456570045701,2,market_ingress,0,1024,15,0,0
7339456570045701,2,trader_request,0,1024,3,0,0
7339456570045701,2,trading_callback,0,1024,6,0,0
7339456570045701,2,trace,0,8192,15,0,0
7339456570045701,2,latency,0,4096,28,0,0
7339456570045701,3,market_ingress,0,1024,15,0,0
7339456570045701,3,trader_request,0,1024,4,0,0
7339456570045701,3,trading_callback,0,1024,5,0,0
7339456570045701,3,trace,0,8192,5,0,0
7339456570045701,3,latency,0,4096,20,0,0
7339456670616319,0,market_ingress,0,1024,15,0,0
7339456670616319,0,trader_request,0,1024,3,0,0
7339456670616319,0,trading_callback,0,1024,5,0,0
7339456670616319,0,trace,0,8192,25,0,0
7339456670616319,0,latency,0,4096,21,0,0
7339456670616319,1,market_ingress,0,1024,21,0,0
7339456670616319,1,trader_request,0,1024,2,0,0
7339456670616319,1,trading_callback,0,1024,3,0,0
7339456670616319,1,trace,0,8192,27,0,0
7339456670616319,1,latency,0,4096,13,0,0
7339456670616319,2,market_ingress,0,1024,15,0,0
7339456670616319,2,trader_request,0,1024,3,0,0
7339456670616319,2,trading_callback,0,1024,6,0,0
7339456670616319,2,trace,0,8192,15,0,0
7339456670616319,2,latency,0,4096,28,0,0
7339456670616319,3,market_ingress,0,1024,15,0,0
7339456670616319,3,trader_request,0,1024,4,0,0
7339456670616319,3,trading_callback,0,1024,5,0,0
7339456670616319,3,trace,0,8192,5,0,0
7339456670616319,3,latency,0,4096,20,0,0
7339456771259103,0,market_ingress,0,1024,15,0,0
7339456771259103,0,trader_request,0,1024,3,0,0
7339456771259103,0,trading_callback,0,1024,5,0,0
7339456771259103,0,trace,0,8192,25,0,0
7339456771259103,0,latency,0,4096,21,0,0
7339456771259103,1,market_ingress,0,1024,21,0,0
7339456771259103,1,trader_request,0,1024,2,0,0
7339456771259103,1,trading_callback,0,1024,3,0,0
7339456771259103,1,trace,0,8192,27,0,0
7339456771259103,1,latency,0,4096,13,0,0
7339456771259103,2,market_ingress,0,1024,15,0,0
7339456771259103,2,trader_request,0,1024,3,0,0
7339456771259103,2,trading_callback,0,1024,6,0,0
7339456771259103,2,trace,0,8192,15,0,0
7339456771259103,2,latency,0,4096,28,0,0
7339456771259103,3,market_ingress,0,1024,15,0,0
7339456771259103,3,trader_request,0,1024,4,0,0
7339456771259103,3,trading_callback,0,1024,5,0,0
7339456771259103,3,trace,0,8192,5,0,0
7339456771259103,3,latency,0,4096,20,0,0
7339456871842406,0,market_ingress,0,1024,15,0,0
7339456871842406,0,trader_request,0,1024,3,0,0
7339456871842406,0,trading_callback,0,1024,5,0,0
7339456871842406,0,trace,0,8192,25,0,0
7339456871842406,0,latency,0,4096,21,0,0
7339456871842406,1,market_ingress,0,1024,21,0,0
7339456871842406,1,trader_request,0,1024,2,0,0
7339456871842406,1,trading_callback,0,1024,3,0,0
7339456871842406,1,trace,0,8192,27,0,0
7339456871842406,1,latency,0,4096,13,0,0
7339456871842406,2,market_ingress,0,1024,15,0,0
7339456871842406,2,trader_request,0,1024,3,0,0
7339456871842406,2,trading_callback,0,1024,6,0,0
7339456871842406,2,trace,0,8192,15,0,0
7339456871842406,2,latency,0,4096,28,0,0
7339456871842406,3,market_ingress,0,1024,15,0,0
7339456871842406,3,trader_request,0,1024,4,0,0
7339456871842406,3,trading_callback,0,1024,5,0,0
7339456871842406,3,trace,0,8192,5,0,0
7339456871842406,3,latency,0,4096,20,0,0
7339456972523287,0,market_ingress,0,1024,15,0,0
7339456972523287,0,trader_request,0,1024,3,0,0
7339456972523287,0,trading_callback,0,1024,5,0,0
7339456972523287,0,trace,0,8192,25,0,0
7339456972523287,0,latency,0,4096,21,0,0
7339456972523287,1,market_ingress,0,1024,21,0,0
7339456972523287,1,trader_request,0,1024,2,0,0
7339456972523287,1,trading_callback,0,1024,3,0,0
7339456972523287,1,trace,1,8192,27,1103381,0
7339456972523287,1,latency,0,4096,13,0,0
7339456972523287,2,market_ingress,0,1024,15,0,0
7339456972523287,2,trader_request,0,1024,3,0,0
7339456972523287,2,trading_callback,0,1024,6,0,0
7339456972523287,2,trace,0,8192,15,0,0
7339456972523287,2,latency,0,4096,28,0,0
7339456972523287,3,market_ingress,0,1024,15,0,0
7339456972523287,3,trader_request,0,1024,4,0,0
7339456972523287,3,trading_callback,0,1024,5,0,0
7339456972523287,3,trace,0,8192,5,0,0
7339456972523287,3,latency,0,4096,20,0,0
7339457073242293,0,market_ingress,0,1024,15,0,0
7339457073242293,0,trader_request,0,1024,3,0,0
7339457073242293,0,trading_callback,0,1024,5,0,0
7339457073242293,0,trace,0,8192,25,0,0
7339457073242293,0,latency,0,4096,21,0,0
7339457073242293,1,market_ingress,0,1024,21,0,0
7339457073242293,1,trader_request,0,1024,2,0,0
7339457073242293,1,trading_callback,0,1024,3,0,0
7339457073242293,1,trace,0,8192,27,0,0
7339457073242293,1,latency,0,4096,13,0,0
7339457073242293,2,market_ingress,0,1024,15,0,0
7339457073242293,2,trader_request,0,1024,3,0,0
7339457073242293,2,trading_callback,0,1024,6,0,0
7339457073242293,2,trace,0,8192,15,0,0
7339457073242293,2,latency,0,4096,28,0,0
7339457073242293,3,market_ingress,0,1024,15,0,0
7339457073242293,3,trader_request,0,1024,4,0,0
7339457073242293,3,trading_callback,0,1024,5,0,0
7339457073242293,3,trace,0,8192,5,0,0
7339457073242293,3,latency,0,4096,20,0,0
7339457173952779,0,market_ingress,0,1024,15,0,0
7339457173952779,0,trader_request,0,1024,3,0,0
7339457173952779,0,trading_callback,0,1024,5,0,0
7339457173952779,0,trace,0,8192,25,0,0
7339457173952779,0,latency,0,4096,21,0,0
7339457173952779,1,market_ingress,0,1024,21,0,0
7339457173952779,1,trader_request,0,1024,2,0,0
7339457173952779,1,trading_callback,0,1024,3,0,0
7339457173952779,1,trace,0,8192,27,0,0
7339457173952779,1,latency,0,4096,13,0,0
7339457173952779,2,market_ingress,0,1024,15,0,0
7339457173952779,2,trader_request,0,1024,3,0,0
7339457173952779,2,trading_callback,2,1024,6,68214,0
7339457173952779,2,trace,0,8192,15,0,0
7339457173952779,2,latency,0,4096,28,0,0
7339457173952779,3,market_ingress,0,1024,15,0,0
7339457173952779,3,trader_request,0,1024,4,0,0
7339457173952779,3,trading_callback,0,1024,5,0,0
7339457173952779,3,trace,0,8192,5,0,0
7339457173952779,3,latency,0,4096,20,0,0
7339457274627508,0,market_ingress,0,1024,15,0,0
7339457274627508,0,trader_request,0,1024,3,0,0
7339457274627508,0,trading_callback,0,1024,5,0,0
7339457274627508,0,trace,0,8192,25,0,0
7339457274627508,0,latency,0,4096,21,0,0
7339457274627508,1,market_ingress,0,1024,21,0,0
7339457274627508,1,trader_request,0,1024,2,0,0
7339457274627508,1,trading_callback,0,1024,3,0,0
7339457274627508,1,trace,0,8192,27,0,0
7339457274627508,1,latency,0,4096,13,0,0
7339457274627508,2,market_ingress,0,1024,15,0,0
7339457274627508,2,trader_request,0,1024,3,0,0
7339457274627508,2,trading_callback,0,1024,6,0,0
7339457274627508,2,trace,0,8192,15,0,0
7339457274627508,2,latency,0,4096,28,0,0
7339457274627508,3,market_ingress,0,1024,15,0,0
7339457274627508,3,trader_request,0,1024,4,0,0
7339457274627508,3,trading_callback,0,1024,5,0,0
7339457274627508,3,trace,0,8192,5,0,0
7339457274627508,3,latency,0,4096,20,0,0
7339457380020292,0,market_ingress,0,1024,15,0,0
7339457380020292,0,trader_request,0,1024,3,0,0
7339457380020292,0,trading_callback,0,1024,5,0,0
7339457380020292,0,trace,0,8192,25,0,0
7339457380020292,0,latency,0,4096,21,0,0
7339457380020292,1,market_ingress,0,1024,21,0,0
7339457380020292,1,trader_request,0,1024,2,0,0
7339457380020292,1,trading_callback,0,1024,3,0,0
7339457380020292,1,trace,0,8192,27,0,0
7339457380020292,1,latency,0,4096,13,0,0
7339457380020292,2,market_ingress,0,1024,15,0,0
7339457380020292,2,trader_request,0,1024,3,0,0
7339457380020292,2,trading_callback,0,1024,6,0,0
7339457380020292,2,trace,0,8192,15,0,0
7339457380020292,2,latency,0,4096,28,0,0
7339457380020292,3,market_ingress,0,1024,15,0,0
7339457380020292,3,trader_request,0,1024,4,0,0
7339457380020292,3,trading_callback,0,1024,5,0,0
7339457380020292,3,trace,0,8192,5,0,0
7339457380020292,3,latency,0,4096,20,0,0
7339457480644457,0,market_ingress,0,1024,15,0,0
7339457480644457,0,trader_request,0,1024,3,0,0
7339457480644457,0,trading_callback,0,1024,5,0,0
7339457480644457,0,trace,0,8192,25,0,0
7339457480644457,0,latency,0,4096,21,0,0
7339457480644457,1,market_ingress,0,1024,21,0,0
7339457480644457,1,trader_request,0,1024,2,0,0
7339457480644457,1,trading_callback,0,1024,3,0,0
7339457480644457,1,trace,0,8192,27,0,0
7339457480644457,1,latency,0,4096,13,0,0
7339457480644457,2,market_ingress,0,1024,15,0,0
7339457480644457,2,trader_request,0,1024,3,0,0
7339457480644457,2,trading_callback,0,1024,6,0,0
7339457480644457,2,trace,0,8192,15,0,0
7339457480644457,2,latency,0,4096,28,0,0
7339457480644457,3,market_ingress,0,1024,15,0,0
7339457480644457,3,trader_request,0,1024,4,0,0
7339457480644457,3,trading_callback,0,1024,5,0,0
7339457480644457,3,trace,0,8192,5,0,0
7339457480644457,3,latency,0,4096,20,0,0
7339457581241030,0,market_ingress,0,1024,15,0,0
7339457581241030,0,trader_request,0,1024,3,0,0
7339457581241030,0,trading_callback,0,1024,5,0,0
7339457581241030,0,trace,0,8192,25,0,0
7339457581241030,0,latency,0,4096,21,0,0
7339457581241030,1,market_ingress,0,1024,21,0,0
7339457581241030,1,trader_request,0,1024,2,0,0
7339457581241030,1,trading_callback,0,1024,3,0,0
7339457581241030,1,trace,0,8192,27,0,0
7339457581241030,1,latency,0,4096,13,0,0
7339457581241030,2,market_ingress,0,1024,15,0,0
7339457581241030,2,trader_request,0,1024,3,0,0
7339457581241030,2,trading_callback,0,1024,6,0,0
7339457581241030,2,trace,0,8192,15,0,0
7339457581241030,2,latency,0,4096,28,0,0
7339457581241030,3,market_ingress,0,1024,15,0,0
7339457581241030,3,trader_request,0,1024,4,0,0
7339457581241030,3,trading_callback,0,1024,5,0,0
7339457581241030,3,trace,0,8192,5,0,0
7339457581241030,3,latency,0,4096,20,0,0
7339457681827156,0,market_ingress,0,1024,15,0,0
7339457681827156,0,trader_request,0,1024,3,0,0
7339457681827156,0,trading_callback,0,1024,5,0,0
7339457681827156,0,trace,0,8192,25,0,0
7339457681827156,0,latency,0,4096,21,0,0
7339457681827156,1,market_ingress,0,1024,21,0,0
7339457681827156,1,trader_request,0,1024,2,0,0
7339457681827156,1,trading_callback,0,1024,3,0,0
7339457681827156,1,trace,0,8192,27,0,0
7339457681827156,1,latency,0,4096,13,0,0
7339457681827156,2,market_ingress,0,1024,15,0,0
7339457681827156,2,trader_request,0,1024,3,0,0
7339457681827156,2,trading_callback,0,1024,6,0,0
7339457681827156,2,trace,0,8192,15,0,0
7339457681827156,2,latency,0,4096,28,0,0
7339457681827156,3,market_ingress,0,1024,15,0,0
7339457681827156,3,trader_request,0,1024,4,0,0
7339457681827156,3,trading_callback,0,1024,5,0,0
7339457681827156,3,trace,0,8192,5,0,0
7339457681827156,3,latency,0,4096,20,0,0
7339457782473602,0,market_ingress,0,1024,15,0,0
7339457782473602,0,trader_request,0,1024,3,0,0
7339457782473602,0,trading_callback,0,1024,5,0,0
7339457782473602,0,trace,0,8192,25,0,0
7339457782473602,0,latency,0,4096,21,0,0
7339457782473602,1,market_ingress,0,1024,21,0,0
7339457782473602,1,trader_request,0,1024,2,0,0
7339457782473602,1,trading_callback,0,1024,3,0,0
7339457782473602,1,trace,0,8192,27,0,0
7339457782473602,1,latency,0,4096,13,0,0
7339457782473602,2,market_ingress,0,1024,15,0,0
7339457782473602,2,trader_request,0,1024,3,0,0
7339457782473602,2,trading_callback,0,1024,6,0,0
7339457782473602,2,trace,0,8192,15,0,0
7339457782473602,2,latency,0,4096,28,0,0
7339457782473602,3,market_ingress,0,1024,15,0,0
7339457782473602,3,trader_request,0,1024,4,0,0
7339457782473602,3,trading_callback,0,1024,5,0,0
7339457782473602,3,trace,0,8192,5,0,0
7339457782473602,3,latency,0,4096,20,0,0
7339457884033143,0,market_ingress,0,1024,15,0,0
7339457884033143,0,trader_request,0,1024,3,0,0
7339457884033143,0,trading_callback,0,1024,5,0,0
7339457884033143,0,trace,0,8192,25,0,0
7339457884033143,0,latency,0,4096,21,0,0
7339457884033143,1,market_ingress,0,1024,21,0,0
7339457884033143,1,trader_request,0,1024,2,0,0
7339457884033143,1,trading_callback,0,1024,3,0,0
7339457884033143,1,trace,0,8192,27,0,0
7339457884033143,1,latency,0,4096,13,0,0
7339457884033143,2,market_ingress,0,1024,15,0,0
7339457884033143,2,trader_request,0,1024,3,0,0
7339457884033143,2,trading_callback,0,1024,6,0,0
7339457884033143,2,trace,0,8192,15,0,0
7339457884033143,2,latency,0,4096,28,0,0
7339457884033143,3,market_ingress,0,1024,15,0,0
7339457884033143,3,trader_request,0,1024,4,0,0
7339457884033143,3,trading_callback,0,1024,5,0,0
7339457884033143,3,trace,0,8192,5,0,0
7339457884033143,3,latency,0,4096,20,0,0
7339457984797836,0,market_ingress,0,1024,15,0,0
7339457984797836,0,trader_request,0,1024,3,0,0
7339457984797836,0,trading_callback,0,1024,5,0,0
7339457984797836,0,trace,0,8192,25,0,0
7339457984797836,0,latency,0,4096,21,0,0
7339457984797836,1,market_ingress,0,1024,21,0,0
7339457984797836,1,trader_request,0,1024,2,0,0
7339457984797836,1,trading_callback,0,1024,3,0,0
7339457984797836,1,trace,0,8192,27,0,0
7339457984797836,1,latency,0,4096,13,0,0
7339457984797836,2,market_ingress,0,1024,15,0,0
7339457984797836,2,trader_request,0,1024,3,0,0
7339457984797836,2,trading_callback,0,1024,6,0,0
7339457984797836,2,trace,0,8192,15,0,0
7339457984797836,2,latency,0,4096,28,0,0
7339457984797836,3,market_ingress,0,1024,15,0,0
7339457984797836,3,trader_request,0,1024,4,0,0
7339457984797836,3,trading_callback,0,1024,5,0,0
7339457984797836,3,trace,0,8192,5,0,0
7339457984797836,3,latency,0,4096,20,0,0
7339458085322314,0,market_ingress,0,1024,15,0,0
7339458085322314,0,trader_request,0,1024,3,0,0
7339458085322314,0,trading_callback,0,1024,5,0,0
7339458085322314,0,trace,0,8192,25,0,0
7339458085322314,0,latency,0,4096,21,0,0
7339458085322314,1,market_ingress,0,1024,21,0,0
7339458085322314,1,trader_request,0,1024,2,0,0
7339458085322314,1,trading_callback,0,1024,3,0,0
7339458085322314,1,trace,0,8192,27,0,0
7339458085322314,1,latency,0,4096,13,0,0
7339458085322314,2,market_ingress,0,1024,15,0,0
7339458085322314,2,trader_request,0,1024,3,0,0
7339458085322314,2,trading_callback,0,1024,6,0,0
7339458085322314,2,trace,0,8192,15,0,0
7339458085322314,2,latency,0,4096,28,0,0
7339458085322314,3,market_ingress,0,1024,15,0,0
7339458085322314,3,trader_request,0,1024,4,0,0
7339458085322314,3,trading_callback,0,1024,5,0,0
7339458085322314,3,trace,0,8192,5,0,0
7339458085322314,3,latency,0,4096,20,0,0
7339458185896725,0,market_ingress,0,1024,15,0,0
7339458185896725,0,trader_request,0,1024,3,0,0
7339458185896725,0,trading_callback,0,1024,5,0,0
7339458185896725,0,trace,0,8192,25,0,0
7339458185896725,0,latency,0,4096,21,0,0
7339458185896725,1,market_ingress,0,1024,21,0,0
7339458185896725,1,trader_request,0,1024,2,0,0
7339458185896725,1,trading_callback,0,1024,3,0,0
7339458185896725,1,trace,0,8192,27,0,0
7339458185896725,1,latency,0,4096,13,0,0
7339458185896725,2,market_ingress,0,1024,15,0,0
7339458185896725,2,trader_request,0,1024,3,0,0
7339458185896725,2,trading_callback,0,1024,6,0,0
7339458185896725,2,trace,0,8192,15,0,0
7339458185896725,2,latency,0,4096,28,0,0
7339458185896725,3,market_ingress,0,1024,15,0,0
7339458185896725,3,trader_request,0,1024,4,0,0
7339458185896725,3,trading_callback,0,1024,5,0,0
7339458185896725,3,trace,0,8192,5,0,0
7339458185896725,3,latency,0,4096,20,0,0
7339458286541761,0,market_ingress,0,1024,15,0,0
7339458286541761,0,trader_request,0,1024,3,0,0
7339458286541761,0,trading_callback,0,1024,5,0,0
7339458286541761,0,trace,0,8192,25,0,0
7339458286541761,0,latency,0,4096,21,0,0
7339458286541761,1,market_ingress,0,1024,21,0,0
7339458286541761,1,trader_request,0,1024,2,0,0
7339458286541761,1,trading_callback,0,1024,3,0,0
7339458286541761,1,trace,0,8192,27,0,0
7339458286541761,1,latency,0,4096,13,0,0
7339458286541761,2,market_ingress,0,1024,15,0,0
7339458286541761,2,trader_request,0,1024,3,0,0
7339458286541761,2,trading_callback,0,1024,6,0,0
7339458286541761,2,trace,0,8192,15,0,0
7339458286541761,2,latency,0,4096,28,0,0
7339458286541761,3,market_ingress,0,1024,15,0,0
7339458286541761,3,trader_request,0,1024,4,0,0
7339458286541761,3,trading_callback,0,1024,5,0,0
7339458286541761,3,trace,0,8192,5,0,0
7339458286541761,3,latency,0,4096,20,0,0
7339458387115366,0,market_ingress,0,1024,15,0,0
7339458387115366,0,trader_request,0,1024,3,0,0
7339458387115366,0,trading_callback,0,1024,5,0,0
7339458387115366,0,trace,0,8192,25,0,0
7339458387115366,0,latency,0,4096,21,0,0
7339458387115366,1,market_ingress,0,1024,21,0,0
7339458387115366,1,trader_request,0,1024,2,0,0
7339458387115366,1,trading_callback,0,1024,3,0,0
7339458387115366,1,trace,0,8192,27,0,0
7339458387115366,1,latency,0,4096,13,0,0
7339458387115366,2,market_ingress,0,1024,15,0,0
7339458387115366,2,trader_request,0,1024,3,0,0
7339458387115366,2,trading_callback,0,1024,6,0,0
7339458387115366,2,trace,0,8192,15,0,0
7339458387115366,2,latency,0,4096,28,0,0
7339458387115366,3,market_ingress,0,1024,15,0,0
7339458387115366,3,trader_request,0,1024,4,0,0
7339458387115366,3,trading_callback,0,1024,5,0,0
7339458387115366,3,trace,0,8192,5,0,0
7339458387115366,3,latency,0,4096,20,0,0
7339458487760803,0,market_ingress,0,1024,15,0,0
7339458487760803,0,trader_request,0,1024,6,0,0
7339458487760803,0,trading_callback,0,1024,11,0,0
7339458487760803,0,trace,0,8192,25,0,0
7339458487760803,0,latency,0,4096,21,0,0
7339458487760803,1,market_ingress,0,1024,21,0,0
7339458487760803,1,trader_request,0,1024,2,0,0
7339458487760803,1,trading_callback,0,1024,3,0,0
7339458487760803,1,trace,0,8192,27,0,0
7339458487760803,1,latency,0,4096,13,0,0
7339458487760803,2,market_ingress,0,1024,15,0,0
7339458487760803,2,trader_request,0,1024,3,0,0
7339458487760803,2,trading_callback,0,1024,6,0,0
7339458487760803,2,trace,0,8192,15,0,0
7339458487760803,2,latency,0,4096,28,0,0
7339458487760803,3,market_ingress,0,1024,15,0,0
7339458487760803,3,trader_request,0,1024,4,0,0
7339458487760803,3,trading_callback,0,1024,5,0,0
7339458487760803,3,trace,0,8192,5,0,0
7339458487760803,3,latency,0,4096,20,0,0
7339458588528697,0,market_ingress,0,1024,15,0,0
7339458588528697,0,trader_request,0,1024,6,0,0
7339458588528697,0,trading_callback,0,1024,11,0,0
7339458588528697,0,trace,0,8192,25,0,0
7339458588528697,0,latency,0,4096,21,0,0
7339458588528697,1,market_ingress,0,1024,21,0,0
7339458588528697,1,trader_request,0,1024,2,0,0
7339458588528697,1,trading_callback,0,1024,3,0,0
7339458588528697,1,trace,0,8192,27,0,0
7339458588528697,1,latency,0,4096,13,0,0
7339458588528697,2,market_ingress,0,1024,15,0,0
7339458588528697,2,trader_request,0,1024,3,0,0
7339458588528697,2,trading_callback,0,1024,6,0,0
7339458588528697,2,trace,0,8192,15,0,0
7339458588528697,2,latency,0,4096,28,0,0
7339458588528697,3,market_ingress,0,1024,15,0,0
7339458588528697,3,trader_request,0,1024,4,0,0
7339458588528697,3,trading_callback,0,1024,5,0,0
7339458588528697,3,trace,0,8192,5,0,0
7339458588528697,3,latency,0,4096,20,0,0
7339458689118346,0,market_ingress,0,1024,15,0,0
7339458689118346,0,trader_request,0,1024,6,0,0
7339458689118346,0,trading_callback,0,1024,11,0,0
7339458689118346,0,trace,0,8192,25,0,0
7339458689118346,0,latency,0,4096,21,0,0
7339458689118346,1,market_ingress,0,1024,21,0,0
7339458689118346,1,trader_request,0,1024,2,0,0
7339458689118346,1,trading_callback,0,1024,3,0,0
7339458689118346,1,trace,0,8192,27,0,0
7339458689118346,1,latency,0,4096,13,0,0
7339458689118346,2,market_ingress,0,1024,15,0,0
7339458689118346,2,trader_request,0,1024,3,0,0
7339458689118346,2,trading_callback,0,1024,6,0,0
7339458689118346,2,trace,0,8192,15,0,0
7339458689118346,2,latency,0,4096,28,0,0
7339458689118346,3,market_ingress,0,1024,15,0,0
7339458689118346,3,trader_request,0,1024,4,0,0
7339458689118346,3,trading_callback,0,1024,5,0,0
7339458689118346,3,trace,0,8192,5,0,0
7339458689118346,3,latency,0,4096,20,0,0
7339458790378526,0,market_ingress,0,1024,15,0,0
7339458790378526,0,trader_request,0,1024,6,0,0
7339458790378526,0,trading_callback,0,1024,11,0,0
7339458790378526,0,trace,0,8192,25,0,0
7339458790378526,0,latency,0,4096,21,0,0
7339458790378526,1,market_ingress,0,1024,21,0,0
7339458790378526,1,trader_request,0,1024,2,0,0
7339458790378526,1,trading_callback,0,1024,3,0,0
7339458790378526,1,trace,0,8192,27,0,0
7339458790378526,1,latency,0,4096,13,0,0
7339458790378526,2,market_ingress,0,1024,15,0,0
7339458790378526,2,trader_request,0,1024,3,0,0
7339458790378526,2,trading_callback,0,1024,6,0,0
7339458790378526,2,trace,0,8192,15,0,0
7339458790378526,2,latency,0,4096,28,0,0
7339458790378526,3,market_ingress,0,1024,15,0,0
7339458790378526,3,trader_request,0,1024,4,0,0
7339458790378526,3,trading_callback,0,1024,5,0,0
7339458790378526,3,trace,0,8192,5,0,0
7339458790378526,3,latency,0,4096,20,0,0
7339458890952705,0,market_ingress,0,1024,15,0,0
7339458890952705,0,trader_request,0,1024,6,0,0
7339458890952705,0,trading_callback,0,1024,11,0,0
7339458890952705,0,trace,0,8192,25,0,0
7339458890952705,0,latency,0,4096,21,0,0
7339458890952705,1,market_ingress,0,1024,21,0,0
7339458890952705,1,trader_request,0,1024,2,0,0
7339458890952705,1,trading_callback,0,1024,3,0,0
7339458890952705,1,trace,0,8192,27,0,0
7339458890952705,1,latency,0,4096,13,0,0
7339458890952705,2,market_ingress,0,1024,15,0,0
7339458890952705,2,trader_request,0,1024,3,0,0
7339458890952705,2,trading_callback,0,1024,6,0,0
7339458890952705,2,trace,0,8192,15,0,0
7339458890952705,2,latency,0,4096,28,0,0
7339458890952705,3,market_ingress,0,1024,15,0,0
7339458890952705,3,trader_request,0,1024,4,0,0
7339458890952705,3,trading_callback,0,1024,5,0,0
7339458890952705,3,trace,0,8192,5,0,0
7339458890952705,3,latency,0,4096,20,0,0
7339458991495182,0,market_ingress,0,1024,15,0,0
7339458991495182,0,trader_request,0,1024,6,0,0
7339458991495182,0,trading_callback,0,1024,11,0,0
7339458991495182,0,trace,0,8192,25,0,0
7339458991495182,0,latency,0,4096,21,0,0
7339458991495182,1,market_ingress,0,1024,21,0,0
7339458991495182,1,trader_request,0,1024,2,0,0
7339458991495182,1,trading_callback,0,1024,3,0,0
7339458991495182,1,trace,0,8192,27,0,0
7339458991495182,1,latency,0,4096,13,0,0
7339458991495182,2,market_ingress,0,1024,15,0,0
7339458991495182,2,trader_request,0,1024,3,0,0
7339458991495182,2,trading_callback,0,1024,6,0,0
7339458991495182,2,trace,0,8192,15,0,0
7339458991495182,2,latency,0,4096,28,0,0
7339458991495182,3,market_ingress,0,1024,15,0,0
7339458991495182,3,trader_request,0,1024,4,0,0
7339458991495182,3,trading_callback,0,1024,5,0,0
7339458991495182,3,trace,0,8192,5,0,0
7339458991495182,3,latency,0,4096,20,0,0
7339459092098269,0,market_ingress,0,1024,15,0,0
7339459092098269,0,trader_request,0,1024,6,0,0
7339459092098269,0,trading_callback,0,1024,11,0,0
7339459092098269,0,trace,0,8192,25,0,0
7339459092098269,0,latency,0,4096,21,0,0
7339459092098269,1,market_ingress,0,1024,21,0,0
7339459092098269,1,trader_request,0,1024,2,0,0
7339459092098269,1,trading_callback,0,1024,3,0,0
7339459092098269,1,trace,0,8192,42,0,0
7339459092098269,1,latency,0,4096,13,0,0
7339459092098269,2,market_ingress,0,1024,15,0,0
7339459092098269,2,trader_request,0,1024,3,0,0
7339459092098269,2,trading_callback,0,1024,6,0,0
7339459092098269,2,trace,0,8192,15,0,0
7339459092098269,2,latency,0,4096,28,0,0
7339459092098269,3,market_ingress,0,1024,15,0,0
7339459092098269,3,trader_request,0,1024,4,0,0
7339459092098269,3,trading_callback,0,1024,5,0,0
7339459092098269,3,trace,0,8192,5,0,0
7339459092098269,3,latency,0,4096,20,0,0
7339459192673822,0,market_ingress,0,1024,15,0,0
7339459192673822,0,trader_request,0,1024,6,0,0
7339459192673822,0,trading_callback,0,1024,11,0,0
7339459192673822,0,trace,0,8192,25,0,0
7339459192673822,0,latency,0,4096,21,0,0
7339459192673822,1,market_ingress,0,1024,21,0,0
7339459192673822,1,trader_request,0,1024,2,0,0
7339459192673822,1,trading_callback,0,1024,3,0,0
7339459192673822,1,trace,0,8192,42,0,0
7339459192673822,1,latency,0,4096,13,0,0
7339459192673822,2,market_ingress,0,1024,15,0,0
7339459192673822,2,trader_request,0,1024,3,0,0
7339459192673822,2,trading_callback,0,1024,6,0,0
7339459192673822,2,trace,0,8192,15,0,0
7339459192673822,2,latency,0,4096,28,0,0
7339459192673822,3,market_ingress,0,1024,15,0,0
7339459192673822,3,trader_request,0,1024,4,0,0
7339459192673822,3,trading_callback,0,1024,5,0,0
7339459192673822,3,trace,0,8192,5,0,0
7339459192673822,3,latency,0,4096,20,0,0
7339459293308028,0,market_ingress,0,1024,15,0,0
7339459293308028,0,trader_request,0,1024,6,0,0
7339459293308028,0,trading_callback,0,1024,11,0,0
7339459293308028,0,trace,0,8192,25,0,0
7339459293308028,0,latency,0,4096,21,0,0
7339459293308028,1,market_ingress,0,1024,21,0,0
7339459293308028,1,trader_request,0,1024,2,0,0
7339459293308028,1,trading_callback,0,1024,3,0,0
7339459293308028,1,trace,0,8192,42,0,0
7339459293308028,1,latency,0,4096,13,0,0
7339459293308028,2,market_ingress,0,1024,15,0,0
7339459293308028,2,trader_request,0,1024,3,0,0
7339459293308028,2,trading_callback,0,1024,6,0,0
7339459293308028,2,trace,0,8192,15,0,0
7339459293308028,2,latency,0,4096,28,0,0
7339459293308028,3,market_ingress,0,1024,15,0,0
7339459293308028,3,trader_request,0,1024,4,0,0
7339459293308028,3,trading_callback,0,1024,5,0,0
7339459293308028,3,trace,0,8192,5,0,0
7339459293308028,3,latency,0,4096,20,0,0
7339459393876897,0,market_ingress,0,1024,15,0,0
7339459393876897,0,trader_request,0,1024,6,0,0
7339459393876897,0,trading_callback,0,1024,11,0,0
7339459393876897,0,trace,0,8192,25,0,0
7339459393876897,0,latency,0,4096,21,0,0
7339459393876897,1,market_ingress,0,1024,21,0,0
7339459393876897,1,trader_request,0,1024,2,0,0
7339459393876897,1,trading_callback,0,1024,3,0,0
7339459393876897,1,trace,0,8192,42,0,0
7339459393876897,1,latency,0,4096,13,0,0
7339459393876897,2,market_ingress,0,1024,15,0,0
7339459393876897,2,trader_request,0,1024,3,0,0
7339459393876897,2,trading_callback,0,1024,6,0,0
7339459393876897,2,trace,0,8192,15,0,0
7339459393876897,2,latency,0,4096,28,0,0
7339459393876897,3,market_ingress,0,1024,15,0,0
7339459393876897,3,trader_request,0,1024,4,0,0
7339459393876897,3,trading_callback,0,1024,5,0,0
7339459393876897,3,trace,0,8192,5,0,0
7339459393876897,3,latency,0,4096,20,0,0
7339459494527198,0,market_ingress,0,1024,15,0,0
7339459494527198,0,trader_request,0,1024,6,0,0
7339459494527198,0,trading_callback,0,1024,11,0,0
7339459494527198,0,trace,0,8192,25,0,0
7339459494527198,0,latency,0,4096,21,0,0
7339459494527198,1,market_ingress,0,1024,21,0,0
7339459494527198,1,trader_request,0,1024,2,0,0
7339459494527198,1,trading_callback,0,1024,3,0,0
7339459494527198,1,trace,0,8192,42,0,0
7339459494527198,1,latency,0,4096,13,0,0
7339459494527198,2,market_ingress,0,1024,15,0,0
7339459494527198,2,trader_request,0,1024,3,0,0
7339459494527198,2,trading_callback,0,1024,6,0,0
7339459494527198,2,trace,0,8192,15,0,0
7339459494527198,2,latency,0,4096,28,0,0
7339459494527198,3,market_ingress,0,1024,15,0,0
7339459494527198,3,trader_request,0,1024,4,0,0
7339459494527198,3,trading_callback,0,1024,5,0,0
7339459494527198,3,trace,0,8192,5,0,0
7339459494527198,3,latency,0,4096,20,0,0
7339459595082754,0,market_ingress,0,1024,15,0,0
7339459595082754,0,trader_request,0,1024,6,0,0
7339459595082754,0,trading_callback,0,1024,11,0,0
7339459595082754,0,trace,0,8192,25,0,0
7339459595082754,0,latency,0,4096,21,0,0
7339459595082754,1,market_ingress,0,1024,21,0,0
7339459595082754,1,trader_request,0,1024,2,0,0
7339459595082754,1,trading_callback,0,1024,3,0,0
7339459595082754,1,trace,0,8192,42,0,0
7339459595082754,1,latency,0,4096,13,0,0
7339459595082754,2,market_ingress,0,1024,15,0,0
7339459595082754,2,trader_request,0,1024,3,0,0
7339459595082754,2,trading_callback,0,1024,6,0,0
7339459595082754,2,trace,0,8192,15,0,0
7339459595082754,2,latency,0,4096,28,0,0
7339459595082754,3,market_ingress,0,1024,15,0,0
7339459595082754,3,trader_request,0,1024,4,0,0
7339459595082754,3,trading_callback,0,1024,5,0,0
7339459595082754,3,trace,0,8192,5,0,0
7339459595082754,3,latency,0,4096,20,0,0
7339459695788568,0,market_ingress,0,1024,15,0,0
7339459695788568,0,trader_request,0,1024,6,0,0
7339459695788568,0,trading_callback,0,1024,11,0,0
7339459695788568,0,trace,0,8192,25,0,0
7339459695788568,0,latency,0,4096,21,0,0
7339459695788568,1,market_ingress,0,1024,21,0,0
7339459695788568,1,trader_request,0,1024,2,0,0
7339459695788568,1,trading_callback,0,1024,3,0,0
7339459695788568,1,trace,0,8192,42,0,0
7339459695788568,1,latency,0,4096,13,0,0
7339459695788568,2,market_ingress,0,1024,15,0,0
7339459695788568,2,trader_request,0,1024,3,0,0
7339459695788568,2,trading_callback,0,1024,6,0,0
7339459695788568,2,trace,0,8192,15,0,0
7339459695788568,2,latency,0,4096,28,0,0
7339459695788568,3,market_ingress,0,1024,15,0,0
7339459695788568,3,trader_request,0,1024,4,0,0
7339459695788568,3,trading_callback,0,1024,5,0,0
7339459695788568,3,trace,0,8192,5,0,0
7339459695788568,3,latency,0,4096,20,0,0
7339459796389046,0,market_ingress,0,1024,15,0,0
7339459796389046,0,trader_request,0,1024,6,0,0
7339459796389046,0,trading_callback,0,1024,11,0,0
7339459796389046,0,trace,0,8192,25,0,0
7339459796389046,0,latency,0,4096,21,0,0
7339459796389046,1,market_ingress,0,1024,21,0,0
7339459796389046,1,trader_request,0,1024,2,0,0
7339459796389046,1,trading_callback,0,1024,3,0,0
7339459796389046,1,trace,0,8192,42,0,0
7339459796389046,1,latency,0,4096,13,0,0
7339459796389046,2,market_ingress,0,1024,15,0,0
7339459796389046,2,trader_request,0,1024,3,0,0
7339459796389046,2,trading_callback,0,1024,6,0,0
7339459796389046,2,trace,0,8192,15,0,0
7339459796389046,2,latency,0,4096,28,0,0
7339459796389046,3,market_ingress,0,1024,15,0,0
7339459796389046,3,trader_request,0,1024,4,0,0
7339459796389046,3,trading_callback,0,1024,5,0,0
7339459796389046,3,trace,0,8192,5,0,0
7339459796389046,3,latency,0,4096,20,0,0
7339459900024475,0,market_ingress,0,1024,15,0,0
7339459900024475,0,trader_request,0,1024,6,0,0
7339459900024475,0,trading_callback,0,1024,11,0,0
7339459900024475,0,trace,0,8192,25,0,0
7339459900024475,0,latency,0,4096,29,0,0
7339459900024475,1,market_ingress,0,1024,21,0,0
7339459900024475,1,trader_request,0,1024,2,0,0
7339459900024475,1,trading_callback,0,1024,3,0,0
7339459900024475,1,trace,0,8192,42,0,0
7339459900024475,1,latency,0,4096,13,0,0
7339459900024475,2,market_ingress,0,1024,15,0,0
7339459900024475,2,trader_request,0,1024,3,0,0
7339459900024475,2,trading_callback,0,1024,6,0,0
7339459900024475,2,trace,0,8192,15,0,0
7339459900024475,2,latency,0,4096,28,0,0
7339459900024475,3,market_ingress,0,1024,15,0,0
7339459900024475,3,trader_request,0,1024,4,0,0
7339459900024475,3,trading_callback,0,1024,5,0,0
7339459900024475,3,trace,0,8192,5,0,0
7339459900024475,3,latency,0,4096,20,0,0
7339460000882526,0,market_ingress,0,1024,24,0,0
7339460000882526,0,trader_request,0,1024,6,0,0
7339460000882526,0,trading_callback,0,1024,11,0,0
7339460000882526,0,trace,0,8192,25,0,0
7339460000882526,0,latency,0,4096,29,0,0
7339460000882526,1,market_ingress,0,1024,21,0,0
7339460000882526,1,trader_request,0,1024,2,0,0
7339460000882526,1,trading_callback,0,1024,3,0,0
7339460000882526,1,trace,0,8192,42,0,0
7339460000882526,1,latency,0,4096,13,0,0
7339460000882526,2,market_ingress,0,1024,22,0,0
7339460000882526,2,trader_request,0,1024,3,0,0
7339460000882526,2,trading_callback,0,1024,6,0,0
7339460000882526,2,trace,0,8192,15,0,0
7339460000882526,2,latency,0,4096,28,0,0
7339460000882526,3,market_ingress,0,1024,15,0,0
7339460000882526,3,trader_request,0,1024,4,0,0
7339460000882526,3,trading_callback,0,1024,5,0,0
7339460000882526,3,trace,0,8192,5,0,0
7339460000882526,3,latency,0,4096,20,0,0
7339460101490805,0,market_ingress,0,1024,24,0,0
7339460101490805,0,trader_request,0,1024,6,0,0
7339460101490805,0,trading_callback,0,1024,11,0,0
7339460101490805,0,trace,0,8192,25,0,0
7339460101490805,0,latency,0,4096,29,0,0
7339460101490805,1,market_ingress,0,1024,21,0,0
7339460101490805,1,trader_request,0,1024,2,0,0
7339460101490805,1,trading_callback,0,1024,3,0,0
7339460101490805,1,trace,0,8192,42,0,0
7339460101490805,1,latency,0,4096,13,0,0
7339460101490805,2,market_ingress,0,1024,22,0,0
7339460101490805,2,trader_request,0,1024,3,0,0
7339460101490805,2,trading_callback,0,1024,6,0,0
7339460101490805,2,trace,0,8192,15,0,0
7339460101490805,2,latency,0,4096,28,0,0
7339460101490805,3,market_ingress,0,1024,15,0,0
7339460101490805,3,trader_request,0,1024,4,0,0
7339460101490805,3,trading_callback,0,1024,5,0,0
7339460101490805,3,trace,0,8192,5,0,0
7339460101490805,3,latency,0,4096,20,0,0
7339460202057572,0,market_ingress,0,1024,24,0,0
7339460202057572,0,trader_request,0,1024,6,0,0
7339460202057572,0,trading_callback,0,1024,11,0,0
7339460202057572,0,trace,0,8192,25,0,0
7339460202057572,0,latency,0,4096,29,0,0
7339460202057572,1,market_ingress,0,1024,21,0,0
7339460202057572,1,trader_request,0,1024,2,0,0
7339460202057572,1,trading_callback,0,1024,3,0,0
7339460202057572,1,trace,0,8192,42,0,0
7339460202057572,1,latency,0,4096,13,0,0
7339460202057572,2,market_ingress,0,1024,22,0,0
7339460202057572,2,trader_request,0,1024,3,0,0
7339460202057572,2,trading_callback,0,1024,6,0,0
7339460202057572,2,trace,0,8192,15,0,0
7339460202057572,2,latency,0,4096,28,0,0
7339460202057572,3,market_ingress,0,1024,15,0,0
7339460202057572,3,trader_request,0,1024,4,0,0
7339460202057572,3,trading_callback,0,1024,5,0,0
7339460202057572,3,trace,0,8192,5,0,0
7339460202057572,3,latency,0,4096,20,0,0
7339460302614686,0,market_ingress,0,1024,24,0,0
7339460302614686,0,trader_request,0,1024,6,0,0
7339460302614686,0,trading_callback,0,1024,11,0,0
7339460302614686,0,trace,0,8192,25,0,0
7339460302614686,0,latency,0,4096,29,0,0
7339460302614686,1,market_ingress,0,1024,21,0,0
7339460302614686,1,trader_request,0,1024,2,0,0
7339460302614686,1,trading_callback,0,1024,3,0,0
7339460302614686,1,trace,0,8192,42,0,0
7339460302614686,1,latency,0,4096,13,0,0
7339460302614686,2,market_ingress,0,1024,22,0,0
7339460302614686,2,trader_request,0,1024,3,0,0
7339460302614686,2,trading_callback,0,1024,6,0,0
7339460302614686,2,trace,0,8192,15,0,0
7339460302614686,2,latency,0,4096,28,0,0
7339460302614686,3,market_ingress,0,1024,15,0,0
7339460302614686,3,trader_request,0,1024,4,0,0
7339460302614686,3,trading_callback,0,1024,5,0,0
7339460302614686,3,trace,0,8192,5,0,0
7339460302614686,3,latency,0,4096,20,0,0
7339460403140480,0,market_ingress,0,1024,24,0,0
7339460403140480,0,trader_request,0,1024,6,0,0
7339460403140480,0,trading_callback,0,1024,11,0,0
7339460403140480,0,trace,0,8192,25,0,0
7339460403140480,0,latency,0,4096,29,0,0
7339460403140480,1,market_ingress,0,1024,21,0,0
7339460403140480,1,trader_request,0,1024,2,0,0
7339460403140480,1,trading_callback,0,1024,3,0,0
7339460403140480,1,trace,0,8192,42,0,0
7339460403140480,1,latency,0,4096,13,0,0
7339460403140480,2,market_ingress,0,1024,22,0,0
7339460403140480,2,trader_request,0,1024,3,0,0
7339460403140480,2,trading_callback,0,1024,6,0,0
7339460403140480,2,trace,0,8192,15,0,0
7339460403140480,2,latency,0,4096,28,0,0
7339460403140480,3,market_ingress,0,1024,15,0,0
7339460403140480,3,trader_request,0,1024,4,0,0
7339460403140480,3,trading_callback,0,1024,5,0,0
7339460403140480,3,trace,0,8192,5,0,0
7339460403140480,3,latency,0,4096,20,0,0
7339460504091733,0,market_ingress,0,1024,24,0,0
7339460504091733,0,trader_request,0,1024,6,0,0
7339460504091733,0,trading_callback,0,1024,11,0,0
7339460504091733,0,trace,0,8192,25,0,0
7339460504091733,0,latency,0,4096,29,0,0
7339460504091733,1,market_ingress,0,1024,21,0,0
7339460504091733,1,trader_request,0,1024,2,0,0
7339460504091733,1,trading_callback,0,1024,3,0,0
7339460504091733,1,trace,0,8192,42,0,0
7339460504091733,1,latency,0,4096,13,0,0
7339460504091733,2,market_ingress,0,1024,22,0,0
7339460504091733,2,trader_request,0,1024,3,0,0
7339460504091733,2,trading_callback,0,1024,6,0,0
7339460504091733,2,trace,0,8192,15,0,0
7339460504091733,2,latency,0,4096,28,0,0
7339460504091733,3,market_ingress,0,1024,15,0,0
7339460504091733,3,trader_request,0,1024,4,0,0
7339460504091733,3,trading_callback,0,1024,5,0,0
7339460504091733,3,trace,0,8192,5,0,0
7339460504091733,3,latency,0,4096,20,0,0
7339460604681794,0,market_ingress,0,1024,24,0,0
7339460604681794,0,trader_request,0,1024,6,0,0
7339460604681794,0,trading_callback,0,1024,11,0,0
7339460604681794,0,trace,0,8192,25,0,0
7339460604681794,0,latency,0,4096,29,0,0
7339460604681794,1,market_ingress,0,1024,21,0,0
7339460604681794,1,trader_request,0,1024,2,0,0
7339460604681794,1,trading_callback,0,1024,3,0,0
7339460604681794,1,trace,0,8192,42,0,0
7339460604681794,1,latency,0,4096,13,0,0
7339460604681794,2,market_ingress,0,1024,22,0,0
7339460604681794,2,trader_request,0,1024,3,0,0
7339460604681794,2,trading_callback,0,1024,6,0,0
7339460604681794,2,trace,0,8192,15,0,0
7339460604681794,2,latency,0,4096,28,0,0
7339460604681794,3,market_ingress,0,1024,15,0,0
7339460604681794,3,trader_request,0,1024,4,0,0
7339460604681794,3,trading_callback,0,1024,5,0,0
7339460604681794,3,trace,0,8192,5,0,0
7339460604681794,3,latency,0,4096,20,0,0
7339460705257656,0,market_ingress,0,1024,24,0,0
7339460705257656,0,trader_request,0,1024,6,0,0
7339460705257656,0,trading_callback,0,1024,11,0,0
7339460705257656,0,trace,2,8192,25,1870934,0
7339460705257656,0,latency,0,4096,29,0,0
7339460705257656,1,market_ingress,0,1024,21,0,0
7339460705257656,1,trader_request,0,1024,2,0,0
7339460705257656,1,trading_callback,0,1024,3,0,0
7339460705257656,1,trace,0,8192,42,0,0
7339460705257656,1,latency,0,4096,13,0,0
7339460705257656,2,market_ingress,0,1024,22,0,0
7339460705257656,2,trader_request,0,1024,3,0,0
7339460705257656,2,trading_callback,0,1024,6,0,0
7339460705257656,2,trace,0,8192,15,0,0
7339460705257656,2,latency,0,4096,28,0,0
7339460705257656,3,market_ingress,0,1024,15,0,0
7339460705257656,3,trader_request,0,1024,4,0,0
7339460705257656,3,trading_callback,0,1024,5,0,0
7339460705257656,3,trace,0,8192,5,0,0
7339460705257656,3,latency,0,4096,20,0,0
7339460805980222,0,market_ingress,0,1024,24,0,0
7339460805980222,0,trader_request,0,1024,6,0,0
7339460805980222,0,trading_callback,0,1024,11,0,0
7339460805980222,0,trace,0,8192,29,0,0
7339460805980222,0,latency,0,4096,29,0,0
7339460805980222,1,market_ingress,0,1024,21,0,0
7339460805980222,1,trader_request,0,1024,2,0,0
7339460805980222,1,trading_callback,0,1024,3,0,0
7339460805980222,1,trace,0,8192,42,0,0
7339460805980222,1,latency,0,4096,13,0,0
7339460805980222,2,market_ingress,0,1024,22,0,0
7339460805980222,2,trader_request,0,1024,3,0,0
7339460805980222,2,trading_callback,0,1024,6,0,0
7339460805980222,2,trace,0,8192,15,0,0
7339460805980222,2,latency,0,4096,28,0,0
7339460805980222,3,market_ingress,0,1024,15,0,0
7339460805980222,3,trader_request,0,1024,4,0,0
7339460805980222,3,trading_callback,0,1024,5,0,0
7339460805980222,3,trace,0,8192,5,0,0
7339460805980222,3,latency,0,4096,20,0,0
7339460908042741,0,market_ingress,0,1024,24,0,0
7339460908042741,0,trader_request,0,1024,6,0,0
7339460908042741,0,trading_callback,0,1024,11,0,0
7339460908042741,0,trace,0,8192,29,0,0
7339460908042741,0,latency,1,4096,29,562177,0
7339460908042741,1,market_ingress,0,1024,21,0,0
7339460908042741,1,trader_request,0,1024,3,0,0
7339460908042741,1,trading_callback,0,1024,6,0,0
7339460908042741,1,trace,0,8192,42,0,0
7339460908042741,1,latency,0,4096,13,0,0
7339460908042741,2,market_ingress,0,1024,22,0,0
7339460908042741,2,trader_request,0,1024,3,0,0
7339460908042741,2,trading_callback,0,1024,6,0,0
7339460908042741,2,trace,0,8192,15,0,0
7339460908042741,2,latency,0,4096,28,0,0
7339460908042741,3,market_ingress,0,1024,15,0,0
7339460908042741,3,trader_request,0,1024,4,0,0
7339460908042741,3,trading_callback,0,1024,5,0,0
7339460908042741,3,trace,0,8192,10,0,0
7339460908042741,3,latency,0,4096,20,0,0
7339461008749948,0,market_ingress,0,1024,24,0,0
7339461008749948,0,trader_request,0,1024,6,0,0
7339461008749948,0,trading_callback,0,1024,11,0,0
7339461008749948,0,trace,0,8192,29,0,0
7339461008749948,0,latency,1,4096,29,395526,0
7339461008749948,1,market_ingress,0,1024,21,0,0
7339461008749948,1,trader_request,0,1024,3,0,0
7339461008749948,1,trading_callback,0,1024,6,0,0
7339461008749948,1,trace,0,8192,42,0,0
7339461008749948,1,latency,0,4096,13,0,0
7339461008749948,2,market_ingress,0,1024,22,0,0
7339461008749948,2,trader_request,0,1024,3,0,0
7339461008749948,2,trading_callback,0,1024,6,0,0
7339461008749948,2,trace,0,8192,15,0,0
7339461008749948,2,latency,0,4096,28,0,0
7339461008749948,3,market_ingress,0,1024,15,0,0
7339461008749948,3,trader_request,0,1024,4,0,0
7339461008749948,3,trading_callback,0,1024,5,0,0
7339461008749948,3,trace,0,8192,10,0,0
7339461008749948,3,latency,0,4096,20,0,0
7339461109496436,0,market_ingress,0,1024,24,0,0
7339461109496436,0,trader_request,0,1024,6,0,0
7339461109496436,0,trading_callback,0,1024,11,0,0
7339461109496436,0,trace,0,8192,29,0,0
7339461109496436,0,latency,1,4096,29,292912,0
7339461109496436,1,market_ingress,0,1024,21,0,0
7339461109496436,1,trader_request,0,1024,3,0,0
7339461109496436,1,trading_callback,0,1024,6,0,0
7339461109496436,1,trace,0,8192,42,0,0
7339461109496436,1,latency,0,4096,13,0,0
7339461109496436,2,market_ingress,0,1024,22,0,0
7339461109496436,2,trader_request,0,1024,3,0,0
7339461109496436,2,trading_callback,0,1024,6,0,0
7339461109496436,2,trace,0,8192,15,0,0
7339461109496436,2,latency,0,4096,28,0,0
7339461109496436,3,market_ingress,0,1024,15,0,0
7339461109496436,3,trader_request,0,1024,4,0,0
7339461109496436,3,trading_callback,0,1024,5,0,0
7339461109496436,3,trace,0,8192,10,0,0
7339461109496436,3,latency,0,4096,20,0,0
7339461210454104,0,market_ingress,0,1024,24,0,0
7339461210454104,0,trader_request,0,1024,6,0,0
7339461210454104,0,trading_callback,0,1024,11,0,0
7339461210454104,0,trace,0,8192,29,0,0
7339461210454104,0,latency,0,4096,29,0,0
7339461210454104,1,market_ingress,0,1024,21,0,0
7339461210454104,1,trader_request,0,1024,3,0,0
7339461210454104,1,trading_callback,0,1024,6,0,0
7339461210454104,1,trace,0,8192,42,0,0
7339461210454104,1,latency,0,4096,13,0,0
7339461210454104,2,market_ingress,0,1024,22,0,0
7339461210454104,2,trader_request,0,1024,3,0,0
7339461210454104,2,trading_callback,0,1024,6,0,0
7339461210454104,2,trace,0,8192,15,0,0
7339461210454104,2,latency,0,4096,28,0,0
7339461210454104,3,market_ingress,0,1024,15,0,0
7339461210454104,3,trader_request,0,1024,4,0,0
7339461210454104,3,trading_callback,0,1024,5,0,0
7339461210454104,3,trace,0,8192,10,0,0
7339461210454104,3,latency,0,4096,20,0,0
7339461311080171,0,market_ingress,0,1024,24,0,0
7339461311080171,0,trader_request,0,1024,6,0,0
7339461311080171,0,trading_callback,0,1024,11,0,0
7339461311080171,0,trace,0,8192,29,0,0
7339461311080171,0,latency,0,4096,29,0,0
7339461311080171,1,market_ingress,0,1024,21,0,0
7339461311080171,1,trader_request,0,1024,3,0,0
7339461311080171,1,trading_callback,0,1024,6,0,0
7339461311080171,1,trace,0,8192,42,0,0
7339461311080171,1,latency,0,4096,13,0,0
7339461311080171,2,market_ingress,0,1024,22,0,0
7339461311080171,2,trader_request,0,1024,3,0,0
7339461311080171,2,trading_callback,0,1024,6,0,0
7339461311080171,2,trace,0,8192,15,0,0
7339461311080171,2,latency,0,4096,28,0,0
7339461311080171,3,market_ingress,0,1024,15,0,0
7339461311080171,3,trader_request,0,1024,4,0,0
7339461311080171,3,trading_callback,0,1024,5,0,0
7339461311080171,3,trace,0,8192,10,0,0
7339461311080171,3,latency,0,4096,20,0,0
7339461411647722,0,market_ingress,0,1024,24,0,0
7339461411647722,0,trader_request,0,1024,6,0,0
7339461411647722,0,trading_callback,0,1024,11,0,0
7339461411647722,0,trace,0,8192,29,0,0
7339461411647722,0,latency,0,4096,29,0,0
7339461411647722,1,market_ingress,0,1024,21,0,0
7339461411647722,1,trader_request,0,1024,3,0,0
7339461411647722,1,trading_callback,0,1024,6,0,0
7339461411647722,1,trace,0,8192,42,0,0
7339461411647722,1,latency,0,4096,13,0,0
7339461411647722,2,market_ingress,0,1024,22,0,0
7339461411647722,2,trader_request,0,1024,3,0,0
7339461411647722,2,trading_callback,0,1024,6,0,0
7339461411647722,2,trace,0,8192,15,0,0
7339461411647722,2,latency,0,4096,28,0,0
7339461411647722,3,market_ingress,0,1024,15,0,0
7339461411647722,3,trader_request,0,1024,4,0,0
7339461411647722,3,trading_callback,0,1024,5,0,0
7339461411647722,3,trace,0,8192,10,0,0
7339461411647722,3,latency,0,4096,20,0,0
7339461512491559,0,market_ingress,0,1024,24,0,0
7339461512491559,0,trader_request,0,1024,6,0,0
7339461512491559,0,trading_callback,0,1024,11,0,0
7339461512491559,0,trace,0,8192,29,0,0
7339461512491559,0,latency,0,4096,29,0,0
7339461512491559,1,market_ingress,0,1024,21,0,0
7339461512491559,1,trader_request,0,1024,3,0,0
7339461512491559,1,trading_callback,0,1024,6,0,0
7339461512491559,1,trace,0,8192,42,0,0
7339461512491559,1,latency,0,4096,13,0,0
7339461512491559,2,market_ingress,0,1024,22,0,0
7339461512491559,2,trader_request,0,1024,3,0,0
7339461512491559,2,trading_callback,0,1024,6,0,0
7339461512491559,2,trace,0,8192,15,0,0
7339461512491559,2,latency,0,4096,28,0,0
7339461512491559,3,market_ingress,0,1024,15,201,0
7339461512491559,3,trader_request,0,1024,4,0,0
7339461512491559,3,trading_callback,0,1024,5,0,0
7339461512491559,3,trace,0,8192,10,0,0
7339461512491559,3,latency,0,4096,20,0,0
7339461613078147,0,market_ingress,0,1024,24,0,0
7339461613078147,0,trader_request,0,1024,6,0,0
7339461613078147,0,trading_callback,0,1024,11,0,0
7339461613078147,0,trace,0,8192,29,0,0
7339461613078147,0,latency,0,4096,29,0,0
7339461613078147,1,market_ingress,0,1024,21,0,0
7339461613078147,1,trader_request,0,1024,3,0,0
7339461613078147,1,trading_callback,0,1024,6,0,0
7339461613078147,1,trace,0,8192,42,0,0
7339461613078147,1,latency,0,4096,13,0,0
7339461613078147,2,market_ingress,0,1024,22,0,0
7339461613078147,2,trader_request,0,1024,3,0,0
7339461613078147,2,trading_callback,0,1024,6,0,0
7339461613078147,2,trace,0,8192,15,0,0
7339461613078147,2,latency,0,4096,28,0,0
7339461613078147,3,market_ingress,0,1024,15,0,0
7339461613078147,3,trader_request,0,1024,4,0,0
7339461613078147,3,trading_callback,0,1024,5,0,0
7339461613078147,3,trace,0,8192,10,0,0
7339461613078147,3,latency,0,4096,20,0,0
7339461713653908,0,market_ingress,0,1024,24,0,0
7339461713653908,0,trader_request,0,1024,6,0,0
7339461713653908,0,trading_callback,0,1024,11,0,0
7339461713653908,0,trace,0,8192,29,0,0
7339461713653908,0,latency,0,4096,29,0,0
7339461713653908,1,market_ingress,0,1024,21,0,0
7339461713653908,1,trader_request,0,1024,3,0,0
7339461713653908,1,trading_callback,2,1024,6,220116,0
7339461713653908,1,trace,0,8192,42,0,0
7339461713653908,1,latency,0,4096,13,0,0
7339461713653908,2,market_ingress,0,1024,22,0,0
7339461713653908,2,trader_request,0,1024,3,0,0
7339461713653908,2,trading_callback,0,1024,6,0,0
7339461713653908,2,trace,0,8192,15,0,0
7339461713653908,2,latency,0,4096,28,0,0
7339461713653908,3,market_ingress,0,1024,15,0,0
7339461713653908,3,trader_request,0,1024,4,0,0
7339461713653908,3,trading_callback,0,1024,5,0,0
7339461713653908,3,trace,0,8192,10,0,0
7339461713653908,3,latency,0,4096,20,0,0
7339461814438143,0,market_ingress,0,1024,24,0,0
7339461814438143,0,trader_request,0,1024,6,0,0
7339461814438143,0,trading_callback,0,1024,11,0,0
7339461814438143,0,trace,0,8192,29,0,0
7339461814438143,0,latency,0,4096,29,0,0
7339461814438143,1,market_ingress,0,1024,21,0,0
7339461814438143,1,trader_request,0,1024,3,0,0
7339461814438143,1,trading_callback,0,1024,6,0,0
7339461814438143,1,trace,0,8192,42,0,0
7339461814438143,1,latency,0,4096,13,0,0
7339461814438143,2,market_ingress,0,1024,22,0,0
7339461814438143,2,trader_request,0,1024,3,0,0
7339461814438143,2,trading_callback,0,1024,6,0,0
7339461814438143,2,trace,0,8192,15,0,0
7339461814438143,2,latency,0,4096,28,0,0
7339461814438143,3,market_ingress,0,1024,15,0,0
7339461814438143,3,trader_request,0,1024,4,0,0
7339461814438143,3,trading_callback,0,1024,5,0,0
7339461814438143,3,trace,0,8192,10,0,0
7339461814438143,3,latency,0,4096,20,0,0
7339461915019020,0,market_ingress,0,1024,24,0,0
7339461915019020,0,trader_request,0,1024,6,0,0
7339461915019020,0,trading_callback,0,1024,11,0,0
7339461915019020,0,trace,0,8192,29,0,0
7339461915019020,0,latency,0,4096,29,0,0
7339461915019020,1,market_ingress,0,1024,21,0,0
7339461915019020,1,trader_request,0,1024,3,0,0
7339461915019020,1,trading_callback,0,1024,6,0,0
7339461915019020,1,trace,0,8192,42,0,0
7339461915019020,1,latency,0,4096,13,0,0
7339461915019020,2,market_ingress,0,1024,22,0,0
7339461915019020,2,trader_request,0,1024,3,0,0
7339461915019020,2,trading_callback,0,1024,6,0,0
7339461915019020,2,trace,0,8192,15,0,0
7339461915019020,2,latency,0,4096,28,0,0
7339461915019020,3,market_ingress,0,1024,15,0,0
7339461915019020,3,trader_request,0,1024,4,0,0
7339461915019020,3,trading_callback,0,1024,5,0,0
7339461915019020,3,trace,0,8192,10,0,0
7339461915019020,3,latency,0,4096,20,0,0
7339462015729118,0,market_ingress,0,1024,24,0,0
7339462015729118,0,trader_request,0,1024,6,0,0
7339462015729118,0,trading_callback,0,1024,11,0,0
7339462015729118,0,trace,0,8192,29,0,0
7339462015729118,0,latency,0,4096,29,0,0
7339462015729118,1,market_ingress,0,1024,21,0,0
7339462015729118,1,trader_request,0,1024,3,0,0
7339462015729118,1,trading_callback,1,1024,6,248087,0
7339462015729118,1,trace,0,8192,42,0,0
7339462015729118,1,latency,0,4096,13,0,0
7339462015729118,2,market_ingress,0,1024,22,0,0
7339462015729118,2,trader_request,0,1024,3,0,0
7339462015729118,2,trading_callback,0,1024,6,0,0
7339462015729118,2,trace,0,8192,15,0,0
7339462015729118,2,latency,0,4096,28,0,0
7339462015729118,3,market_ingress,0,1024,15,0,0
7339462015729118,3,trader_request,0,1024,4,0,0
7339462015729118,3,trading_callback,0,1024,5,0,0
7339462015729118,3,trace,0,8192,10,0,0
7339462015729118,3,latency,0,4096,20,0,0
7339462117066443,0,market_ingress,0,1024,24,0,0
7339462117066443,0,trader_request,0,1024,6,0,0
7339462117066443,0,trading_callback,0,1024,11,0,0
7339462117066443,0,trace,0,8192,29,0,0
7339462117066443,0,latency,0,4096,29,0,0
7339462117066443,1,market_ingress,0,1024,21,0,0
7339462117066443,1,trader_request,0,1024,3,0,0
7339462117066443,1,trading_callback,0,1024,6,0,0
7339462117066443,1,trace,0,8192,42,0,0
7339462117066443,1,latency,0,4096,13,0,0
7339462117066443,2,market_ingress,0,1024,22,0,0
7339462117066443,2,trader_request,0,1024,3,0,0
7339462117066443,2,trading_callback,0,1024,6,0,0
7339462117066443,2,trace,0,8192,15,0,0
7339462117066443,2,latency,0,4096,28,0,0
7339462117066443,3,market_ingress,0,1024,15,0,0
7339462117066443,3,trader_request,0,1024,4,0,0
7339462117066443,3,trading_callback,0,1024,5,0,0
7339462117066443,3,trace,0,8192,10,0,0
7339462117066443,3,latency,0,4096,20,0,0
7339462217696469,0,market_ingress,0,1024,24,0,0
7339462217696469,0,trader_request,0,1024,6,0,0
7339462217696469,0,trading_callback,0,1024,11,0,0
7339462217696469,0,trace,0,8192,29,0,0
7339462217696469,0,latency,0,4096,29,0,0
7339462217696469,1,market_ingress,0,1024,21,0,0
7339462217696469,1,trader_request,0,1024,3,0,0
7339462217696469,1,trading_callback,1,1024,6,220605,0
7339462217696469,1,trace,0,8192,42,0,0
7339462217696469,1,latency,0,4096,13,0,0
7339462217696469,2,market_ingress,0,1024,22,0,0
7339462217696469,2,trader_request,0,1024,3,0,0
7339462217696469,2,trading_callback,0,1024,6,0,0
7339462217696469,2,trace,0,8192,15,0,0
7339462217696469,2,latency,0,4096,28,0,0
7339462217696469,3,market_ingress,0,1024,15,0,0
7339462217696469,3,trader_request,0,1024,4,0,0
7339462217696469,3,trading_callback,0,1024,5,0,0
7339462217696469,3,trace,0,8192,10,0,0
7339462217696469,3,latency,0,4096,20,0,0
7339462318445659,0,market_ingress,0,1024,24,0,0
7339462318445659,0,trader_request,0,1024,6,0,0
7339462318445659,0,trading_callback,0,1024,11,0,0
7339462318445659,0,trace,0,8192,29,0,0
7339462318445659,0,latency,0,4096,29,0,0
7339462318445659,1,market_ingress,0,1024,21,0,0
7339462318445659,1,trader_request,0,1024,3,0,0
7339462318445659,1,trading_callback,0,1024,6,0,0
7339462318445659,1,trace,0,8192,42,0,0
7339462318445659,1,latency,0,4096,13,0,0
7339462318445659,2,market_ingress,0,1024,22,0,0
7339462318445659,2,trader_request,0,1024,3,0,0
7339462318445659,2,trading_callback,0,1024,6,0,0
7339462318445659,2,trace,0,8192,15,0,0
7339462318445659,2,latency,0,4096,28,0,0
7339462318445659,3,market_ingress,0,1024,15,0,0
7339462318445659,3,trader_request,0,1024,4,0,0
7339462318445659,3,trading_callback,0,1024,5,0,0
7339462318445659,3,trace,0,8192,10,0,0
7339462318445659,3,latency,0,4096,20,0,0
7339462419045061,0,market_ingress,0,1024,24,0,0
7339462419045061,0,trader_request,0,1024,6,0,0
7339462419045061,0,trading_callback,0,1024,11,0,0
7339462419045061,0,trace,0,8192,29,0,0
7339462419045061,0,latency,0,4096,29,0,0
7339462419045061,1,market_ingress,0,1024,21,0,0
7339462419045061,1,trader_request,0,1024,3,0,0
7339462419045061,1,trading_callback,0,1024,6,0,0
7339462419045061,1,trace,0,8192,42,0,0
7339462419045061,1,latency,0,4096,13,0,0
7339462419045061,2,market_ingress,0,1024,22,0,0
7339462419045061,2,trader_request,0,1024,3,0,0
7339462419045061,2,trading_callback,0,1024,6,0,0
7339462419045061,2,trace,0,8192,15,0,0
7339462419045061,2,latency,0,4096,28,0,0
7339462419045061,3,market_ingress,0,1024,15,0,0
7339462419045061,3,trader_request,0,1024,4,0,0
7339462419045061,3,trading_callback,0,1024,5,0,0
7339462419045061,3,trace,0,8192,10,0,0
7339462419045061,3,latency,0,4096,20,0,0
7339462519610818,0,market_ingress,0,1024,24,0,0
7339462519610818,0,trader_request,0,1024,6,0,0
7339462519610818,0,trading_callback,1,1024,11,23423,0
7339462519610818,0,trace,0,8192,29,0,0
7339462519610818,0,latency,0,4096,29,0,0
7339462519610818,1,market_ingress,0,1024,21,0,0
7339462519610818,1,trader_request,0,1024,3,0,0
7339462519610818,1,trading_callback,2,1024,6,36192,0
7339462519610818,1,trace,0,8192,42,0,0
7339462519610818,1,latency,0,4096,13,0,0
7339462519610818,2,market_ingress,0,1024,22,0,0
7339462519610818,2,trader_request,0,1024,3,0,0
7339462519610818,2,trading_callback,0,1024,6,0,0
7339462519610818,2,trace,0,8192,15,0,0
7339462519610818,2,latency,0,4096,28,0,0
7339462519610818,3,market_ingress,0,1024,15,0,0
7339462519610818,3,trader_request,0,1024,4,0,0
7339462519610818,3,trading_callback,0,1024,5,0,0
7339462519610818,3,trace,0,8192,10,0,0
7339462519610818,3,latency,0,4096,20,0,0
7339462620231172,0,market_ingress,0,1024,24,0,0
7339462620231172,0,trader_request,0,1024,6,0,0
7339462620231172,0,trading_callback,0,1024,11,0,0
7339462620231172,0,trace,0,8192,29,0,0
7339462620231172,0,latency,0,4096,29,0,0
7339462620231172,1,market_ingress,0,1024,21,0,0
7339462620231172,1,trader_request,0,1024,3,0,0
7339462620231172,1,trading_callback,0,1024,6,0,0
7339462620231172,1,trace,0,8192,42,0,0
7339462620231172,1,latency,0,4096,13,0,0
7339462620231172,2,market_ingress,0,1024,22,0,0
7339462620231172,2,trader_request,0,1024,3,0,0
7339462620231172,2,trading_callback,0,1024,6,0,0
7339462620231172,2,trace,0,8192,15,0,0
7339462620231172,2,latency,0,4096,28,0,0
7339462620231172,3,market_ingress,0,1024,15,0,0
7339462620231172,3,trader_request,0,1024,4,0,0
7339462620231172,3,trading_callback,0,1024,5,0,0
7339462620231172,3,trace,0,8192,10,0,0
7339462620231172,3,latency,0,4096,20,0,0
7339462722060342,0,market_ingress,0,1024,24,0,0
7339462722060342,0,trader_request,0,1024,6,0,0
7339462722060342,0,trading_callback,0,1024,11,0,0
7339462722060342,0,trace,4,8192,29,431544,0
7339462722060342,0,latency,0,4096,29,0,0
7339462722060342,1,market_ingress,0,1024,21,0,0
7339462722060342,1,trader_request,0,1024,3,0,0
7339462722060342,1,trading_callback,1,1024,6,506444,0
7339462722060342,1,trace,0,8192,42,0,0
7339462722060342,1,latency,0,4096,13,0,0
7339462722060342,2,market_ingress,0,1024,22,0,0
7339462722060342,2,trader_request,0,1024,3,0,0
7339462722060342,2,trading_callback,0,1024,6,0,0
7339462722060342,2,trace,0,8192,15,0,0
7339462722060342,2,latency,0,4096,28,0,0
7339462722060342,3,market_ingress,0,1024,15,0,0
7339462722060342,3,trader_request,0,1024,4,0,0
7339462722060342,3,trading_callback,0,1024,5,0,0
7339462722060342,3,trace,0,8192,10,0,0
7339462722060342,3,latency,0,4096,20,0,0
7339462822789343,0,market_ingress,0,1024,24,0,0
7339462822789343,0,trader_request,0,1024,6,0,0
7339462822789343,0,trading_callback,0,1024,11,0,0
7339462822789343,0,trace,0,8192,29,0,0
7339462822789343,0,latency,0,4096,29,0,0
7339462822789343,1,market_ingress,0,1024,21,0,0
7339462822789343,1,trader_request,0,1024,3,0,0
7339462822789343,1,trading_callback,0,1024,6,0,0
7339462822789343,1,trace,0,8192,42,0,0
7339462822789343,1,latency,0,4096,13,0,0
7339462822789343,2,market_ingress,0,1024,22,0,0
7339462822789343,2,trader_request,0,1024,3,0,0
7339462822789343,2,trading_callback,0,1024,6,0,0
7339462822789343,2,trace,0,8192,15,0,0
7339462822789343,2,latency,0,4096,28,0,0
7339462822789343,3,market_ingress,0,1024,15,0,0
7339462822789343,3,trader_request,0,1024,4,0,0
7339462822789343,3,trading_callback,0,1024,5,0,0
7339462822789343,3,trace,0,8192,10,0,0
7339462822789343,3,latency,0,4096,20,0,0
7339462923374442,0,market_ingress,0,1024,24,0,0
7339462923374442,0,trader_request,0,1024,6,0,0
7339462923374442,0,trading_callback,0,1024,11,0,0
7339462923374442,0,trace,0,8192,29,0,0
7339462923374442,0,latency,0,4096,29,0,0
7339462923374442,1,market_ingress,0,1024,21,0,0
7339462923374442,1,trader_request,0,1024,3,0,0
7339462923374442,1,trading_callback,0,1024,6,0,0
7339462923374442,1,trace,0,8192,42,0,0
7339462923374442,1,latency,0,4096,13,0,0
7339462923374442,2,market_ingress,0,1024,22,0,0
7339462923374442,2,trader_request,0,1024,3,0,0
7339462923374442,2,trading_callback,0,1024,6,0,0
7339462923374442,2,trace,0,8192,15,0,0
7339462923374442,2,latency,0,4096,28,0,0
7339462923374442,3,market_ingress,0,1024,15,0,0
7339462923374442,3,trader_request,0,1024,4,0,0
7339462923374442,3,trading_callback,0,1024,5,0,0
7339462923374442,3,trace,0,8192,10,0,0
7339462923374442,3,latency,0,4096,20,0,0
7339463024089989,0,market_ingress,0,1024,24,0,0
7339463024089989,0,trader_request,0,1024,6,0,0
7339463024089989,0,trading_callback,0,1024,11,0,0
7339463024089989,0,trace,0,8192,29,0,0
7339463024089989,0,latency,0,4096,29,0,0
7339463024089989,1,market_ingress,0,1024,21,0,0
7339463024089989,1,trader_request,0,1024,3,0,0
7339463024089989,1,trading_callback,0,1024,6,0,0
7339463024089989,1,trace,0,8192,42,0,0
7339463024089989,1,latency,0,4096,13,0,0
7339463024089989,2,market_ingress,0,1024,22,0,0
7339463024089989,2,trader_request,0,1024,3,0,0
7339463024089989,2,trading_callback,0,1024,6,0,0
7339463024089989,2,trace,0,8192,15,0,0
7339463024089989,2,latency,0,4096,28,0,0
7339463024089989,3,market_ingress,0,1024,15,0,0
7339463024089989,3,trader_request,0,1024,4,0,0
7339463024089989,3,trading_callback,0,1024,5,0,0
7339463024089989,3,trace,0,8192,10,0,0
7339463024089989,3,latency,0,4096,20,0,0
7339463124969323,0,market_ingress,0,1024,24,0,0
7339463124969323,0,trader_request,0,1024,6,0,0
7339463124969323,0,trading_callback,0,1024,11,0,0
7339463124969323,0,trace,0,8192,29,0,0
7339463124969323,0,latency,0,4096,29,0,0
7339463124969323,1,market_ingress,0,1024,21,0,0
7339463124969323,1,trader_request,0,1024,3,0,0
7339463124969323,1,trading_callback,0,1024,6,0,0
7339463124969323,1,trace,0,8192,42,0,0
7339463124969323,1,latency,0,4096,13,0,0
7339463124969323,2,market_ingress,0,1024,22,0,0
7339463124969323,2,trader_request,0,1024,3,0,0
7339463124969323,2,trading_callback,0,1024,6,0,0
7339463124969323,2,trace,0,8192,15,0,0
7339463124969323,2,latency,0,4096,28,0,0
7339463124969323,3,market_ingress,0,1024,15,0,0
7339463124969323,3,trader_request,0,1024,4,0,0
7339463124969323,3,trading_callback,0,1024,5,0,0
7339463124969323,3,trace,0,8192,10,0,0
7339463124969323,3,latency,0,4096,20,0,0
7339463225632882,0,market_ingress,0,1024,24,0,0
7339463225632882,0,trader_request,0,1024,6,0,0
7339463225632882,0,trading_callback,0,1024,11,0,0
7339463225632882,0,trace,0,8192,29,0,0
7339463225632882,0,latency,0,4096,29,0,0
7339463225632882,1,market_ingress,0,1024,21,0,0
7339463225632882,1,trader_request,0,1024,3,0,0
7339463225632882,1,trading_callback,2,1024,6,85075,0
7339463225632882,1,trace,0,8192,42,0,0
7339463225632882,1,latency,0,4096,13,0,0
7339463225632882,2,market_ingress,0,1024,22,0,0
7339463225632882,2,trader_request,0,1024,3,0,0
7339463225632882,2,trading_callback,1,1024,6,104547,0
7339463225632882,2,trace,0,8192,15,0,0
7339463225632882,2,latency,0,4096,28,0,0
7339463225632882,3,market_ingress,0,1024,15,0,0
7339463225632882,3,trader_request,0,1024,4,0,0
7339463225632882,3,trading_callback,0,1024,5,0,0
7339463225632882,3,trace,0,8192,10,0,0
7339463225632882,3,latency,0,4096,20,0,0
7339463326313555,0,market_ingress,0,1024,24,0,0
7339463326313555,0,trader_request,0,1024,6,0,0
7339463326313555,0,trading_callback,0,1024,11,0,0
7339463326313555,0,trace,0,8192,29,0,0
7339463326313555,0,latency,0,4096,29,0,0
7339463326313555,1,market_ingress,0,1024,21,0,0
7339463326313555,1,trader_request,0,1024,3,0,0
7339463326313555,1,trading_callback,0,1024,6,0,0
7339463326313555,1,trace,0,8192,42,0,0
7339463326313555,1,latency,0,4096,13,0,0
7339463326313555,2,market_ingress,0,1024,22,0,0
7339463326313555,2,trader_request,0,1024,3,0,0
7339463326313555,2,trading_callback,0,1024,6,0,0
7339463326313555,2,trace,0,8192,15,0,0
7339463326313555,2,latency,0,4096,28,0,0
7339463326313555,3,market_ingress,0,1024,15,0,0
7339463326313555,3,trader_request,0,1024,4,0,0
7339463326313555,3,trading_callback,0,1024,5,0,0
7339463326313555,3,trace,0,8192,10,0,0
7339463326313555,3,latency,0,4096,20,0,0
7339463426934842,0,market_ingress,0,1024,24,0,0
7339463426934842,0,trader_request,0,1024,6,0,0
7339463426934842,0,trading_callback,0,1024,11,0,0
7339463426934842,0,trace,0,8192,29,0,0
7339463426934842,0,latency,0,4096,29,0,0
7339463426934842,1,market_ingress,0,1024,21,0,0
7339463426934842,1,trader_request,0,1024,3,0,0
7339463426934842,1,trading_callback,0,1024,6,0,0
7339463426934842,1,trace,0,8192,42,0,0
7339463426934842,1,latency,0,4096,13,0,0
7339463426934842,2,market_ingress,0,1024,22,0,0
7339463426934842,2,trader_request,0,1024,3,0,0
7339463426934842,2,trading_callback,0,1024,6,0,0
7339463426934842,2,trace,0,8192,15,0,0
7339463426934842,2,latency,0,4096,28,0,0
7339463426934842,3,market_ingress,0,1024,15,0,0
7339463426934842,3,trader_request,0,1024,4,0,0
7339463426934842,3,trading_callback,0,1024,5,0,0
7339463426934842,3,trace,0,8192,10,0,0
7339463426934842,3,latency,0,4096,20,0,0
7339463527815309,0,market_ingress,0,1024,24,0,0
7339463527815309,0,trader_request,0,1024,6,0,0
7339463527815309,0,trading_callback,0,1024,11,0,0
7339463527815309,0,trace,0,8192,29,0,0
7339463527815309,0,latency,0,4096,29,0,0
7339463527815309,1,market_ingress,0,1024,21,0,0
7339463527815309,1,trader_request,0,1024,3,0,0
7339463527815309,1,trading_callback,0,1024,6,0,0
7339463527815309,1,trace,0,8192,42,0,0
7339463527815309,1,latency,0,4096,13,0,0
7339463527815309,2,market_ingress,0,1024,22,0,0
7339463527815309,2,trader_request,0,1024,3,0,0
7339463527815309,2,trading_callback,0,1024,6,0,0
7339463527815309,2,trace,0,8192,15,0,0
7339463527815309,2,latency,0,4096,28,0,0
7339463527815309,3,market_ingress,0,1024,15,0,0
7339463527815309,3,trader_request,0,1024,4,0,0
7339463527815309,3,trading_callback,0,1024,5,0,0
7339463527815309,3,trace,0,8192,10,0,0
7339463527815309,3,latency,0,4096,20,0,0
7339463628517176,0,market_ingress,0,1024,24,0,0
7339463628517176,0,trader_request,0,1024,6,0,0
7339463628517176,0,trading_callback,0,1024,11,0,0
7339463628517176,0,trace,0,8192,29,0,0
7339463628517176,0,latency,0,4096,29,0,0
7339463628517176,1,market_ingress,0,1024,21,0,0
7339463628517176,1,trader_request,0,1024,3,0,0
7339463628517176,1,trading_callback,0,1024,6,0,0
7339463628517176,1,trace,0,8192,42,0,0
7339463628517176,1,latency,0,4096,13,0,0
7339463628517176,2,market_ingress,0,1024,22,0,0
7339463628517176,2,trader_request,0,1024,3,0,0
7339463628517176,2,trading_callback,0,1024,6,0,0
7339463628517176,2,trace,0,8192,15,0,0
7339463628517176,2,latency,0,4096,28,0,0
7339463628517176,3,market_ingress,0,1024,15,0,0
7339463628517176,3,trader_request,0,1024,4,0,0
7339463628517176,3,trading_callback,0,1024,5,0,0
7339463628517176,3,trace,0,8192,10,0,0
7339463628517176,3,latency,0,4096,20,0,0
7339463732072762,0,market_ingress,0,1024,24,0,0
7339463732072762,0,trader_request,0,1024,6,0,0
7339463732072762,0,trading_callback,0,1024,11,0,0
7339463732072762,0,trace,0,8192,29,0,0
7339463732072762,0,latency,0,4096,29,0,0
7339463732072762,1,market_ingress,0,1024,21,0,0
7339463732072762,1,trader_request,0,1024,3,0,0
7339463732072762,1,trading_callback,0,1024,6,0,0
7339463732072762,1,trace,0,8192,42,0,0
7339463732072762,1,latency,0,4096,13,0,0
7339463732072762,2,market_ingress,0,1024,22,0,0
7339463732072762,2,trader_request,0,1024,3,0,0
7339463732072762,2,trading_callback,0,1024,6,0,0
7339463732072762,2,trace,0,8192,15,0,0
7339463732072762,2,latency,0,4096,28,0,0
7339463732072762,3,market_ingress,0,1024,15,0,0
7339463732072762,3,trader_request,0,1024,4,0,0
7339463732072762,3,trading_callback,0,1024,5,0,0
7339463732072762,3,trace,0,8192,10,0,0
7339463732072762,3,latency,0,4096,20,0,0
7339463835777182,0,market_ingress,0,1024,24,0,0
7339463835777182,0,trader_request,0,1024,6,0,0
7339463835777182,0,trading_callback,0,1024,11,0,0
7339463835777182,0,trace,0,8192,29,0,0
7339463835777182,0,latency,0,4096,29,0,0
7339463835777182,1,market_ingress,0,1024,21,0,0
7339463835777182,1,trader_request,0,1024,3,0,0
7339463835777182,1,trading_callback,0,1024,6,0,0
7339463835777182,1,trace,0,8192,42,0,0
7339463835777182,1,latency,0,4096,13,0,0
7339463835777182,2,market_ingress,0,1024,22,0,0
7339463835777182,2,trader_request,0,1024,3,0,0
7339463835777182,2,trading_callback,0,1024,6,0,0
7339463835777182,2,trace,0,8192,21,0,0
7339463835777182,2,latency,0,4096,28,0,0
7339463835777182,3,market_ingress,0,1024,15,0,0
7339463835777182,3,trader_request,0,1024,4,0,0
7339463835777182,3,trading_callback,0,1024,5,0,0
7339463835777182,3,trace,0,8192,10,0,0
7339463835777182,3,latency,0,4096,20,0,0
7339463940025280,0,market_ingress,0,1024,24,0,0
7339463940025280,0,trader_request,0,1024,6,0,0
7339463940025280,0,trading_callback,0,1024,11,0,0
7339463940025280,0,trace,0,8192,29,0,0
7339463940025280,0,latency,0,4096,29,0,0
7339463940025280,1,market_ingress,0,1024,21,0,0
7339463940025280,1,trader_request,0,1024,3,0,0
7339463940025280,1,trading_callback,0,1024,6,0,0
7339463940025280,1,trace,0,8192,42,0,0
7339463940025280,1,latency,0,4096,13,0,0
7339463940025280,2,market_ingress,0,1024,22,0,0
7339463940025280,2,trader_request,0,1024,3,0,0
7339463940025280,2,trading_callback,0,1024,6,0,0
7339463940025280,2,trace,0,8192,21,0,0
7339463940025280,2,latency,0,4096,28,0,0
7339463940025280,3,market_ingress,0,1024,15,0,0
7339463940025280,3,trader_request,0,1024,4,0,0
7339463940025280,3,trading_callback,0,1024,5,0,0
7339463940025280,3,trace,0,8192,10,0,0
7339463940025280,3,latency,0,4096,20,0,0
7339464040782733,0,market_ingress,0,1024,24,0,0
7339464040782733,0,trader_request,0,1024,6,0,0
7339464040782733,0,trading_callback,0,1024,11,0,0
7339464040782733,0,trace,0,8192,29,0,0
7339464040782733,0,latency,0,4096,29,0,0
7339464040782733,1,market_ingress,0,1024,21,0,0
7339464040782733,1,trader_request,0,1024,3,0,0
7339464040782733,1,trading_callback,1,1024,6,214812,0
7339464040782733,1,trace,0,8192,42,0,0
7339464040782733,1,latency,0,4096,13,0,0
7339464040782733,2,market_ingress,0,1024,22,0,0
7339464040782733,2,trader_request,0,1024,3,0,0
7339464040782733,2,trading_callback,0,1024,6,0,0
7339464040782733,2,trace,0,8192,21,0,0
7339464040782733,2,latency,0,4096,28,0,0
7339464040782733,3,market_ingress,0,1024,15,0,0
7339464040782733,3,trader_request,0,1024,4,0,0
7339464040782733,3,trading_callback,0,1024,5,0,0
7339464040782733,3,trace,0,8192,10,0,0
7339464040782733,3,latency,0,4096,20,0,0
7339464141521242,0,market_ingress,0,1024,24,0,0
7339464141521242,0,trader_request,0,1024,6,0,0
7339464141521242,0,trading_callback,0,1024,11,0,0
7339464141521242,0,trace,0,8192,29,0,0
7339464141521242,0,latency,0,4096,29,0,0
7339464141521242,1,market_ingress,0,1024,21,0,0
7339464141521242,1,trader_request,0,1024,3,0,0
7339464141521242,1,trading_callback,0,1024,6,0,0
7339464141521242,1,trace,0,8192,42,0,0
7339464141521242,1,latency,0,4096,13,0,0
7339464141521242,2,market_ingress,1,1024,22,132582,0
7339464141521242,2,trader_request,0,1024,3,0,0
7339464141521242,2,trading_callback,0,1024,6,0,0
7339464141521242,2,trace,0,8192,21,0,0
7339464141521242,2,latency,0,4096,28,0,0
7339464141521242,3,market_ingress,0,1024,15,0,0
7339464141521242,3,trader_request,0,1024,4,0,0
7339464141521242,3,trading_callback,0,1024,5,0,0
7339464141521242,3,trace,0,8192,10,0,0
7339464141521242,3,latency,0,4096,20,0,0
7339464242243428,0,market_ingress,0,1024,24,0,0
7339464242243428,0,trader_request,0,1024,6,0,0
7339464242243428,0,trading_callback,0,1024,11,0,0
7339464242243428,0,trace,0,8192,29,0,0
7339464242243428,0,latency,0,4096,29,0,0
7339464242243428,1,market_ingress,0,1024,21,0,0
7339464242243428,1,trader_request,0,1024,3,0,0
7339464242243428,1,trading_callback,0,1024,6,0,0
7339464242243428,1,trace,0,8192,42,0,0
7339464242243428,1,latency,0,4096,13,0,0
7339464242243428,2,market_ingress,0,1024,22,0,0
7339464242243428,2,trader_request,0,1024,3,0,0
7339464242243428,2,trading_callback,0,1024,6,0,0
7339464242243428,2,trace,0,8192,21,0,0
7339464242243428,2,latency,0,4096,28,0,0
7339464242243428,3,market_ingress,0,1024,15,0,0
7339464242243428,3,trader_request,0,1024,4,0,0
7339464242243428,3,trading_callback,0,1024,5,0,0
7339464242243428,3,trace,0,8192,10,0,0
7339464242243428,3,latency,0,4096,20,0,0
7339464342978050,0,market_ingress,0,1024,24,0,0
7339464342978050,0,trader_request,0,1024,6,0,0
7339464342978050,0,trading_callback,0,1024,11,0,0
7339464342978050,0,trace,0,8192,29,0,0
7339464342978050,0,latency,0,4096,29,0,0
7339464342978050,1,market_ingress,0,1024,21,0,0
7339464342978050,1,trader_request,0,1024,3,0,0
7339464342978050,1,trading_callback,0,1024,6,0,0
7339464342978050,1,trace,0,8192,42,0,0
7339464342978050,1,latency,0,4096,13,0,0
7339464342978050,2,market_ingress,1,1024,22,642534,0
7339464342978050,2,trader_request,0,1024,3,0,0
7339464342978050,2,trading_callback,0,1024,6,0,0
7339464342978050,2,trace,0,8192,21,0,0
7339464342978050,2,latency,0,4096,28,0,0
7339464342978050,3,market_ingress,0,1024,15,0,0
7339464342978050,3,trader_request,4,1024,4,10557751,0
7339464342978050,3,trading_callback,0,1024,5,0,0
7339464342978050,3,trace,0,8192,10,0,0
7339464342978050,3,latency,0,4096,20,0,0
7339464443726121,0,market_ingress,0,1024,24,0,0
7339464443726121,0,trader_request,0,1024,6,0,0
7339464443726121,0,trading_callback,0,1024,11,0,0
7339464443726121,0,trace,0,8192,29,0,0
7339464443726121,0,latency,0,4096,29,0,0
7339464443726121,1,market_ingress,0,1024,21,0,0
7339464443726121,1,trader_request,0,1024,3,0,0
7339464443726121,1,trading_callback,1,1024,6,171988,0
7339464443726121,1,trace,0,8192,42,0,0
7339464443726121,1,latency,0,4096,13,0,0
7339464443726121,2,market_ingress,0,1024,22,0,0
7339464443726121,2,trader_request,0,1024,3,0,0
7339464443726121,2,trading_callback,0,1024,6,0,0
7339464443726121,2,trace,0,8192,21,0,0
7339464443726121,2,latency,0,4096,28,0,0
7339464443726121,3,market_ingress,0,1024,15,0,0
7339464443726121,3,trader_request,0,1024,16,0,0
7339464443726121,3,trading_callback,0,1024,31,0,0
7339464443726121,3,trace,0,8192,10,0,0
7339464443726121,3,latency,0,4096,20,0,0
7339464544910137,0,market_ingress,0,1024,24,0,0
7339464544910137,0,trader_request,0,1024,6,0,0
7339464544910137,0,trading_callback,0,1024,11,0,0
7339464544910137,0,trace,0,8192,29,0,0
7339464544910137,0,latency,0,4096,29,0,0
7339464544910137,1,market_ingress,0,1024,21,0,0
7339464544910137,1,trader_request,0,1024,3,0,0
7339464544910137,1,trading_callback,0,1024,6,0,0
7339464544910137,1,trace,0,8192,42,0,0
7339464544910137,1,latency,0,4096,13,0,0
7339464544910137,2,market_ingress,0,1024,22,0,0
7339464544910137,2,trader_request,0,1024,3,0,0
7339464544910137,2,trading_callback,0,1024,6,0,0
7339464544910137,2,trace,0,8192,21,0,0
7339464544910137,2,latency,0,4096,28,0,0
7339464544910137,3,market_ingress,0,1024,15,0,0
7339464544910137,3,trader_request,0,1024,16,0,0
7339464544910137,3,trading_callback,0,1024,31,0,0
7339464544910137,3,trace,0,8192,10,0,0
7339464544910137,3,latency,0,4096,20,0,0
7339464646156560,0,market_ingress,0,1024,24,0,0
7339464646156560,0,trader_request,0,1024,6,0,0
7339464646156560,0,trading_callback,0,1024,11,0,0
7339464646156560,0,trace,0,8192,29,0,0
7339464646156560,0,latency,0,4096,29,0,0
7339464646156560,1,market_ingress,0,1024,21,0,0
7339464646156560,1,trader_request,0,1024,3,0,0
7339464646156560,1,trading_callback,0,1024,6,0,0
7339464646156560,1,trace,0,8192,42,0,0
7339464646156560,1,latency,0,4096,13,0,0
7339464646156560,2,market_ingress,0,1024,22,0,0
7339464646156560,2,trader_request,0,1024,3,0,0
7339464646156560,2,trading_callback,0,1024,6,0,0
7339464646156560,2,trace,0,8192,21,0,0
7339464646156560,2,latency,0,4096,28,0,0
7339464646156560,3,market_ingress,0,1024,15,0,0
7339464646156560,3,trader_request,0,1024,16,0,0
7339464646156560,3,trading_callback,0,1024,31,0,0
7339464646156560,3,trace,0,8192,10,0,0
7339464646156560,3,latency,0,4096,20,0,0
7339464746850692,0,market_ingress,0,1024,24,0,0
7339464746850692,0,trader_request,0,1024,6,0,0
7339464746850692,0,trading_callback,0,1024,11,0,0
7339464746850692,0,trace,0,8192,29,0,0
7339464746850692,0,latency,0,4096,29,0,0
7339464746850692,1,market_ingress,0,1024,21,0,0
7339464746850692,1,trader_request,0,1024,3,0,0
7339464746850692,1,trading_callback,0,1024,6,0,0
7339464746850692,1,trace,0,8192,42,0,0
7339464746850692,1,latency,0,4096,19,0,0
7339464746850692,2,market_ingress,0,1024,22,0,0
7339464746850692,2,trader_request,0,1024,3,0,0
7339464746850692,2,trading_callback,0,1024,6,0,0
7339464746850692,2,trace,7,8192,21,488393,0
7339464746850692,2,latency,0,4096,28,0,0
7339464746850692,3,market_ingress,0,1024,15,0,0
7339464746850692,3,trader_request,0,1024,16,0,0
7339464746850692,3,trading_callback,0,1024,31,0,0
7339464746850692,3,trace,0,8192,10,0,0
7339464746850692,3,latency,0,4096,20,0,0
7339464847576564,0,market_ingress,0,1024,24,0,0
7339464847576564,0,trader_request,0,1024,6,0,0
7339464847576564,0,trading_callback,0,1024,11,0,0
7339464847576564,0,trace,0,8192,29,0,0
7339464847576564,0,latency,0,4096,29,0,0
7339464847576564,1,market_ingress,0,1024,21,0,0
7339464847576564,1,trader_request,0,1024,3,0,0
7339464847576564,1,trading_callback,0,1024,6,0,0
7339464847576564,1,trace,0,8192,42,0,0
7339464847576564,1,latency,0,4096,19,0,0
7339464847576564,2,market_ingress,0,1024,22,0,0
7339464847576564,2,trader_request,0,1024,3,0,0
7339464847576564,2,trading_callback,0,1024,6,0,0
7339464847576564,2,trace,1,8192,21,205967,0
7339464847576564,2,latency,0,4096,28,0,0
7339464847576564,3,market_ingress,0,1024,15,0,0
7339464847576564,3,trader_request,0,1024,16,0,0
7339464847576564,3,trading_callback,0,1024,31,0,0
7339464847576564,3,trace,0,8192,10,0,0
7339464847576564,3,latency,0,4096,20,0,0
7339464948294985,0,market_ingress,0,1024,24,0,0
7339464948294985,0,trader_request,0,1024,6,0,0
7339464948294985,0,trading_callback,0,1024,11,0,0
7339464948294985,0,trace,0,8192,29,0,0
7339464948294985,0,latency,0,4096,29,0,0
7339464948294985,1,market_ingress,0,1024,21,0,0
7339464948294985,1,trader_request,0,1024,3,0,0
7339464948294985,1,trading_callback,0,1024,6,0,0
7339464948294985,1,trace,0,8192,42,0,0
7339464948294985,1,latency,0,4096,19,0,0
7339464948294985,2,market_ingress,0,1024,22,0,0
7339464948294985,2,trader_request,0,1024,3,0,0
7339464948294985,2,trading_callback,0,1024,6,0,0
7339464948294985,2,trace,7,8192,21,539285,0
7339464948294985,2,latency,0,4096,28,0,0
7339464948294985,3,market_ingress,0,1024,15,0,0
7339464948294985,3,trader_request,0,1024,16,0,0
7339464948294985,3,trading_callback,0,1024,31,0,0
7339464948294985,3,trace,0,8192,10,0,0
7339464948294985,3,latency,0,4096,20,0,0
7339465049033965,0,market_ingress,0,1024,24,0,0
7339465049033965,0,trader_request,0,1024,6,0,0
7339465049033965,0,trading_callback,0,1024,11,0,0
7339465049033965,0,trace,0,8192,29,0,0
7339465049033965,0,latency,0,4096,29,0,0
7339465049033965,1,market_ingress,0,1024,21,0,0
7339465049033965,1,trader_request,0,1024,3,0,0
7339465049033965,1,trading_callback,0,1024,6,0,0
7339465049033965,1,trace,0,8192,42,0,0
7339465049033965,1,latency,0,4096,19,0,0
7339465049033965,2,market_ingress,0,1024,22,0,0
7339465049033965,2,trader_request,0,1024,3,0,0
7339465049033965,2,trading_callback,0,1024,6,0,0
7339465049033965,2,trace,7,8192,21,615091,0
7339465049033965,2,latency,0,4096,28,0,0
7339465049033965,3,market_ingress,0,1024,15,0,0
7339465049033965,3,trader_request,0,1024,16,0,0
7339465049033965,3,trading_callback,0,1024,31,0,0
7339465049033965,3,trace,0,8192,10,0,0
7339465049033965,3,latency,0,4096,20,0,0
7339465149888333,0,market_ingress,0,1024,24,0,0
7339465149888333,0,trader_request,0,1024,6,0,0
7339465149888333,0,trading_callback,0,1024,11,0,0
7339465149888333,0,trace,0,8192,29,0,0
7339465149888333,0,latency,0,4096,29,0,0
7339465149888333,1,market_ingress,0,1024,21,0,0
7339465149888333,1,trader_request,0,1024,3,0,0
7339465149888333,1,trading_callback,0,1024,6,0,0
7339465149888333,1,trace,0,8192,42,0,0
7339465149888333,1,latency,0,4096,19,0,0
7339465149888333,2,market_ingress,0,1024,22,0,0
7339465149888333,2,trader_request,0,1024,3,0,0
7339465149888333,2,trading_callback,0,1024,6,0,0
7339465149888333,2,trace,1,8192,21,533872,0
7339465149888333,2,latency,0,4096,28,0,0
7339465149888333,3,market_ingress,0,1024,15,0,0
7339465149888333,3,trader_request,0,1024,16,0,0
7339465149888333,3,trading_callback,0,1024,31,0,0
7339465149888333,3,trace,0,8192,17,0,0
7339465149888333,3,latency,0,4096,20,0,0
7339465250637987,0,market_ingress,0,1024,24,0,0
7339465250637987,0,trader_request,0,1024,6,0,0
7339465250637987,0,trading_callback,0,1024,11,0,0
7339465250637987,0,trace,0,8192,29,0,0
7339465250637987,0,latency,0,4096,29,0,0
7339465250637987,1,market_ingress,0,1024,21,0,0
7339465250637987,1,trader_request,0,1024,3,0,0
7339465250637987,1,trading_callback,1,1024,6,186586,0
7339465250637987,1,trace,0,8192,42,0,0
7339465250637987,1,latency,0,4096,19,0,0
7339465250637987,2,market_ingress,0,1024,22,0,0
7339465250637987,2,trader_request,0,1024,3,0,0
7339465250637987,2,trading_callback,0,1024,6,0,0
7339465250637987,2,trace,7,8192,21,309390,0
7339465250637987,2,latency,0,4096,28,0,0
7339465250637987,3,market_ingress,0,1024,15,0,0
7339465250637987,3,trader_request,0,1024,16,0,0
7339465250637987,3,trading_callback,0,1024,31,0,0
7339465250637987,3,trace,0,8192,17,0,0
7339465250637987,3,latency,0,4096,20,0,0
7339465351399879,0,market_ingress,0,1024,24,0,0
7339465351399879,0,trader_request,0,1024,6,0,0
7339465351399879,0,trading_callback,0,1024,11,0,0
7339465351399879,0,trace,0,8192,29,0,0
7339465351399879,0,latency,0,4096,29,0,0
7339465351399879,1,market_ingress,0,1024,21,0,0
7339465351399879,1,trader_request,0,1024,3,0,0
7339465351399879,1,trading_callback,0,1024,6,0,0
7339465351399879,1,trace,0,8192,42,0,0
7339465351399879,1,latency,0,4096,19,0,0
7339465351399879,2,market_ingress,0,1024,22,0,0
7339465351399879,2,trader_request,0,1024,3,0,0
7339465351399879,2,trading_callback,0,1024,6,0,0
7339465351399879,2,trace,8,8192,21,334417,0
7339465351399879,2,latency,0,4096,28,0,0
7339465351399879,3,market_ingress,0,1024,15,0,0
7339465351399879,3,trader_request,0,1024,16,0,0
7339465351399879,3,trading_callback,0,1024,31,0,0
7339465351399879,3,trace,0,8192,17,0,0
7339465351399879,3,latency,0,4096,20,0,0
7339465452059755,0,market_ingress,0,1024,24,0,0
7339465452059755,0,trader_request,0,1024,6,0,0
7339465452059755,0,trading_callback,0,1024,11,0,0
7339465452059755,0,trace,0,8192,29,0,0
7339465452059755,0,latency,13,4096,29,4767151,0
7339465452059755,1,market_ingress,0,1024,21,0,0
7339465452059755,1,trader_request,0,1024,3,0,0
7339465452059755,1,trading_callback,0,1024,6,0,0
7339465452059755,1,trace,0,8192,42,0,0
7339465452059755,1,latency,0,4096,19,0,0
7339465452059755,2,market_ingress,0,1024,22,0,0
7339465452059755,2,trader_request,0,1024,3,0,0
7339465452059755,2,trading_callback,0,1024,6,0,0
7339465452059755,2,trace,7,8192,21,773009,0
7339465452059755,2,latency,0,4096,28,0,0
7339465452059755,3,market_ingress,0,1024,15,0,0
7339465452059755,3,trader_request,0,1024,16,0,0
7339465452059755,3,trading_callback,0,1024,31,0,0
7339465452059755,3,trace,0,8192,17,0,0
7339465452059755,3,latency,0,4096,20,0,0
7339465552876661,0,market_ingress,0,1024,24,0,0
7339465552876661,0,trader_request,0,1024,6,0,0
7339465552876661,0,trading_callback,0,1024,11,0,0
7339465552876661,0,trace,0,8192,29,0,0
7339465552876661,0,latency,0,4096,29,0,0
7339465552876661,1,market_ingress,0,1024,21,0,0
7339465552876661,1,trader_request,0,1024,3,0,0
7339465552876661,1,trading_callback,0,1024,6,0,0
7339465552876661,1,trace,0,8192,42,0,0
7339465552876661,1,latency,0,4096,19,0,0
7339465552876661,2,market_ingress,0,1024,22,0,0
7339465552876661,2,trader_request,0,1024,3,0,0
7339465552876661,2,trading_callback,0,1024,6,0,0
7339465552876661,2,trace,7,8192,21,499548,0
7339465552876661,2,latency,0,4096,28,0,0
7339465552876661,3,market_ingress,0,1024,15,0,0
7339465552876661,3,trader_request,0,1024,16,0,0
7339465552876661,3,trading_callback,0,1024,31,0,0
7339465552876661,3,trace,0,8192,17,0,0
7339465552876661,3,latency,0,4096,20,0,0
7339465653583440,0,market_ingress,0,1024,24,0,0
7339465653583440,0,trader_request,0,1024,6,0,0
7339465653583440,0,trading_callback,0,1024,11,0,0
7339465653583440,0,trace,0,8192,29,0,0
7339465653583440,0,latency,0,4096,29,0,0
7339465653583440,1,market_ingress,0,1024,21,0,0
7339465653583440,1,trader_request,0,1024,3,0,0
7339465653583440,1,trading_callback,0,1024,6,0,0
7339465653583440,1,trace,0,8192,42,0,0
7339465653583440,1,latency,0,4096,19,0,0
7339465653583440,2,market_ingress,0,1024,22,0,0
7339465653583440,2,trader_request,0,1024,3,0,0
7339465653583440,2,trading_callback,0,1024,6,0,0
7339465653583440,2,trace,1,8192,21,263555,0
7339465653583440,2,latency,0,4096,28,0,0
7339465653583440,3,market_ingress,0,1024,15,0,0
7339465653583440,3,trader_request,0,1024,16,0,0
7339465653583440,3,trading_callback,0,1024,31,0,0
7339465653583440,3,trace,0,8192,17,0,0
7339465653583440,3,latency,0,4096,20,0,0
7339465754348047,0,market_ingress,0,1024,24,0,0
7339465754348047,0,trader_request,0,1024,6,0,0
7339465754348047,0,trading_callback,0,1024,11,0,0
7339465754348047,0,trace,0,8192,29,0,0
7339465754348047,0,latency,0,4096,29,0,0
7339465754348047,1,market_ingress,0,1024,21,0,0
7339465754348047,1,trader_request,0,1024,3,0,0
7339465754348047,1,trading_callback,0,1024,6,0,0
7339465754348047,1,trace,0,8192,42,0,0
7339465754348047,1,latency,0,4096,19,0,0
7339465754348047,2,market_ingress,0,1024,22,0,0
7339465754348047,2,trader_request,0,1024,3,0,0
7339465754348047,2,trading_callback,0,1024,6,0,0
7339465754348047,2,trace,3,8192,21,22749,0
7339465754348047,2,latency,0,4096,28,0,0
7339465754348047,3,market_ingress,0,1024,15,0,0
7339465754348047,3,trader_request,0,1024,16,0,0
7339465754348047,3,trading_callback,0,1024,31,0,0
7339465754348047,3,trace,0,8192,17,0,0
7339465754348047,3,latency,0,4096,20,0,0
7339465855108196,0,market_ingress,0,1024,24,0,0
7339465855108196,0,trader_request,0,1024,6,0,0
7339465855108196,0,trading_callback,0,1024,11,0,0
7339465855108196,0,trace,0,8192,29,0,0
7339465855108196,0,latency,0,4096,29,0,0
7339465855108196,1,market_ingress,0,1024,21,0,0
7339465855108196,1,trader_request,0,1024,3,0,0
7339465855108196,1,trading_callback,0,1024,6,0,0
7339465855108196,1,trace,0,8192,42,0,0
7339465855108196,1,latency,0,4096,19,0,0
7339465855108196,2,market_ingress,0,1024,22,0,0
7339465855108196,2,trader_request,0,1024,3,0,0
7339465855108196,2,trading_callback,0,1024,6,0,0
7339465855108196,2,trace,1,8192,21,608728,0
7339465855108196,2,latency,0,4096,28,0,0
7339465855108196,3,market_ingress,0,1024,15,0,0
7339465855108196,3,trader_request,0,1024,16,0,0
7339465855108196,3,trading_callback,0,1024,31,0,0
7339465855108196,3,trace,0,8192,17,0,0
7339465855108196,3,latency,0,4096,20,0,0
7339465955842314,0,market_ingress,0,1024,24,0,0
7339465955842314,0,trader_request,0,1024,6,0,0
7339465955842314,0,trading_callback,0,1024,11,0,0
7339465955842314,0,trace,0,8192,29,0,0
7339465955842314,0,latency,0,4096,29,0,0
7339465955842314,1,market_ingress,0,1024,21,0,0
7339465955842314,1,trader_request,0,1024,3,0,0
7339465955842314,1,trading_callback,0,1024,6,0,0
7339465955842314,1,trace,0,8192,42,0,0
7339465955842314,1,latency,0,4096,19,0,0
7339465955842314,2,market_ingress,0,1024,22,0,0
7339465955842314,2,trader_request,0,1024,3,0,0
7339465955842314,2,trading_callback,0,1024,6,0,0
7339465955842314,2,trace,0,8192,21,0,0
7339465955842314,2,latency,0,4096,28,0,0
7339465955842314,3,market_ingress,0,1024,15,0,0
7339465955842314,3,trader_request,0,1024,16,0,0
7339465955842314,3,trading_callback,0,1024,31,0,0
7339465955842314,3,trace,0,8192,17,0,0
7339465955842314,3,latency,0,4096,20,0,0
7339466056586738,0,market_ingress,0,1024,24,0,0
7339466056586738,0,trader_request,0,1024,6,0,0
7339466056586738,0,trading_callback,0,1024,11,0,0
7339466056586738,0,trace,0,8192,29,0,0
7339466056586738,0,latency,0,4096,29,0,0
7339466056586738,1,market_ingress,0,1024,21,0,0
7339466056586738,1,trader_request,0,1024,3,0,0
7339466056586738,1,trading_callback,1,1024,6,126339,0
7339466056586738,1,trace,0,8192,42,0,0
7339466056586738,1,latency,0,4096,19,0,0
7339466056586738,2,market_ingress,0,1024,22,0,0
7339466056586738,2,trader_request,0,1024,3,0,0
7339466056586738,2,trading_callback,0,1024,6,0,0
7339466056586738,2,trace,0,8192,21,0,0
7339466056586738,2,latency,0,4096,28,0,0
7339466056586738,3,market_ingress,0,1024,15,0,0
7339466056586738,3,trader_request,0,1024,16,0,0
7339466056586738,3,trading_callback,0,1024,31,0,0
7339466056586738,3,trace,0,8192,17,0,0
7339466056586738,3,latency,0,4096,20,0,0
7339466157318820,0,market_ingress,0,1024,24,0,0
7339466157318820,0,trader_request,0,1024,6,0,0
7339466157318820,0,trading_callback,0,1024,11,0,0
7339466157318820,0,trace,0,8192,29,0,0
7339466157318820,0,latency,0,4096,29,0,0
7339466157318820,1,market_ingress,0,1024,21,0,0
7339466157318820,1,trader_request,0,1024,3,0,0
7339466157318820,1,trading_callback,0,1024,6,0,0
7339466157318820,1,trace,0,8192,42,0,0
7339466157318820,1,latency,0,4096,19,0,0
7339466157318820,2,market_ingress,0,1024,22,0,0
7339466157318820,2,trader_request,0,1024,3,0,0
7339466157318820,2,trading_callback,0,1024,6,0,0
7339466157318820,2,trace,0,8192,21,0,0
7339466157318820,2,latency,0,4096,28,0,0
7339466157318820,3,market_ingress,0,1024,15,0,0
7339466157318820,3,trader_request,0,1024,16,0,0
7339466157318820,3,trading_callback,0,1024,31,0,0
7339466157318820,3,trace,0,8192,17,0,0
7339466157318820,3,latency,0,4096,20,0,0
7339466258021311,0,market_ingress,0,1024,24,0,0
7339466258021311,0,trader_request,0,1024,6,0,0
7339466258021311,0,trading_callback,0,1024,11,0,0
7339466258021311,0,trace,0,8192,29,0,0
7339466258021311,0,latency,0,4096,29,0,0
7339466258021311,1,market_ingress,0,1024,21,0,0
7339466258021311,1,trader_request,0,1024,3,0,0
7339466258021311,1,trading_callback,0,1024,6,0,0
7339466258021311,1,trace,0,8192,42,0,0
7339466258021311,1,latency,0,4096,19,0,0
7339466258021311,2,market_ingress,0,1024,22,0,0
7339466258021311,2,trader_request,0,1024,3,0,0
7339466258021311,2,trading_callback,0,1024,6,0,0
7339466258021311,2,trace,0,8192,21,0,0
7339466258021311,2,latency,0,4096,28,0,0
7339466258021311,3,market_ingress,0,1024,15,0,0
7339466258021311,3,trader_request,0,1024,16,0,0
7339466258021311,3,trading_callback,0,1024,31,0,0
7339466258021311,3,trace,0,8192,17,0,0
7339466258021311,3,latency,0,4096,20,0,0
7339466358793287,0,market_ingress,0,1024,24,0,0
7339466358793287,0,trader_request,0,1024,6,0,0
7339466358793287,0,trading_callback,0,1024,11,0,0
7339466358793287,0,trace,0,8192,29,0,0
7339466358793287,0,latency,0,4096,29,0,0
7339466358793287,1,market_ingress,0,1024,21,0,0
7339466358793287,1,trader_request,0,1024,3,0,0
7339466358793287,1,trading_callback,0,1024,6,0,0
7339466358793287,1,trace,0,8192,42,0,0
7339466358793287,1,latency,0,4096,19,0,0
7339466358793287,2,market_ingress,0,1024,22,0,0
7339466358793287,2,trader_request,0,1024,3,0,0
7339466358793287,2,trading_callback,0,1024,6,0,0
7339466358793287,2,trace,0,8192,21,0,0
7339466358793287,2,latency,0,4096,28,0,0
7339466358793287,3,market_ingress,0,1024,15,0,0
7339466358793287,3,trader_request,0,1024,16,0,0
7339466358793287,3,trading_callback,0,1024,31,0,0
7339466358793287,3,trace,0,8192,17,0,0
7339466358793287,3,latency,0,4096,20,0,0
7339466459570343,0,market_ingress,0,1024,24,0,0
7339466459570343,0,trader_request,0,1024,6,0,0
7339466459570343,0,trading_callback,0,1024,11,0,0
7339466459570343,0,trace,0,8192,29,0,0
7339466459570343,0,latency,0,4096,29,0,0
7339466459570343,1,market_ingress,0,1024,21,0,0
7339466459570343,1,trader_request,0,1024,3,0,0
7339466459570343,1,trading_callback,2,1024,6,90939,0
7339466459570343,1,trace,0,8192,42,0,0
7339466459570343,1,latency,0,4096,19,0,0
7339466459570343,2,market_ingress,0,1024,22,0,0
7339466459570343,2,trader_request,0,1024,3,0,0
7339466459570343,2,trading_callback,0,1024,6,0,0
7339466459570343,2,trace,0,8192,21,0,0
7339466459570343,2,latency,0,4096,28,0,0
7339466459570343,3,market_ingress,0,1024,15,0,0
7339466459570343,3,trader_request,0,1024,16,0,0
7339466459570343,3,trading_callback,0,1024,31,0,0
7339466459570343,3,trace,0,8192,17,0,0
7339466459570343,3,latency,0,4096,20,0,0
7339466560505403,0,market_ingress,0,1024,24,0,0
7339466560505403,0,trader_request,0,1024,6,0,0
7339466560505403,0,trading_callback,0,1024,11,0,0
7339466560505403,0,trace,0,8192,29,0,0
7339466560505403,0,latency,0,4096,29,0,0
7339466560505403,1,market_ingress,0,1024,21,0,0
7339466560505403,1,trader_request,0,1024,3,0,0
7339466560505403,1,trading_callback,1,1024,6,106394,0
7339466560505403,1,trace,0,8192,42,0,0
7339466560505403,1,latency,0,4096,19,0,0
7339466560505403,2,market_ingress,0,1024,22,0,0
7339466560505403,2,trader_request,0,1024,3,0,0
7339466560505403,2,trading_callback,0,1024,6,0,0
7339466560505403,2,trace,0,8192,21,0,0
7339466560505403,2,latency,0,4096,28,0,0
7339466560505403,3,market_ingress,0,1024,15,0,0
7339466560505403,3,trader_request,0,1024,16,0,0
7339466560505403,3,trading_callback,0,1024,31,0,0
7339466560505403,3,trace,0,8192,17,0,0
7339466560505403,3,latency,0,4096,20,0,0
7339466661293262,0,market_ingress,0,1024,24,0,0
7339466661293262,0,trader_request,0,1024,6,0,0
7339466661293262,0,trading_callback,0,1024,11,0,0
7339466661293262,0,trace,0,8192,29,0,0
7339466661293262,0,latency,0,4096,29,0,0
7339466661293262,1,market_ingress,0,1024,21,0,0
7339466661293262,1,trader_request,0,1024,3,0,0
7339466661293262,1,trading_callback,0,1024,6,0,0
7339466661293262,1,trace,0,8192,42,0,0
7339466661293262,1,latency,0,4096,19,0,0
7339466661293262,2,market_ingress,0,1024,22,0,0
7339466661293262,2,trader_request,0,1024,3,0,0
7339466661293262,2,trading_callback,0,1024,6,0,0
7339466661293262,2,trace,0,8192,27,0,0
7339466661293262,2,latency,0,4096,28,0,0
7339466661293262,3,market_ingress,0,1024,15,0,0
7339466661293262,3,trader_request,0,1024,16,0,0
7339466661293262,3,trading_callback,0,1024,31,0,0
7339466661293262,3,trace,0,8192,17,0,0
7339466661293262,3,latency,0,4096,20,0,0
7339466766384113,0,market_ingress,0,1024,24,0,0
7339466766384113,0,trader_request,0,1024,6,0,0
7339466766384113,0,trading_callback,0,1024,11,0,0
7339466766384113,0,trace,0,8192,29,0,0
7339466766384113,0,latency,0,4096,29,0,0
7339466766384113,1,market_ingress,0,1024,21,0,0
7339466766384113,1,trader_request,0,1024,3,0,0
7339466766384113,1,trading_callback,0,1024,6,0,0
7339466766384113,1,trace,0,8192,42,0,0
7339466766384113,1,latency,0,4096,19,0,0
7339466766384113,2,market_ingress,0,1024,22,0,0
7339466766384113,2,trader_request,0,1024,3,0,0
7339466766384113,2,trading_callback,0,1024,6,0,0
7339466766384113,2,trace,8,8192,27,1059930,0
7339466766384113,2,latency,0,4096,28,0,0
7339466766384113,3,market_ingress,0,1024,15,0,0
7339466766384113,3,trader_request,0,1024,16,0,0
7339466766384113,3,trading_callback,0,1024,31,0,0
7339466766384113,3,trace,0,8192,17,0,0
7339466766384113,3,latency,0,4096,20,0,0
7339466867150672,0,market_ingress,0,1024,24,0,0
7339466867150672,0,trader_request,0,1024,6,0,0
7339466867150672,0,trading_callback,0,1024,11,0,0
7339466867150672,0,trace,0,8192,29,0,0
7339466867150672,0,latency,0,4096,29,0,0
7339466867150672,1,market_ingress,0,1024,21,0,0
7339466867150672,1,trader_request,0,1024,3,0,0
7339466867150672,1,trading_callback,0,1024,6,0,0
7339466867150672,1,trace,0,8192,42,0,0
7339466867150672,1,latency,0,4096,19,0,0
7339466867150672,2,market_ingress,0,1024,22,0,0
7339466867150672,2,trader_request,0,1024,3,0,0
7339466867150672,2,trading_callback,0,1024,6,0,0
7339466867150672,2,trace,0,8192,56,0,0
7339466867150672,2,latency,0,4096,28,0,0
7339466867150672,3,market_ingress,0,1024,15,0,0
7339466867150672,3,trader_request,0,1024,16,0,0
7339466867150672,3,trading_callback,0,1024,31,0,0
7339466867150672,3,trace,0,8192,17,0,0
7339466867150672,3,latency,0,4096,20,0,0
7339466967749013,0,market_ingress,0,1024,24,0,0
7339466967749013,0,trader_request,0,1024,6,0,0
7339466967749013,0,trading_callback,0,1024,11,0,0
7339466967749013,0,trace,0,8192,29,0,0
7339466967749013,0,latency,0,4096,29,0,0
7339466967749013,1,market_ingress,0,1024,21,0,0
7339466967749013,1,trader_request,0,1024,3,0,0
7339466967749013,1,trading_callback,0,1024,6,0,0
7339466967749013,1,trace,0,8192,42,0,0
7339466967749013,1,latency,0,4096,19,0,0
7339466967749013,2,market_ingress,0,1024,22,0,0
7339466967749013,2,trader_request,0,1024,3,0,0
7339466967749013,2,trading_callback,0,1024,6,0,0
7339466967749013,2,trace,0,8192,56,0,0
7339466967749013,2,latency,0,4096,28,0,0
7339466967749013,3,market_ingress,0,1024,15,0,0
7339466967749013,3,trader_request,0,1024,16,0,0
7339466967749013,3,trading_callback,0,1024,31,0,0
7339466967749013,3,trace,0,8192,17,0,0
7339466967749013,3,latency,0,4096,20,0,0
7339467068688380,0,market_ingress,0,1024,24,0,0
7339467068688380,0,trader_request,0,1024,6,0,0
7339467068688380,0,trading_callback,0,1024,11,0,0
7339467068688380,0,trace,0,8192,29,0,0
7339467068688380,0,latency,0,4096,29,0,0
7339467068688380,1,market_ingress,0,1024,21,0,0
7339467068688380,1,trader_request,0,1024,3,0,0
7339467068688380,1,trading_callback,0,1024,6,0,0
7339467068688380,1,trace,0,8192,42,0,0
7339467068688380,1,latency,0,4096,19,0,0
7339467068688380,2,market_ingress,0,1024,22,0,0
7339467068688380,2,trader_request,0,1024,3,0,0
7339467068688380,2,trading_callback,0,1024,6,0,0
7339467068688380,2,trace,0,8192,56,0,0
7339467068688380,2,latency,0,4096,28,0,0
7339467068688380,3,market_ingress,0,1024,15,0,0
7339467068688380,3,trader_request,0,1024,16,0,0
7339467068688380,3,trading_callback,0,1024,31,0,0
7339467068688380,3,trace,0,8192,17,0,0
7339467068688380,3,latency,0,4096,20,0,0
7339467169636903,0,market_ingress,0,1024,24,0,0
7339467169636903,0,trader_request,0,1024,6,0,0
7339467169636903,0,trading_callback,0,1024,11,0,0
7339467169636903,0,trace,0,8192,29,0,0
7339467169636903,0,latency,0,4096,29,0,0
7339467169636903,1,market_ingress,0,1024,21,0,0
7339467169636903,1,trader_request,0,1024,3,0,0
7339467169636903,1,trading_callback,0,1024,6,0,0
7339467169636903,1,trace,0,8192,42,0,0
7339467169636903,1,latency,0,4096,19,0,0
7339467169636903,2,market_ingress,0,1024,22,0,0
7339467169636903,2,trader_request,0,1024,3,0,0
7339467169636903,2,trading_callback,0,1024,6,0,0
7339467169636903,2,trace,0,8192,56,0,0
7339467169636903,2,latency,0,4096,28,0,0
7339467169636903,3,market_ingress,0,1024,15,0,0
7339467169636903,3,trader_request,0,1024,16,0,0
7339467169636903,3,trading_callback,0,1024,31,0,0
7339467169636903,3,trace,0,8192,17,0,0
7339467169636903,3,latency,0,4096,20,0,0
7339467270235944,0,market_ingress,0,1024,24,0,0
7339467270235944,0,trader_request,0,1024,6,0,0
7339467270235944,0,trading_callback,0,1024,11,0,0
7339467270235944,0,trace,0,8192,29,0,0
7339467270235944,0,latency,0,4096,29,0,0
7339467270235944,1,market_ingress,0,1024,21,0,0
7339467270235944,1,trader_request,0,1024,3,0,0
7339467270235944,1,trading_callback,0,1024,6,0,0
7339467270235944,1,trace,0,8192,42,0,0
7339467270235944,1,latency,0,4096,19,0,0
7339467270235944,2,market_ingress,0,1024,22,0,0
7339467270235944,2,trader_request,0,1024,3,0,0
7339467270235944,2,trading_callback,0,1024,6,0,0
7339467270235944,2,trace,0,8192,56,0,0
7339467270235944,2,latency,0,4096,28,0,0
7339467270235944,3,market_ingress,0,1024,15,0,0
7339467270235944,3,trader_request,0,1024,16,0,0
7339467270235944,3,trading_callback,0,1024,31,0,0
7339467270235944,3,trace,0,8192,17,0,0
7339467270235944,3,latency,0,4096,20,0,0
7339467370938873,0,market_ingress,0,1024,24,0,0
7339467370938873,0,trader_request,0,1024,6,0,0
7339467370938873,0,trading_callback,0,1024,11,0,0
7339467370938873,0,trace,0,8192,29,0,0
7339467370938873,0,latency,0,4096,29,0,0
7339467370938873,1,market_ingress,0,1024,21,0,0
7339467370938873,1,trader_request,0,1024,3,0,0
7339467370938873,1,trading_callback,1,1024,6,90115,0
7339467370938873,1,trace,0,8192,42,0,0
7339467370938873,1,latency,0,4096,19,0,0
7339467370938873,2,market_ingress,0,1024,22,0,0
7339467370938873,2,trader_request,0,1024,3,0,0
7339467370938873,2,trading_callback,0,1024,6,0,0
7339467370938873,2,trace,0,8192,56,0,0
7339467370938873,2,latency,0,4096,28,0,0
7339467370938873,3,market_ingress,0,1024,15,0,0
7339467370938873,3,trader_request,0,1024,16,0,0
7339467370938873,3,trading_callback,0,1024,31,0,0
7339467370938873,3,trace,0,8192,17,0,0
7339467370938873,3,latency,0,4096,20,0,0
7339467471622640,0,market_ingress,0,1024,24,0,0
7339467471622640,0,trader_request,0,1024,6,0,0
7339467471622640,0,trading_callback,0,1024,11,0,0
7339467471622640,0,trace,0,8192,29,0,0
7339467471622640,0,latency,0,4096,29,0,0
7339467471622640,1,market_ingress,0,1024,21,0,0
7339467471622640,1,trader_request,0,1024,3,0,0
7339467471622640,1,trading_callback,0,1024,6,0,0
7339467471622640,1,trace,0,8192,42,0,0
7339467471622640,1,latency,0,4096,19,0,0
7339467471622640,2,market_ingress,0,1024,22,0,0
7339467471622640,2,trader_request,0,1024,3,0,0
7339467471622640,2,trading_callback,0,1024,6,0,0
7339467471622640,2,trace,0,8192,56,0,0
7339467471622640,2,latency,0,4096,28,0,0
7339467471622640,3,market_ingress,0,1024,15,0,0
7339467471622640,3,trader_request,0,1024,16,0,0
7339467471622640,3,trading_callback,0,1024,31,0,0
7339467471622640,3,trace,0,8192,17,0,0
7339467471622640,3,latency,0,4096,20,0,0
7339467572440544,0,market_ingress,0,1024,24,0,0
7339467572440544,0,trader_request,0,1024,6,0,0
7339467572440544,0,trading_callback,0,1024,11,0,0
7339467572440544,0,trace,0,8192,29,0,0
7339467572440544,0,latency,0,4096,29,0,0
7339467572440544,1,market_ingress,0,1024,21,0,0
7339467572440544,1,trader_request,0,1024,3,0,0
7339467572440544,1,trading_callback,0,1024,6,0,0
7339467572440544,1,trace,0,8192,42,0,0
7339467572440544,1,latency,0,4096,19,0,0
7339467572440544,2,market_ingress,0,1024,22,0,0
7339467572440544,2,trader_request,0,1024,3,0,0
7339467572440544,2,trading_callback,0,1024,6,0,0
7339467572440544,2,trace,0,8192,56,0,0
7339467572440544,2,latency,0,4096,28,0,0
7339467572440544,3,market_ingress,0,1024,15,0,0
7339467572440544,3,trader_request,0,1024,16,0,0
7339467572440544,3,trading_callback,0,1024,31,0,0
7339467572440544,3,trace,0,8192,17,0,0
7339467572440544,3,latency,0,4096,20,0,0
7339467673009465,0,market_ingress,0,1024,24,0,0
7339467673009465,0,trader_request,0,1024,6,0,0
7339467673009465,0,trading_callback,0,1024,11,0,0
7339467673009465,0,trace,0,8192,29,0,0
7339467673009465,0,latency,0,4096,29,0,0
7339467673009465,1,market_ingress,0,1024,21,0,0
7339467673009465,1,trader_request,0,1024,3,0,0
7339467673009465,1,trading_callback,0,1024,6,0,0
7339467673009465,1,trace,0,8192,42,0,0
7339467673009465,1,latency,0,4096,19,0,0
7339467673009465,2,market_ingress,0,1024,22,0,0
7339467673009465,2,trader_request,0,1024,3,0,0
7339467673009465,2,trading_callback,0,1024,6,0,0
7339467673009465,2,trace,0,8192,56,0,0
7339467673009465,2,latency,0,4096,28,0,0
7339467673009465,3,market_ingress,0,1024,15,0,0
7339467673009465,3,trader_request,0,1024,16,0,0
7339467673009465,3,trading_callback,0,1024,31,0,0
7339467673009465,3,trace,0,8192,17,0,0
7339467673009465,3,latency,0,4096,20,0,0
7339467773579992,0,market_ingress,0,1024,24,0,0
7339467773579992,0,trader_request,0,1024,6,0,0
7339467773579992,0,trading_callback,0,1024,11,0,0
7339467773579992,0,trace,0,8192,29,0,0
7339467773579992,0,latency,0,4096,29,0,0
7339467773579992,1,market_ingress,0,1024,21,0,0
7339467773579992,1,trader_request,0,1024,3,0,0
7339467773579992,1,trading_callback,2,1024,6,74044,0
7339467773579992,1,trace,0,8192,42,0,0
7339467773579992,1,latency,0,4096,36,0,0
7339467773579992,2,market_ingress,0,1024,22,0,0
7339467773579992,2,trader_request,0,1024,3,0,0
7339467773579992,2,trading_callback,0,1024,6,0,0
7339467773579992,2,trace,0,8192,56,0,0
7339467773579992,2,latency,0,4096,28,0,0
7339467773579992,3,market_ingress,0,1024,15,0,0
7339467773579992,3,trader_request,0,1024,16,0,0
7339467773579992,3,trading_callback,0,1024,31,0,0
7339467773579992,3,trace,0,8192,17,0,0
7339467773579992,3,latency,0,4096,20,0,0
7339467874266592,0,market_ingress,0,1024,24,0,0
7339467874266592,0,trader_request,0,1024,6,0,0
7339467874266592,0,trading_callback,0,1024,11,0,0
7339467874266592,0,trace,0,8192,29,0,0
7339467874266592,0,latency,0,4096,29,0,0
7339467874266592,1,market_ingress,0,1024,21,0,0
7339467874266592,1,trader_request,0,1024,3,0,0
7339467874266592,1,trading_callback,0,1024,6,0,0
7339467874266592,1,trace,0,8192,42,0,0
7339467874266592,1,latency,0,4096,36,0,0
7339467874266592,2,market_ingress,0,1024,22,0,0
7339467874266592,2,trader_request,0,1024,3,0,0
7339467874266592,2,trading_callback,0,1024,6,0,0
7339467874266592,2,trace,0,8192,56,0,0
7339467874266592,2,latency,0,4096,28,0,0
7339467874266592,3,market_ingress,0,1024,15,0,0
7339467874266592,3,trader_request,0,1024,16,0,0
7339467874266592,3,trading_callback,0,1024,31,0,0
7339467874266592,3,trace,0,8192,17,0,0
7339467874266592,3,latency,0,4096,20,0,0
7339467976889587,0,market_ingress,0,1024,24,0,0
7339467976889587,0,trader_request,0,1024,6,0,0
7339467976889587,0,trading_callback,0,1024,11,0,0
7339467976889587,0,trace,0,8192,29,0,0
7339467976889587,0,latency,0,4096,29,0,0
7339467976889587,1,market_ingress,0,1024,21,0,0
7339467976889587,1,trader_request,0,1024,3,0,0
7339467976889587,1,trading_callback,0,1024,6,0,0
7339467976889587,1,trace,0,8192,42,0,0
7339467976889587,1,latency,0,4096,36,0,0
7339467976889587,2,market_ingress,0,1024,22,0,0
7339467976889587,2,trader_request,0,1024,4,0,0
7339467976889587,2,trading_callback,0,1024,7,0,0
7339467976889587,2,trace,0,8192,56,0,0
7339467976889587,2,latency,0,4096,28,0,0
7339467976889587,3,market_ingress,0,1024,15,0,0
7339467976889587,3,trader_request,0,1024,16,0,0
7339467976889587,3,trading_callback,0,1024,31,0,0
7339467976889587,3,trace,0,8192,17,0,0
7339467976889587,3,latency,0,4096,20,0,0
7339468082664540,0,market_ingress,0,1024,24,0,0
7339468082664540,0,trader_request,0,1024,6,0,0
7339468082664540,0,trading_callback,0,1024,11,0,0
7339468082664540,0,trace,0,8192,29,0,0
7339468082664540,0,latency,0,4096,29,0,0
7339468082664540,1,market_ingress,0,1024,21,0,0
7339468082664540,1,trader_request,0,1024,3,0,0
7339468082664540,1,trading_callback,2,1024,6,21770,0
7339468082664540,1,trace,0,8192,42,0,0
7339468082664540,1,latency,0,4096,36,0,0
7339468082664540,2,market_ingress,0,1024,22,0,0
7339468082664540,2,trader_request,0,1024,4,0,0
7339468082664540,2,trading_callback,0,1024,7,0,0
7339468082664540,2,trace,0,8192,56,0,0
7339468082664540,2,latency,0,4096,28,0,0
7339468082664540,3,market_ingress,0,1024,15,0,0
7339468082664540,3,trader_request,0,1024,16,0,0
7339468082664540,3,trading_callback,0,1024,31,0,0
7339468082664540,3,trace,0,8192,17,0,0
7339468082664540,3,latency,0,4096,20,0,0
7339468196228458,0,market_ingress,2,1024,24,497773,0
7339468196228458,0,trader_request,0,1024,6,0,0
7339468196228458,0,trading_callback,0,1024,11,0,0
7339468196228458,0,trace,0,8192,29,0,0
7339468196228458,0,latency,0,4096,29,0,0
7339468196228458,1,market_ingress,2,1024,21,505711,0
7339468196228458,1,trader_request,0,1024,3,0,0
7339468196228458,1,trading_callback,0,1024,6,0,0
7339468196228458,1,trace,0,8192,42,0,0
7339468196228458,1,latency,0,4096,36,0,0
7339468196228458,2,market_ingress,1,1024,22,510336,0
7339468196228458,2,trader_request,0,1024,4,0,0
7339468196228458,2,trading_callback,1,1024,7,5646,0
7339468196228458,2,trace,0,8192,56,0,0
7339468196228458,2,latency,0,4096,28,0,0
7339468196228458,3,market_ingress,2,1024,15,515945,0
7339468196228458,3,trader_request,0,1024,16,0,0
7339468196228458,3,trading_callback,0,1024,31,0,0
7339468196228458,3,trace,0,8192,17,0,0
7339468196228458,3,latency,0,4096,20,0,0
7339468296808367,0,market_ingress,0,1024,24,0,0
7339468296808367,0,trader_request,0,1024,6,0,0
7339468296808367,0,trading_callback,0,1024,11,0,0
7339468296808367,0,trace,0,8192,29,0,0
7339468296808367,0,latency,0,4096,29,0,0
7339468296808367,1,market_ingress,0,1024,21,0,0
7339468296808367,1,trader_request,0,1024,3,0,0
7339468296808367,1,trading_callback,0,1024,6,0,0
7339468296808367,1,trace,0,8192,42,0,0
7339468296808367,1,latency,0,4096,36,0,0
7339468296808367,2,market_ingress,0,1024,22,0,0
7339468296808367,2,trader_request,0,1024,4,0,0
7339468296808367,2,trading_callback,0,1024,7,0,0
7339468296808367,2,trace,0,8192,56,0,0
7339468296808367,2,latency,0,4096,28,0,0
7339468296808367,3,market_ingress,0,1024,15,0,0
7339468296808367,3,trader_request,0,1024,16,0,0
7339468296808367,3,trading_callback,0,1024,31,0,0
7339468296808367,3,trace,0,8192,17,0,0
7339468296808367,3,latency,0,4096,20,0,0
7339468397394154,0,market_ingress,0,1024,24,0,0
7339468397394154,0,trader_request,0,1024,6,0,0
7339468397394154,0,trading_callback,0,1024,11,0,0
7339468397394154,0,trace,0,8192,29,0,0
7339468397394154,0,latency,0,4096,29,0,0
7339468397394154,1,market_ingress,0,1024,21,0,0
7339468397394154,1,trader_request,0,1024,3,0,0
7339468397394154,1,trading_callback,0,1024,6,0,0
7339468397394154,1,trace,0,8192,42,0,0
7339468397394154,1,latency,0,4096,36,0,0
7339468397394154,2,market_ingress,0,1024,22,0,0
7339468397394154,2,trader_request,0,1024,4,0,0
7339468397394154,2,trading_callback,0,1024,7,0,0
7339468397394154,2,trace,0,8192,56,0,0
7339468397394154,2,latency,0,4096,28,0,0
7339468397394154,3,market_ingress,0,1024,15,0,0
7339468397394154,3,trader_request,0,1024,16,0,0
7339468397394154,3,trading_callback,0,1024,31,0,0
7339468397394154,3,trace,0,8192,17,0,0
7339468397394154,3,latency,0,4096,20,0,0
7339468498178064,0,market_ingress,0,1024,24,0,0
7339468498178064,0,trader_request,0,1024,6,0,0
7339468498178064,0,trading_callback,0,1024,11,0,0
7339468498178064,0,trace,0,8192,29,0,0
7339468498178064,0,latency,0,4096,29,0,0
7339468498178064,1,market_ingress,0,1024,21,0,0
7339468498178064,1,trader_request,0,1024,3,0,0
7339468498178064,1,trading_callback,0,1024,6,0,0
7339468498178064,1,trace,0,8192,42,0,0
7339468498178064,1,latency,0,4096,36,0,0
7339468498178064,2,market_ingress,0,1024,22,0,0
7339468498178064,2,trader_request,0,1024,4,0,0
7339468498178064,2,trading_callback,0,1024,7,0,0
7339468498178064,2,trace,0,8192,56,0,0
7339468498178064,2,latency,0,4096,28,0,0
7339468498178064,3,market_ingress,0,1024,15,0,0
7339468498178064,3,trader_request,0,1024,16,0,0
7339468498178064,3,trading_callback,0,1024,31,0,0
7339468498178064,3,trace,0,8192,17,0,0
7339468498178064,3,latency,0,4096,20,0,0
7339468598720399,0,market_ingress,0,1024,24,0,0
7339468598720399,0,trader_request,0,1024,6,0,0
7339468598720399,0,trading_callback,0,1024,11,0,0
7339468598720399,0,trace,0,8192,29,0,0
7339468598720399,0,latency,0,4096,29,0,0
7339468598720399,1,market_ingress,0,1024,21,0,0
7339468598720399,1,trader_request,0,1024,3,0,0
7339468598720399,1,trading_callback,0,1024,6,0,0
7339468598720399,1,trace,0,8192,42,0,0
7339468598720399,1,latency,0,4096,36,0,0
7339468598720399,2,market_ingress,0,1024,22,0,0
7339468598720399,2,trader_request,0,1024,4,0,0
7339468598720399,2,trading_callback,0,1024,7,0,0
7339468598720399,2,trace,0,8192,56,0,0
7339468598720399,2,latency,0,4096,28,0,0
7339468598720399,3,market_ingress,0,1024,15,0,0
7339468598720399,3,trader_request,0,1024,16,0,0
7339468598720399,3,trading_callback,0,1024,31,0,0
7339468598720399,3,trace,0,8192,17,0,0
7339468598720399,3,latency,0,4096,20,0,0
7339468700030094,0,market_ingress,0,1024,24,0,0
7339468700030094,0,trader_request,0,1024,6,0,0
7339468700030094,0,trading_callback,0,1024,11,0,0
7339468700030094,0,trace,0,8192,29,0,0
7339468700030094,0,latency,0,4096,29,0,0
7339468700030094,1,market_ingress,0,1024,21,0,0
7339468700030094,1,trader_request,0,1024,3,0,0
7339468700030094,1,trading_callback,0,1024,6,0,0
7339468700030094,1,trace,0,8192,42,0,0
7339468700030094,1,latency,0,4096,36,0,0
7339468700030094,2,market_ingress,0,1024,22,0,0
7339468700030094,2,trader_request,0,1024,4,0,0
7339468700030094,2,trading_callback,0,1024,7,0,0
7339468700030094,2,trace,0,8192,56,0,0
7339468700030094,2,latency,0,4096,28,0,0
7339468700030094,3,market_ingress,0,1024,15,0,0
7339468700030094,3,trader_request,0,1024,16,0,0
7339468700030094,3,trading_callback,0,1024,31,0,0
7339468700030094,3,trace,0,8192,17,0,0
7339468700030094,3,latency,0,4096,20,0,0
7339468800757360,0,market_ingress,0,1024,24,0,0
7339468800757360,0,trader_request,0,1024,6,0,0
7339468800757360,0,trading_callback,0,1024,11,0,0
7339468800757360,0,trace,0,8192,29,0,0
7339468800757360,0,latency,0,4096,29,0,0
7339468800757360,1,market_ingress,0,1024,21,0,0
7339468800757360,1,trader_request,0,1024,3,0,0
7339468800757360,1,trading_callback,0,1024,6,0,0
7339468800757360,1,trace,0,8192,42,0,0
7339468800757360,1,latency,0,4096,36,0,0
7339468800757360,2,market_ingress,0,1024,22,0,0
7339468800757360,2,trader_request,0,1024,4,0,0
7339468800757360,2,trading_callback,0,1024,7,0,0
7339468800757360,2,trace,0,8192,56,0,0
7339468800757360,2,latency,0,4096,28,0,0
7339468800757360,3,market_ingress,0,1024,15,0,0
7339468800757360,3,trader_request,0,1024,16,0,0
7339468800757360,3,trading_callback,0,1024,31,0,0
7339468800757360,3,trace,0,8192,20,0,0
7339468800757360,3,latency,0,4096,20,0,0
7339468901360677,0,market_ingress,0,1024,24,0,0
7339468901360677,0,trader_request,0,1024,6,0,0
7339468901360677,0,trading_callback,0,1024,11,0,0
7339468901360677,0,trace,0,8192,29,0,0
7339468901360677,0,latency,0,4096,29,0,0
7339468901360677,1,market_ingress,0,1024,21,0,0
7339468901360677,1,trader_request,0,1024,3,0,0
7339468901360677,1,trading_callback,0,1024,6,0,0
7339468901360677,1,trace,0,8192,42,0,0
7339468901360677,1,latency,0,4096,36,0,0
7339468901360677,2,market_ingress,0,1024,22,0,0
7339468901360677,2,trader_request,0,1024,4,0,0
7339468901360677,2,trading_callback,0,1024,7,0,0
7339468901360677,2,trace,0,8192,56,0,0
7339468901360677,2,latency,0,4096,28,0,0
7339468901360677,3,market_ingress,0,1024,15,0,0
7339468901360677,3,trader_request,0,1024,16,0,0
7339468901360677,3,trading_callback,0,1024,31,0,0
7339468901360677,3,trace,0,8192,20,0,0
7339468901360677,3,latency,0,4096,20,0,0
7339469001904160,0,market_ingress,0,1024,24,0,0
7339469001904160,0,trader_request,0,1024,6,0,0
7339469001904160,0,trading_callback,0,1024,11,0,0
7339469001904160,0,trace,0,8192,29,0,0
7339469001904160,0,latency,0,4096,29,0,0
7339469001904160,1,market_ingress,0,1024,21,0,0
7339469001904160,1,trader_request,0,1024,3,0,0
7339469001904160,1,trading_callback,0,1024,6,0,0
7339469001904160,1,trace,0,8192,42,0,0
7339469001904160,1,latency,0,4096,36,0,0
7339469001904160,2,market_ingress,0,1024,22,0,0
7339469001904160,2,trader_request,0,1024,4,0,0
7339469001904160,2,trading_callback,0,1024,7,0,0
7339469001904160,2,trace,0,8192,56,0,0
7339469001904160,2,latency,0,4096,28,0,0
7339469001904160,3,market_ingress,0,1024,15,0,0
7339469001904160,3,trader_request,0,1024,16,0,0
7339469001904160,3,trading_callback,0,1024,31,0,0
7339469001904160,3,trace,0,8192,20,0,0
7339469001904160,3,latency,0,4096,20,0,0
7339469102460922,0,market_ingress,0,1024,24,0,0
7339469102460922,0,trader_request,0,1024,6,0,0
7339469102460922,0,trading_callback,0,1024,11,0,0
7339469102460922,0,trace,0,8192,29,0,0
7339469102460922,0,latency,0,4096,29,0,0
7339469102460922,1,market_ingress,0,1024,21,0,0
7339469102460922,1,trader_request,0,1024,3,0,0
7339469102460922,1,trading_callback,0,1024,6,0,0
7339469102460922,1,trace,0,8192,42,0,0
7339469102460922,1,latency,0,4096,36,0,0
7339469102460922,2,market_ingress,0,1024,22,0,0
7339469102460922,2,trader_request,0,1024,4,0,0
7339469102460922,2,trading_callback,0,1024,7,0,0
7339469102460922,2,trace,0,8192,56,0,0
7339469102460922,2,latency,0,4096,28,0,0
7339469102460922,3,market_ingress,0,1024,15,0,0
7339469102460922,3,trader_request,0,1024,16,0,0
7339469102460922,3,trading_callback,0,1024,31,0,0
7339469102460922,3,trace,0,8192,20,0,0
7339469102460922,3,latency,0,4096,20,0,0
7339469203026997,0,market_ingress,0,1024,24,0,0
7339469203026997,0,trader_request,0,1024,6,0,0
7339469203026997,0,trading_callback,0,1024,11,0,0
7339469203026997,0,trace,0,8192,29,0,0
7339469203026997,0,latency,0,4096,29,0,0
7339469203026997,1,market_ingress,0,1024,21,0,0
7339469203026997,1,trader_request,0,1024,3,0,0
7339469203026997,1,trading_callback,0,1024,6,0,0
7339469203026997,1,trace,0,8192,42,0,0
7339469203026997,1,latency,0,4096,36,0,0
7339469203026997,2,market_ingress,0,1024,22,0,0
7339469203026997,2,trader_request,0,1024,4,0,0
7339469203026997,2,trading_callback,0,1024,7,0,0
7339469203026997,2,trace,0,8192,56,0,0
7339469203026997,2,latency,0,4096,28,0,0
7339469203026997,3,market_ingress,0,1024,15,0,0
7339469203026997,3,trader_request,0,1024,16,0,0
7339469203026997,3,trading_callback,0,1024,31,0,0
7339469203026997,3,trace,0,8192,20,0,0
7339469203026997,3,latency,0,4096,20,0,0
7339469303612665,0,market_ingress,0,1024,24,0,0
7339469303612665,0,trader_request,0,1024,6,0,0
7339469303612665,0,trading_callback,0,1024,11,0,0
7339469303612665,0,trace,0,8192,29,0,0
7339469303612665,0,latency,0,4096,29,0,0
7339469303612665,1,market_ingress,0,1024,21,0,0
7339469303612665,1,trader_request,0,1024,3,0,0
7339469303612665,1,trading_callback,1,1024,6,109010,0
7339469303612665,1,trace,0,8192,42,0,0
7339469303612665,1,latency,0,4096,36,0,0
7339469303612665,2,market_ingress,0,1024,22,0,0
7339469303612665,2,trader_request,0,1024,4,0,0
7339469303612665,2,trading_callback,0,1024,7,0,0
7339469303612665,2,trace,0,8192,56,0,0
7339469303612665,2,latency,0,4096,28,0,0
7339469303612665,3,market_ingress,0,1024,15,0,0
7339469303612665,3,trader_request,0,1024,16,0,0
7339469303612665,3,trading_callback,1,1024,31,79259,0
7339469303612665,3,trace,0,8192,20,0,0
7339469303612665,3,latency,0,4096,20,0,0
7339469407124348,0,market_ingress,0,1024,24,0,0
7339469407124348,0,trader_request,0,1024,6,0,0
7339469407124348,0,trading_callback,0,1024,11,0,0
7339469407124348,0,trace,0,8192,29,0,0
7339469407124348,0,latency,0,4096,29,0,0
7339469407124348,1,market_ingress,0,1024,21,0,0
7339469407124348,1,trader_request,0,1024,3,0,0
7339469407124348,1,trading_callback,0,1024,6,0,0
7339469407124348,1,trace,0,8192,42,0,0
7339469407124348,1,latency,0,4096,36,0,0
7339469407124348,2,market_ingress,0,1024,22,0,0
7339469407124348,2,trader_request,0,1024,4,0,0
7339469407124348,2,trading_callback,0,1024,7,0,0
7339469407124348,2,trace,0,8192,56,0,0
7339469407124348,2,latency,0,4096,28,0,0
7339469407124348,3,market_ingress,0,1024,15,0,0
7339469407124348,3,trader_request,0,1024,16,0,0
7339469407124348,3,trading_callback,0,1024,31,0,0
7339469407124348,3,trace,0,8192,20,0,0
7339469407124348,3,latency,0,4096,20,0,0
7339469507882119,0,market_ingress,0,1024,24,0,0
7339469507882119,0,trader_request,0,1024,6,0,0
7339469507882119,0,trading_callback,0,1024,11,0,0
7339469507882119,0,trace,0,8192,29,0,0
7339469507882119,0,latency,0,4096,29,0,0
7339469507882119,1,market_ingress,0,1024,21,0,0
7339469507882119,1,trader_request,0,1024,3,0,0
7339469507882119,1,trading_callback,0,1024,6,0,0
7339469507882119,1,trace,0,8192,42,0,0
7339469507882119,1,latency,0,4096,36,0,0
7339469507882119,2,market_ingress,0,1024,22,0,0
7339469507882119,2,trader_request,0,1024,4,0,0
7339469507882119,2,trading_callback,0,1024,7,0,0
7339469507882119,2,trace,0,8192,56,0,0
7339469507882119,2,latency,0,4096,28,0,0
7339469507882119,3,market_ingress,1,1024,15,6651,0
7339469507882119,3,trader_request,0,1024,16,0,0
7339469507882119,3,trading_callback,0,1024,31,0,0
7339469507882119,3,trace,1,8192,20,1204,0
7339469507882119,3,latency,0,4096,20,0,0
7339469609097572,0,market_ingress,0,1024,24,0,0
7339469609097572,0,trader_request,0,1024,6,0,0
7339469609097572,0,trading_callback,0,1024,11,0,0
7339469609097572,0,trace,0,8192,29,0,0
7339469609097572,0,latency,0,4096,29,0,0
7339469609097572,1,market_ingress,0,1024,21,0,0
7339469609097572,1,trader_request,0,1024,3,0,0
7339469609097572,1,trading_callback,0,1024,6,0,0
7339469609097572,1,trace,0,8192,42,0,0
7339469609097572,1,latency,0,4096,36,0,0
7339469609097572,2,market_ingress,0,1024,22,0,0
7339469609097572,2,trader_request,0,1024,4,0,0
7339469609097572,2,trading_callback,0,1024,7,0,0
7339469609097572,2,trace,0,8192,56,0,0
7339469609097572,2,latency,0,4096,28,0,0
7339469609097572,3,market_ingress,0,1024,15,0,0
7339469609097572,3,trader_request,0,1024,16,0,0
7339469609097572,3,trading_callback,0,1024,31,0,0
7339469609097572,3,trace,0,8192,20,0,0
7339469609097572,3,latency,0,4096,20,0,0
7339469709796088,0,market_ingress,0,1024,24,0,0
7339469709796088,0,trader_request,2,1024,6,4345508,0
7339469709796088,0,trading_callback,0,1024,11,0,0
7339469709796088,0,trace,0,8192,29,0,0
7339469709796088,0,latency,0,4096,29,0,0
7339469709796088,1,market_ingress,0,1024,21,0,0
7339469709796088,1,trader_request,0,1024,3,0,0
7339469709796088,1,trading_callback,0,1024,6,0,0
7339469709796088,1,trace,0,8192,42,0,0
7339469709796088,1,latency,0,4096,36,0,0
7339469709796088,2,market_ingress,0,1024,22,0,0
7339469709796088,2,trader_request,0,1024,4,0,0
7339469709796088,2,trading_callback,0,1024,7,0,0
7339469709796088,2,trace,0,8192,56,0,0
7339469709796088,2,latency,0,4096,28,0,0
7339469709796088,3,market_ingress,0,1024,15,0,0
7339469709796088,3,trader_request,0,1024,16,0,0
7339469709796088,3,trading_callback,0,1024,31,0,0
7339469709796088,3,trace,0,8192,20,0,0
7339469709796088,3,latency,0,4096,20,0,0
7339469810617060,0,market_ingress,0,1024,24,0,0
7339469810617060,0,trader_request,0,1024,6,0,0
7339469810617060,0,trading_callback,0,1024,11,0,0
7339469810617060,0,trace,0,8192,29,0,0
7339469810617060,0,latency,0,4096,29,0,0
7339469810617060,1,market_ingress,0,1024,21,0,0
7339469810617060,1,trader_request,0,1024,3,0,0
7339469810617060,1,trading_callback,0,1024,6,0,0
7339469810617060,1,trace,0,8192,42,0,0
7339469810617060,1,latency,0,4096,36,0,0
7339469810617060,2,market_ingress,0,1024,22,0,0
7339469810617060,2,trader_request,0,1024,4,0,0
7339469810617060,2,trading_callback,0,1024,7,0,0
7339469810617060,2,trace,0,8192,56,0,0
7339469810617060,2,latency,0,4096,28,0,0
7339469810617060,3,market_ingress,0,1024,15,0,0
7339469810617060,3,trader_request,0,1024,16,0,0
7339469810617060,3,trading_callback,0,1024,31,0,0
7339469810617060,3,trace,0,8192,20,0,0
7339469810617060,3,latency,0,4096,20,0,0
7339469911948769,0,market_ingress,0,1024,24,0,0
7339469911948769,0,trader_request,0,1024,6,0,0
7339469911948769,0,trading_callback,0,1024,11,0,0
7339469911948769,0,trace,0,8192,29,0,0
7339469911948769,0,latency,0,4096,29,0,0
7339469911948769,1,market_ingress,0,1024,21,0,0
7339469911948769,1,trader_request,0,1024,3,0,0
7339469911948769,1,trading_callback,0,1024,6,0,0
7339469911948769,1,trace,0,8192,42,0,0
7339469911948769,1,latency,0,4096,36,0,0
7339469911948769,2,market_ingress,0,1024,22,0,0
7339469911948769,2,trader_request,0,1024,4,0,0
7339469911948769,2,trading_callback,0,1024,7,0,0
7339469911948769,2,trace,0,8192,56,0,0
7339469911948769,2,latency,0,4096,28,0,0
7339469911948769,3,market_ingress,0,1024,15,0,0
7339469911948769,3,trader_request,0,1024,16,0,0
7339469911948769,3,trading_callback,0,1024,31,0,0
7339469911948769,3,trace,0,8192,20,0,0
7339469911948769,3,latency,0,4096,20,0,0
7339470012631246,0,market_ingress,0,1024,24,0,0
7339470012631246,0,trader_request,0,1024,6,0,0
7339470012631246,0,trading_callback,0,1024,11,0,0
7339470012631246,0,trace,0,8192,29,0,0
7339470012631246,0,latency,0,4096,29,0,0
7339470012631246,1,market_ingress,0,1024,21,0,0
7339470012631246,1,trader_request,0,1024,6,0,0
7339470012631246,1,trading_callback,0,1024,12,0,0
7339470012631246,1,trace,0,8192,42,0,0
7339470012631246,1,latency,0,4096,36,0,0
7339470012631246,2,market_ingress,0,1024,22,0,0
7339470012631246,2,trader_request,0,1024,4,0,0
7339470012631246,2,trading_callback,0,1024,7,0,0
7339470012631246,2,trace,0,8192,56,0,0
7339470012631246,2,latency,0,4096,28,0,0
7339470012631246,3,market_ingress,0,1024,16,0,0
7339470012631246,3,trader_request,0,1024,16,0,0
7339470012631246,3,trading_callback,0,1024,31,0,0
7339470012631246,3,trace,0,8192,20,0,0
7339470012631246,3,latency,0,4096,20,0,0
7339470113260647,0,market_ingress,0,1024,24,0,0
7339470113260647,0,trader_request,0,1024,6,0,0
7339470113260647,0,trading_callback,0,1024,11,0,0
7339470113260647,0,trace,0,8192,29,0,0
7339470113260647,0,latency,0,4096,29,0,0
7339470113260647,1,market_ingress,0,1024,21,0,0
7339470113260647,1,trader_request,0,1024,6,0,0
7339470113260647,1,trading_callback,0,1024,12,0,0
7339470113260647,1,trace,0,8192,42,0,0
7339470113260647,1,latency,0,4096,36,0,0
7339470113260647,2,market_ingress,0,1024,22,0,0
7339470113260647,2,trader_request,0,1024,4,0,0
7339470113260647,2,trading_callback,0,1024,7,0,0
7339470113260647,2,trace,0,8192,56,0,0
7339470113260647,2,latency,0,4096,28,0,0
7339470113260647,3,market_ingress,0,1024,16,0,0
7339470113260647,3,trader_request,0,1024,16,0,0
7339470113260647,3,trading_callback,0,1024,31,0,0
7339470113260647,3,trace,0,8192,20,0,0
7339470113260647,3,latency,0,4096,20,0,0
7339470216026354,0,market_ingress,0,1024,24,0,0
7339470216026354,0,trader_request,0,1024,6,0,0
7339470216026354,0,trading_callback,0,1024,11,0,0
7339470216026354,0,trace,0,8192,29,0,0
7339470216026354,0,latency,0,4096,29,0,0
7339470216026354,1,market_ingress,0,1024,21,0,0
7339470216026354,1,trader_request,0,1024,6,0,0
7339470216026354,1,trading_callback,0,1024,12,0,0
7339470216026354,1,trace,0,8192,42,0,0
7339470216026354,1,latency,0,4096,36,0,0
7339470216026354,2,market_ingress,0,1024,22,0,0
7339470216026354,2,trader_request,0,1024,4,0,0
7339470216026354,2,trading_callback,0,1024,7,0,0
7339470216026354,2,trace,0,8192,56,0,0
7339470216026354,2,latency,0,4096,28,0,0
7339470216026354,3,market_ingress,0,1024,16,0,0
7339470216026354,3,trader_request,0,1024,16,0,0
7339470216026354,3,trading_callback,0,1024,31,0,0
7339470216026354,3,trace,0,8192,20,0,0
7339470216026354,3,latency,0,4096,20,0,0
7339470316758074,0,market_ingress,0,1024,24,0,0
7339470316758074,0,trader_request,0,1024,6,0,0
7339470316758074,0,trading_callback,0,1024,11,0,0
7339470316758074,0,trace,0,8192,29,0,0
7339470316758074,0,latency,0,4096,29,0,0
7339470316758074,1,market_ingress,0,1024,21,0,0
7339470316758074,1,trader_request,0,1024,6,0,0
7339470316758074,1,trading_callback,0,1024,12,0,0
7339470316758074,1,trace,0,8192,42,0,0
7339470316758074,1,latency,0,4096,36,0,0
7339470316758074,2,market_ingress,0,1024,22,0,0
7339470316758074,2,trader_request,0,1024,4,0,0
7339470316758074,2,trading_callback,0,1024,7,0,0
7339470316758074,2,trace,0,8192,56,0,0
7339470316758074,2,latency,0,4096,28,0,0
7339470316758074,3,market_ingress,0,1024,16,0,0
7339470316758074,3,trader_request,0,1024,16,0,0
7339470316758074,3,trading_callback,0,1024,31,0,0
7339470316758074,3,trace,0,8192,20,0,0
7339470316758074,3,latency,0,4096,20,0,0
7339470417905914,0,market_ingress,0,1024,24,0,0
7339470417905914,0,trader_request,0,1024,6,0,0
7339470417905914,0,trading_callback,0,1024,11,0,0
7339470417905914,0,trace,0,8192,29,0,0
7339470417905914,0,latency,0,4096,29,0,0
7339470417905914,1,market_ingress,0,1024,21,0,0
7339470417905914,1,trader_request,0,1024,6,0,0
7339470417905914,1,trading_callback,0,1024,12,0,0
7339470417905914,1,trace,0,8192,42,0,0
7339470417905914,1,latency,0,4096,36,0,0
7339470417905914,2,market_ingress,0,1024,22,0,0
7339470417905914,2,trader_request,0,1024,4,0,0
7339470417905914,2,trading_callback,0,1024,7,0,0
7339470417905914,2,trace,0,8192,56,0,0
7339470417905914,2,latency,0,4096,28,0,0
7339470417905914,3,market_ingress,0,1024,16,0,0
7339470417905914,3,trader_request,0,1024,16,0,0
7339470417905914,3,trading_callback,0,1024,31,0,0
7339470417905914,3,trace,0,8192,20,0,0
7339470417905914,3,latency,0,4096,20,0,0
7339470518650626,0,market_ingress,0,1024,24,0,0
7339470518650626,0,trader_request,0,1024,6,0,0
7339470518650626,0,trading_callback,0,1024,11,0,0
7339470518650626,0,trace,0,8192,29,0,0
7339470518650626,0,latency,0,4096,29,0,0
7339470518650626,1,market_ingress,0,1024,21,0,0
7339470518650626,1,trader_request,0,1024,6,0,0
7339470518650626,1,trading_callback,0,1024,12,0,0
7339470518650626,1,trace,0,8192,42,0,0
7339470518650626,1,latency,0,4096,36,0,0
7339470518650626,2,market_ingress,0,1024,22,0,0
7339470518650626,2,trader_request,0,1024,4,0,0
7339470518650626,2,trading_callback,0,1024,7,0,0
7339470518650626,2,trace,0,8192,56,0,0
7339470518650626,2,latency,0,4096,28,0,0
7339470518650626,3,market_ingress,0,1024,16,0,0
7339470518650626,3,trader_request,0,1024,16,0,0
7339470518650626,3,trading_callback,0,1024,31,0,0
7339470518650626,3,trace,0,8192,20,0,0
7339470518650626,3,latency,0,4096,20,0,0
7339470619916607,0,market_ingress,0,1024,24,0,0
7339470619916607,0,trader_request,0,1024,6,0,0
7339470619916607,0,trading_callback,0,1024,11,0,0
7339470619916607,0,trace,0,8192,29,0,0
7339470619916607,0,latency,0,4096,29,0,0
7339470619916607,1,market_ingress,0,1024,21,0,0
7339470619916607,1,trader_request,0,1024,6,0,0
7339470619916607,1,trading_callback,0,1024,12,0,0
7339470619916607,1,trace,0,8192,42,0,0
7339470619916607,1,latency,0,4096,36,0,0
7339470619916607,2,market_ingress,0,1024,22,0,0
7339470619916607,2,trader_request,0,1024,4,0,0
7339470619916607,2,trading_callback,0,1024,7,0,0
7339470619916607,2,trace,0,8192,56,0,0
7339470619916607,2,latency,0,4096,28,0,0
7339470619916607,3,market_ingress,0,1024,16,0,0
7339470619916607,3,trader_request,0,1024,16,0,0
7339470619916607,3,trading_callback,0,1024,31,0,0
7339470619916607,3,trace,0,8192,20,0,0
7339470619916607,3,latency,0,4096,20,0,0
7339470721143464,0,market_ingress,0,1024,24,0,0
7339470721143464,0,trader_request,0,1024,6,0,0
7339470721143464,0,trading_callback,0,1024,11,0,0
7339470721143464,0,trace,0,8192,29,0,0
7339470721143464,0,latency,0,4096,29,0,0
7339470721143464,1,market_ingress,0,1024,21,0,0
7339470721143464,1,trader_request,0,1024,6,0,0
7339470721143464,1,trading_callback,0,1024,12,0,0
7339470721143464,1,trace,0,8192,42,0,0
7339470721143464,1,latency,0,4096,36,0,0
7339470721143464,2,market_ingress,0,1024,22,0,0
7339470721143464,2,trader_request,0,1024,4,0,0
7339470721143464,2,trading_callback,0,1024,7,0,0
7339470721143464,2,trace,0,8192,56,0,0
7339470721143464,2,latency,0,4096,28,0,0
7339470721143464,3,market_ingress,0,1024,16,0,0
7339470721143464,3,trader_request,0,1024,16,0,0
7339470721143464,3,trading_callback,0,1024,31,0,0
7339470721143464,3,trace,0,8192,20,0,0
7339470721143464,3,latency,0,4096,20,0,0
7339470821938707,0,market_ingress,0,1024,24,0,0
7339470821938707,0,trader_request,0,1024,6,0,0
7339470821938707,0,trading_callback,0,1024,11,0,0
7339470821938707,0,trace,0,8192,29,0,0
7339470821938707,0,latency,0,4096,29,0,0
7339470821938707,1,market_ingress,0,1024,21,0,0
7339470821938707,1,trader_request,0,1024,6,0,0
7339470821938707,1,trading_callback,0,1024,12,0,0
7339470821938707,1,trace,0,8192,42,0,0
7339470821938707,1,latency,0,4096,36,0,0
7339470821938707,2,market_ingress,0,1024,22,0,0
7339470821938707,2,trader_request,0,1024,4,0,0
7339470821938707,2,trading_callback,0,1024,7,0,0
7339470821938707,2,trace,0,8192,56,0,0
7339470821938707,2,latency,0,4096,28,0,0
7339470821938707,3,market_ingress,0,1024,16,0,0
7339470821938707,3,trader_request,0,1024,16,0,0
7339470821938707,3,trading_callback,0,1024,31,0,0
7339470821938707,3,trace,0,8192,20,0,0
7339470821938707,3,latency,0,4096,20,0,0
7339470922718238,0,market_ingress,0,1024,24,0,0
7339470922718238,0,trader_request,0,1024,6,0,0
7339470922718238,0,trading_callback,0,1024,11,0,0
7339470922718238,0,trace,0,8192,29,0,0
7339470922718238,0,latency,0,4096,29,0,0
7339470922718238,1,market_ingress,0,1024,21,0,0
7339470922718238,1,trader_request,0,1024,6,0,0
7339470922718238,1,trading_callback,0,1024,12,0,0
7339470922718238,1,trace,0,8192,42,0,0
7339470922718238,1,latency,0,4096,36,0,0
7339470922718238,2,market_ingress,0,1024,22,0,0
7339470922718238,2,trader_request,0,1024,4,0,0
7339470922718238,2,trading_callback,0,1024,7,0,0
7339470922718238,2,trace,0,8192,56,0,0
7339470922718238,2,latency,0,4096,28,0,0
7339470922718238,3,market_ingress,0,1024,16,0,0
7339470922718238,3,trader_request,0,1024,16,0,0
7339470922718238,3,trading_callback,0,1024,31,0,0
7339470922718238,3,trace,0,8192,20,0,0
7339470922718238,3,latency,0,4096,20,0,0
7339471023676455,0,market_ingress,0,1024,24,0,0
7339471023676455,0,trader_request,0,1024,6,0,0
7339471023676455,0,trading_callback,0,1024,11,0,0
7339471023676455,0,trace,0,8192,29,0,0
7339471023676455,0,latency,0,4096,29,0,0
7339471023676455,1,market_ingress,0,1024,21,0,0
7339471023676455,1,trader_request,0,1024,6,0,0
7339471023676455,1,trading_callback,0,1024,12,0,0
7339471023676455,1,trace,0,8192,42,0,0
7339471023676455,1,latency,1,4096,36,484177,0
7339471023676455,2,market_ingress,0,1024,22,0,0
7339471023676455,2,trader_request,0,1024,4,0,0
7339471023676455,2,trading_callback,0,1024,7,0,0
7339471023676455,2,trace,0,8192,56,0,0
7339471023676455,2,latency,0,4096,28,0,0
7339471023676455,3,market_ingress,0,1024,16,0,0
7339471023676455,3,trader_request,0,1024,16,0,0
7339471023676455,3,trading_callback,0,1024,31,0,0
7339471023676455,3,trace,0,8192,20,0,0
7339471023676455,3,latency,0,4096,20,0,0
7339471124686110,0,market_ingress,0,1024,24,0,0
7339471124686110,0,trader_request,0,1024,6,0,0
7339471124686110,0,trading_callback,0,1024,11,0,0
7339471124686110,0,trace,0,8192,29,0,0
7339471124686110,0,latency,0,4096,29,0,0
7339471124686110,1,market_ingress,0,1024,21,0,0
7339471124686110,1,trader_request,0,1024,6,0,0
7339471124686110,1,trading_callback,0,1024,12,0,0
7339471124686110,1,trace,0,8192,42,0,0
7339471124686110,1,latency,0,4096,36,0,0
7339471124686110,2,market_ingress,0,1024,22,0,0
7339471124686110,2,trader_request,0,1024,4,0,0
7339471124686110,2,trading_callback,0,1024,7,0,0
7339471124686110,2,trace,0,8192,56,0,0
7339471124686110,2,latency,0,4096,28,0,0
7339471124686110,3,market_ingress,0,1024,16,0,0
7339471124686110,3,trader_request,0,1024,16,0,0
7339471124686110,3,trading_callback,0,1024,31,0,0
7339471124686110,3,trace,0,8192,20,0,0
7339471124686110,3,latency,0,4096,20,0,0
7339471225386848,0,market_ingress,0,1024,24,0,0
7339471225386848,0,trader_request,0,1024,6,0,0
7339471225386848,0,trading_callback,0,1024,11,0,0
7339471225386848,0,trace,0,8192,29,0,0
7339471225386848,0,latency,0,4096,29,0,0
7339471225386848,1,market_ingress,0,1024,21,0,0
7339471225386848,1,trader_request,0,1024,6,0,0
7339471225386848,1,trading_callback,0,1024,12,0,0
7339471225386848,1,trace,0,8192,42,0,0
7339471225386848,1,latency,0,4096,36,0,0
7339471225386848,2,market_ingress,0,1024,22,0,0
7339471225386848,2,trader_request,0,1024,4,0,0
7339471225386848,2,trading_callback,0,1024,7,0,0
7339471225386848,2,trace,0,8192,56,0,0
7339471225386848,2,latency,0,4096,28,0,0
7339471225386848,3,market_ingress,0,1024,16,0,0
7339471225386848,3,trader_request,0,1024,16,0,0
7339471225386848,3,trading_callback,0,1024,31,0,0
7339471225386848,3,trace,0,8192,20,0,0
7339471225386848,3,latency,0,4096,20,0,0
7339471326219840,0,market_ingress,0,1024,24,0,0
7339471326219840,0,trader_request,0,1024,6,0,0
7339471326219840,0,trading_callback,0,1024,11,0,0
7339471326219840,0,trace,0,8192,29,0,0
7339471326219840,0,latency,0,4096,29,0,0
7339471326219840,1,market_ingress,0,1024,21,0,0
7339471326219840,1,trader_request,0,1024,6,0,0
7339471326219840,1,trading_callback,0,1024,12,0,0
7339471326219840,1,trace,0,8192,42,0,0
7339471326219840,1,latency,0,4096,36,0,0
7339471326219840,2,market_ingress,0,1024,22,0,0
7339471326219840,2,trader_request,0,1024,4,0,0
7339471326219840,2,trading_callback,0,1024,7,0,0
7339471326219840,2,trace,0,8192,56,0,0
7339471326219840,2,latency,0,4096,28,0,0
7339471326219840,3,market_ingress,0,1024,16,0,0
7339471326219840,3,trader_request,0,1024,16,0,0
7339471326219840,3,trading_callback,0,1024,31,0,0
7339471326219840,3,trace,0,8192,20,0,0
7339471326219840,3,latency,0,4096,20,0,0
7339471426988084,0,market_ingress,0,1024,28,0,0
7339471426988084,0,trader_request,0,1024,6,0,0
7339471426988084,0,trading_callback,0,1024,11,0,0
7339471426988084,0,trace,0,8192,29,0,0
7339471426988084,0,latency,0,4096,29,0,0
7339471426988084,1,market_ingress,0,1024,25,0,0
7339471426988084,1,trader_request,0,1024,6,0,0
7339471426988084,1,trading_callback,0,1024,12,0,0
7339471426988084,1,trace,0,8192,42,0,0
7339471426988084,1,latency,0,4096,36,0,0
7339471426988084,2,market_ingress,0,1024,25,0,0
7339471426988084,2,trader_request,0,1024,4,0,0
7339471426988084,2,trading_callback,0,1024,7,0,0
7339471426988084,2,trace,0,8192,56,0,0
7339471426988084,2,latency,0,4096,28,0,0
7339471426988084,3,market_ingress,0,1024,25,0,0
7339471426988084,3,trader_request,0,1024,16,0,0
7339471426988084,3,trading_callback,0,1024,31,0,0
7339471426988084,3,trace,0,8192,20,0,0
7339471426988084,3,latency,0,4096,20,0,0
7339471527725809,0,market_ingress,0,1024,28,0,0
7339471527725809,0,trader_request,0,1024,6,0,0
7339471527725809,0,trading_callback,0,1024,11,0,0
7339471527725809,0,trace,0,8192,29,0,0
7339471527725809,0,latency,0,4096,29,0,0
7339471527725809,1,market_ingress,0,1024,25,0,0
7339471527725809,1,trader_request,0,1024,6,0,0
7339471527725809,1,trading_callback,0,1024,12,0,0
7339471527725809,1,trace,0,8192,42,0,0
7339471527725809,1,latency,0,4096,36,0,0
7339471527725809,2,market_ingress,0,1024,25,0,0
7339471527725809,2,trader_request,0,1024,4,0,0
7339471527725809,2,trading_callback,0,1024,7,0,0
7339471527725809,2,trace,0,8192,56,0,0
7339471527725809,2,latency,0,4096,28,0,0
7339471527725809,3,market_ingress,0,1024,25,0,0
7339471527725809,3,trader_request,0,1024,16,0,0
7339471527725809,3,trading_callback,0,1024,31,0,0
7339471527725809,3,trace,0,8192,20,0,0
7339471527725809,3,latency,0,4096,20,0,0
7339471628506609,0,market_ingress,0,1024,28,0,0
7339471628506609,0,trader_request,0,1024,6,0,0
7339471628506609,0,trading_callback,0,1024,11,0,0
7339471628506609,0,trace,0,8192,29,0,0
7339471628506609,0,latency,0,4096,36,0,0
7339471628506609,1,market_ingress,0,1024,25,0,0
7339471628506609,1,trader_request,0,1024,6,0,0
7339471628506609,1,trading_callback,0,1024,12,0,0
7339471628506609,1,trace,0,8192,42,0,0
7339471628506609,1,latency,0,4096,36,0,0
7339471628506609,2,market_ingress,0,1024,25,0,0
7339471628506609,2,trader_request,0,1024,4,0,0
7339471628506609,2,trading_callback,0,1024,7,0,0
7339471628506609,2,trace,0,8192,56,0,0
7339471628506609,2,latency,0,4096,28,0,0
7339471628506609,3,market_ingress,0,1024,25,0,0
7339471628506609,3,trader_request,0,1024,16,0,0
7339471628506609,3,trading_callback,0,1024,31,0,0
7339471628506609,3,trace,0,8192,20,0,0
7339471628506609,3,latency,0,4096,20,0,0
7339471729306927,0,market_ingress,0,1024,28,0,0
7339471729306927,0,trader_request,0,1024,6,0,0
7339471729306927,0,trading_callback,0,1024,11,0,0
7339471729306927,0,trace,0,8192,29,0,0
7339471729306927,0,latency,0,4096,36,0,0
7339471729306927,1,market_ingress,0,1024,25,0,0
7339471729306927,1,trader_request,0,1024,6,0,0
7339471729306927,1,trading_callback,0,1024,12,0,0
7339471729306927,1,trace,0,8192,42,0,0
7339471729306927,1,latency,0,4096,36,0,0
7339471729306927,2,market_ingress,0,1024,25,0,0
7339471729306927,2,trader_request,0,1024,4,0,0
7339471729306927,2,trading_callback,0,1024,7,0,0
7339471729306927,2,trace,0,8192,56,0,0
7339471729306927,2,latency,0,4096,28,0,0
7339471729306927,3,market_ingress,0,1024,25,0,0
7339471729306927,3,trader_request,0,1024,16,0,0
7339471729306927,3,trading_callback,0,1024,31,0,0
7339471729306927,3,trace,0,8192,20,0,0
7339471729306927,3,latency,0,4096,20,0,0
7339471829877128,0,market_ingress,0,1024,28,0,0
7339471829877128,0,trader_request,0,1024,6,0,0
7339471829877128,0,trading_callback,1,1024,11,128470,0
7339471829877128,0,trace,0,8192,29,0,0
7339471829877128,0,latency,0,4096,36,0,0
7339471829877128,1,market_ingress,0,1024,25,0,0
7339471829877128,1,trader_request,0,1024,6,0,0
7339471829877128,1,trading_callback,0,1024,12,0,0
7339471829877128,1,trace,0,8192,42,0,0
7339471829877128,1,latency,0,4096,36,0,0
7339471829877128,2,market_ingress,0,1024,25,0,0
7339471829877128,2,trader_request,0,1024,4,0,0
7339471829877128,2,trading_callback,0,1024,7,0,0
7339471829877128,2,trace,0,8192,56,0,0
7339471829877128,2,latency,0,4096,28,0,0
7339471829877128,3,market_ingress,0,1024,25,0,0
7339471829877128,3,trader_request,0,1024,16,0,0
7339471829877128,3,trading_callback,0,1024,31,0,0
7339471829877128,3,trace,0,8192,20,0,0
7339471829877128,3,latency,0,4096,20,0,0
7339471931625458,0,market_ingress,0,1024,28,0,0
7339471931625458,0,trader_request,0,1024,6,0,0
7339471931625458,0,trading_callback,0,1024,11,0,0
7339471931625458,0,trace,0,8192,29,0,0
7339471931625458,0,latency,0,4096,36,0,0
7339471931625458,1,market_ingress,0,1024,25,0,0
7339471931625458,1,trader_request,0,1024,6,0,0
7339471931625458,1,trading_callback,0,1024,12,0,0
7339471931625458,1,trace,0,8192,42,0,0
7339471931625458,1,latency,0,4096,36,0,0
7339471931625458,2,market_ingress,0,1024,25,0,0
7339471931625458,2,trader_request,0,1024,4,0,0
7339471931625458,2,trading_callback,0,1024,7,0,0
7339471931625458,2,trace,0,8192,56,0,0
7339471931625458,2,latency,0,4096,28,0,0
7339471931625458,3,market_ingress,0,1024,25,0,0
7339471931625458,3,trader_request,0,1024,16,0,0
7339471931625458,3,trading_callback,0,1024,31,0,0
7339471931625458,3,trace,0,8192,20,0,0
7339471931625458,3,latency,0,4096,20,0,0
7339472032368005,0,market_ingress,0,1024,28,0,0
7339472032368005,0,trader_request,0,1024,6,0,0
7339472032368005,0,trading_callback,0,1024,11,0,0
7339472032368005,0,trace,0,8192,29,0,0
7339472032368005,0,latency,0,4096,36,0,0
7339472032368005,1,market_ingress,0,1024,25,0,0
7339472032368005,1,trader_request,0,1024,6,0,0
7339472032368005,1,trading_callback,0,1024,12,0,0
7339472032368005,1,trace,0,8192,42,0,0
7339472032368005,1,latency,0,4096,36,0,0
7339472032368005,2,market_ingress,0,1024,25,0,0
7339472032368005,2,trader_request,0,1024,4,0,0
7339472032368005,2,trading_callback,0,1024,7,0,0
7339472032368005,2,trace,0,8192,56,0,0
7339472032368005,2,latency,0,4096,28,0,0
7339472032368005,3,market_ingress,0,1024,25,0,0
7339472032368005,3,trader_request,0,1024,16,0,0
7339472032368005,3,trading_callback,0,1024,31,0,0
7339472032368005,3,trace,0,8192,20,0,0
7339472032368005,3,latency,0,4096,20,0,0
7339472133483960,0,market_ingress,0,1024,28,0,0
7339472133483960,0,trader_request,0,1024,6,0,0
7339472133483960,0,trading_callback,0,1024,11,0,0
7339472133483960,0,trace,0,8192,29,0,0
7339472133483960,0,latency,0,4096,36,0,0
7339472133483960,1,market_ingress,0,1024,25,0,0
7339472133483960,1,trader_request,0,1024,6,0,0
7339472133483960,1,trading_callback,0,1024,12,0,0
7339472133483960,1,trace,0,8192,42,0,0
7339472133483960,1,latency,0,4096,36,0,0
7339472133483960,2,market_ingress,0,1024,25,0,0
7339472133483960,2,trader_request,0,1024,4,0,0
7339472133483960,2,trading_callback,0,1024,7,0,0
7339472133483960,2,trace,0,8192,56,0,0
7339472133483960,2,latency,0,4096,28,0,0
7339472133483960,3,market_ingress,0,1024,25,0,0
7339472133483960,3,trader_request,0,1024,16,0,0
7339472133483960,3,trading_callback,0,1024,31,0,0
7339472133483960,3,trace,0,8192,20,0,0
7339472133483960,3,latency,0,4096,20,0,0
7339472238593885,0,market_ingress,0,1024,28,0,0
7339472238593885,0,trader_request,0,1024,6,0,0
7339472238593885,0,trading_callback,0,1024,11,0,0
7339472238593885,0,trace,0,8192,29,0,0
7339472238593885,0,latency,0,4096,36,0,0
7339472238593885,1,market_ingress,0,1024,25,0,0
7339472238593885,1,trader_request,0,1024,6,0,0
7339472238593885,1,trading_callback,0,1024,12,0,0
7339472238593885,1,trace,0,8192,42,0,0
7339472238593885,1,latency,0,4096,36,0,0
7339472238593885,2,market_ingress,0,1024,25,0,0
7339472238593885,2,trader_request,0,1024,4,0,0
7339472238593885,2,trading_callback,0,1024,7,0,0
7339472238593885,2,trace,0,8192,56,0,0
7339472238593885,2,latency,0,4096,28,0,0
7339472238593885,3,market_ingress,0,1024,25,0,0
7339472238593885,3,trader_request,0,1024,16,0,0
7339472238593885,3,trading_callback,0,1024,31,0,0
7339472238593885,3,trace,0,8192,20,0,0
7339472238593885,3,latency,0,4096,20,0,0
7339472339350678,0,market_ingress,0,1024,28,0,0
7339472339350678,0,trader_request,0,1024,6,0,0
7339472339350678,0,trading_callback,0,1024,11,0,0
7339472339350678,0,trace,0,8192,29,0,0
7339472339350678,0,latency,33,4096,36,12047762,0
7339472339350678,1,market_ingress,0,1024,25,0,0
7339472339350678,1,trader_request,0,1024,6,0,0
7339472339350678,1,trading_callback,0,1024,12,0,0
7339472339350678,1,trace,0,8192,42,0,0
7339472339350678,1,latency,0,4096,36,0,0
7339472339350678,2,market_ingress,0,1024,25,0,0
7339472339350678,2,trader_request,0,1024,4,0,0
7339472339350678,2,trading_callback,0,1024,7,0,0
7339472339350678,2,trace,0,8192,56,0,0
7339472339350678,2,latency,0,4096,28,0,0
7339472339350678,3,market_ingress,0,1024,25,0,0
7339472339350678,3,trader_request,5,1024,16,11965624,0
7339472339350678,3,trading_callback,0,1024,31,0,0
7339472339350678,3,trace,0,8192,20,0,0
7339472339350678,3,latency,0,4096,20,0,0
7339472440147264,0,market_ingress,0,1024,28,0,0
7339472440147264,0,trader_request,0,1024,6,0,0
7339472440147264,0,trading_callback,0,1024,11,0,0
7339472440147264,0,trace,0,8192,29,0,0
7339472440147264,0,latency,0,4096,105,0,0
7339472440147264,1,market_ingress,0,1024,25,0,0
7339472440147264,1,trader_request,0,1024,6,0,0
7339472440147264,1,trading_callback,0,1024,12,0,0
7339472440147264,1,trace,0,8192,42,0,0
7339472440147264,1,latency,0,4096,36,0,0
7339472440147264,2,market_ingress,0,1024,25,0,0
7339472440147264,2,trader_request,0,1024,4,0,0
7339472440147264,2,trading_callback,0,1024,7,0,0
7339472440147264,2,trace,0,8192,56,0,0
7339472440147264,2,latency,0,4096,28,0,0
7339472440147264,3,market_ingress,0,1024,25,0,0
7339472440147264,3,trader_request,0,1024,16,0,0
7339472440147264,3,trading_callback,0,1024,31,0,0
7339472440147264,3,trace,0,8192,20,0,0
7339472440147264,3,latency,0,4096,20,0,0
7339472540910756,0,market_ingress,0,1024,28,0,0
7339472540910756,0,trader_request,0,1024,6,0,0
7339472540910756,0,trading_callback,0,1024,11,0,0
7339472540910756,0,trace,0,8192,29,0,0
7339472540910756,0,latency,5,4096,105,342139,0
7339472540910756,1,market_ingress,0,1024,25,0,0
7339472540910756,1,trader_request,0,1024,6,0,0
7339472540910756,1,trading_callback,0,1024,12,0,0
7339472540910756,1,trace,0,8192,42,0,0
7339472540910756,1,latency,0,4096,36,0,0
7339472540910756,2,market_ingress,0,1024,25,0,0
7339472540910756,2,trader_request,0,1024,4,0,0
7339472540910756,2,trading_callback,0,1024,7,0,0
7339472540910756,2,trace,0,8192,56,0,0
7339472540910756,2,latency,0,4096,28,0,0
7339472540910756,3,market_ingress,0,1024,25,0,0
7339472540910756,3,trader_request,0,1024,16,0,0
7339472540910756,3,trading_callback,0,1024,31,0,0
7339472540910756,3,trace,0,8192,26,0,0
7339472540910756,3,latency,0,4096,20,0,0
7339472641625180,0,market_ingress,0,1024,28,0,0
7339472641625180,0,trader_request,0,1024,6,0,0
7339472641625180,0,trading_callback,0,1024,11,0,0
7339472641625180,0,trace,0,8192,29,0,0
7339472641625180,0,latency,1,4096,105,260840,0
7339472641625180,1,market_ingress,0,1024,25,0,0
7339472641625180,1,trader_request,0,1024,6,0,0
7339472641625180,1,trading_callback,0,1024,12,0,0
7339472641625180,1,trace,0,8192,42,0,0
7339472641625180,1,latency,0,4096,36,0,0
7339472641625180,2,market_ingress,0,1024,25,0,0
7339472641625180,2,trader_request,0,1024,4,0,0
7339472641625180,2,trading_callback,0,1024,7,0,0
7339472641625180,2,trace,0,8192,56,0,0
7339472641625180,2,latency,0,4096,28,0,0
7339472641625180,3,market_ingress,0,1024,25,0,0
7339472641625180,3,trader_request,0,1024,16,0,0
7339472641625180,3,trading_callback,0,1024,31,0,0
7339472641625180,3,trace,0,8192,26,0,0
7339472641625180,3,latency,0,4096,20,0,0
7339472742379064,0,market_ingress,0,1024,28,0,0
7339472742379064,0,trader_request,0,1024,6,0,0
7339472742379064,0,trading_callback,0,1024,11,0,0
7339472742379064,0,trace,0,8192,29,0,0
7339472742379064,0,latency,1,4096,105,54499,0
7339472742379064,1,market_ingress,0,1024,25,0,0
7339472742379064,1,trader_request,0,1024,6,0,0
7339472742379064,1,trading_callback,0,1024,12,0,0
7339472742379064,1,trace,0,8192,42,0,0
7339472742379064,1,latency,0,4096,36,0,0
7339472742379064,2,market_ingress,0,1024,25,0,0
7339472742379064,2,trader_request,0,1024,4,0,0
7339472742379064,2,trading_callback,0,1024,7,0,0
7339472742379064,2,trace,0,8192,56,0,0
7339472742379064,2,latency,0,4096,28,0,0
7339472742379064,3,market_ingress,0,1024,25,0,0
7339472742379064,3,trader_request,0,1024,16,0,0
7339472742379064,3,trading_callback,0,1024,31,0,0
7339472742379064,3,trace,0,8192,26,0,0
7339472742379064,3,latency,0,4096,20,0,0
7339472843149216,0,market_ingress,0,1024,28,0,0
7339472843149216,0,trader_request,0,1024,6,0,0
7339472843149216,0,trading_callback,0,1024,11,0,0
7339472843149216,0,trace,0,8192,29,0,0
7339472843149216,0,latency,6,4096,105,1777075,0
7339472843149216,1,market_ingress,0,1024,25,0,0
7339472843149216,1,trader_request,0,1024,6,0,0
7339472843149216,1,trading_callback,0,1024,12,0,0
7339472843149216,1,trace,0,8192,42,0,0
7339472843149216,1,latency,0,4096,36,0,0
7339472843149216,2,market_ingress,0,1024,25,0,0
7339472843149216,2,trader_request,0,1024,4,0,0
7339472843149216,2,trading_callback,0,1024,7,0,0
7339472843149216,2,trace,0,8192,56,0,0
7339472843149216,2,latency,0,4096,28,0,0
7339472843149216,3,market_ingress,0,1024,25,0,0
7339472843149216,3,trader_request,0,1024,16,0,0
7339472843149216,3,trading_callback,0,1024,31,0,0
7339472843149216,3,trace,0,8192,26,0,0
7339472843149216,3,latency,0,4096,20,0,0
7339472943888301,0,market_ingress,0,1024,28,0,0
7339472943888301,0,trader_request,0,1024,6,0,0
7339472943888301,0,trading_callback,0,1024,11,0,0
7339472943888301,0,trace,0,8192,29,0,0
7339472943888301,0,latency,7,4096,105,2968278,0
7339472943888301,1,market_ingress,0,1024,25,0,0
7339472943888301,1,trader_request,0,1024,6,0,0
7339472943888301,1,trading_callback,0,1024,12,0,0
7339472943888301,1,trace,0,8192,42,0,0
7339472943888301,1,latency,0,4096,36,0,0
7339472943888301,2,market_ingress,0,1024,25,0,0
7339472943888301,2,trader_request,0,1024,4,0,0
7339472943888301,2,trading_callback,0,1024,7,0,0
7339472943888301,2,trace,0,8192,56,0,0
7339472943888301,2,latency,0,4096,28,0,0
7339472943888301,3,market_ingress,0,1024,25,0,0
7339472943888301,3,trader_request,0,1024,16,0,0
7339472943888301,3,trading_callback,0,1024,31,0,0
7339472943888301,3,trace,0,8192,26,0,0
7339472943888301,3,latency,0,4096,20,0,0
7339473045148850,0,market_ingress,0,1024,28,0,0
7339473045148850,0,trader_request,0,1024,6,0,0
7339473045148850,0,trading_callback,0,1024,11,0,0
7339473045148850,0,trace,0,8192,29,0,0
7339473045148850,0,latency,0,4096,105,0,0
7339473045148850,1,market_ingress,0,1024,25,0,0
7339473045148850,1,trader_request,0,1024,6,0,0
7339473045148850,1,trading_callback,0,1024,12,0,0
7339473045148850,1,trace,0,8192,42,0,0
7339473045148850,1,latency,0,4096,36,0,0
7339473045148850,2,market_ingress,0,1024,25,0,0
7339473045148850,2,trader_request,0,1024,4,0,0
7339473045148850,2,trading_callback,0,1024,7,0,0
7339473045148850,2,trace,0,8192,56,0,0
7339473045148850,2,latency,0,4096,28,0,0
7339473045148850,3,market_ingress,0,1024,25,0,0
7339473045148850,3,trader_request,0,1024,16,0,0
7339473045148850,3,trading_callback,0,1024,31,0,0
7339473045148850,3,trace,0,8192,26,0,0
7339473045148850,3,latency,0,4096,20,0,0
7339473145851790,0,market_ingress,0,1024,28,0,0
7339473145851790,0,trader_request,0,1024,6,0,0
7339473145851790,0,trading_callback,0,1024,11,0,0
7339473145851790,0,trace,0,8192,29,0,0
7339473145851790,0,latency,0,4096,105,0,0
7339473145851790,1,market_ingress,0,1024,25,0,0
7339473145851790,1,trader_request,0,1024,6,0,0
7339473145851790,1,trading_callback,0,1024,12,0,0
7339473145851790,1,trace,0,8192,42,0,0
7339473145851790,1,latency,0,4096,36,0,0
7339473145851790,2,market_ingress,0,1024,25,0,0
7339473145851790,2,trader_request,0,1024,4,0,0
7339473145851790,2,trading_callback,0,1024,7,0,0
7339473145851790,2,trace,0,8192,56,0,0
7339473145851790,2,latency,0,4096,28,0,0
7339473145851790,3,market_ingress,0,1024,25,0,0
7339473145851790,3,trader_request,0,1024,16,0,0
7339473145851790,3,trading_callback,0,1024,31,0,0
7339473145851790,3,trace,0,8192,26,0,0
7339473145851790,3,latency,0,4096,20,0,0
7339473250612591,0,market_ingress,0,1024,28,0,0
7339473250612591,0,trader_request,0,1024,6,0,0
7339473250612591,0,trading_callback,0,1024,11,0,0
7339473250612591,0,trace,0,8192,29,0,0
7339473250612591,0,latency,0,4096,105,0,0
7339473250612591,1,market_ingress,0,1024,25,0,0
7339473250612591,1,trader_request,0,1024,6,0,0
7339473250612591,1,trading_callback,0,1024,12,0,0
7339473250612591,1,trace,0,8192,42,0,0
7339473250612591,1,latency,0,4096,36,0,0
7339473250612591,2,market_ingress,0,1024,25,0,0
7339473250612591,2,trader_request,0,1024,4,0,0
7339473250612591,2,trading_callback,0,1024,7,0,0
7339473250612591,2,trace,0,8192,56,0,0
7339473250612591,2,latency,0,4096,28,0,0
7339473250612591,3,market_ingress,0,1024,25,0,0
7339473250612591,3,trader_request,0,1024,16,0,0
7339473250612591,3,trading_callback,0,1024,31,0,0
7339473250612591,3,trace,0,8192,26,0,0
7339473250612591,3,latency,0,4096,20,0,0
7339473360405783,0,market_ingress,0,1024,28,0,0
7339473360405783,0,trader_request,0,1024,6,0,0
7339473360405783,0,trading_callback,0,1024,11,0,0
7339473360405783,0,trace,0,8192,29,0,0
7339473360405783,0,latency,0,4096,105,0,0
7339473360405783,1,market_ingress,0,1024,25,0,0
7339473360405783,1,trader_request,0,1024,6,0,0
7339473360405783,1,trading_callback,0,1024,12,0,0
7339473360405783,1,trace,0,8192,42,0,0
7339473360405783,1,latency,0,4096,36,0,0
7339473360405783,2,market_ingress,0,1024,25,0,0
7339473360405783,2,trader_request,0,1024,4,0,0
7339473360405783,2,trading_callback,0,1024,7,0,0
7339473360405783,2,trace,0,8192,56,0,0
7339473360405783,2,latency,0,4096,28,0,0
7339473360405783,3,market_ingress,0,1024,25,0,0
7339473360405783,3,trader_request,0,1024,16,0,0
7339473360405783,3,trading_callback,0,1024,31,0,0
7339473360405783,3,trace,0,8192,26,0,0
7339473360405783,3,latency,0,4096,20,0,0
7339473464818370,0,market_ingress,0,1024,28,0,0
7339473464818370,0,trader_request,0,1024,6,0,0
7339473464818370,0,trading_callback,0,1024,11,0,0
7339473464818370,0,trace,0,8192,29,0,0
7339473464818370,0,latency,0,4096,105,0,0
7339473464818370,1,market_ingress,0,1024,25,0,0
7339473464818370,1,trader_request,0,1024,6,0,0
7339473464818370,1,trading_callback,0,1024,12,0,0
7339473464818370,1,trace,0,8192,42,0,0
7339473464818370,1,latency,0,4096,36,0,0
7339473464818370,2,market_ingress,0,1024,25,0,0
7339473464818370,2,trader_request,0,1024,4,0,0
7339473464818370,2,trading_callback,0,1024,7,0,0
7339473464818370,2,trace,0,8192,56,0,0
7339473464818370,2,latency,0,4096,28,0,0
7339473464818370,3,market_ingress,0,1024,25,0,0
7339473464818370,3,trader_request,0,1024,16,0,0
7339473464818370,3,trading_callback,0,1024,31,0,0
7339473464818370,3,trace,0,8192,26,0,0
7339473464818370,3,latency,0,4096,20,0,0
7339473568026270,0,market_ingress,0,1024,28,0,0
7339473568026270,0,trader_request,0,1024,6,0,0
7339473568026270,0,trading_callback,0,1024,11,0,0
7339473568026270,0,trace,0,8192,29,0,0
7339473568026270,0,latency,0,4096,105,0,0
7339473568026270,1,market_ingress,0,1024,25,0,0
7339473568026270,1,trader_request,0,1024,6,0,0
7339473568026270,1,trading_callback,0,1024,12,0,0
7339473568026270,1,trace,0,8192,42,0,0
7339473568026270,1,latency,0,4096,36,0,0
7339473568026270,2,market_ingress,0,1024,25,0,0
7339473568026270,2,trader_request,0,1024,4,0,0
7339473568026270,2,trading_callback,0,1024,7,0,0
7339473568026270,2,trace,0,8192,56,0,0
7339473568026270,2,latency,0,4096,28,0,0
7339473568026270,3,market_ingress,0,1024,25,0,0
7339473568026270,3,trader_request,0,1024,16,0,0
7339473568026270,3,trading_callback,0,1024,31,0,0
7339473568026270,3,trace,0,8192,26,0,0
7339473568026270,3,latency,0,4096,20,0,0
7339473668847225,0,market_ingress,0,1024,28,0,0
7339473668847225,0,trader_request,0,1024,6,0,0
7339473668847225,0,trading_callback,0,1024,11,0,0
7339473668847225,0,trace,0,8192,29,0,0
7339473668847225,0,latency,0,4096,105,0,0
7339473668847225,1,market_ingress,0,1024,25,0,0
7339473668847225,1,trader_request,0,1024,6,0,0
7339473668847225,1,trading_callback,0,1024,12,0,0
7339473668847225,1,trace,0,8192,42,0,0
7339473668847225,1,latency,0,4096,36,0,0
7339473668847225,2,market_ingress,0,1024,25,0,0
7339473668847225,2,trader_request,0,1024,4,0,0
7339473668847225,2,trading_callback,0,1024,7,0,0
7339473668847225,2,trace,0,8192,56,0,0
7339473668847225,2,latency,0,4096,28,0,0
7339473668847225,3,market_ingress,0,1024,25,0,0
7339473668847225,3,trader_request,0,1024,16,0,0
7339473668847225,3,trading_callback,0,1024,31,0,0
7339473668847225,3,trace,0,8192,26,0,0
7339473668847225,3,latency,0,4096,20,0,0
7339473769586526,0,market_ingress,0,1024,28,0,0
7339473769586526,0,trader_request,2,1024,6,2079830,0
7339473769586526,0,trading_callback,0,1024,11,0,0
7339473769586526,0,trace,0,8192,29,0,0
7339473769586526,0,latency,0,4096,105,0,0
7339473769586526,1,market_ingress,3,1024,25,2176659,0
7339473769586526,1,trader_request,0,1024,6,0,0
7339473769586526,1,trading_callback,0,1024,12,0,0
7339473769586526,1,trace,0,8192,42,0,0
7339473769586526,1,latency,0,4096,36,0,0
7339473769586526,2,market_ingress,0,1024,25,0,0
7339473769586526,2,trader_request,0,1024,4,0,0
7339473769586526,2,trading_callback,0,1024,7,0,0
7339473769586526,2,trace,0,8192,56,0,0
7339473769586526,2,latency,0,4096,28,0,0
7339473769586526,3,market_ingress,0,1024,25,0,0
7339473769586526,3,trader_request,0,1024,16,0,0
7339473769586526,3,trading_callback,0,1024,31,0,0
7339473769586526,3,trace,0,8192,26,0,0
7339473769586526,3,latency,0,4096,20,0,0
7339473870306674,0,market_ingress,0,1024,28,0,0
7339473870306674,0,trader_request,0,1024,6,0,0
7339473870306674,0,trading_callback,0,1024,11,0,0
7339473870306674,0,trace,0,8192,29,0,0
7339473870306674,0,latency,0,4096,105,0,0
7339473870306674,1,market_ingress,0,1024,25,0,0
7339473870306674,1,trader_request,0,1024,6,0,0
7339473870306674,1,trading_callback,0,1024,12,0,0
7339473870306674,1,trace,0,8192,42,0,0
7339473870306674,1,latency,0,4096,36,0,0
7339473870306674,2,market_ingress,0,1024,25,0,0
7339473870306674,2,trader_request,0,1024,4,0,0
7339473870306674,2,trading_callback,0,1024,7,0,0
7339473870306674,2,trace,0,8192,56,0,0
7339473870306674,2,latency,0,4096,28,0,0
7339473870306674,3,market_ingress,0,1024,25,0,0
7339473870306674,3,trader_request,0,1024,16,0,0
7339473870306674,3,trading_callback,0,1024,31,0,0
7339473870306674,3,trace,0,8192,26,0,0
7339473870306674,3,latency,0,4096,20,0,0
7339473971033832,0,market_ingress,0,1024,28,0,0
7339473971033832,0,trader_request,0,1024,6,0,0
7339473971033832,0,trading_callback,0,1024,11,0,0
7339473971033832,0,trace,0,8192,29,0,0
7339473971033832,0,latency,0,4096,105,0,0
7339473971033832,1,market_ingress,0,1024,25,0,0
7339473971033832,1,trader_request,0,1024,6,0,0
7339473971033832,1,trading_callback,0,1024,12,0,0
7339473971033832,1,trace,0,8192,42,0,0
7339473971033832,1,latency,0,4096,36,0,0
7339473971033832,2,market_ingress,0,1024,25,0,0
7339473971033832,2,trader_request,0,1024,4,0,0
7339473971033832,2,trading_callback,0,1024,7,0,0
7339473971033832,2,trace,0,8192,56,0,0
7339473971033832,2,latency,0,4096,28,0,0
7339473971033832,3,market_ingress,0,1024,25,0,0
7339473971033832,3,trader_request,0,1024,16,0,0
7339473971033832,3,trading_callback,0,1024,31,0,0
7339473971033832,3,trace,0,8192,26,0,0
7339473971033832,3,latency,0,4096,20,0,0
7339474071765140,0,market_ingress,0,1024,28,0,0
7339474071765140,0,trader_request,0,1024,6,0,0
7339474071765140,0,trading_callback,0,1024,11,0,0
7339474071765140,0,trace,0,8192,29,0,0
7339474071765140,0,latency,0,4096,105,0,0
7339474071765140,1,market_ingress,0,1024,25,0,0
7339474071765140,1,trader_request,0,1024,6,0,0
7339474071765140,1,trading_callback,0,1024,12,0,0
7339474071765140,1,trace,0,8192,42,0,0
7339474071765140,1,latency,0,4096,36,0,0
7339474071765140,2,market_ingress,0,1024,25,0,0
7339474071765140,2,trader_request,0,1024,4,0,0
7339474071765140,2,trading_callback,0,1024,7,0,0
7339474071765140,2,trace,0,8192,56,0,0
7339474071765140,2,latency,0,4096,28,0,0
7339474071765140,3,market_ingress,0,1024,25,0,0
7339474071765140,3,trader_request,0,1024,16,0,0
7339474071765140,3,trading_callback,0,1024,31,0,0
7339474071765140,3,trace,0,8192,26,0,0
7339474071765140,3,latency,0,4096,20,0,0
7339474172371905,0,market_ingress,0,1024,28,0,0
7339474172371905,0,trader_request,0,1024,6,0,0
7339474172371905,0,trading_callback,0,1024,11,0,0
7339474172371905,0,trace,0,8192,29,0,0
7339474172371905,0,latency,0,4096,105,0,0
7339474172371905,1,market_ingress,0,1024,25,0,0
7339474172371905,1,trader_request,0,1024,6,0,0
7339474172371905,1,trading_callback,0,1024,12,0,0
7339474172371905,1,trace,0,8192,42,0,0
7339474172371905,1,latency,0,4096,36,0,0
7339474172371905,2,market_ingress,0,1024,25,0,0
7339474172371905,2,trader_request,0,1024,4,0,0
7339474172371905,2,trading_callback,0,1024,7,0,0
7339474172371905,2,trace,0,8192,56,0,0
7339474172371905,2,latency,0,4096,28,0,0
7339474172371905,3,market_ingress,0,1024,25,0,0
7339474172371905,3,trader_request,0,1024,16,0,0
7339474172371905,3,trading_callback,0,1024,31,0,0
7339474172371905,3,trace,0,8192,26,0,0
7339474172371905,3,latency,0,4096,20,0,0
7339474273158540,0,market_ingress,0,1024,28,0,0
7339474273158540,0,trader_request,0,1024,6,0,0
7339474273158540,0,trading_callback,0,1024,11,0,0
7339474273158540,0,trace,0,8192,29,0,0
7339474273158540,0,latency,0,4096,105,0,0
7339474273158540,1,market_ingress,0,1024,25,0,0
7339474273158540,1,trader_request,0,1024,6,0,0
7339474273158540,1,trading_callback,0,1024,12,0,0
7339474273158540,1,trace,0,8192,42,0,0
7339474273158540,1,latency,0,4096,36,0,0
7339474273158540,2,market_ingress,0,1024,25,0,0
7339474273158540,2,trader_request,0,1024,4,0,0
7339474273158540,2,trading_callback,0,1024,7,0,0
7339474273158540,2,trace,0,8192,56,0,0
7339474273158540,2,latency,0,4096,28,0,0
7339474273158540,3,market_ingress,0,1024,25,0,0
7339474273158540,3,trader_request,0,1024,16,0,0
7339474273158540,3,trading_callback,0,1024,31,0,0
7339474273158540,3,trace,0,8192,26,0,0
7339474273158540,3,latency,0,4096,20,0,0
7339474373941059,0,market_ingress,0,1024,28,0,0
7339474373941059,0,trader_request,0,1024,6,0,0
7339474373941059,0,trading_callback,0,1024,11,0,0
7339474373941059,0,trace,0,8192,29,0,0
7339474373941059,0,latency,0,4096,105,0,0
7339474373941059,1,market_ingress,0,1024,25,0,0
7339474373941059,1,trader_request,0,1024,6,0,0
7339474373941059,1,trading_callback,0,1024,12,0,0
7339474373941059,1,trace,0,8192,42,0,0
7339474373941059,1,latency,0,4096,36,0,0
7339474373941059,2,market_ingress,0,1024,25,0,0
7339474373941059,2,trader_request,0,1024,4,0,0
7339474373941059,2,trading_callback,0,1024,7,0,0
7339474373941059,2,trace,0,8192,56,0,0
7339474373941059,2,latency,0,4096,28,0,0
7339474373941059,3,market_ingress,0,1024,25,0,0
7339474373941059,3,trader_request,0,1024,16,0,0
7339474373941059,3,trading_callback,0,1024,31,0,0
7339474373941059,3,trace,0,8192,26,0,0
7339474373941059,3,latency,0,4096,20,0,0
7339474474806072,0,market_ingress,0,1024,28,0,0
7339474474806072,0,trader_request,0,1024,6,0,0
7339474474806072,0,trading_callback,0,1024,11,0,0
7339474474806072,0,trace,0,8192,29,0,0
7339474474806072,0,latency,0,4096,105,0,0
7339474474806072,1,market_ingress,0,1024,25,0,0
7339474474806072,1,trader_request,0,1024,6,0,0
7339474474806072,1,trading_callback,0,1024,12,0,0
7339474474806072,1,trace,0,8192,42,0,0
7339474474806072,1,latency,0,4096,36,0,0
7339474474806072,2,market_ingress,0,1024,25,0,0
7339474474806072,2,trader_request,0,1024,4,0,0
7339474474806072,2,trading_callback,0,1024,7,0,0
7339474474806072,2,trace,0,8192,56,0,0
7339474474806072,2,latency,0,4096,28,0,0
7339474474806072,3,market_ingress,0,1024,25,0,0
7339474474806072,3,trader_request,0,1024,16,0,0
7339474474806072,3,trading_callback,0,1024,31,0,0
7339474474806072,3,trace,0,8192,26,0,0
7339474474806072,3,latency,0,4096,20,0,0
7339474575557392,0,market_ingress,0,1024,28,0,0
7339474575557392,0,trader_request,0,1024,6,0,0
7339474575557392,0,trading_callback,0,1024,11,0,0
7339474575557392,0,trace,0,8192,29,0,0
7339474575557392,0,latency,0,4096,105,0,0
7339474575557392,1,market_ingress,0,1024,25,0,0
7339474575557392,1,trader_request,0,1024,6,0,0
7339474575557392,1,trading_callback,0,1024,12,0,0
7339474575557392,1,trace,0,8192,42,0,0
7339474575557392,1,latency,6,4096,36,1133754,0
7339474575557392,2,market_ingress,0,1024,25,0,0
7339474575557392,2,trader_request,0,1024,4,0,0
7339474575557392,2,trading_callback,0,1024,7,0,0
7339474575557392,2,trace,0,8192,56,0,0
7339474575557392,2,latency,0,4096,28,0,0
7339474575557392,3,market_ingress,0,1024,25,0,0
7339474575557392,3,trader_request,0,1024,16,0,0
7339474575557392,3,trading_callback,0,1024,31,0,0
7339474575557392,3,trace,0,8192,26,0,0
7339474575557392,3,latency,0,4096,20,0,0
7339474676220455,0,market_ingress,0,1024,28,0,0
7339474676220455,0,trader_request,0,1024,6,0,0
7339474676220455,0,trading_callback,0,1024,11,0,0
7339474676220455,0,trace,0,8192,29,0,0
7339474676220455,0,latency,0,4096,105,0,0
7339474676220455,1,market_ingress,0,1024,25,0,0
7339474676220455,1,trader_request,0,1024,6,0,0
7339474676220455,1,trading_callback,0,1024,12,0,0
7339474676220455,1,trace,0,8192,42,0,0
7339474676220455,1,latency,0,4096,36,0,0
7339474676220455,2,market_ingress,0,1024,25,0,0
7339474676220455,2,trader_request,0,1024,4,0,0
7339474676220455,2,trading_callback,0,1024,7,0,0
7339474676220455,2,trace,0,8192,56,0,0
7339474676220455,2,latency,0,4096,28,0,0
7339474676220455,3,market_ingress,0,1024,25,0,0
7339474676220455,3,trader_request,0,1024,16,0,0
7339474676220455,3,trading_callback,0,1024,31,0,0
7339474676220455,3,trace,0,8192,26,0,0
7339474676220455,3,latency,0,4096,20,0,0
7339474780024553,0,market_ingress,0,1024,28,0,0
7339474780024553,0,trader_request,0,1024,6,0,0
7339474780024553,0,trading_callback,0,1024,11,0,0
7339474780024553,0,trace,0,8192,29,0,0
7339474780024553,0,latency,0,4096,105,0,0
7339474780024553,1,market_ingress,0,1024,25,0,0
7339474780024553,1,trader_request,0,1024,6,0,0
7339474780024553,1,trading_callback,0,1024,12,0,0
7339474780024553,1,trace,0,8192,42,0,0
7339474780024553,1,latency,0,4096,36,0,0
7339474780024553,2,market_ingress,0,1024,25,0,0
7339474780024553,2,trader_request,0,1024,4,0,0
7339474780024553,2,trading_callback,0,1024,7,0,0
7339474780024553,2,trace,0,8192,56,0,0
7339474780024553,2,latency,0,4096,28,0,0
7339474780024553,3,market_ingress,0,1024,25,0,0
7339474780024553,3,trader_request,0,1024,16,0,0
7339474780024553,3,trading_callback,0,1024,31,0,0
7339474780024553,3,trace,0,8192,26,0,0
7339474780024553,3,latency,0,4096,20,0,0
7339474880860934,0,market_ingress,0,1024,28,0,0
7339474880860934,0,trader_request,0,1024,6,0,0
7339474880860934,0,trading_callback,0,1024,11,0,0
7339474880860934,0,trace,0,8192,29,0,0
7339474880860934,0,latency,0,4096,105,0,0
7339474880860934,1,market_ingress,0,1024,25,0,0
7339474880860934,1,trader_request,0,1024,6,0,0
7339474880860934,1,trading_callback,1,1024,12,252834,0
7339474880860934,1,trace,0,8192,42,0,0
7339474880860934,1,latency,0,4096,36,0,0
7339474880860934,2,market_ingress,0,1024,25,0,0
7339474880860934,2,trader_request,0,1024,4,0,0
7339474880860934,2,trading_callback,0,1024,7,0,0
7339474880860934,2,trace,0,8192,56,0,0
7339474880860934,2,latency,0,4096,28,0,0
7339474880860934,3,market_ingress,0,1024,25,0,0
7339474880860934,3,trader_request,0,1024,16,0,0
7339474880860934,3,trading_callback,0,1024,31,0,0
7339474880860934,3,trace,0,8192,26,0,0
7339474880860934,3,latency,0,4096,20,0,0
7339474983215342,0,market_ingress,0,1024,28,0,0
7339474983215342,0,trader_request,0,1024,6,0,0
7339474983215342,0,trading_callback,0,1024,11,0,0
7339474983215342,0,trace,0,8192,29,0,0
7339474983215342,0,latency,0,4096,105,0,0
7339474983215342,1,market_ingress,0,1024,25,0,0
7339474983215342,1,trader_request,0,1024,6,0,0
7339474983215342,1,trading_callback,0,1024,12,0,0
7339474983215342,1,trace,0,8192,42,0,0
7339474983215342,1,latency,0,4096,36,0,0
7339474983215342,2,market_ingress,0,1024,25,0,0
7339474983215342,2,trader_request,0,1024,4,0,0
7339474983215342,2,trading_callback,0,1024,7,0,0
7339474983215342,2,trace,0,8192,56,0,0
7339474983215342,2,latency,0,4096,28,0,0
7339474983215342,3,market_ingress,0,1024,25,0,0
7339474983215342,3,trader_request,0,1024,16,0,0
7339474983215342,3,trading_callback,0,1024,31,0,0
7339474983215342,3,trace,0,8192,26,0,0
7339474983215342,3,latency,0,4096,20,0,0
7339475083841057,0,market_ingress,0,1024,28,0,0
7339475083841057,0,trader_request,0,1024,6,0,0
7339475083841057,0,trading_callback,0,1024,11,0,0
7339475083841057,0,trace,0,8192,29,0,0
7339475083841057,0,latency,0,4096,105,0,0
7339475083841057,1,market_ingress,0,1024,25,0,0
7339475083841057,1,trader_request,0,1024,6,0,0
7339475083841057,1,trading_callback,0,1024,12,0,0
7339475083841057,1,trace,0,8192,42,0,0
7339475083841057,1,latency,0,4096,36,0,0
7339475083841057,2,market_ingress,0,1024,25,0,0
7339475083841057,2,trader_request,0,1024,4,0,0
7339475083841057,2,trading_callback,0,1024,7,0,0
7339475083841057,2,trace,0,8192,56,0,0
7339475083841057,2,latency,0,4096,28,0,0
7339475083841057,3,market_ingress,0,1024,25,0,0
7339475083841057,3,trader_request,0,1024,16,0,0
7339475083841057,3,trading_callback,0,1024,31,0,0
7339475083841057,3,trace,0,8192,26,0,0
7339475083841057,3,latency,0,4096,20,0,0
7339475184606294,0,market_ingress,0,1024,28,0,0
7339475184606294,0,trader_request,0,1024,6,0,0
7339475184606294,0,trading_callback,0,1024,11,0,0
7339475184606294,0,trace,0,8192,29,0,0
7339475184606294,0,latency,0,4096,105,0,0
7339475184606294,1,market_ingress,0,1024,25,0,0
7339475184606294,1,trader_request,0,1024,6,0,0
7339475184606294,1,trading_callback,0,1024,12,0,0
7339475184606294,1,trace,0,8192,42,0,0
7339475184606294,1,latency,0,4096,36,0,0
7339475184606294,2,market_ingress,0,1024,25,0,0
7339475184606294,2,trader_request,0,1024,4,0,0
7339475184606294,2,trading_callback,0,1024,7,0,0
7339475184606294,2,trace,0,8192,56,0,0
7339475184606294,2,latency,0,4096,28,0,0
7339475184606294,3,market_ingress,0,1024,25,0,0
7339475184606294,3,trader_request,0,1024,16,0,0
7339475184606294,3,trading_callback,0,1024,31,0,0
7339475184606294,3,trace,0,8192,26,0,0
7339475184606294,3,latency,0,4096,20,0,0
7339475285191965,0,market_ingress,0,1024,28,0,0
7339475285191965,0,trader_request,0,1024,6,0,0
7339475285191965,0,trading_callback,0,1024,11,0,0
7339475285191965,0,trace,0,8192,29,0,0
7339475285191965,0,latency,0,4096,105,0,0
7339475285191965,1,market_ingress,0,1024,25,0,0
7339475285191965,1,trader_request,0,1024,6,0,0
7339475285191965,1,trading_callback,0,1024,12,0,0
7339475285191965,1,trace,0,8192,42,0,0
7339475285191965,1,latency,0,4096,36,0,0
7339475285191965,2,market_ingress,0,1024,25,0,0
7339475285191965,2,trader_request,0,1024,4,0,0
7339475285191965,2,trading_callback,0,1024,7,0,0
7339475285191965,2,trace,0,8192,56,0,0
7339475285191965,2,latency,0,4096,28,0,0
7339475285191965,3,market_ingress,0,1024,25,0,0
7339475285191965,3,trader_request,0,1024,16,0,0
7339475285191965,3,trading_callback,0,1024,31,0,0
7339475285191965,3,trace,0,8192,26,0,0
7339475285191965,3,latency,0,4096,20,0,0
7339475385780996,0,market_ingress,0,1024,28,0,0
7339475385780996,0,trader_request,0,1024,6,0,0
7339475385780996,0,trading_callback,0,1024,11,0,0
7339475385780996,0,trace,0,8192,29,0,0
7339475385780996,0,latency,0,4096,105,0,0
7339475385780996,1,market_ingress,0,1024,25,0,0
7339475385780996,1,trader_request,0,1024,6,0,0
7339475385780996,1,trading_callback,0,1024,12,0,0
7339475385780996,1,trace,0,8192,42,0,0
7339475385780996,1,latency,0,4096,36,0,0
7339475385780996,2,market_ingress,0,1024,25,0,0
7339475385780996,2,trader_request,0,1024,4,0,0
7339475385780996,2,trading_callback,0,1024,7,0,0
7339475385780996,2,trace,0,8192,56,0,0
7339475385780996,2,latency,0,4096,28,0,0
7339475385780996,3,market_ingress,0,1024,25,0,0
7339475385780996,3,trader_request,0,1024,16,0,0
7339475385780996,3,trading_callback,0,1024,31,0,0
7339475385780996,3,trace,0,8192,26,0,0
7339475385780996,3,latency,0,4096,20,0,0
7339475486361368,0,market_ingress,0,1024,28,0,0
7339475486361368,0,trader_request,0,1024,6,0,0
7339475486361368,0,trading_callback,0,1024,11,0,0
7339475486361368,0,trace,0,8192,29,0,0
7339475486361368,0,latency,0,4096,105,0,0
7339475486361368,1,market_ingress,0,1024,25,0,0
7339475486361368,1,trader_request,0,1024,6,0,0
7339475486361368,1,trading_callback,0,1024,12,0,0
7339475486361368,1,trace,0,8192,42,0,0
7339475486361368,1,latency,0,4096,36,0,0
7339475486361368,2,market_ingress,0,1024,25,0,0
7339475486361368,2,trader_request,0,1024,4,0,0
7339475486361368,2,trading_callback,0,1024,7,0,0
7339475486361368,2,trace,0,8192,56,0,0
7339475486361368,2,latency,0,4096,28,0,0
7339475486361368,3,market_ingress,0,1024,25,0,0
7339475486361368,3,trader_request,0,1024,16,0,0
7339475486361368,3,trading_callback,0,1024,31,0,0
7339475486361368,3,trace,0,8192,26,0,0
7339475486361368,3,latency,0,4096,20,0,0
