sample_mono_ns,scope,account_index,role,tid,user_cpu_ns,system_cpu_ns,voluntary_context_switches,nonvoluntary_context_switches
7350037179519314,process,-1,process,78,140000000,650000000,1,1
7350037179519314,thread,-1,producer,78,0,30000000,1,1
7350037179519314,thread,-1,sampler,87,0,0,1,0
7350037179519314,thread,0,account_worker,85,40000000,50000000,0,0
7350037179519314,thread,0,trader_callback,79,0,120000000,0,7
7350037179519314,thread,0,trace_writer,80,20000000,90000000,0,4
7350037179519314,thread,0,latency_writer,81,20000000,80000000,0,0
7350037179519314,thread,1,account_worker,86,10000000,40000000,0,82518
7350037179519314,thread,1,trader_callback,82,0,100000000,0,1
7350037179519314,thread,1,trace_writer,83,10000000,80000000,0,1
7350037179519314,thread,1,latency_writer,84,0,30000000,0,82573
7350037279937815,process,-1,process,78,310000000,1250000000,2,1
7350037279937815,thread,-1,producer,78,0,30000000,2,1
7350037279937815,thread,-1,sampler,87,0,0,2,0
7350037279937815,thread,0,account_worker,85,70000000,120000000,0,0
7350037279937815,thread,0,trader_callback,79,20000000,200000000,0,10
7350037279937815,thread,0,trace_writer,80,30000000,170000000,0,4
7350037279937815,thread,0,latency_writer,81,40000000,160000000,0,1
7350037279937815,thread,1,account_worker,86,40000000,90000000,0,107382
7350037279937815,thread,1,trader_callback,82,10000000,190000000,0,3
7350037279937815,thread,1,trace_writer,83,40000000,150000000,0,8
7350037279937815,thread,1,latency_writer,84,20000000,100000000,0,107383
7350037380336149,process,-1,process,78,510000000,1840000000,101,1
7350037380336149,thread,-1,producer,78,0,30000000,101,1
7350037380336149,thread,-1,sampler,87,0,0,3,0
7350037380336149,thread,0,account_worker,85,100000000,190000000,0,0
7350037380336149,thread,0,trader_callback,79,40000000,280000000,0,19
7350037380336149,thread,0,trace_writer,80,50000000,250000000,0,7
7350037380336149,thread,0,latency_writer,81,60000000,240000000,0,11
7350037380336149,thread,1,account_worker,86,100000000,130000000,0,107383
7350037380336149,thread,1,trader_callback,82,30000000,270000000,0,3
7350037380336149,thread,1,trace_writer,83,70000000,220000000,0,14
7350037380336149,thread,1,latency_writer,84,30000000,190000000,0,107388
7350037480698784,process,-1,process,78,660000000,2500000000,201,1
7350037480698784,thread,-1,producer,78,0,30000000,201,1
7350037480698784,thread,-1,sampler,87,0,0,4,0
7350037480698784,thread,0,account_worker,85,140000000,250000000,0,0
7350037480698784,thread,0,trader_callback,79,50000000,370000000,0,23
7350037480698784,thread,0,trace_writer,80,70000000,340000000,0,7
7350037480698784,thread,0,latency_writer,81,80000000,320000000,0,11
7350037480698784,thread,1,account_worker,86,120000000,210000000,0,107383
7350037480698784,thread,1,trader_callback,82,40000000,360000000,0,5
7350037480698784,thread,1,trace_writer,83,80000000,300000000,0,17
7350037480698784,thread,1,latency_writer,84,50000000,270000000,0,107393
7350037581064193,process,-1,process,78,870000000,3090000000,301,1
7350037581064193,thread,-1,producer,78,0,30000000,301,1
7350037581064193,thread,-1,sampler,87,0,0,5,0
7350037581064193,thread,0,account_worker,85,190000000,300000000,0,0
7350037581064193,thread,0,trader_callback,79,70000000,450000000,0,27
7350037581064193,thread,0,trace_writer,80,90000000,410000000,0,11
7350037581064193,thread,0,latency_writer,81,110000000,390000000,0,12
7350037581064193,thread,1,account_worker,86,140000000,290000000,0,107383
7350037581064193,thread,1,trader_callback,82,60000000,450000000,0,5
7350037581064193,thread,1,trace_writer,83,100000000,380000000,0,20
7350037581064193,thread,1,latency_writer,84,70000000,350000000,0,107397
7350037681430810,process,-1,process,78,1070000000,3700000000,402,1
7350037681430810,thread,-1,producer,78,0,30000000,402,1
7350037681430810,thread,-1,sampler,87,0,0,6,0
7350037681430810,thread,0,account_worker,85,230000000,360000000,0,0
7350037681430810,thread,0,trader_callback,79,100000000,520000000,0,27
7350037681430810,thread,0,trace_writer,80,110000000,490000000,0,13
7350037681430810,thread,0,latency_writer,81,130000000,470000000,0,15
7350037681430810,thread,1,account_worker,86,170000000,360000000,0,107384
7350037681430810,thread,1,trader_callback,82,80000000,520000000,0,5
7350037681430810,thread,1,trace_writer,83,120000000,460000000,0,23
7350037681430810,thread,1,latency_writer,84,80000000,440000000,0,107399
7350037781860605,process,-1,process,78,1210000000,4360000000,502,1
7350037781860605,thread,-1,producer,78,0,30000000,502,1
7350037781860605,thread,-1,sampler,87,0,0,7,0
7350037781860605,thread,0,account_worker,85,250000000,440000000,0,0
7350037781860605,thread,0,trader_callback,79,100000000,620000000,0,27
7350037781860605,thread,0,trace_writer,80,130000000,570000000,0,17
7350037781860605,thread,0,latency_writer,81,150000000,550000000,0,15
7350037781860605,thread,1,account_worker,86,200000000,420000000,0,107384
7350037781860605,thread,1,trader_callback,82,110000000,600000000,0,5
7350037781860605,thread,1,trace_writer,83,130000000,550000000,0,30
7350037781860605,thread,1,latency_writer,84,90000000,530000000,0,107401
7350037882221695,process,-1,process,78,1410000000,4960000000,602,1
7350037882221695,thread,-1,producer,78,0,30000000,602,1
7350037882221695,thread,-1,sampler,87,0,0,8,0
7350037882221695,thread,0,account_worker,85,300000000,490000000,0,0
7350037882221695,thread,0,trader_callback,79,130000000,690000000,0,27
7350037882221695,thread,0,trace_writer,80,140000000,660000000,0,17
7350037882221695,thread,0,latency_writer,81,180000000,620000000,0,15
7350037882221695,thread,1,account_worker,86,250000000,480000000,0,107386
7350037882221695,thread,1,trader_callback,82,110000000,690000000,0,5
7350037882221695,thread,1,trace_writer,83,160000000,630000000,1,33
7350037882221695,thread,1,latency_writer,84,100000000,620000000,0,107404
7350037982585338,process,-1,process,78,1600000000,5570000000,703,1
7350037982585338,thread,-1,producer,78,0,30000000,703,1
7350037982585338,thread,-1,sampler,87,0,0,9,0
7350037982585338,thread,0,account_worker,85,350000000,550000000,0,0
7350037982585338,thread,0,trader_callback,79,130000000,790000000,0,29
7350037982585338,thread,0,trace_writer,80,160000000,750000000,0,21
7350037982585338,thread,0,latency_writer,81,220000000,680000000,0,15
7350037982585338,thread,1,account_worker,86,300000000,530000000,0,107387
7350037982585338,thread,1,trader_callback,82,140000000,760000000,0,5
7350037982585338,thread,1,trace_writer,83,160000000,720000000,1,36
7350037982585338,thread,1,latency_writer,84,110000000,710000000,0,107407
7350038082953886,process,-1,process,78,1810000000,6170000000,803,1
7350038082953886,thread,-1,producer,78,0,30000000,803,1
7350038082953886,thread,-1,sampler,87,0,0,10,0
7350038082953886,thread,0,account_worker,85,400000000,600000000,0,1
7350038082953886,thread,0,trader_callback,79,150000000,870000000,0,30
7350038082953886,thread,0,trace_writer,80,180000000,830000000,0,22
7350038082953886,thread,0,latency_writer,81,240000000,760000000,0,17
7350038082953886,thread,1,account_worker,86,340000000,580000000,0,107387
7350038082953886,thread,1,trader_callback,82,160000000,850000000,0,5
7350038082953886,thread,1,trace_writer,83,180000000,810000000,1,37
7350038082953886,thread,1,latency_writer,84,120000000,790000000,0,107412
7350038183333138,process,-1,process,78,1960000000,6820000000,904,1
7350038183333138,thread,-1,producer,78,0,30000000,904,1
7350038183333138,thread,-1,sampler,87,0,0,11,0
7350038183333138,thread,0,account_worker,85,430000000,670000000,0,2
7350038183333138,thread,0,trader_callback,79,170000000,950000000,0,32
7350038183333138,thread,0,trace_writer,80,190000000,920000000,0,27
7350038183333138,thread,0,latency_writer,81,250000000,850000000,0,17
7350038183333138,thread,1,account_worker,86,380000000,650000000,0,107388
7350038183333138,thread,1,trader_callback,82,180000000,930000000,0,6
7350038183333138,thread,1,trace_writer,83,190000000,900000000,1,43
7350038183333138,thread,1,latency_writer,84,140000000,870000000,0,107414
7350038283775924,process,-1,process,78,2130000000,7450000000,1004,1
7350038283775924,thread,-1,producer,78,0,30000000,1004,1
7350038283775924,thread,-1,sampler,87,0,0,12,0
7350038283775924,thread,0,account_worker,85,490000000,700000000,0,2
7350038283775924,thread,0,trader_callback,79,180000000,1040000000,0,34
7350038283775924,thread,0,trace_writer,80,210000000,1000000000,0,28
7350038283775924,thread,0,latency_writer,81,270000000,940000000,0,17
7350038283775924,thread,1,account_worker,86,400000000,730000000,0,107389
7350038283775924,thread,1,trader_callback,82,180000000,1020000000,0,6
7350038283775924,thread,1,trace_writer,83,200000000,990000000,1,46
7350038283775924,thread,1,latency_writer,84,160000000,960000000,0,107414
7350038384163212,process,-1,process,78,2280000000,8110000000,1104,1
7350038384163212,thread,-1,producer,78,0,30000000,1104,1
7350038384163212,thread,-1,sampler,87,0,0,13,0
7350038384163212,thread,0,account_worker,85,530000000,770000000,0,2
7350038384163212,thread,0,trader_callback,79,200000000,1120000000,0,36
7350038384163212,thread,0,trace_writer,80,230000000,1080000000,0,28
7350038384163212,thread,0,latency_writer,81,280000000,1030000000,0,17
7350038384163212,thread,1,account_worker,86,430000000,800000000,0,107390
7350038384163212,thread,1,trader_callback,82,200000000,1110000000,0,6
7350038384163212,thread,1,trace_writer,83,210000000,1070000000,1,49
7350038384163212,thread,1,latency_writer,84,170000000,1050000000,0,107415
7350038484538595,process,-1,process,78,2520000000,8670000000,1205,1
7350038484538595,thread,-1,producer,78,0,30000000,1205,1
7350038484538595,thread,-1,sampler,87,0,0,14,0
7350038484538595,thread,0,account_worker,85,560000000,840000000,0,3
7350038484538595,thread,0,trader_callback,79,220000000,1200000000,0,36
7350038484538595,thread,0,trace_writer,80,250000000,1160000000,0,31
7350038484538595,thread,0,latency_writer,81,320000000,1080000000,0,17
7350038484538595,thread,1,account_worker,86,460000000,870000000,0,107391
7350038484538595,thread,1,trader_callback,82,240000000,1170000000,0,7
7350038484538595,thread,1,trace_writer,83,250000000,1140000000,1,55
7350038484538595,thread,1,latency_writer,84,190000000,1130000000,0,107416
7350038584899612,process,-1,process,78,2750000000,9240000000,1305,1
7350038584899612,thread,-1,producer,78,0,30000000,1305,1
7350038584899612,thread,-1,sampler,87,0,0,15,0
7350038584899612,thread,0,account_worker,85,610000000,880000000,0,4
7350038584899612,thread,0,trader_callback,79,250000000,1270000000,0,36
7350038584899612,thread,0,trace_writer,80,270000000,1240000000,0,31
7350038584899612,thread,0,latency_writer,81,340000000,1170000000,0,17
7350038584899612,thread,1,account_worker,86,510000000,920000000,0,107392
7350038584899612,thread,1,trader_callback,82,260000000,1250000000,0,7
7350038584899612,thread,1,trace_writer,83,260000000,1230000000,1,55
7350038584899612,thread,1,latency_writer,84,220000000,1200000000,0,107416
7350038685268543,process,-1,process,78,2970000000,9820000000,1405,1
7350038685268543,thread,-1,producer,78,0,30000000,1406,1
7350038685268543,thread,-1,sampler,87,0,0,16,0
7350038685268543,thread,0,account_worker,85,670000000,930000000,0,4
7350038685268543,thread,0,trader_callback,79,270000000,1350000000,0,36
7350038685268543,thread,0,trace_writer,80,290000000,1320000000,0,34
7350038685268543,thread,0,latency_writer,81,360000000,1250000000,0,17
7350038685268543,thread,1,account_worker,86,550000000,980000000,0,107392
7350038685268543,thread,1,trader_callback,82,280000000,1330000000,0,7
7350038685268543,thread,1,trace_writer,83,280000000,1310000000,1,58
7350038685268543,thread,1,latency_writer,84,240000000,1280000000,0,107416
7350038785624963,process,-1,process,78,3170000000,10430000000,1506,1
7350038785624963,thread,-1,producer,78,0,30000000,1506,1
7350038785624963,thread,-1,sampler,87,0,0,17,0
7350038785624963,thread,0,account_worker,85,700000000,990000000,0,4
7350038785624963,thread,0,trader_callback,79,290000000,1430000000,0,36
7350038785624963,thread,0,trace_writer,80,310000000,1390000000,0,38
7350038785624963,thread,0,latency_writer,81,380000000,1330000000,0,17
7350038785624963,thread,1,account_worker,86,590000000,1040000000,0,107392
7350038785624963,thread,1,trader_callback,82,310000000,1400000000,0,9
7350038785624963,thread,1,trace_writer,83,290000000,1400000000,1,59
7350038785624963,thread,1,latency_writer,84,270000000,1350000000,0,107417
7350038885985270,process,-1,process,78,3360000000,11040000000,1606,1
7350038885985270,thread,-1,producer,78,0,30000000,1606,1
7350038885985270,thread,-1,sampler,87,0,0,18,0
7350038885985270,thread,0,account_worker,85,750000000,1040000000,0,4
7350038885985270,thread,0,trader_callback,79,310000000,1510000000,0,36
7350038885985270,thread,0,trace_writer,80,320000000,1490000000,0,38
7350038885985270,thread,0,latency_writer,81,390000000,1420000000,0,20
7350038885985270,thread,1,account_worker,86,630000000,1090000000,0,107396
7350038885985270,thread,1,trader_callback,82,320000000,1490000000,0,9
7350038885985270,thread,1,trace_writer,83,310000000,1480000000,1,59
7350038885985270,thread,1,latency_writer,84,290000000,1430000000,0,107417
7350038986343390,process,-1,process,78,3540000000,11670000000,1707,1
7350038986343390,thread,-1,producer,78,0,30000000,1707,1
7350038986343390,thread,-1,sampler,87,0,0,19,0
7350038986343390,thread,0,account_worker,85,790000000,1110000000,0,4
7350038986343390,thread,0,trader_callback,79,320000000,1610000000,0,36
7350038986343390,thread,0,trace_writer,80,350000000,1560000000,0,41
7350038986343390,thread,0,latency_writer,81,400000000,1500000000,0,20
7350038986343390,thread,1,account_worker,86,660000000,1170000000,0,107396
7350038986343390,thread,1,trader_callback,82,350000000,1560000000,0,10
7350038986343390,thread,1,trace_writer,83,330000000,1560000000,1,60
7350038986343390,thread,1,latency_writer,84,310000000,1510000000,0,107417
7350039086776766,process,-1,process,78,3690000000,12310000000,1807,1
7350039086776766,thread,-1,producer,78,0,30000000,1807,1
7350039086776766,thread,-1,sampler,87,0,0,20,0
7350039086776766,thread,0,account_worker,85,830000000,1170000000,0,5
7350039086776766,thread,0,trader_callback,79,340000000,1680000000,0,37
7350039086776766,thread,0,trace_writer,80,370000000,1640000000,0,42
7350039086776766,thread,0,latency_writer,81,420000000,1590000000,0,21
7350039086776766,thread,1,account_worker,86,690000000,1230000000,0,107397
7350039086776766,thread,1,trader_callback,82,360000000,1650000000,0,10
7350039086776766,thread,1,trace_writer,83,330000000,1660000000,1,61
7350039086776766,thread,1,latency_writer,84,320000000,1610000000,0,107418
7350039187187535,process,-1,process,78,3880000000,12930000000,1907,1
7350039187187535,thread,-1,producer,78,0,30000000,1907,1
7350039187187535,thread,-1,sampler,87,0,0,21,0
7350039187187535,thread,0,account_worker,85,880000000,1220000000,0,5
7350039187187535,thread,0,trader_callback,79,350000000,1770000000,0,37
7350039187187535,thread,0,trace_writer,80,400000000,1710000000,0,42
7350039187187535,thread,0,latency_writer,81,430000000,1680000000,0,24
7350039187187535,thread,1,account_worker,86,730000000,1300000000,0,107397
7350039187187535,thread,1,trader_callback,82,380000000,1730000000,0,12
7350039187187535,thread,1,trace_writer,83,340000000,1750000000,1,64
7350039187187535,thread,1,latency_writer,84,340000000,1690000000,0,107422
7350039287537846,process,-1,process,78,4070000000,13550000000,2008,1
7350039287537846,thread,-1,producer,78,0,30000000,2008,1
7350039287537846,thread,-1,sampler,87,0,0,22,0
7350039287537846,thread,0,account_worker,85,920000000,1280000000,0,5
7350039287537846,thread,0,trader_callback,79,380000000,1840000000,0,37
7350039287537846,thread,0,trace_writer,80,410000000,1800000000,0,43
7350039287537846,thread,0,latency_writer,81,450000000,1760000000,0,25
7350039287537846,thread,1,account_worker,86,760000000,1360000000,0,107397
7350039287537846,thread,1,trader_callback,82,390000000,1820000000,0,12
7350039287537846,thread,1,trace_writer,83,360000000,1830000000,1,65
7350039287537846,thread,1,latency_writer,84,360000000,1760000000,0,107422
7350039387898358,process,-1,process,78,4250000000,14170000000,2108,1
7350039387898358,thread,-1,producer,78,0,40000000,2108,1
7350039387898358,thread,-1,sampler,87,0,0,23,0
7350039387898358,thread,0,account_worker,85,960000000,1340000000,0,6
7350039387898358,thread,0,trader_callback,79,400000000,1920000000,0,37
7350039387898358,thread,0,trace_writer,80,430000000,1880000000,0,43
7350039387898358,thread,0,latency_writer,81,450000000,1860000000,0,26
7350039387898358,thread,1,account_worker,86,810000000,1410000000,0,107397
7350039387898358,thread,1,trader_callback,82,410000000,1900000000,0,13
7350039387898358,thread,1,trace_writer,83,380000000,1910000000,1,65
7350039387898358,thread,1,latency_writer,84,370000000,1850000000,0,107422
7350039488275146,process,-1,process,78,4430000000,14800000000,2208,1
7350039488275146,thread,-1,producer,78,0,40000000,2209,1
7350039488275146,thread,-1,sampler,87,0,0,24,0
7350039488275146,thread,0,account_worker,85,990000000,1410000000,0,6
7350039488275146,thread,0,trader_callback,79,430000000,2000000000,0,37
7350039488275146,thread,0,trace_writer,80,450000000,1960000000,0,43
7350039488275146,thread,0,latency_writer,81,470000000,1930000000,0,26
7350039488275146,thread,1,account_worker,86,850000000,1480000000,0,107397
7350039488275146,thread,1,trader_callback,82,420000000,1990000000,0,13
7350039488275146,thread,1,trace_writer,83,390000000,2000000000,1,66
7350039488275146,thread,1,latency_writer,84,380000000,1940000000,0,107422
7350039588634367,process,-1,process,78,4620000000,15400000000,2309,1
7350039588634367,thread,-1,producer,78,0,40000000,2309,1
7350039588634367,thread,-1,sampler,87,0,0,25,0
7350039588634367,thread,0,account_worker,85,1030000000,1470000000,0,6
7350039588634367,thread,0,trader_callback,79,450000000,2080000000,0,38
7350039588634367,thread,0,trace_writer,80,480000000,2030000000,0,44
7350039588634367,thread,0,latency_writer,81,490000000,2020000000,0,27
7350039588634367,thread,1,account_worker,86,890000000,1540000000,0,107401
7350039588634367,thread,1,trader_callback,82,450000000,2060000000,0,14
7350039588634367,thread,1,trace_writer,83,400000000,2090000000,1,66
7350039588634367,thread,1,latency_writer,84,380000000,2040000000,0,107422
7350039688989120,process,-1,process,78,4800000000,16030000000,2409,1
7350039688989120,thread,-1,producer,78,0,40000000,2409,1
7350039688989120,thread,-1,sampler,87,0,0,26,0
7350039688989120,thread,0,account_worker,85,1070000000,1530000000,0,6
7350039688989120,thread,0,trader_callback,79,450000000,2170000000,0,38
7350039688989120,thread,0,trace_writer,80,500000000,2110000000,0,45
7350039688989120,thread,0,latency_writer,81,510000000,2090000000,0,28
7350039688989120,thread,1,account_worker,86,920000000,1610000000,0,107401
7350039688989120,thread,1,trader_callback,82,480000000,2130000000,0,14
7350039688989120,thread,1,trace_writer,83,430000000,2170000000,1,70
7350039688989120,thread,1,latency_writer,84,400000000,2130000000,0,107422
7350039789354920,process,-1,process,78,4980000000,16650000000,2510,1
7350039789354920,thread,-1,producer,78,0,40000000,2510,1
7350039789354920,thread,-1,sampler,87,0,0,27,0
7350039789354920,thread,0,account_worker,85,1110000000,1590000000,0,6
7350039789354920,thread,0,trader_callback,79,470000000,2260000000,0,38
7350039789354920,thread,0,trace_writer,80,510000000,2200000000,0,46
7350039789354920,thread,0,latency_writer,81,530000000,2180000000,0,28
7350039789354920,thread,1,account_worker,86,960000000,1670000000,0,107401
7350039789354920,thread,1,trader_callback,82,510000000,2210000000,0,14
7350039789354920,thread,1,trace_writer,83,430000000,2260000000,1,74
7350039789354920,thread,1,latency_writer,84,420000000,2200000000,0,107422
7350039889723812,process,-1,process,78,5150000000,17280000000,2610,1
7350039889723812,thread,-1,producer,78,0,40000000,2610,1
7350039889723812,thread,-1,sampler,87,0,0,28,0
7350039889723812,thread,0,account_worker,85,1140000000,1660000000,0,6
7350039889723812,thread,0,trader_callback,79,480000000,2350000000,0,40
7350039889723812,thread,0,trace_writer,80,520000000,2290000000,0,46
7350039889723812,thread,0,latency_writer,81,550000000,2260000000,0,28
7350039889723812,thread,1,account_worker,86,990000000,1740000000,0,107405
7350039889723812,thread,1,trader_callback,82,520000000,2290000000,0,14
7350039889723812,thread,1,trace_writer,83,450000000,2340000000,1,80
7350039889723812,thread,1,latency_writer,84,440000000,2280000000,0,107422
7350039990088774,process,-1,process,78,5350000000,17880000000,2710,1
7350039990088774,thread,-1,producer,78,0,40000000,2710,1
7350039990088774,thread,-1,sampler,87,0,0,29,0
7350039990088774,thread,0,account_worker,85,1180000000,1720000000,0,6
7350039990088774,thread,0,trader_callback,79,500000000,2430000000,0,42
7350039990088774,thread,0,trace_writer,80,560000000,2350000000,0,47
7350039990088774,thread,0,latency_writer,81,560000000,2350000000,0,28
7350039990088774,thread,1,account_worker,86,1020000000,1810000000,0,107409
7350039990088774,thread,1,trader_callback,82,540000000,2370000000,0,16
7350039990088774,thread,1,trace_writer,83,470000000,2420000000,1,80
7350039990088774,thread,1,latency_writer,84,470000000,2360000000,0,107424
7350040090439366,process,-1,process,78,5530000000,18510000000,2811,1
7350040090439366,thread,-1,producer,78,0,40000000,2811,1
7350040090439366,thread,-1,sampler,87,0,0,30,0
7350040090439366,thread,0,account_worker,85,1230000000,1770000000,0,7
7350040090439366,thread,0,trader_callback,79,510000000,2520000000,0,49
7350040090439366,thread,0,trace_writer,80,580000000,2440000000,0,48
7350040090439366,thread,0,latency_writer,81,590000000,2420000000,0,29
7350040090439366,thread,1,account_worker,86,1060000000,1870000000,0,107409
7350040090439366,thread,1,trader_callback,82,550000000,2460000000,0,19
7350040090439366,thread,1,trace_writer,83,490000000,2510000000,1,87
7350040090439366,thread,1,latency_writer,84,480000000,2440000000,0,107426
7350040190810692,process,-1,process,78,5700000000,19150000000,2911,1
7350040190810692,thread,-1,producer,78,0,40000000,2911,1
7350040190810692,thread,-1,sampler,87,0,0,31,0
7350040190810692,thread,0,account_worker,85,1270000000,1830000000,0,8
7350040190810692,thread,0,trader_callback,79,530000000,2600000000,0,50
7350040190810692,thread,0,trace_writer,80,590000000,2520000000,0,48
7350040190810692,thread,0,latency_writer,81,600000000,2510000000,0,30
7350040190810692,thread,1,account_worker,86,1100000000,1930000000,0,107409
7350040190810692,thread,1,trader_callback,82,570000000,2540000000,0,19
7350040190810692,thread,1,trace_writer,83,510000000,2580000000,1,90
7350040190810692,thread,1,latency_writer,84,490000000,2540000000,0,107426
7350040291183051,process,-1,process,78,5880000000,19770000000,3011,1
7350040291183051,thread,-1,producer,78,0,40000000,3011,1
7350040291183051,thread,-1,sampler,87,0,0,32,0
7350040291183051,thread,0,account_worker,85,1300000000,1900000000,0,8
7350040291183051,thread,0,trader_callback,79,530000000,2690000000,0,56
7350040291183051,thread,0,trace_writer,80,620000000,2600000000,0,48
7350040291183051,thread,0,latency_writer,81,620000000,2590000000,0,33
7350040291183051,thread,1,account_worker,86,1140000000,1990000000,0,107412
7350040291183051,thread,1,trader_callback,82,590000000,2620000000,0,19
7350040291183051,thread,1,trace_writer,83,530000000,2660000000,1,96
7350040291183051,thread,1,latency_writer,84,500000000,2630000000,0,107427
7350040391543997,process,-1,process,78,6100000000,20350000000,3112,1
7350040391543997,thread,-1,producer,78,0,40000000,3112,1
7350040391543997,thread,-1,sampler,87,0,0,33,0
7350040391543997,thread,0,account_worker,85,1360000000,1950000000,0,8
7350040391543997,thread,0,trader_callback,79,550000000,2780000000,0,59
7350040391543997,thread,0,trace_writer,80,650000000,2660000000,0,48
7350040391543997,thread,0,latency_writer,81,630000000,2680000000,0,33
7350040391543997,thread,1,account_worker,86,1190000000,2040000000,0,107412
7350040391543997,thread,1,trader_callback,82,610000000,2700000000,0,20
7350040391543997,thread,1,trace_writer,83,540000000,2750000000,1,102
7350040391543997,thread,1,latency_writer,84,530000000,2700000000,0,107429
7350040491956538,process,-1,process,78,6300000000,20960000000,3212,1
7350040491956538,thread,-1,producer,78,0,40000000,3212,1
7350040491956538,thread,-1,sampler,87,0,0,34,1
7350040491956538,thread,0,account_worker,85,1390000000,2020000000,0,9
7350040491956538,thread,0,trader_callback,79,570000000,2860000000,0,62
7350040491956538,thread,0,trace_writer,80,670000000,2740000000,0,48
7350040491956538,thread,0,latency_writer,81,650000000,2760000000,0,33
7350040491956538,thread,1,account_worker,86,1230000000,2100000000,0,107412
7350040491956538,thread,1,trader_callback,82,630000000,2780000000,0,22
7350040491956538,thread,1,trace_writer,83,560000000,2840000000,1,105
7350040491956538,thread,1,latency_writer,84,550000000,2780000000,0,107435
7350040594649596,process,-1,process,78,6540000000,21540000000,3315,1
7350040594649596,thread,-1,producer,78,0,40000000,3315,1
7350040594649596,thread,-1,sampler,87,0,0,35,1
7350040594649596,thread,0,account_worker,85,1430000000,2080000000,0,9
7350040594649596,thread,0,trader_callback,79,590000000,2950000000,0,65
7350040594649596,thread,0,trace_writer,80,690000000,2820000000,0,48
7350040594649596,thread,0,latency_writer,81,690000000,2830000000,0,36
7350040594649596,thread,1,account_worker,86,1280000000,2150000000,0,107415
7350040594649596,thread,1,trader_callback,82,660000000,2860000000,0,23
7350040594649596,thread,1,trace_writer,83,580000000,2920000000,1,108
7350040594649596,thread,1,latency_writer,84,580000000,2850000000,0,107438
7350040695020601,process,-1,process,78,6730000000,22150000000,3415,1
7350040695020601,thread,-1,producer,78,0,40000000,3415,1
7350040695020601,thread,-1,sampler,87,0,0,36,1
7350040695020601,thread,0,account_worker,85,1450000000,2150000000,0,9
7350040695020601,thread,0,trader_callback,79,610000000,3020000000,0,69
7350040695020601,thread,0,trace_writer,80,710000000,2910000000,0,49
7350040695020601,thread,0,latency_writer,81,720000000,2900000000,0,37
7350040695020601,thread,1,account_worker,86,1320000000,2220000000,0,107415
7350040695020601,thread,1,trader_callback,82,680000000,2940000000,0,24
7350040695020601,thread,1,trace_writer,83,600000000,3000000000,1,111
7350040695020601,thread,1,latency_writer,84,600000000,2930000000,0,107438
7350040795428229,process,-1,process,78,6940000000,22740000000,3516,1
7350040795428229,thread,-1,producer,78,0,40000000,3516,1
7350040795428229,thread,-1,sampler,87,0,0,37,1
7350040795428229,thread,0,account_worker,85,1480000000,2220000000,0,9
7350040795428229,thread,0,trader_callback,79,630000000,3110000000,0,69
7350040795428229,thread,0,trace_writer,80,750000000,2960000000,0,54
7350040795428229,thread,0,latency_writer,81,740000000,2970000000,0,40
7350040795428229,thread,1,account_worker,86,1360000000,2280000000,0,107415
7350040795428229,thread,1,trader_callback,82,710000000,3010000000,0,27
7350040795428229,thread,1,trace_writer,83,630000000,3070000000,1,114
7350040795428229,thread,1,latency_writer,84,600000000,3030000000,0,107438
7350040895832688,process,-1,process,78,7180000000,23310000000,3616,1
7350040895832688,thread,-1,producer,78,0,40000000,3616,1
7350040895832688,thread,-1,sampler,87,0,0,38,1
7350040895832688,thread,0,account_worker,85,1530000000,2280000000,0,9
7350040895832688,thread,0,trader_callback,79,640000000,3190000000,0,69
7350040895832688,thread,0,trace_writer,80,770000000,3040000000,0,57
7350040895832688,thread,0,latency_writer,81,770000000,3050000000,0,40
7350040895832688,thread,1,account_worker,86,1420000000,2310000000,0,107418
7350040895832688,thread,1,trader_callback,82,730000000,3090000000,0,27
7350040895832688,thread,1,trace_writer,83,650000000,3150000000,1,117
7350040895832688,thread,1,latency_writer,84,620000000,3110000000,0,107440
7350040996227909,process,-1,process,78,7380000000,23910000000,3716,1
7350040996227909,thread,-1,producer,78,0,40000000,3716,1
7350040996227909,thread,-1,sampler,87,0,0,39,1
7350040996227909,thread,0,account_worker,85,1550000000,2350000000,0,9
7350040996227909,thread,0,trader_callback,79,680000000,3260000000,0,69
7350040996227909,thread,0,trace_writer,80,800000000,3110000000,0,58
7350040996227909,thread,0,latency_writer,81,770000000,3140000000,0,40
7350040996227909,thread,1,account_worker,86,1470000000,2370000000,0,107421
7350040996227909,thread,1,trader_callback,82,750000000,3170000000,0,28
7350040996227909,thread,1,trace_writer,83,660000000,3240000000,1,118
7350040996227909,thread,1,latency_writer,84,650000000,3180000000,0,107440
7350041096593056,process,-1,process,78,7580000000,24520000000,3817,1
7350041096593056,thread,-1,producer,78,0,40000000,3817,1
7350041096593056,thread,-1,sampler,87,0,0,40,1
7350041096593056,thread,0,account_worker,85,1610000000,2400000000,0,10
7350041096593056,thread,0,trader_callback,79,700000000,3330000000,0,70
7350041096593056,thread,0,trace_writer,80,830000000,3180000000,0,58
7350041096593056,thread,0,latency_writer,81,790000000,3230000000,0,44
7350041096593056,thread,1,account_worker,86,1490000000,2440000000,0,107422
7350041096593056,thread,1,trader_callback,82,760000000,3260000000,0,29
7350041096593056,thread,1,trace_writer,83,670000000,3330000000,1,122
7350041096593056,thread,1,latency_writer,84,670000000,3260000000,0,107441
7350041196964251,process,-1,process,78,7780000000,25120000000,3917,1
7350041196964251,thread,-1,producer,78,0,40000000,3917,1
7350041196964251,thread,-1,sampler,87,0,0,41,1
7350041196964251,thread,0,account_worker,85,1630000000,2480000000,0,10
7350041196964251,thread,0,trader_callback,79,730000000,3410000000,0,70
7350041196964251,thread,0,trace_writer,80,860000000,3250000000,0,59
7350041196964251,thread,0,latency_writer,81,810000000,3310000000,0,44
7350041196964251,thread,1,account_worker,86,1540000000,2500000000,0,107422
7350041196964251,thread,1,trader_callback,82,780000000,3340000000,0,29
7350041196964251,thread,1,trace_writer,83,690000000,3410000000,1,122
7350041196964251,thread,1,latency_writer,84,690000000,3340000000,0,107443
7350041297328445,process,-1,process,78,7990000000,25710000000,4018,1
7350041297328445,thread,-1,producer,78,0,40000000,4018,1
7350041297328445,thread,-1,sampler,87,0,0,42,1
7350041297328445,thread,0,account_worker,85,1690000000,2520000000,0,10
7350041297328445,thread,0,trader_callback,79,740000000,3490000000,0,70
7350041297328445,thread,0,trace_writer,80,880000000,3330000000,0,62
7350041297328445,thread,0,latency_writer,81,830000000,3390000000,0,45
7350041297328445,thread,1,account_worker,86,1570000000,2560000000,0,107425
7350041297328445,thread,1,trader_callback,82,800000000,3420000000,0,31
7350041297328445,thread,1,trace_writer,83,720000000,3480000000,1,126
7350041297328445,thread,1,latency_writer,84,710000000,3420000000,0,107447
7350041397693370,process,-1,process,78,8210000000,26300000000,4118,1
7350041397693370,thread,-1,producer,78,0,40000000,4118,1
7350041397693370,thread,-1,sampler,87,0,0,43,1
7350041397693370,thread,0,account_worker,85,1730000000,2580000000,0,10
7350041397693370,thread,0,trader_callback,79,770000000,3570000000,0,70
7350041397693370,thread,0,trace_writer,80,910000000,3410000000,0,66
7350041397693370,thread,0,latency_writer,81,840000000,3480000000,0,46
7350041397693370,thread,1,account_worker,86,1610000000,2630000000,0,107425
7350041397693370,thread,1,trader_callback,82,830000000,3490000000,0,32
7350041397693370,thread,1,trace_writer,83,740000000,3560000000,1,129
7350041397693370,thread,1,latency_writer,84,740000000,3500000000,0,107449
7350041498044705,process,-1,process,78,8390000000,26920000000,4218,1
7350041498044705,thread,-1,producer,78,0,40000000,4218,1
7350041498044705,thread,-1,sampler,87,0,0,44,1
7350041498044705,thread,0,account_worker,85,1770000000,2640000000,0,10
7350041498044705,thread,0,trader_callback,79,770000000,3660000000,0,70
7350041498044705,thread,0,trace_writer,80,930000000,3490000000,0,66
7350041498044705,thread,0,latency_writer,81,850000000,3570000000,0,46
7350041498044705,thread,1,account_worker,86,1660000000,2680000000,0,107425
7350041498044705,thread,1,trader_callback,82,830000000,3590000000,0,33
7350041498044705,thread,1,trace_writer,83,770000000,3630000000,1,129
7350041498044705,thread,1,latency_writer,84,770000000,3570000000,0,107450
7350041598414430,process,-1,process,78,8580000000,27530000000,4319,1
7350041598414430,thread,-1,producer,78,0,40000000,4319,1
7350041598414430,thread,-1,sampler,87,0,0,45,1
7350041598414430,thread,0,account_worker,85,1800000000,2710000000,0,10
7350041598414430,thread,0,trader_callback,79,790000000,3740000000,0,70
7350041598414430,thread,0,trace_writer,80,940000000,3580000000,0,69
7350041598414430,thread,0,latency_writer,81,880000000,3640000000,0,47
7350041598414430,thread,1,account_worker,86,1700000000,2730000000,0,107429
7350041598414430,thread,1,trader_callback,82,850000000,3670000000,0,34
7350041598414430,thread,1,trace_writer,83,780000000,3720000000,1,132
7350041598414430,thread,1,latency_writer,84,790000000,3650000000,0,107451
7350041698803331,process,-1,process,78,8790000000,28120000000,4419,1
7350041698803331,thread,-1,producer,78,0,40000000,4419,1
7350041698803331,thread,-1,sampler,87,0,0,46,1
7350041698803331,thread,0,account_worker,85,1830000000,2780000000,0,11
7350041698803331,thread,0,trader_callback,79,820000000,3810000000,0,72
7350041698803331,thread,0,trace_writer,80,960000000,3660000000,0,72
7350041698803331,thread,0,latency_writer,81,900000000,3720000000,0,48
7350041698803331,thread,1,account_worker,86,1740000000,2800000000,0,107430
7350041698803331,thread,1,trader_callback,82,890000000,3730000000,0,35
7350041698803331,thread,1,trace_writer,83,800000000,3800000000,1,136
7350041698803331,thread,1,latency_writer,84,800000000,3730000000,0,107452
7350041799191083,process,-1,process,78,8990000000,28730000000,4519,1
7350041799191083,thread,-1,producer,78,0,40000000,4519,1
7350041799191083,thread,-1,sampler,87,0,10000000,47,1
7350041799191083,thread,0,account_worker,85,1870000000,2840000000,0,20
7350041799191083,thread,0,trader_callback,79,840000000,3890000000,0,81
7350041799191083,thread,0,trace_writer,80,980000000,3740000000,0,84
7350041799191083,thread,0,latency_writer,81,920000000,3800000000,0,57
7350041799191083,thread,1,account_worker,86,1780000000,2860000000,0,107439
7350041799191083,thread,1,trader_callback,82,900000000,3820000000,0,44
7350041799191083,thread,1,trace_writer,83,830000000,3880000000,1,149
7350041799191083,thread,1,latency_writer,84,820000000,3810000000,0,107465
7350041899574519,process,-1,process,78,9140000000,29370000000,4616,1
7350041899574519,thread,-1,producer,78,0,40000000,4616,1
7350041899574519,thread,-1,sampler,87,0,10000000,48,1
7350041899574519,thread,0,account_worker,85,1910000000,2900000000,0,20
7350041899574519,thread,0,trader_callback,79,870000000,3970000000,0,81
7350041899574519,thread,0,trace_writer,80,990000000,3830000000,0,90
7350041899574519,thread,0,latency_writer,81,930000000,3890000000,0,60
7350041899574519,thread,1,account_worker,86,1800000000,2930000000,0,107439
7350041899574519,thread,1,trader_callback,82,910000000,3910000000,0,45
7350041899574519,thread,1,trace_writer,83,850000000,3950000000,1,149
7350041899574519,thread,1,latency_writer,84,830000000,3890000000,0,107467
7350041999967154,process,-1,process,78,9330000000,29990000000,4714,1
7350041999967154,thread,-1,producer,78,0,40000000,4714,1
7350041999967154,thread,-1,sampler,87,0,10000000,49,1
7350041999967154,thread,0,account_worker,85,1950000000,2960000000,0,20
7350041999967154,thread,0,trader_callback,79,870000000,4060000000,0,83
7350041999967154,thread,0,trace_writer,80,1000000000,3920000000,0,95
7350041999967154,thread,0,latency_writer,81,940000000,3980000000,0,60
7350041999967154,thread,1,account_worker,86,1840000000,3000000000,0,107443
7350041999967154,thread,1,trader_callback,82,930000000,3990000000,0,45
7350041999967154,thread,1,trace_writer,83,880000000,4020000000,1,152
7350041999967154,thread,1,latency_writer,84,860000000,3960000000,0,107468
7350042100383297,process,-1,process,78,9500000000,30620000000,4815,1
7350042100383297,thread,-1,producer,78,0,40000000,4815,1
7350042100383297,thread,-1,sampler,87,0,10000000,50,1
7350042100383297,thread,0,account_worker,85,1990000000,3020000000,0,21
7350042100383297,thread,0,trader_callback,79,890000000,4150000000,0,83
7350042100383297,thread,0,trace_writer,80,1020000000,4000000000,0,95
7350042100383297,thread,0,latency_writer,81,970000000,4050000000,0,65
7350042100383297,thread,1,account_worker,86,1870000000,3070000000,0,107443
7350042100383297,thread,1,trader_callback,82,940000000,4080000000,0,45
7350042100383297,thread,1,trace_writer,83,890000000,4110000000,1,153
7350042100383297,thread,1,latency_writer,84,870000000,4050000000,0,107471
7350042200733008,process,-1,process,78,9680000000,31240000000,4915,1
7350042200733008,thread,-1,producer,78,0,50000000,4915,1
7350042200733008,thread,-1,sampler,87,0,10000000,51,1
7350042200733008,thread,0,account_worker,85,2030000000,3080000000,0,21
7350042200733008,thread,0,trader_callback,79,900000000,4240000000,0,83
7350042200733008,thread,0,trace_writer,80,1030000000,4090000000,0,95
7350042200733008,thread,0,latency_writer,81,990000000,4130000000,0,65
7350042200733008,thread,1,account_worker,86,1900000000,3140000000,0,107443
7350042200733008,thread,1,trader_callback,82,970000000,4160000000,0,47
7350042200733008,thread,1,trace_writer,83,910000000,4190000000,1,156
7350042200733008,thread,1,latency_writer,84,890000000,4130000000,0,107471
7350042301108864,process,-1,process,78,9840000000,31890000000,5015,1
7350042301108864,thread,-1,producer,78,0,50000000,5015,1
7350042301108864,thread,-1,sampler,87,0,10000000,52,1
7350042301108864,thread,0,account_worker,85,2070000000,3150000000,0,22
7350042301108864,thread,0,trader_callback,79,920000000,4320000000,0,83
7350042301108864,thread,0,trace_writer,80,1060000000,4160000000,0,98
7350042301108864,thread,0,latency_writer,81,1010000000,4210000000,0,65
7350042301108864,thread,1,account_worker,86,1940000000,3200000000,0,107446
7350042301108864,thread,1,trader_callback,82,970000000,4250000000,0,47
7350042301108864,thread,1,trace_writer,83,920000000,4280000000,1,162
7350042301108864,thread,1,latency_writer,84,900000000,4220000000,0,107472
7350042401488994,process,-1,process,78,9990000000,32540000000,5116,1
7350042401488994,thread,-1,producer,78,0,50000000,5116,1
7350042401488994,thread,-1,sampler,87,0,10000000,53,1
7350042401488994,thread,0,account_worker,85,2090000000,3220000000,0,22
7350042401488994,thread,0,trader_callback,79,930000000,4410000000,0,83
7350042401488994,thread,0,trace_writer,80,1070000000,4250000000,0,101
7350042401488994,thread,0,latency_writer,81,1020000000,4300000000,0,65
7350042401488994,thread,1,account_worker,86,1970000000,3270000000,0,107446
7350042401488994,thread,1,trader_callback,82,990000000,4330000000,0,47
7350042401488994,thread,1,trace_writer,83,940000000,4370000000,1,165
7350042401488994,thread,1,latency_writer,84,920000000,4300000000,0,107473
7350042501864209,process,-1,process,78,10200000000,33140000000,5216,1
7350042501864209,thread,-1,producer,78,0,50000000,5216,1
7350042501864209,thread,-1,sampler,87,0,10000000,54,1
7350042501864209,thread,0,account_worker,85,2150000000,3270000000,0,23
7350042501864209,thread,0,trader_callback,79,940000000,4500000000,0,83
7350042501864209,thread,0,trace_writer,80,1090000000,4330000000,0,104
7350042501864209,thread,0,latency_writer,81,1040000000,4380000000,0,65
7350042501864209,thread,1,account_worker,86,2010000000,3330000000,0,107449
7350042501864209,thread,1,trader_callback,82,1010000000,4410000000,0,49
7350042501864209,thread,1,trace_writer,83,960000000,4440000000,1,171
7350042501864209,thread,1,latency_writer,84,950000000,4380000000,0,107481
7350042602233322,process,-1,process,78,10370000000,33770000000,5316,1
7350042602233322,thread,-1,producer,78,0,50000000,5316,1
7350042602233322,thread,-1,sampler,87,0,10000000,55,1
7350042602233322,thread,0,account_worker,85,2190000000,3320000000,0,23
7350042602233322,thread,0,trader_callback,79,960000000,4580000000,0,83
7350042602233322,thread,0,trace_writer,80,1110000000,4410000000,0,107
7350042602233322,thread,0,latency_writer,81,1060000000,4460000000,0,65
7350042602233322,thread,1,account_worker,86,2040000000,3410000000,0,107449
7350042602233322,thread,1,trader_callback,82,1020000000,4500000000,0,50
7350042602233322,thread,1,trace_writer,83,970000000,4530000000,1,174
7350042602233322,thread,1,latency_writer,84,960000000,4460000000,0,107481
7350042702624904,process,-1,process,78,10600000000,34350000000,5417,1
7350042702624904,thread,-1,producer,78,0,50000000,5417,1
7350042702624904,thread,-1,sampler,87,0,10000000,56,1
7350042702624904,thread,0,account_worker,85,2250000000,3360000000,0,23
7350042702624904,thread,0,trader_callback,79,970000000,4670000000,0,83
7350042702624904,thread,0,trace_writer,80,1140000000,4490000000,0,107
7350042702624904,thread,0,latency_writer,81,1080000000,4540000000,0,65
7350042702624904,thread,1,account_worker,86,2080000000,3460000000,0,107449
7350042702624904,thread,1,trader_callback,82,1040000000,4580000000,0,50
7350042702624904,thread,1,trace_writer,83,990000000,4620000000,1,180
7350042702624904,thread,1,latency_writer,84,990000000,4530000000,0,107482
7350042803040096,process,-1,process,78,10770000000,34980000000,5517,1
7350042803040096,thread,-1,producer,78,0,50000000,5517,1
7350042803040096,thread,-1,sampler,87,10000000,10000000,57,1
7350042803040096,thread,0,account_worker,85,2290000000,3420000000,0,23
7350042803040096,thread,0,trader_callback,79,980000000,4760000000,0,83
7350042803040096,thread,0,trace_writer,80,1160000000,4560000000,0,112
7350042803040096,thread,0,latency_writer,81,1110000000,4620000000,0,65
7350042803040096,thread,1,account_worker,86,2120000000,3520000000,0,107449
7350042803040096,thread,1,trader_callback,82,1050000000,4670000000,0,52
7350042803040096,thread,1,trace_writer,83,1000000000,4710000000,1,183
7350042803040096,thread,1,latency_writer,84,1000000000,4620000000,0,107485
7350042903419460,process,-1,process,78,10940000000,35610000000,5618,1
7350042903419460,thread,-1,producer,78,0,50000000,5618,1
7350042903419460,thread,-1,sampler,87,10000000,10000000,58,1
7350042903419460,thread,0,account_worker,85,2340000000,3470000000,0,23
7350042903419460,thread,0,trader_callback,79,980000000,4860000000,0,85
7350042903419460,thread,0,trace_writer,80,1180000000,4650000000,0,115
7350042903419460,thread,0,latency_writer,81,1130000000,4690000000,0,68
7350042903419460,thread,1,account_worker,86,2160000000,3580000000,0,107452
7350042903419460,thread,1,trader_callback,82,1070000000,4750000000,0,52
7350042903419460,thread,1,trace_writer,83,1000000000,4800000000,1,186
7350042903419460,thread,1,latency_writer,84,1020000000,4710000000,0,107485
7350043003761261,process,-1,process,78,11160000000,36200000000,5718,1
7350043003761261,thread,-1,producer,78,0,50000000,5718,1
7350043003761261,thread,-1,sampler,87,10000000,10000000,59,1
7350043003761261,thread,0,account_worker,85,2380000000,3540000000,0,23
7350043003761261,thread,0,trader_callback,79,1000000000,4940000000,0,87
7350043003761261,thread,0,trace_writer,80,1200000000,4730000000,0,119
7350043003761261,thread,0,latency_writer,81,1160000000,4760000000,0,68
7350043003761261,thread,1,account_worker,86,2200000000,3640000000,0,107453
7350043003761261,thread,1,trader_callback,82,1100000000,4830000000,0,53
7350043003761261,thread,1,trace_writer,83,1030000000,4880000000,1,186
7350043003761261,thread,1,latency_writer,84,1040000000,4790000000,0,107485
7350043104139121,process,-1,process,78,11310000000,36850000000,5818,1
7350043104139121,thread,-1,producer,78,0,50000000,5818,1
7350043104139121,thread,-1,sampler,87,10000000,10000000,60,1
7350043104139121,thread,0,account_worker,85,2420000000,3590000000,0,24
7350043104139121,thread,0,trader_callback,79,1000000000,5040000000,0,88
7350043104139121,thread,0,trace_writer,80,1210000000,4820000000,0,125
7350043104139121,thread,0,latency_writer,81,1170000000,4850000000,0,69
7350043104139121,thread,1,account_worker,86,2240000000,3700000000,0,107453
7350043104139121,thread,1,trader_callback,82,1110000000,4920000000,0,54
7350043104139121,thread,1,trace_writer,83,1050000000,4960000000,1,193
7350043104139121,thread,1,latency_writer,84,1060000000,4870000000,0,107487
7350043204500885,process,-1,process,78,11540000000,37420000000,5919,1
7350043204500885,thread,-1,producer,78,0,50000000,5919,1
7350043204500885,thread,-1,sampler,87,10000000,10000000,61,1
7350043204500885,thread,0,account_worker,85,2470000000,3650000000,0,24
7350043204500885,thread,0,trader_callback,79,1020000000,5120000000,0,89
7350043204500885,thread,0,trace_writer,80,1240000000,4890000000,0,126
7350043204500885,thread,0,latency_writer,81,1190000000,4940000000,0,69
7350043204500885,thread,1,account_worker,86,2300000000,3740000000,0,107453
7350043204500885,thread,1,trader_callback,82,1120000000,5010000000,0,55
7350043204500885,thread,1,trace_writer,83,1070000000,5040000000,1,199
7350043204500885,thread,1,latency_writer,84,1090000000,4930000000,0,107491
7350043304873998,process,-1,process,78,11760000000,38000000000,6019,1
7350043304873998,thread,-1,producer,78,0,50000000,6019,1
7350043304873998,thread,-1,sampler,87,10000000,10000000,62,1
7350043304873998,thread,0,account_worker,85,2510000000,3700000000,0,25
7350043304873998,thread,0,trader_callback,79,1050000000,5200000000,0,90
7350043304873998,thread,0,trace_writer,80,1260000000,4960000000,0,126
7350043304873998,thread,0,latency_writer,81,1210000000,5020000000,0,69
7350043304873998,thread,1,account_worker,86,2350000000,3800000000,0,107456
7350043304873998,thread,1,trader_callback,82,1140000000,5090000000,0,56
7350043304873998,thread,1,trace_writer,83,1090000000,5120000000,1,203
7350043304873998,thread,1,latency_writer,84,1110000000,5020000000,0,107491
7350043405246226,process,-1,process,78,11980000000,38590000000,6120,1
7350043405246226,thread,-1,producer,78,0,50000000,6120,1
7350043405246226,thread,-1,sampler,87,10000000,10000000,63,1
7350043405246226,thread,0,account_worker,85,2550000000,3760000000,0,26
7350043405246226,thread,0,trader_callback,79,1060000000,5280000000,0,90
7350043405246226,thread,0,trace_writer,80,1280000000,5040000000,0,130
7350043405246226,thread,0,latency_writer,81,1230000000,5100000000,0,73
7350043405246226,thread,1,account_worker,86,2390000000,3850000000,0,107456
7350043405246226,thread,1,trader_callback,82,1180000000,5150000000,0,56
7350043405246226,thread,1,trace_writer,83,1110000000,5200000000,1,212
7350043405246226,thread,1,latency_writer,84,1120000000,5110000000,0,107491
7350043506339753,process,-1,process,78,12160000000,39220000000,6221,1
7350043506339753,thread,-1,producer,78,0,50000000,6221,1
7350043506339753,thread,-1,sampler,87,10000000,10000000,64,1
7350043506339753,thread,0,account_worker,85,2600000000,3820000000,0,27
7350043506339753,thread,0,trader_callback,79,1080000000,5360000000,0,91
7350043506339753,thread,0,trace_writer,80,1290000000,5130000000,0,130
7350043506339753,thread,0,latency_writer,81,1240000000,5190000000,0,74
7350043506339753,thread,1,account_worker,86,2440000000,3910000000,0,107456
7350043506339753,thread,1,trader_callback,82,1190000000,5230000000,0,56
7350043506339753,thread,1,trace_writer,83,1130000000,5270000000,1,219
7350043506339753,thread,1,latency_writer,84,1140000000,5190000000,0,107492
7350043606712084,process,-1,process,78,12350000000,39830000000,6321,1
7350043606712084,thread,-1,producer,78,0,50000000,6321,1
7350043606712084,thread,-1,sampler,87,10000000,10000000,65,1
7350043606712084,thread,0,account_worker,85,2650000000,3870000000,0,28
7350043606712084,thread,0,trader_callback,79,1100000000,5440000000,0,91
7350043606712084,thread,0,trace_writer,80,1300000000,5230000000,0,133
7350043606712084,thread,0,latency_writer,81,1270000000,5260000000,0,75
7350043606712084,thread,1,account_worker,86,2470000000,3980000000,0,107460
7350043606712084,thread,1,trader_callback,82,1210000000,5310000000,0,57
7350043606712084,thread,1,trace_writer,83,1150000000,5360000000,1,226
7350043606712084,thread,1,latency_writer,84,1150000000,5280000000,0,107495
7350043707172324,process,-1,process,78,12540000000,40450000000,6421,1
7350043707172324,thread,-1,producer,78,0,50000000,6421,1
7350043707172324,thread,-1,sampler,87,10000000,10000000,66,1
7350043707172324,thread,0,account_worker,85,2690000000,3930000000,0,28
7350043707172324,thread,0,trader_callback,79,1110000000,5530000000,0,92
7350043707172324,thread,0,trace_writer,80,1310000000,5320000000,0,133
7350043707172324,thread,0,latency_writer,81,1280000000,5350000000,0,76
7350043707172324,thread,1,account_worker,86,2510000000,4030000000,0,107460
7350043707172324,thread,1,trader_callback,82,1220000000,5410000000,0,57
7350043707172324,thread,1,trace_writer,83,1170000000,5440000000,1,229
7350043707172324,thread,1,latency_writer,84,1190000000,5340000000,0,107495
7350043807629502,process,-1,process,78,12750000000,41040000000,6522,1
7350043807629502,thread,-1,producer,78,0,50000000,6522,1
7350043807629502,thread,-1,sampler,87,10000000,10000000,67,1
7350043807629502,thread,0,account_worker,85,2750000000,3970000000,0,28
7350043807629502,thread,0,trader_callback,79,1130000000,5620000000,0,92
7350043807629502,thread,0,trace_writer,80,1330000000,5400000000,0,139
7350043807629502,thread,0,latency_writer,81,1290000000,5440000000,0,79
7350043807629502,thread,1,account_worker,86,2540000000,4100000000,0,107460
7350043807629502,thread,1,trader_callback,82,1250000000,5480000000,0,57
7350043807629502,thread,1,trace_writer,83,1190000000,5520000000,1,234
7350043807629502,thread,1,latency_writer,84,1220000000,5410000000,0,107499
7350043908107703,process,-1,process,78,12910000000,41690000000,6622,1
7350043908107703,thread,-1,producer,78,0,50000000,6622,1
7350043908107703,thread,-1,sampler,87,10000000,10000000,68,1
7350043908107703,thread,0,account_worker,85,2790000000,4030000000,0,28
7350043908107703,thread,0,trader_callback,79,1140000000,5710000000,0,92
7350043908107703,thread,0,trace_writer,80,1350000000,5480000000,0,142
7350043908107703,thread,0,latency_writer,81,1320000000,5510000000,0,79
7350043908107703,thread,1,account_worker,86,2580000000,4170000000,0,107461
7350043908107703,thread,1,trader_callback,82,1260000000,5570000000,0,57
7350043908107703,thread,1,trace_writer,83,1190000000,5620000000,1,240
7350043908107703,thread,1,latency_writer,84,1230000000,5500000000,0,107502
7350044008560382,process,-1,process,78,13120000000,42280000000,6723,1
7350044008560382,thread,-1,producer,78,0,50000000,6723,1
7350044008560382,thread,-1,sampler,87,10000000,10000000,69,1
7350044008560382,thread,0,account_worker,85,2840000000,4080000000,0,28
7350044008560382,thread,0,trader_callback,79,1170000000,5780000000,0,92
7350044008560382,thread,0,trace_writer,80,1370000000,5560000000,0,147
7350044008560382,thread,0,latency_writer,81,1330000000,5600000000,0,79
7350044008560382,thread,1,account_worker,86,2630000000,4210000000,0,107462
7350044008560382,thread,1,trader_callback,82,1270000000,5660000000,0,57
7350044008560382,thread,1,trace_writer,83,1210000000,5700000000,1,243
7350044008560382,thread,1,latency_writer,84,1240000000,5590000000,0,107503
7350044108932076,process,-1,process,78,13310000000,42900000000,6823,1
7350044108932076,thread,-1,producer,78,0,50000000,6823,1
7350044108932076,thread,-1,sampler,87,10000000,10000000,70,1
7350044108932076,thread,0,account_worker,85,2890000000,4130000000,0,29
7350044108932076,thread,0,trader_callback,79,1180000000,5870000000,0,92
7350044108932076,thread,0,trace_writer,80,1380000000,5650000000,0,149
7350044108932076,thread,0,latency_writer,81,1350000000,5670000000,0,81
7350044108932076,thread,1,account_worker,86,2670000000,4270000000,0,107462
7350044108932076,thread,1,trader_callback,82,1290000000,5740000000,0,58
7350044108932076,thread,1,trace_writer,83,1230000000,5790000000,1,245
7350044108932076,thread,1,latency_writer,84,1260000000,5670000000,0,107504
7350044209377538,process,-1,process,78,13490000000,43520000000,6924,1
7350044209377538,thread,-1,producer,78,0,50000000,6924,1
7350044209377538,thread,-1,sampler,87,10000000,10000000,71,1
7350044209377538,thread,0,account_worker,85,2930000000,4190000000,0,30
7350044209377538,thread,0,trader_callback,79,1200000000,5950000000,0,93
7350044209377538,thread,0,trace_writer,80,1400000000,5730000000,0,151
7350044209377538,thread,0,latency_writer,81,1370000000,5750000000,0,84
7350044209377538,thread,1,account_worker,86,2710000000,4340000000,0,107462
7350044209377538,thread,1,trader_callback,82,1300000000,5830000000,0,58
7350044209377538,thread,1,trace_writer,83,1240000000,5870000000,1,248
7350044209377538,thread,1,latency_writer,84,1280000000,5750000000,0,107505
7350044309781063,process,-1,process,78,13670000000,44140000000,7024,1
7350044309781063,thread,-1,producer,78,0,50000000,7024,1
7350044309781063,thread,-1,sampler,87,10000000,10000000,72,1
7350044309781063,thread,0,account_worker,85,2970000000,4250000000,0,30
7350044309781063,thread,0,trader_callback,79,1220000000,6030000000,0,93
7350044309781063,thread,0,trace_writer,80,1430000000,5800000000,0,154
7350044309781063,thread,0,latency_writer,81,1390000000,5840000000,0,84
7350044309781063,thread,1,account_worker,86,2740000000,4410000000,0,107465
7350044309781063,thread,1,trader_callback,82,1310000000,5920000000,0,60
7350044309781063,thread,1,trace_writer,83,1270000000,5950000000,1,248
7350044309781063,thread,1,latency_writer,84,1300000000,5830000000,0,107509
7350044410166515,process,-1,process,78,13830000000,44790000000,7124,1
7350044410166515,thread,-1,producer,78,0,50000000,7124,1
7350044410166515,thread,-1,sampler,87,10000000,10000000,73,1
7350044410166515,thread,0,account_worker,85,2990000000,4330000000,0,30
7350044410166515,thread,0,trader_callback,79,1230000000,6120000000,0,93
7350044410166515,thread,0,trace_writer,80,1430000000,5890000000,0,154
7350044410166515,thread,0,latency_writer,81,1410000000,5920000000,0,84
7350044410166515,thread,1,account_worker,86,2800000000,4450000000,0,107466
7350044410166515,thread,1,trader_callback,82,1320000000,6010000000,0,60
7350044410166515,thread,1,trace_writer,83,1270000000,6040000000,1,248
7350044410166515,thread,1,latency_writer,84,1320000000,5910000000,0,107510
7350044510531406,process,-1,process,78,14010000000,45410000000,7225,1
7350044510531406,thread,-1,producer,78,0,50000000,7225,1
7350044510531406,thread,-1,sampler,87,10000000,10000000,74,1
7350044510531406,thread,0,account_worker,85,3040000000,4380000000,0,31
7350044510531406,thread,0,trader_callback,79,1250000000,6200000000,0,94
7350044510531406,thread,0,trace_writer,80,1440000000,5990000000,0,155
7350044510531406,thread,0,latency_writer,81,1420000000,6010000000,0,84
7350044510531406,thread,1,account_worker,86,2850000000,4500000000,0,107466
7350044510531406,thread,1,trader_callback,82,1330000000,6100000000,0,61
7350044510531406,thread,1,trace_writer,83,1290000000,6120000000,1,248
7350044510531406,thread,1,latency_writer,84,1330000000,6000000000,0,107511
7350044610921205,process,-1,process,78,14210000000,46010000000,7325,1
7350044610921205,thread,-1,producer,78,0,50000000,7325,1
7350044610921205,thread,-1,sampler,87,10000000,10000000,75,1
7350044610921205,thread,0,account_worker,85,3090000000,4430000000,0,31
7350044610921205,thread,0,trader_callback,79,1260000000,6290000000,0,94
7350044610921205,thread,0,trace_writer,80,1470000000,6060000000,0,155
7350044610921205,thread,0,latency_writer,81,1450000000,6080000000,0,84
7350044610921205,thread,1,account_worker,86,2900000000,4550000000,0,107470
7350044610921205,thread,1,trader_callback,82,1350000000,6180000000,0,61
7350044610921205,thread,1,trace_writer,83,1300000000,6210000000,1,248
7350044610921205,thread,1,latency_writer,84,1350000000,6080000000,0,107518
7350044711298542,process,-1,process,78,14380000000,46650000000,7426,1
7350044711298542,thread,-1,producer,78,0,60000000,7426,1
7350044711298542,thread,-1,sampler,87,10000000,10000000,76,1
7350044711298542,thread,0,account_worker,85,3140000000,4480000000,0,31
7350044711298542,thread,0,trader_callback,79,1280000000,6370000000,0,94
7350044711298542,thread,0,trace_writer,80,1490000000,6140000000,0,158
7350044711298542,thread,0,latency_writer,81,1460000000,6170000000,0,87
7350044711298542,thread,1,account_worker,86,2930000000,4620000000,0,107470
7350044711298542,thread,1,trader_callback,82,1360000000,6270000000,0,61
7350044711298542,thread,1,trace_writer,83,1300000000,6310000000,1,248
7350044711298542,thread,1,latency_writer,84,1370000000,6170000000,0,107518
7350044811666711,process,-1,process,78,14570000000,47260000000,7526,1
7350044811666711,thread,-1,producer,78,0,60000000,7526,1
7350044811666711,thread,-1,sampler,87,10000000,10000000,77,1
7350044811666711,thread,0,account_worker,85,3170000000,4550000000,0,31
7350044811666711,thread,0,trader_callback,79,1310000000,6440000000,0,96
7350044811666711,thread,0,trace_writer,80,1500000000,6230000000,0,158
7350044811666711,thread,0,latency_writer,81,1470000000,6260000000,0,87
7350044811666711,thread,1,account_worker,86,2980000000,4670000000,0,107470
7350044811666711,thread,1,trader_callback,82,1370000000,6360000000,0,63
7350044811666711,thread,1,trace_writer,83,1320000000,6400000000,1,248
7350044811666711,thread,1,latency_writer,84,1400000000,6230000000,0,107519
7350044912013757,process,-1,process,78,14780000000,47850000000,7626,1
7350044912013757,thread,-1,producer,78,0,60000000,7626,1
7350044912013757,thread,-1,sampler,87,10000000,10000000,78,1
7350044912013757,thread,0,account_worker,85,3240000000,4580000000,0,31
7350044912013757,thread,0,trader_callback,79,1330000000,6520000000,0,96
7350044912013757,thread,0,trace_writer,80,1510000000,6320000000,0,158
7350044912013757,thread,0,latency_writer,81,1480000000,6350000000,0,87
7350044912013757,thread,1,account_worker,86,3020000000,4730000000,0,107470
7350044912013757,thread,1,trader_callback,82,1390000000,6440000000,0,63
7350044912013757,thread,1,trace_writer,83,1330000000,6480000000,1,248
7350044912013757,thread,1,latency_writer,84,1410000000,6320000000,0,107523
7350045012335438,process,-1,process,78,14950000000,48490000000,7727,1
7350045012335438,thread,-1,producer,78,0,60000000,7727,1
7350045012335438,thread,-1,sampler,87,10000000,10000000,79,1
7350045012335438,thread,0,account_worker,85,3280000000,4640000000,0,31
7350045012335438,thread,0,trader_callback,79,1340000000,6610000000,0,98
7350045012335438,thread,0,trace_writer,80,1540000000,6390000000,0,161
7350045012335438,thread,0,latency_writer,81,1480000000,6450000000,0,88
7350045012335438,thread,1,account_worker,86,3050000000,4800000000,0,107471
7350045012335438,thread,1,trader_callback,82,1410000000,6520000000,0,64
7350045012335438,thread,1,trace_writer,83,1350000000,6560000000,1,248
7350045012335438,thread,1,latency_writer,84,1430000000,6410000000,0,107526
7350045113220186,process,-1,process,78,15120000000,49120000000,7827,1
7350045113220186,thread,-1,producer,78,0,60000000,7827,1
7350045113220186,thread,-1,sampler,87,10000000,10000000,80,1
7350045113220186,thread,0,account_worker,85,3320000000,4700000000,0,32
7350045113220186,thread,0,trader_callback,79,1360000000,6700000000,0,98
7350045113220186,thread,0,trace_writer,80,1550000000,6480000000,0,162
7350045113220186,thread,0,latency_writer,81,1500000000,6530000000,0,88
7350045113220186,thread,1,account_worker,86,3080000000,4870000000,0,107471
7350045113220186,thread,1,trader_callback,82,1430000000,6610000000,0,64
7350045113220186,thread,1,trace_writer,83,1380000000,6630000000,1,250
7350045113220186,thread,1,latency_writer,84,1450000000,6480000000,0,107530
7350045213679431,process,-1,process,78,15320000000,49730000000,7928,1
7350045213679431,thread,-1,producer,78,0,60000000,7928,1
7350045213679431,thread,-1,sampler,87,10000000,10000000,81,1
7350045213679431,thread,0,account_worker,85,3360000000,4770000000,0,32
7350045213679431,thread,0,trader_callback,79,1380000000,6770000000,0,99
7350045213679431,thread,0,trace_writer,80,1570000000,6560000000,0,165
7350045213679431,thread,0,latency_writer,81,1510000000,6620000000,0,88
7350045213679431,thread,1,account_worker,86,3110000000,4940000000,0,107471
7350045213679431,thread,1,trader_callback,82,1450000000,6680000000,0,64
7350045213679431,thread,1,trace_writer,83,1410000000,6710000000,1,250
7350045213679431,thread,1,latency_writer,84,1470000000,6570000000,0,107530
7350045314123457,process,-1,process,78,15490000000,50370000000,8028,1
7350045314123457,thread,-1,producer,78,0,60000000,8028,1
7350045314123457,thread,-1,sampler,87,10000000,10000000,82,1
7350045314123457,thread,0,account_worker,85,3390000000,4830000000,0,32
7350045314123457,thread,0,trader_callback,79,1400000000,6850000000,0,101
7350045314123457,thread,0,trace_writer,80,1570000000,6660000000,0,165
7350045314123457,thread,0,latency_writer,81,1530000000,6700000000,0,88
7350045314123457,thread,1,account_worker,86,3160000000,5000000000,0,107474
7350045314123457,thread,1,trader_callback,82,1470000000,6770000000,0,64
7350045314123457,thread,1,trace_writer,83,1430000000,6790000000,1,251
7350045314123457,thread,1,latency_writer,84,1480000000,6650000000,0,107530
7350045414501870,process,-1,process,78,15660000000,50990000000,8129,1
7350045414501870,thread,-1,producer,78,0,60000000,8129,1
7350045414501870,thread,-1,sampler,87,10000000,10000000,83,1
7350045414501870,thread,0,account_worker,85,3420000000,4900000000,0,32
7350045414501870,thread,0,trader_callback,79,1410000000,6940000000,0,101
7350045414501870,thread,0,trace_writer,80,1610000000,6730000000,0,165
7350045414501870,thread,0,latency_writer,81,1550000000,6790000000,0,89
7350045414501870,thread,1,account_worker,86,3190000000,5070000000,0,107474
7350045414501870,thread,1,trader_callback,82,1500000000,6840000000,0,64
7350045414501870,thread,1,trace_writer,83,1440000000,6880000000,1,252
7350045414501870,thread,1,latency_writer,84,1500000000,6740000000,0,107541
7350045515001626,process,-1,process,78,15880000000,51580000000,8229,1
7350045515001626,thread,-1,producer,78,0,60000000,8229,1
7350045515001626,thread,-1,sampler,87,10000000,10000000,84,1
7350045515001626,thread,0,account_worker,85,3450000000,4980000000,0,32
7350045515001626,thread,0,trader_callback,79,1440000000,7020000000,0,102
7350045515001626,thread,0,trace_writer,80,1630000000,6800000000,0,166
7350045515001626,thread,0,latency_writer,81,1560000000,6870000000,0,89
7350045515001626,thread,1,account_worker,86,3230000000,5130000000,0,107477
7350045515001626,thread,1,trader_callback,82,1510000000,6920000000,0,64
7350045515001626,thread,1,trace_writer,83,1470000000,6940000000,1,258
7350045515001626,thread,1,latency_writer,84,1530000000,6810000000,0,107545
7350045615340832,process,-1,process,78,16090000000,52170000000,8329,2
7350045615340832,thread,-1,producer,78,0,60000000,8329,2
7350045615340832,thread,-1,sampler,87,10000000,10000000,85,1
7350045615340832,thread,0,account_worker,85,3490000000,5030000000,0,39
7350045615340832,thread,0,trader_callback,79,1460000000,7090000000,0,103
7350045615340832,thread,0,trace_writer,80,1660000000,6870000000,0,174
7350045615340832,thread,0,latency_writer,81,1580000000,6950000000,0,90
7350045615340832,thread,1,account_worker,86,3260000000,5190000000,0,107478
7350045615340832,thread,1,trader_callback,82,1540000000,7000000000,0,66
7350045615340832,thread,1,trace_writer,83,1490000000,7020000000,1,261
7350045615340832,thread,1,latency_writer,84,1550000000,6890000000,0,107549
7350045715708944,process,-1,process,78,16290000000,52770000000,8429,2
7350045715708944,thread,-1,producer,78,0,60000000,8429,2
7350045715708944,thread,-1,sampler,87,10000000,10000000,86,1
7350045715708944,thread,0,account_worker,85,3550000000,5080000000,0,45
7350045715708944,thread,0,trader_callback,79,1480000000,7170000000,0,104
7350045715708944,thread,0,trace_writer,80,1680000000,6950000000,0,176
7350045715708944,thread,0,latency_writer,81,1590000000,7050000000,0,90
7350045715708944,thread,1,account_worker,86,3300000000,5260000000,0,107478
7350045715708944,thread,1,trader_callback,82,1550000000,7080000000,0,66
7350045715708944,thread,1,trace_writer,83,1520000000,7100000000,1,261
7350045715708944,thread,1,latency_writer,84,1570000000,6970000000,0,107552
7350045819089035,process,-1,process,78,16540000000,53350000000,8527,2
7350045819089035,thread,-1,producer,78,0,60000000,8527,2
7350045819089035,thread,-1,sampler,87,10000000,10000000,87,1
7350045819089035,thread,0,account_worker,85,3600000000,5130000000,0,48
7350045819089035,thread,0,trader_callback,79,1500000000,7260000000,0,105
7350045819089035,thread,0,trace_writer,80,1710000000,7030000000,0,176
7350045819089035,thread,0,latency_writer,81,1610000000,7130000000,0,90
7350045819089035,thread,1,account_worker,86,3340000000,5310000000,0,107481
7350045819089035,thread,1,trader_callback,82,1570000000,7160000000,0,67
7350045819089035,thread,1,trace_writer,83,1550000000,7170000000,1,266
7350045819089035,thread,1,latency_writer,84,1600000000,7040000000,0,107554
7350045919453096,process,-1,process,78,16710000000,53980000000,8628,2
7350045919453096,thread,-1,producer,78,0,60000000,8628,2
7350045919453096,thread,-1,sampler,87,10000000,10000000,88,1
7350045919453096,thread,0,account_worker,85,3640000000,5190000000,0,52
7350045919453096,thread,0,trader_callback,79,1520000000,7330000000,0,106
7350045919453096,thread,0,trace_writer,80,1740000000,7100000000,0,176
7350045919453096,thread,0,latency_writer,81,1620000000,7220000000,0,90
7350045919453096,thread,1,account_worker,86,3380000000,5380000000,0,107481
7350045919453096,thread,1,trader_callback,82,1590000000,7250000000,0,67
7350045919453096,thread,1,trace_writer,83,1550000000,7270000000,1,266
7350045919453096,thread,1,latency_writer,84,1610000000,7130000000,0,107557
7350046019856599,process,-1,process,78,16870000000,54620000000,8727,2
7350046019856599,thread,-1,producer,78,0,60000000,8727,2
7350046019856599,thread,-1,sampler,87,10000000,10000000,89,1
7350046019856599,thread,0,account_worker,85,3660000000,5260000000,0,56
7350046019856599,thread,0,trader_callback,79,1540000000,7420000000,0,106
7350046019856599,thread,0,trace_writer,80,1740000000,7190000000,0,176
7350046019856599,thread,0,latency_writer,81,1630000000,7300000000,0,92
7350046019856599,thread,1,account_worker,86,3430000000,5420000000,0,107482
7350046019856599,thread,1,trader_callback,82,1610000000,7330000000,0,67
7350046019856599,thread,1,trace_writer,83,1570000000,7360000000,1,270
7350046019856599,thread,1,latency_writer,84,1630000000,7210000000,0,107563
7350046120217917,process,-1,process,78,17020000000,55280000000,8826,2
7350046120217917,thread,-1,producer,78,0,60000000,8826,2
7350046120217917,thread,-1,sampler,87,10000000,10000000,90,1
7350046120217917,thread,0,account_worker,85,3690000000,5340000000,0,59
7350046120217917,thread,0,trader_callback,79,1560000000,7500000000,0,106
7350046120217917,thread,0,trace_writer,80,1750000000,7290000000,0,180
7350046120217917,thread,0,latency_writer,81,1660000000,7380000000,0,94
7350046120217917,thread,1,account_worker,86,3460000000,5500000000,0,107485
7350046120217917,thread,1,trader_callback,82,1620000000,7420000000,0,67
7350046120217917,thread,1,trace_writer,83,1580000000,7440000000,1,274
7350046120217917,thread,1,latency_writer,84,1650000000,7300000000,0,107565
7350046220741558,process,-1,process,78,17160000000,55940000000,8925,2
7350046220741558,thread,-1,producer,78,0,60000000,8925,2
7350046220741558,thread,-1,sampler,87,10000000,10000000,91,1
7350046220741558,thread,0,account_worker,85,3720000000,5410000000,0,66
7350046220741558,thread,0,trader_callback,79,1560000000,7590000000,0,106
7350046220741558,thread,0,trace_writer,80,1780000000,7360000000,0,184
7350046220741558,thread,0,latency_writer,81,1680000000,7460000000,0,94
7350046220741558,thread,1,account_worker,86,3490000000,5560000000,0,107485
7350046220741558,thread,1,trader_callback,82,1630000000,7510000000,0,67
7350046220741558,thread,1,trace_writer,83,1590000000,7530000000,1,277
7350046220741558,thread,1,latency_writer,84,1650000000,7390000000,0,107568
7350046321107681,process,-1,process,78,17360000000,56530000000,9024,2
7350046321107681,thread,-1,producer,78,0,60000000,9024,2
7350046321107681,thread,-1,sampler,87,10000000,10000000,92,1
7350046321107681,thread,0,account_worker,85,3740000000,5470000000,0,8943
7350046321107681,thread,0,trader_callback,79,1580000000,7680000000,0,106
7350046321107681,thread,0,trace_writer,80,1790000000,7450000000,0,184
7350046321107681,thread,0,latency_writer,81,1690000000,7550000000,0,97
7350046321107681,thread,1,account_worker,86,3540000000,5610000000,0,116421
7350046321107681,thread,1,trader_callback,82,1670000000,7580000000,0,67
7350046321107681,thread,1,trace_writer,83,1600000000,7620000000,1,280
7350046321107681,thread,1,latency_writer,84,1690000000,7460000000,0,107576
7350046421479036,process,-1,process,78,17490000000,57100000000,9125,2
7350046421479036,thread,-1,producer,78,0,60000000,9125,2
7350046421479036,thread,-1,sampler,87,10000000,20000000,93,1
7350046421479036,thread,0,account_worker,85,3760000000,5510000000,0,75483
7350046421479036,thread,0,trader_callback,79,1590000000,7770000000,0,106
7350046421479036,thread,0,trace_writer,80,1800000000,7540000000,0,184
7350046421479036,thread,0,latency_writer,81,1710000000,7630000000,0,97
7350046421479036,thread,1,account_worker,86,3560000000,5640000000,0,182956
7350046421479036,thread,1,trader_callback,82,1690000000,7660000000,0,67
7350046421479036,thread,1,trace_writer,83,1630000000,7700000000,1,280
7350046421479036,thread,1,latency_writer,84,1700000000,7540000000,0,107576
7350046521882814,process,-1,process,78,17660000000,57700000000,9225,2
7350046521882814,thread,-1,producer,78,0,60000000,9225,2
7350046521882814,thread,-1,sampler,87,10000000,20000000,94,1
7350046521882814,thread,0,account_worker,85,3810000000,5540000000,0,96010
7350046521882814,thread,0,trader_callback,79,1600000000,7860000000,0,108
7350046521882814,thread,0,trace_writer,80,1830000000,7610000000,0,187
7350046521882814,thread,0,latency_writer,81,1720000000,7720000000,0,97
7350046521882814,thread,1,account_worker,86,3580000000,5710000000,0,203423
7350046521882814,thread,1,trader_callback,82,1710000000,7740000000,0,68
7350046521882814,thread,1,trace_writer,83,1640000000,7790000000,1,286
7350046521882814,thread,1,latency_writer,84,1720000000,7620000000,0,107580
7350046622258166,process,-1,process,78,17850000000,58310000000,9325,2
7350046622258166,thread,-1,producer,78,0,60000000,9326,2
7350046622258166,thread,-1,sampler,87,10000000,20000000,95,1
7350046622258166,thread,0,account_worker,85,3860000000,5590000000,0,96013
7350046622258166,thread,0,trader_callback,79,1630000000,7930000000,0,109
7350046622258166,thread,0,trace_writer,80,1850000000,7690000000,0,187
7350046622258166,thread,0,latency_writer,81,1750000000,7790000000,0,97
7350046622258166,thread,1,account_worker,86,3610000000,5780000000,0,203426
7350046622258166,thread,1,trader_callback,82,1720000000,7820000000,0,68
7350046622258166,thread,1,trace_writer,83,1650000000,7880000000,1,292
7350046622258166,thread,1,latency_writer,84,1740000000,7700000000,0,107582
7350046722619883,process,-1,process,78,18030000000,58940000000,9421,2
7350046722619883,thread,-1,producer,78,0,60000000,9421,2
7350046722619883,thread,-1,sampler,87,10000000,20000000,96,1
7350046722619883,thread,0,account_worker,85,3920000000,5630000000,0,96013
7350046722619883,thread,0,trader_callback,79,1650000000,8010000000,0,109
7350046722619883,thread,0,trace_writer,80,1860000000,7780000000,0,190
7350046722619883,thread,0,latency_writer,81,1760000000,7890000000,0,98
7350046722619883,thread,1,account_worker,86,3650000000,5840000000,0,203426
7350046722619883,thread,1,trader_callback,82,1740000000,7900000000,0,68
7350046722619883,thread,1,trace_writer,83,1660000000,7970000000,1,295
7350046722619883,thread,1,latency_writer,84,1750000000,7800000000,0,107584
7350046822993133,process,-1,process,78,18200000000,59570000000,9520,2
7350046822993133,thread,-1,producer,78,0,60000000,9520,2
7350046822993133,thread,-1,sampler,87,10000000,20000000,97,1
7350046822993133,thread,0,account_worker,85,3940000000,5710000000,0,96023
7350046822993133,thread,0,trader_callback,79,1670000000,8090000000,0,121
7350046822993133,thread,0,trace_writer,80,1870000000,7870000000,0,200
7350046822993133,thread,0,latency_writer,81,1780000000,7970000000,0,111
7350046822993133,thread,1,account_worker,86,3680000000,5910000000,0,203440
7350046822993133,thread,1,trader_callback,82,1760000000,7980000000,0,80
7350046822993133,thread,1,trace_writer,83,1690000000,8030000000,1,308
7350046822993133,thread,1,latency_writer,84,1760000000,7880000000,0,107595
7350046923361694,process,-1,process,78,18410000000,60160000000,9619,2
7350046923361694,thread,-1,producer,78,0,60000000,9619,2
7350046923361694,thread,-1,sampler,87,10000000,20000000,98,1
7350046923361694,thread,0,account_worker,85,3960000000,5790000000,0,96023
7350046923361694,thread,0,trader_callback,79,1680000000,8180000000,0,123
7350046923361694,thread,0,trace_writer,80,1890000000,7950000000,0,200
7350046923361694,thread,0,latency_writer,81,1800000000,8040000000,0,111
7350046923361694,thread,1,account_worker,86,3720000000,5970000000,0,203440
7350046923361694,thread,1,trader_callback,82,1790000000,8050000000,0,80
7350046923361694,thread,1,trace_writer,83,1710000000,8110000000,1,312
7350046923361694,thread,1,latency_writer,84,1780000000,7960000000,0,107600
7350047023727617,process,-1,process,78,18630000000,60750000000,9719,2
7350047023727617,thread,-1,producer,78,0,60000000,9719,2
7350047023727617,thread,-1,sampler,87,10000000,20000000,99,1
7350047023727617,thread,0,account_worker,85,3990000000,5860000000,0,96027
7350047023727617,thread,0,trader_callback,79,1700000000,8260000000,0,126
7350047023727617,thread,0,trace_writer,80,1920000000,8020000000,0,205
7350047023727617,thread,0,latency_writer,81,1820000000,8120000000,0,112
7350047023727617,thread,1,account_worker,86,3780000000,6010000000,2,203440
7350047023727617,thread,1,trader_callback,82,1810000000,8130000000,0,81
7350047023727617,thread,1,trace_writer,83,1740000000,8190000000,1,315
7350047023727617,thread,1,latency_writer,84,1810000000,8040000000,0,107601
7350047124139641,process,-1,process,78,18830000000,61350000000,9819,2
7350047124139641,thread,-1,producer,78,0,60000000,9819,2
7350047124139641,thread,-1,sampler,87,10000000,20000000,100,2
7350047124139641,thread,0,account_worker,85,4030000000,5930000000,0,96027
7350047124139641,thread,0,trader_callback,79,1720000000,8340000000,0,127
7350047124139641,thread,0,trace_writer,80,1950000000,8090000000,0,205
7350047124139641,thread,0,latency_writer,81,1830000000,8210000000,0,113
7350047124139641,thread,1,account_worker,86,3830000000,6060000000,2,203440
7350047124139641,thread,1,trader_callback,82,1830000000,8220000000,0,81
7350047124139641,thread,1,trace_writer,83,1770000000,8260000000,1,320
7350047124139641,thread,1,latency_writer,84,1820000000,8120000000,0,107604
7350047224509339,process,-1,process,78,19050000000,61930000000,9920,2
7350047224509339,thread,-1,producer,78,0,70000000,9920,2
7350047224509339,thread,-1,sampler,87,10000000,20000000,101,2
7350047224509339,thread,0,account_worker,85,4060000000,5990000000,0,96027
7350047224509339,thread,0,trader_callback,79,1740000000,8420000000,0,128
7350047224509339,thread,0,trace_writer,80,1980000000,8160000000,0,205
7350047224509339,thread,0,latency_writer,81,1850000000,8290000000,0,113
7350047224509339,thread,1,account_worker,86,3870000000,6120000000,2,203441
7350047224509339,thread,1,trader_callback,82,1860000000,8290000000,0,83
7350047224509339,thread,1,trace_writer,83,1800000000,8330000000,1,320
7350047224509339,thread,1,latency_writer,84,1830000000,8210000000,0,107607
7350047324871207,process,-1,process,78,19260000000,62530000000,10020,2
7350047324871207,thread,-1,producer,78,0,70000000,10020,2
7350047324871207,thread,-1,sampler,87,10000000,20000000,102,2
7350047324871207,thread,0,account_worker,85,4100000000,6050000000,0,96030
7350047324871207,thread,0,trader_callback,79,1750000000,8510000000,0,130
7350047324871207,thread,0,trace_writer,80,2000000000,8240000000,0,205
7350047324871207,thread,0,latency_writer,81,1870000000,8370000000,0,113
7350047324871207,thread,1,account_worker,86,3920000000,6170000000,2,203441
7350047324871207,thread,1,trader_callback,82,1890000000,8360000000,0,83
7350047324871207,thread,1,trace_writer,83,1830000000,8400000000,1,325
7350047324871207,thread,1,latency_writer,84,1840000000,8300000000,0,107607
7350047425258467,process,-1,process,78,19440000000,63150000000,10120,2
7350047425258467,thread,-1,producer,78,0,70000000,10121,2
7350047425258467,thread,-1,sampler,87,10000000,20000000,103,2
7350047425258467,thread,0,account_worker,85,4140000000,6110000000,0,96030
7350047425258467,thread,0,trader_callback,79,1760000000,8600000000,0,130
7350047425258467,thread,0,trace_writer,80,2030000000,8310000000,0,205
7350047425258467,thread,0,latency_writer,81,1890000000,8450000000,0,113
7350047425258467,thread,1,account_worker,86,3960000000,6230000000,2,203442
7350047425258467,thread,1,trader_callback,82,1900000000,8450000000,0,83
7350047425258467,thread,1,trace_writer,83,1850000000,8480000000,1,325
7350047425258467,thread,1,latency_writer,84,1860000000,8390000000,0,107609
7350047525630942,process,-1,process,78,19610000000,63790000000,10221,2
7350047525630942,thread,-1,producer,78,0,70000000,10221,2
7350047525630942,thread,-1,sampler,87,10000000,20000000,104,2
7350047525630942,thread,0,account_worker,85,4170000000,6190000000,0,96030
7350047525630942,thread,0,trader_callback,79,1760000000,8700000000,0,132
7350047525630942,thread,0,trace_writer,80,2060000000,8390000000,0,205
7350047525630942,thread,0,latency_writer,81,1910000000,8530000000,0,113
7350047525630942,thread,1,account_worker,86,4000000000,6290000000,2,203445
7350047525630942,thread,1,trader_callback,82,1920000000,8520000000,0,83
7350047525630942,thread,1,trace_writer,83,1860000000,8570000000,1,326
7350047525630942,thread,1,latency_writer,84,1870000000,8480000000,0,107611
7350047625997876,process,-1,process,78,19850000000,64360000000,10321,2
7350047625997876,thread,-1,producer,78,0,70000000,10321,2
7350047625997876,thread,-1,sampler,87,10000000,20000000,105,2
7350047625997876,thread,0,account_worker,85,4210000000,6250000000,0,96032
7350047625997876,thread,0,trader_callback,79,1800000000,8760000000,0,132
7350047625997876,thread,0,trace_writer,80,2080000000,8460000000,0,206
7350047625997876,thread,0,latency_writer,81,1930000000,8610000000,0,114
7350047625997876,thread,1,account_worker,86,4060000000,6330000000,2,203445
7350047625997876,thread,1,trader_callback,82,1940000000,8610000000,0,84
7350047625997876,thread,1,trace_writer,83,1880000000,8650000000,1,326
7350047625997876,thread,1,latency_writer,84,1880000000,8560000000,0,107611
7350047726371446,process,-1,process,78,20050000000,64950000000,10422,2
7350047726371446,thread,-1,producer,78,0,70000000,10422,2
7350047726371446,thread,-1,sampler,87,10000000,20000000,106,2
7350047726371446,thread,0,account_worker,85,4250000000,6310000000,0,96035
7350047726371446,thread,0,trader_callback,79,1820000000,8840000000,0,132
7350047726371446,thread,0,trace_writer,80,2100000000,8550000000,0,206
7350047726371446,thread,0,latency_writer,81,1950000000,8700000000,0,114
7350047726371446,thread,1,account_worker,86,4100000000,6390000000,2,203445
7350047726371446,thread,1,trader_callback,82,1960000000,8680000000,0,85
7350047726371446,thread,1,trace_writer,83,1900000000,8730000000,1,326
7350047726371446,thread,1,latency_writer,84,1920000000,8630000000,0,107611
7350047826743565,process,-1,process,78,20270000000,65540000000,10522,2
7350047826743565,thread,-1,producer,78,0,70000000,10522,2
7350047826743565,thread,-1,sampler,87,10000000,20000000,107,2
7350047826743565,thread,0,account_worker,85,4280000000,6370000000,0,96039
7350047826743565,thread,0,trader_callback,79,1860000000,8910000000,0,132
7350047826743565,thread,0,trace_writer,80,2120000000,8630000000,0,206
7350047826743565,thread,0,latency_writer,81,1970000000,8780000000,0,114
7350047826743565,thread,1,account_worker,86,4140000000,6460000000,2,203445
7350047826743565,thread,1,trader_callback,82,1980000000,8760000000,0,85
7350047826743565,thread,1,trace_writer,83,1920000000,8810000000,2,327
7350047826743565,thread,1,latency_writer,84,1940000000,8700000000,0,107612
7350047927087181,process,-1,process,78,20470000000,66140000000,10622,2
7350047927087181,thread,-1,producer,78,0,70000000,10622,2
7350047927087181,thread,-1,sampler,87,10000000,20000000,108,2
7350047927087181,thread,0,account_worker,85,4340000000,6410000000,0,96042
7350047927087181,thread,0,trader_callback,79,1880000000,8990000000,0,133
7350047927087181,thread,0,trace_writer,80,2130000000,8720000000,0,207
7350047927087181,thread,0,latency_writer,81,1990000000,8860000000,0,115
7350047927087181,thread,1,account_worker,86,4170000000,6520000000,2,203445
7350047927087181,thread,1,trader_callback,82,2010000000,8830000000,0,86
7350047927087181,thread,1,trace_writer,83,1940000000,8890000000,2,327
7350047927087181,thread,1,latency_writer,84,1950000000,8800000000,0,107615
7350048027460418,process,-1,process,78,20640000000,66780000000,10723,2
7350048027460418,thread,-1,producer,78,0,70000000,10723,2
7350048027460418,thread,-1,sampler,87,10000000,20000000,109,2
7350048027460418,thread,0,account_worker,85,4380000000,6480000000,1,96043
7350048027460418,thread,0,trader_callback,79,1890000000,9080000000,0,134
7350048027460418,thread,0,trace_writer,80,2140000000,8810000000,0,208
7350048027460418,thread,0,latency_writer,81,2000000000,8950000000,0,115
7350048027460418,thread,1,account_worker,86,4220000000,6570000000,3,203454
7350048027460418,thread,1,trader_callback,82,2030000000,8920000000,0,86
7350048027460418,thread,1,trace_writer,83,1960000000,8970000000,2,327
7350048027460418,thread,1,latency_writer,84,1970000000,8880000000,0,107616
7350048127903776,process,-1,process,78,20810000000,67410000000,10823,2
7350048127903776,thread,-1,producer,78,0,70000000,10823,2
7350048127903776,thread,-1,sampler,87,10000000,20000000,110,2
7350048127903776,thread,0,account_worker,85,4410000000,6550000000,1,96043
7350048127903776,thread,0,trader_callback,79,1890000000,9170000000,0,134
7350048127903776,thread,0,trace_writer,80,2150000000,8890000000,0,208
7350048127903776,thread,0,latency_writer,81,2010000000,9040000000,0,117
7350048127903776,thread,1,account_worker,86,4260000000,6630000000,3,203454
7350048127903776,thread,1,trader_callback,82,2050000000,8990000000,0,87
7350048127903776,thread,1,trace_writer,83,1970000000,9060000000,2,328
7350048127903776,thread,1,latency_writer,84,1980000000,8970000000,0,107617
7350048228287193,process,-1,process,78,20980000000,68040000000,10924,2
7350048228287193,thread,-1,producer,78,0,70000000,10924,2
7350048228287193,thread,-1,sampler,87,10000000,20000000,111,2
7350048228287193,thread,0,account_worker,85,4460000000,6600000000,1,96043
7350048228287193,thread,0,trader_callback,79,1910000000,9250000000,0,135
7350048228287193,thread,0,trace_writer,80,2170000000,8970000000,0,208
7350048228287193,thread,0,latency_writer,81,2020000000,9130000000,0,117
7350048228287193,thread,1,account_worker,86,4320000000,6680000000,3,203457
7350048228287193,thread,1,trader_callback,82,2070000000,9080000000,0,87
7350048228287193,thread,1,trace_writer,83,1980000000,9150000000,2,328
7350048228287193,thread,1,latency_writer,84,1990000000,9060000000,0,107618
7350048328685620,process,-1,process,78,21160000000,68670000000,11023,2
7350048328685620,thread,-1,producer,78,0,70000000,11023,2
7350048328685620,thread,-1,sampler,87,10000000,20000000,112,2
7350048328685620,thread,0,account_worker,85,4500000000,6660000000,1,96046
7350048328685620,thread,0,trader_callback,79,1920000000,9350000000,0,136
7350048328685620,thread,0,trace_writer,80,2190000000,9060000000,0,208
7350048328685620,thread,0,latency_writer,81,2040000000,9210000000,0,117
7350048328685620,thread,1,account_worker,86,4360000000,6730000000,3,203460
7350048328685620,thread,1,trader_callback,82,2090000000,9160000000,0,87
7350048328685620,thread,1,trace_writer,83,2000000000,9230000000,2,328
7350048328685620,thread,1,latency_writer,84,2000000000,9150000000,0,107621
7350048429052491,process,-1,process,78,21320000000,69310000000,11123,2
7350048429052491,thread,-1,producer,78,0,70000000,11123,2
7350048429052491,thread,-1,sampler,87,10000000,20000000,113,2
7350048429052491,thread,0,account_worker,85,4540000000,6720000000,1,96046
7350048429052491,thread,0,trader_callback,79,1930000000,9440000000,0,136
7350048429052491,thread,0,trace_writer,80,2200000000,9140000000,0,208
7350048429052491,thread,0,latency_writer,81,2070000000,9280000000,0,117
7350048429052491,thread,1,account_worker,86,4380000000,6810000000,3,203463
7350048429052491,thread,1,trader_callback,82,2100000000,9250000000,0,87
7350048429052491,thread,1,trace_writer,83,2010000000,9320000000,2,328
7350048429052491,thread,1,latency_writer,84,2020000000,9230000000,0,107624
7350048529426058,process,-1,process,78,21550000000,69890000000,11224,2
7350048529426058,thread,-1,producer,78,0,70000000,11224,2
7350048529426058,thread,-1,sampler,87,10000000,20000000,114,2
7350048529426058,thread,0,account_worker,85,4580000000,6770000000,1,96046
7350048529426058,thread,0,trader_callback,79,1960000000,9510000000,0,137
7350048529426058,thread,0,trace_writer,80,2230000000,9220000000,0,208
7350048529426058,thread,0,latency_writer,81,2090000000,9360000000,0,117
7350048529426058,thread,1,account_worker,86,4410000000,6880000000,3,203466
7350048529426058,thread,1,trader_callback,82,2130000000,9320000000,0,88
7350048529426058,thread,1,trace_writer,83,2050000000,9380000000,2,328
7350048529426058,thread,1,latency_writer,84,2030000000,9310000000,0,107631
7350048629797758,process,-1,process,78,21730000000,70500000000,11324,2
7350048629797758,thread,-1,producer,78,0,70000000,11324,2
7350048629797758,thread,-1,sampler,87,10000000,20000000,115,2
7350048629797758,thread,0,account_worker,85,4610000000,6850000000,1,96046
7350048629797758,thread,0,trader_callback,79,1970000000,9590000000,0,137
7350048629797758,thread,0,trace_writer,80,2260000000,9290000000,0,208
7350048629797758,thread,0,latency_writer,81,2120000000,9430000000,0,117
7350048629797758,thread,1,account_worker,86,4460000000,6940000000,3,203469
7350048629797758,thread,1,trader_callback,82,2140000000,9410000000,0,88
7350048629797758,thread,1,trace_writer,83,2070000000,9460000000,2,337
7350048629797758,thread,1,latency_writer,84,2040000000,9410000000,0,107634
7350048730170573,process,-1,process,78,21940000000,71100000000,11424,2
7350048730170573,thread,-1,producer,78,0,70000000,11424,2
7350048730170573,thread,-1,sampler,87,10000000,20000000,116,2
7350048730170573,thread,0,account_worker,85,4660000000,6900000000,1,96046
7350048730170573,thread,0,trader_callback,79,1990000000,9670000000,0,137
7350048730170573,thread,0,trace_writer,80,2270000000,9380000000,0,208
7350048730170573,thread,0,latency_writer,81,2130000000,9520000000,0,117
7350048730170573,thread,1,account_worker,86,4520000000,6980000000,3,203475
7350048730170573,thread,1,trader_callback,82,2170000000,9480000000,0,89
7350048730170573,thread,1,trace_writer,83,2090000000,9550000000,2,340
7350048730170573,thread,1,latency_writer,84,2050000000,9490000000,0,107635
7350048830541863,process,-1,process,78,22120000000,71720000000,11525,2
7350048830541863,thread,-1,producer,78,0,70000000,11525,2
7350048830541863,thread,-1,sampler,87,10000000,20000000,117,2
7350048830541863,thread,0,account_worker,85,4680000000,6970000000,1,96046
7350048830541863,thread,0,trader_callback,79,2020000000,9750000000,0,139
7350048830541863,thread,0,trace_writer,80,2300000000,9450000000,0,209
7350048830541863,thread,0,latency_writer,81,2140000000,9610000000,0,117
7350048830541863,thread,1,account_worker,86,4550000000,7040000000,3,203479
7350048830541863,thread,1,trader_callback,82,2190000000,9560000000,0,90
7350048830541863,thread,1,trace_writer,83,2090000000,9640000000,2,340
7350048830541863,thread,1,latency_writer,84,2090000000,9560000000,0,107635
7350048930937918,process,-1,process,78,22340000000,72310000000,11625,2
7350048930937918,thread,-1,producer,78,0,70000000,11625,2
7350048930937918,thread,-1,sampler,87,10000000,20000000,118,2
7350048930937918,thread,0,account_worker,85,4700000000,7050000000,1,96046
7350048930937918,thread,0,trader_callback,79,2040000000,9820000000,0,139
7350048930937918,thread,0,trace_writer,80,2320000000,9530000000,0,209
7350048930937918,thread,0,latency_writer,81,2160000000,9690000000,0,117
7350048930937918,thread,1,account_worker,86,4600000000,7100000000,3,203482
7350048930937918,thread,1,trader_callback,82,2210000000,9640000000,0,90
7350048930937918,thread,1,trace_writer,83,2120000000,9710000000,2,346
7350048930937918,thread,1,latency_writer,84,2110000000,9640000000,0,107635
7350049031268094,process,-1,process,78,22550000000,72900000000,11725,2
7350049031268094,thread,-1,producer,78,0,70000000,11726,2
7350049031268094,thread,-1,sampler,87,10000000,20000000,119,2
7350049031268094,thread,0,account_worker,85,4760000000,7100000000,1,96050
7350049031268094,thread,0,trader_callback,79,2060000000,9910000000,0,141
7350049031268094,thread,0,trace_writer,80,2350000000,9600000000,0,210
7350049031268094,thread,0,latency_writer,81,2180000000,9770000000,0,117
7350049031268094,thread,1,account_worker,86,4640000000,7150000000,3,203483
7350049031268094,thread,1,trader_callback,82,2230000000,9720000000,0,92
7350049031268094,thread,1,trace_writer,83,2140000000,9790000000,2,349
7350049031268094,thread,1,latency_writer,84,2130000000,9720000000,0,107636
7350049131629572,process,-1,process,78,22730000000,73530000000,11826,2
7350049131629572,thread,-1,producer,78,0,70000000,11826,2
7350049131629572,thread,-1,sampler,87,10000000,20000000,120,2
7350049131629572,thread,0,account_worker,85,4800000000,7160000000,1,96050
7350049131629572,thread,0,trader_callback,79,2080000000,9990000000,0,143
7350049131629572,thread,0,trace_writer,80,2360000000,9690000000,0,210
7350049131629572,thread,0,latency_writer,81,2180000000,9870000000,0,118
7350049131629572,thread,1,account_worker,86,4690000000,7200000000,3,203486
7350049131629572,thread,1,trader_callback,82,2250000000,9800000000,0,92
7350049131629572,thread,1,trace_writer,83,2160000000,9870000000,2,353
7350049131629572,thread,1,latency_writer,84,2140000000,9810000000,0,107637
7350049232016630,process,-1,process,78,22940000000,74120000000,11926,2
7350049232016630,thread,-1,producer,78,0,70000000,11926,2
7350049232016630,thread,-1,sampler,87,10000000,20000000,121,2
7350049232016630,thread,0,account_worker,85,4840000000,7230000000,1,96050
7350049232016630,thread,0,trader_callback,79,2110000000,10050000000,0,145
7350049232016630,thread,0,trace_writer,80,2390000000,9760000000,0,210
7350049232016630,thread,0,latency_writer,81,2200000000,9950000000,0,118
7350049232016630,thread,1,account_worker,86,4730000000,7270000000,3,203489
7350049232016630,thread,1,trader_callback,82,2280000000,9870000000,0,92
7350049232016630,thread,1,trace_writer,83,2170000000,9960000000,2,359
7350049232016630,thread,1,latency_writer,84,2150000000,9900000000,0,107639
7350049332405253,process,-1,process,78,23160000000,74700000000,12027,2
7350049332405253,thread,-1,producer,78,0,70000000,12027,2
7350049332405253,thread,-1,sampler,87,10000000,20000000,122,2
7350049332405253,thread,0,account_worker,85,4880000000,7280000000,1,96050
7350049332405253,thread,0,trader_callback,79,2140000000,10120000000,0,146
7350049332405253,thread,0,trace_writer,80,2410000000,9830000000,0,210
7350049332405253,thread,0,latency_writer,81,2220000000,10030000000,0,118
7350049332405253,thread,1,account_worker,86,4770000000,7330000000,3,203495
7350049332405253,thread,1,trader_callback,82,2300000000,9950000000,0,92
7350049332405253,thread,1,trace_writer,83,2200000000,10040000000,2,364
7350049332405253,thread,1,latency_writer,84,2170000000,9980000000,0,107640
7350049432784259,process,-1,process,78,23360000000,75310000000,12127,2
7350049432784259,thread,-1,producer,78,0,70000000,12127,2
7350049432784259,thread,-1,sampler,87,10000000,20000000,123,2
7350049432784259,thread,0,account_worker,85,4920000000,7340000000,1,96050
7350049432784259,thread,0,trader_callback,79,2170000000,10200000000,0,146
7350049432784259,thread,0,trace_writer,80,2440000000,9920000000,0,210
7350049432784259,thread,0,latency_writer,81,2240000000,10110000000,0,118
7350049432784259,thread,1,account_worker,86,4800000000,7400000000,3,203502
7350049432784259,thread,1,trader_callback,82,2320000000,10030000000,0,92
7350049432784259,thread,1,trace_writer,83,2220000000,10120000000,2,367
7350049432784259,thread,1,latency_writer,84,2190000000,10070000000,0,107644
7350049533164473,process,-1,process,78,23550000000,75920000000,12227,2
7350049533164473,thread,-1,producer,78,0,70000000,12227,2
7350049533164473,thread,-1,sampler,87,10000000,20000000,124,2
7350049533164473,thread,0,account_worker,85,4980000000,7390000000,1,96050
7350049533164473,thread,0,trader_callback,79,2200000000,10270000000,0,147
7350049533164473,thread,0,trace_writer,80,2460000000,9990000000,0,210
7350049533164473,thread,0,latency_writer,81,2270000000,10180000000,0,118
7350049533164473,thread,1,account_worker,86,4820000000,7480000000,3,203514
7350049533164473,thread,1,trader_callback,82,2330000000,10120000000,0,92
7350049533164473,thread,1,trace_writer,83,2220000000,10210000000,2,373
7350049533164473,thread,1,latency_writer,84,2200000000,10150000000,0,107646
7350049633670497,process,-1,process,78,23760000000,76510000000,12328,2
7350049633670497,thread,-1,producer,78,0,70000000,12328,2
7350049633670497,thread,-1,sampler,87,10000000,20000000,125,2
7350049633670497,thread,0,account_worker,85,5030000000,7430000000,1,96054
7350049633670497,thread,0,trader_callback,79,2210000000,10350000000,0,148
7350049633670497,thread,0,trace_writer,80,2500000000,10050000000,0,211
7350049633670497,thread,0,latency_writer,81,2290000000,10260000000,0,118
7350049633670497,thread,1,account_worker,86,4860000000,7540000000,3,203517
7350049633670497,thread,1,trader_callback,82,2360000000,10200000000,0,93
7350049633670497,thread,1,trace_writer,83,2240000000,10300000000,2,382
7350049633670497,thread,1,latency_writer,84,2210000000,10250000000,0,107646
7350049734141990,process,-1,process,78,23950000000,77130000000,12428,2
7350049734141990,thread,-1,producer,78,0,70000000,12428,2
7350049734141990,thread,-1,sampler,87,10000000,20000000,126,2
7350049734141990,thread,0,account_worker,85,5080000000,7490000000,1,96054
7350049734141990,thread,0,trader_callback,79,2230000000,10440000000,0,148
7350049734141990,thread,0,trace_writer,80,2510000000,10140000000,0,211
7350049734141990,thread,0,latency_writer,81,2300000000,10350000000,0,118
7350049734141990,thread,1,account_worker,86,4890000000,7610000000,3,203517
7350049734141990,thread,1,trader_callback,82,2380000000,10270000000,0,93
7350049734141990,thread,1,trace_writer,83,2250000000,10390000000,2,385
7350049734141990,thread,1,latency_writer,84,2250000000,10310000000,0,107648
7350049834527426,process,-1,process,78,24140000000,77740000000,12529,2
7350049834527426,thread,-1,producer,78,0,70000000,12529,2
7350049834527426,thread,-1,sampler,87,10000000,20000000,127,2
7350049834527426,thread,0,account_worker,85,5120000000,7540000000,1,96054
7350049834527426,thread,0,trader_callback,79,2240000000,10530000000,0,149
7350049834527426,thread,0,trace_writer,80,2520000000,10230000000,0,211
7350049834527426,thread,0,latency_writer,81,2320000000,10430000000,0,118
7350049834527426,thread,1,account_worker,86,4960000000,7640000000,3,203520
7350049834527426,thread,1,trader_callback,82,2390000000,10370000000,0,93
7350049834527426,thread,1,trace_writer,83,2260000000,10480000000,2,386
7350049834527426,thread,1,latency_writer,84,2270000000,10390000000,0,107650
7350049934874580,process,-1,process,78,24350000000,78340000000,12629,2
7350049934874580,thread,-1,producer,78,0,70000000,12629,2
7350049934874580,thread,-1,sampler,87,10000000,20000000,128,2
7350049934874580,thread,0,account_worker,85,5170000000,7590000000,1,96054
7350049934874580,thread,0,trader_callback,79,2250000000,10610000000,0,149
7350049934874580,thread,0,trace_writer,80,2530000000,10320000000,0,211
7350049934874580,thread,0,latency_writer,81,2350000000,10500000000,0,119
7350049934874580,thread,1,account_worker,86,5000000000,7700000000,3,203523
7350049934874580,thread,1,trader_callback,82,2400000000,10460000000,0,93
7350049934874580,thread,1,trace_writer,83,2290000000,10550000000,2,393
7350049934874580,thread,1,latency_writer,84,2290000000,10470000000,0,107650
7350050035241392,process,-1,process,78,24570000000,78910000000,12729,2
7350050035241392,thread,-1,producer,78,0,70000000,12730,2
7350050035241392,thread,-1,sampler,87,10000000,20000000,129,2
7350050035241392,thread,0,account_worker,85,5200000000,7660000000,1,96058
7350050035241392,thread,0,trader_callback,79,2290000000,10680000000,0,149
7350050035241392,thread,0,trace_writer,80,2540000000,10410000000,0,212
7350050035241392,thread,0,latency_writer,81,2380000000,10570000000,0,120
7350050035241392,thread,1,account_worker,86,5050000000,7750000000,3,203525
7350050035241392,thread,1,trader_callback,82,2420000000,10530000000,0,93
7350050035241392,thread,1,trace_writer,83,2310000000,10630000000,2,397
7350050035241392,thread,1,latency_writer,84,2310000000,10540000000,0,107651
7350050135674271,process,-1,process,78,24780000000,79520000000,12830,2
7350050135674271,thread,-1,producer,78,10000000,80000000,12830,2
7350050135674271,thread,-1,sampler,87,10000000,20000000,130,2
7350050135674271,thread,0,account_worker,85,5240000000,7730000000,1,96058
7350050135674271,thread,0,trader_callback,79,2310000000,10760000000,0,149
7350050135674271,thread,0,trace_writer,80,2550000000,10500000000,0,212
7350050135674271,thread,0,latency_writer,81,2420000000,10640000000,0,121
7350050135674271,thread,1,account_worker,86,5100000000,7800000000,3,203528
7350050135674271,thread,1,trader_callback,82,2430000000,10620000000,0,93
7350050135674271,thread,1,trace_writer,83,2350000000,10690000000,2,397
7350050135674271,thread,1,latency_writer,84,2310000000,10640000000,0,107652
7350050236017398,process,-1,process,78,24920000000,80180000000,12930,2
7350050236017398,thread,-1,producer,78,10000000,80000000,12930,2
7350050236017398,thread,-1,sampler,87,10000000,20000000,131,2
7350050236017398,thread,0,account_worker,85,5270000000,7800000000,1,96058
7350050236017398,thread,0,trader_callback,79,2320000000,10850000000,0,149
7350050236017398,thread,0,trace_writer,80,2560000000,10590000000,0,212
7350050236017398,thread,0,latency_writer,81,2430000000,10720000000,0,121
7350050236017398,thread,1,account_worker,86,5140000000,7860000000,3,203531
7350050236017398,thread,1,trader_callback,82,2450000000,10700000000,0,93
7350050236017398,thread,1,trace_writer,83,2350000000,10780000000,2,401
7350050236017398,thread,1,latency_writer,84,2320000000,10740000000,0,107655
7350050336392992,process,-1,process,78,25060000000,80840000000,13031,2
7350050336392992,thread,-1,producer,78,10000000,80000000,13031,2
7350050336392992,thread,-1,sampler,87,10000000,20000000,132,2
7350050336392992,thread,0,account_worker,85,5300000000,7870000000,1,96061
7350050336392992,thread,0,trader_callback,79,2340000000,10930000000,0,151
7350050336392992,thread,0,trace_writer,80,2560000000,10690000000,0,212
7350050336392992,thread,0,latency_writer,81,2450000000,10810000000,0,121
7350050336392992,thread,1,account_worker,86,5180000000,7930000000,3,203531
7350050336392992,thread,1,trader_callback,82,2470000000,10790000000,0,93
7350050336392992,thread,1,trace_writer,83,2360000000,10880000000,2,401
7350050336392992,thread,1,latency_writer,84,2330000000,10820000000,0,107656
7350050436761400,process,-1,process,78,25220000000,81490000000,13131,2
7350050436761400,thread,-1,producer,78,10000000,80000000,13131,2
7350050436761400,thread,-1,sampler,87,10000000,20000000,133,2
7350050436761400,thread,0,account_worker,85,5340000000,7930000000,1,96061
7350050436761400,thread,0,trader_callback,79,2360000000,11010000000,0,153
7350050436761400,thread,0,trace_writer,80,2580000000,10780000000,0,212
7350050436761400,thread,0,latency_writer,81,2450000000,10900000000,0,121
7350050436761400,thread,1,account_worker,86,5210000000,7990000000,3,203531
7350050436761400,thread,1,trader_callback,82,2480000000,10870000000,0,93
7350050436761400,thread,1,trace_writer,83,2390000000,10950000000,2,404
7350050436761400,thread,1,latency_writer,84,2350000000,10910000000,0,107657
7350050537138595,process,-1,process,78,25390000000,82110000000,13231,2
7350050537138595,thread,-1,producer,78,10000000,80000000,13231,2
7350050537138595,thread,-1,sampler,87,10000000,20000000,134,2
7350050537138595,thread,0,account_worker,85,5380000000,7990000000,1,96061
7350050537138595,thread,0,trader_callback,79,2370000000,11100000000,0,154
7350050537138595,thread,0,trace_writer,80,2600000000,10860000000,0,212
7350050537138595,thread,0,latency_writer,81,2470000000,10990000000,0,121
7350050537138595,thread,1,account_worker,86,5250000000,8050000000,3,203540
7350050537138595,thread,1,trader_callback,82,2500000000,10960000000,0,94
7350050537138595,thread,1,trace_writer,83,2410000000,11030000000,2,404
7350050537138595,thread,1,latency_writer,84,2350000000,11000000000,0,107659
7350050637455237,process,-1,process,78,25580000000,82730000000,13332,2
7350050637455237,thread,-1,producer,78,10000000,80000000,13332,2
7350050637455237,thread,-1,sampler,87,10000000,20000000,135,2
7350050637455237,thread,0,account_worker,85,5410000000,8060000000,1,96061
7350050637455237,thread,0,trader_callback,79,2390000000,11180000000,0,155
7350050637455237,thread,0,trace_writer,80,2610000000,10940000000,0,212
7350050637455237,thread,0,latency_writer,81,2490000000,11060000000,0,121
7350050637455237,thread,1,account_worker,86,5280000000,8120000000,3,203540
7350050637455237,thread,1,trader_callback,82,2520000000,11030000000,0,94
7350050637455237,thread,1,trace_writer,83,2430000000,11110000000,2,407
7350050637455237,thread,1,latency_writer,84,2370000000,11080000000,0,107661
7350050737846510,process,-1,process,78,25800000000,83310000000,13432,2
7350050737846510,thread,-1,producer,78,10000000,80000000,13432,2
7350050737846510,thread,-1,sampler,87,10000000,20000000,136,2
7350050737846510,thread,0,account_worker,85,5440000000,8120000000,1,96064
7350050737846510,thread,0,trader_callback,79,2410000000,11260000000,0,157
7350050737846510,thread,0,trace_writer,80,2650000000,11010000000,0,213
7350050737846510,thread,0,latency_writer,81,2510000000,11150000000,0,121
7350050737846510,thread,1,account_worker,86,5330000000,8170000000,3,203540
7350050737846510,thread,1,trader_callback,82,2530000000,11130000000,0,95
7350050737846510,thread,1,trace_writer,83,2450000000,11180000000,2,411
7350050737846510,thread,1,latency_writer,84,2400000000,11150000000,0,107663
7350050838633623,process,-1,process,78,26010000000,83900000000,13533,2
7350050838633623,thread,-1,producer,78,10000000,80000000,13533,2
7350050838633623,thread,-1,sampler,87,20000000,20000000,137,2
7350050838633623,thread,0,account_worker,85,5480000000,8190000000,1,96064
7350050838633623,thread,0,trader_callback,79,2430000000,11350000000,0,159
7350050838633623,thread,0,trace_writer,80,2680000000,11070000000,0,213
7350050838633623,thread,0,latency_writer,81,2530000000,11230000000,0,121
7350050838633623,thread,1,account_worker,86,5380000000,8230000000,3,203547
7350050838633623,thread,1,trader_callback,82,2550000000,11210000000,0,96
7350050838633623,thread,1,trace_writer,83,2470000000,11270000000,2,415
7350050838633623,thread,1,latency_writer,84,2440000000,11220000000,0,107664
7350050939006219,process,-1,process,78,26180000000,84540000000,13633,2
7350050939006219,thread,-1,producer,78,10000000,80000000,13633,2
7350050939006219,thread,-1,sampler,87,20000000,20000000,138,2
7350050939006219,thread,0,account_worker,85,5520000000,8250000000,1,96064
7350050939006219,thread,0,trader_callback,79,2440000000,11430000000,0,159
7350050939006219,thread,0,trace_writer,80,2700000000,11150000000,0,213
7350050939006219,thread,0,latency_writer,81,2540000000,11320000000,0,121
7350050939006219,thread,1,account_worker,86,5410000000,8290000000,3,203547
7350050939006219,thread,1,trader_callback,82,2560000000,11300000000,0,96
7350050939006219,thread,1,trace_writer,83,2480000000,11360000000,2,415
7350050939006219,thread,1,latency_writer,84,2460000000,11300000000,0,107664
7350051039380778,process,-1,process,78,26430000000,85100000000,13734,2
7350051039380778,thread,-1,producer,78,10000000,80000000,13734,2
7350051039380778,thread,-1,sampler,87,20000000,20000000,139,2
7350051039380778,thread,0,account_worker,85,5580000000,8290000000,1,96071
7350051039380778,thread,0,trader_callback,79,2470000000,11510000000,0,162
7350051039380778,thread,0,trace_writer,80,2710000000,11250000000,0,214
7350051039380778,thread,0,latency_writer,81,2550000000,11410000000,0,122
7350051039380778,thread,1,account_worker,86,5470000000,8340000000,3,203551
7350051039380778,thread,1,trader_callback,82,2580000000,11380000000,0,97
7350051039380778,thread,1,trace_writer,83,2510000000,11430000000,2,418
7350051039380778,thread,1,latency_writer,84,2500000000,11350000000,0,107666
7350051139743745,process,-1,process,78,26610000000,85720000000,13834,2
7350051139743745,thread,-1,producer,78,10000000,80000000,13834,2
7350051139743745,thread,-1,sampler,87,20000000,20000000,140,2
7350051139743745,thread,0,account_worker,85,5630000000,8340000000,1,96074
7350051139743745,thread,0,trader_callback,79,2470000000,11600000000,0,164
7350051139743745,thread,0,trace_writer,80,2730000000,11330000000,0,214
7350051139743745,thread,0,latency_writer,81,2560000000,11500000000,0,122
7350051139743745,thread,1,account_worker,86,5500000000,8400000000,3,203551
7350051139743745,thread,1,trader_callback,82,2590000000,11460000000,0,97
7350051139743745,thread,1,trace_writer,83,2520000000,11520000000,2,419
7350051139743745,thread,1,latency_writer,84,2520000000,11440000000,0,107668
7350051240114716,process,-1,process,78,26790000000,86350000000,13934,2
7350051240114716,thread,-1,producer,78,10000000,80000000,13934,2
7350051240114716,thread,-1,sampler,87,20000000,20000000,141,2
7350051240114716,thread,0,account_worker,85,5670000000,8400000000,2,96074
7350051240114716,thread,0,trader_callback,79,2500000000,11680000000,0,166
7350051240114716,thread,0,trace_writer,80,2740000000,11410000000,0,214
7350051240114716,thread,0,latency_writer,81,2580000000,11580000000,0,122
7350051240114716,thread,1,account_worker,86,5540000000,8470000000,3,203557
7350051240114716,thread,1,trader_callback,82,2620000000,11540000000,0,98
7350051240114716,thread,1,trace_writer,83,2530000000,11610000000,2,425
7350051240114716,thread,1,latency_writer,84,2540000000,11520000000,0,107670
7350051340498801,process,-1,process,78,27000000000,86930000000,14035,2
7350051340498801,thread,-1,producer,78,10000000,80000000,14035,2
7350051340498801,thread,-1,sampler,87,20000000,20000000,142,2
7350051340498801,thread,0,account_worker,85,5720000000,8450000000,2,96074
7350051340498801,thread,0,trader_callback,79,2520000000,11760000000,0,168
7350051340498801,thread,0,trace_writer,80,2770000000,11490000000,0,214
7350051340498801,thread,0,latency_writer,81,2610000000,11650000000,0,122
7350051340498801,thread,1,account_worker,86,5560000000,8550000000,3,203560
7350051340498801,thread,1,trader_callback,82,2640000000,11620000000,0,98
7350051340498801,thread,1,trace_writer,83,2560000000,11680000000,2,426
7350051340498801,thread,1,latency_writer,84,2550000000,11600000000,0,107674
7350051440865164,process,-1,process,78,27240000000,87500000000,14135,2
7350051440865164,thread,-1,producer,78,10000000,80000000,14135,2
7350051440865164,thread,-1,sampler,87,20000000,20000000,143,2
7350051440865164,thread,0,account_worker,85,5770000000,8500000000,2,96074
7350051440865164,thread,0,trader_callback,79,2530000000,11840000000,0,169
7350051440865164,thread,0,trace_writer,80,2800000000,11560000000,0,214
7350051440865164,thread,0,latency_writer,81,2630000000,11730000000,0,122
7350051440865164,thread,1,account_worker,86,5610000000,8590000000,3,203561
7350051440865164,thread,1,trader_callback,82,2670000000,11690000000,0,98
7350051440865164,thread,1,trace_writer,83,2590000000,11750000000,2,433
7350051440865164,thread,1,latency_writer,84,2570000000,11690000000,0,107678
7350051541349019,process,-1,process,78,27430000000,88120000000,14236,2
7350051541349019,thread,-1,producer,78,10000000,80000000,14236,2
7350051541349019,thread,-1,sampler,87,20000000,20000000,144,2
7350051541349019,thread,0,account_worker,85,5810000000,8560000000,2,96077
7350051541349019,thread,0,trader_callback,79,2540000000,11930000000,0,171
7350051541349019,thread,0,trace_writer,80,2820000000,11640000000,0,214
7350051541349019,thread,0,latency_writer,81,2640000000,11820000000,0,123
7350051541349019,thread,1,account_worker,86,5650000000,8650000000,3,203564
7350051541349019,thread,1,trader_callback,82,2690000000,11770000000,0,98
7350051541349019,thread,1,trace_writer,83,2590000000,11850000000,2,436
7350051541349019,thread,1,latency_writer,84,2600000000,11760000000,0,107680
7350051641722831,process,-1,process,78,27600000000,88750000000,14333,2
7350051641722831,thread,-1,producer,78,10000000,80000000,14333,2
7350051641722831,thread,-1,sampler,87,20000000,20000000,145,2
7350051641722831,thread,0,account_worker,85,5840000000,8630000000,2,96077
7350051641722831,thread,0,trader_callback,79,2560000000,12020000000,0,172
7350051641722831,thread,0,trace_writer,80,2830000000,11730000000,0,215
7350051641722831,thread,0,latency_writer,81,2650000000,11910000000,0,123
7350051641722831,thread,1,account_worker,86,5690000000,8710000000,3,203564
7350051641722831,thread,1,trader_callback,82,2730000000,11830000000,0,99
7350051641722831,thread,1,trace_writer,83,2610000000,11930000000,2,445
7350051641722831,thread,1,latency_writer,84,2620000000,11840000000,0,107680
7350051742161124,process,-1,process,78,27800000000,89350000000,14433,2
7350051742161124,thread,-1,producer,78,10000000,80000000,14433,2
7350051742161124,thread,-1,sampler,87,20000000,20000000,146,2
7350051742161124,thread,0,account_worker,85,5880000000,8690000000,2,96077
7350051742161124,thread,0,trader_callback,79,2580000000,12100000000,0,174
7350051742161124,thread,0,trace_writer,80,2850000000,11810000000,0,215
7350051742161124,thread,0,latency_writer,81,2670000000,11990000000,0,123
7350051742161124,thread,1,account_worker,86,5720000000,8780000000,3,203564
7350051742161124,thread,1,trader_callback,82,2740000000,11920000000,0,99
7350051742161124,thread,1,trace_writer,83,2650000000,12000000000,2,451
7350051742161124,thread,1,latency_writer,84,2630000000,11920000000,0,107681
7350051842522153,process,-1,process,78,28010000000,89940000000,14534,2
7350051842522153,thread,-1,producer,78,10000000,80000000,14534,2
7350051842522153,thread,-1,sampler,87,20000000,20000000,147,2
7350051842522153,thread,0,account_worker,85,5920000000,8750000000,2,96094
7350051842522153,thread,0,trader_callback,79,2610000000,12170000000,0,189
7350051842522153,thread,0,trace_writer,80,2880000000,11880000000,0,228
7350051842522153,thread,0,latency_writer,81,2690000000,12070000000,0,136
7350051842522153,thread,1,account_worker,86,5750000000,8850000000,3,203577
7350051842522153,thread,1,trader_callback,82,2750000000,12010000000,0,112
7350051842522153,thread,1,trace_writer,83,2670000000,12070000000,2,469
7350051842522153,thread,1,latency_writer,84,2660000000,12000000000,0,107698
7350051942878472,process,-1,process,78,28220000000,90540000000,14633,2
7350051942878472,thread,-1,producer,78,10000000,80000000,14633,2
7350051942878472,thread,-1,sampler,87,20000000,20000000,148,2
7350051942878472,thread,0,account_worker,85,5970000000,8800000000,2,96094
7350051942878472,thread,0,trader_callback,79,2620000000,12250000000,0,191
7350051942878472,thread,0,trace_writer,80,2900000000,11960000000,0,230
7350051942878472,thread,0,latency_writer,81,2720000000,12140000000,0,138
7350051942878472,thread,1,account_worker,86,5780000000,8920000000,3,203577
7350051942878472,thread,1,trader_callback,82,2780000000,12080000000,0,113
7350051942878472,thread,1,trace_writer,83,2680000000,12160000000,2,476
7350051942878472,thread,1,latency_writer,84,2680000000,12080000000,0,107700
7350052043260174,process,-1,process,78,28420000000,91140000000,14733,2
7350052043260174,thread,-1,producer,78,10000000,80000000,14734,2
7350052043260174,thread,-1,sampler,87,20000000,20000000,149,2
7350052043260174,thread,0,account_worker,85,6010000000,8860000000,2,96095
7350052043260174,thread,0,trader_callback,79,2640000000,12330000000,0,191
7350052043260174,thread,0,trace_writer,80,2920000000,12040000000,0,231
7350052043260174,thread,0,latency_writer,81,2740000000,12220000000,0,138
7350052043260174,thread,1,account_worker,86,5840000000,8970000000,3,203580
7350052043260174,thread,1,trader_callback,82,2790000000,12180000000,0,113
7350052043260174,thread,1,trace_writer,83,2700000000,12240000000,2,479
7350052043260174,thread,1,latency_writer,84,2710000000,12150000000,0,107701
7350052143620031,process,-1,process,78,28600000000,91770000000,14834,2
7350052143620031,thread,-1,producer,78,10000000,80000000,14834,2
7350052143620031,thread,-1,sampler,87,20000000,20000000,150,2
7350052143620031,thread,0,account_worker,85,6060000000,8910000000,2,96095
7350052143620031,thread,0,trader_callback,79,2660000000,12410000000,0,191
7350052143620031,thread,0,trace_writer,80,2940000000,12120000000,0,231
7350052143620031,thread,0,latency_writer,81,2750000000,12310000000,0,140
7350052143620031,thread,1,account_worker,86,5880000000,9030000000,3,203580
7350052143620031,thread,1,trader_callback,82,2800000000,12260000000,0,114
7350052143620031,thread,1,trace_writer,83,2710000000,12330000000,2,480
7350052143620031,thread,1,latency_writer,84,2720000000,12240000000,0,107702
7350052243985362,process,-1,process,78,28780000000,92390000000,14934,2
7350052243985362,thread,-1,producer,78,10000000,80000000,14934,2
7350052243985362,thread,-1,sampler,87,20000000,20000000,151,2
7350052243985362,thread,0,account_worker,85,6100000000,8970000000,2,96095
7350052243985362,thread,0,trader_callback,79,2670000000,12500000000,0,192
7350052243985362,thread,0,trace_writer,80,2970000000,12190000000,0,231
7350052243985362,thread,0,latency_writer,81,2770000000,12390000000,0,140
7350052243985362,thread,1,account_worker,86,5910000000,9100000000,3,203580
7350052243985362,thread,1,trader_callback,82,2810000000,12360000000,0,114
7350052243985362,thread,1,trace_writer,83,2740000000,12410000000,2,480
7350052243985362,thread,1,latency_writer,84,2740000000,12320000000,0,107704
7350052344407002,process,-1,process,78,28990000000,92980000000,15034,2
7350052344407002,thread,-1,producer,78,10000000,80000000,15034,2
7350052344407002,thread,-1,sampler,87,20000000,20000000,152,2
7350052344407002,thread,0,account_worker,85,6130000000,9040000000,2,96095
7350052344407002,thread,0,trader_callback,79,2710000000,12570000000,0,193
7350052344407002,thread,0,trace_writer,80,2970000000,12290000000,0,231
7350052344407002,thread,0,latency_writer,81,2790000000,12470000000,0,140
7350052344407002,thread,1,account_worker,86,5960000000,9150000000,3,203580
7350052344407002,thread,1,trader_callback,82,2830000000,12440000000,0,114
7350052344407002,thread,1,trace_writer,83,2760000000,12480000000,2,480
7350052344407002,thread,1,latency_writer,84,2770000000,12400000000,0,107704
7350052444772795,process,-1,process,78,29160000000,93620000000,15134,2
7350052444772795,thread,-1,producer,78,10000000,80000000,15134,2
7350052444772795,thread,-1,sampler,87,20000000,20000000,153,2
7350052444772795,thread,0,account_worker,85,6170000000,9110000000,2,96095
7350052444772795,thread,0,trader_callback,79,2720000000,12650000000,0,194
7350052444772795,thread,0,trace_writer,80,2990000000,12370000000,0,231
7350052444772795,thread,0,latency_writer,81,2810000000,12560000000,0,140
7350052444772795,thread,1,account_worker,86,6000000000,9210000000,3,203580
7350052444772795,thread,1,trader_callback,82,2840000000,12520000000,0,114
7350052444772795,thread,1,trace_writer,83,2770000000,12570000000,2,480
7350052444772795,thread,1,latency_writer,84,2780000000,12480000000,0,107705
7350052545142926,process,-1,process,78,29350000000,94230000000,15234,2
7350052545142926,thread,-1,producer,78,10000000,80000000,15234,2
7350052545142926,thread,-1,sampler,87,20000000,30000000,154,2
7350052545142926,thread,0,account_worker,85,6200000000,9170000000,2,96098
7350052545142926,thread,0,trader_callback,79,2740000000,12740000000,0,194
7350052545142926,thread,0,trace_writer,80,3010000000,12460000000,0,231
7350052545142926,thread,0,latency_writer,81,2830000000,12630000000,0,140
7350052545142926,thread,1,account_worker,86,6040000000,9270000000,3,203580
7350052545142926,thread,1,trader_callback,82,2860000000,12610000000,0,115
7350052545142926,thread,1,trace_writer,83,2790000000,12650000000,2,480
7350052545142926,thread,1,latency_writer,84,2790000000,12570000000,0,107711
7350052645513800,process,-1,process,78,29490000000,94900000000,15335,2
7350052645513800,thread,-1,producer,78,10000000,90000000,15335,2
7350052645513800,thread,-1,sampler,87,20000000,30000000,155,2
7350052645513800,thread,0,account_worker,85,6230000000,9240000000,2,96098
7350052645513800,thread,0,trader_callback,79,2760000000,12820000000,0,196
7350052645513800,thread,0,trace_writer,80,3020000000,12540000000,0,231
7350052645513800,thread,0,latency_writer,81,2840000000,12720000000,0,140
7350052645513800,thread,1,account_worker,86,6080000000,9330000000,3,203580
7350052645513800,thread,1,trader_callback,82,2880000000,12680000000,0,115
7350052645513800,thread,1,trace_writer,83,2800000000,12750000000,2,483
7350052645513800,thread,1,latency_writer,84,2800000000,12660000000,0,107716
7350052745869388,process,-1,process,78,29660000000,95530000000,15435,2
7350052745869388,thread,-1,producer,78,10000000,90000000,15435,2
7350052745869388,thread,-1,sampler,87,20000000,30000000,156,2
7350052745869388,thread,0,account_worker,85,6280000000,9300000000,2,96098
7350052745869388,thread,0,trader_callback,79,2770000000,12900000000,0,196
7350052745869388,thread,0,trace_writer,80,3040000000,12620000000,0,231
7350052745869388,thread,0,latency_writer,81,2860000000,12810000000,0,140
7350052745869388,thread,1,account_worker,86,6110000000,9400000000,3,203580
7350052745869388,thread,1,trader_callback,82,2900000000,12770000000,0,116
7350052745869388,thread,1,trace_writer,83,2810000000,12830000000,2,495
7350052745869388,thread,1,latency_writer,84,2810000000,12750000000,0,107716
7350052846239660,process,-1,process,78,29850000000,96140000000,15532,2
7350052846239660,thread,-1,producer,78,10000000,90000000,15533,2
7350052846239660,thread,-1,sampler,87,20000000,30000000,157,2
7350052846239660,thread,0,account_worker,85,6310000000,9360000000,2,96098
7350052846239660,thread,0,trader_callback,79,2790000000,12980000000,0,199
7350052846239660,thread,0,trace_writer,80,3060000000,12700000000,0,232
7350052846239660,thread,0,latency_writer,81,2890000000,12880000000,0,140
7350052846239660,thread,1,account_worker,86,6140000000,9470000000,3,203584
7350052846239660,thread,1,trader_callback,82,2920000000,12840000000,0,117
7350052846239660,thread,1,trace_writer,83,2830000000,12920000000,2,501
7350052846239660,thread,1,latency_writer,84,2830000000,12830000000,0,107717
7350052946689184,process,-1,process,78,30080000000,96720000000,15633,2
7350052946689184,thread,-1,producer,78,10000000,90000000,15633,2
7350052946689184,thread,-1,sampler,87,20000000,30000000,158,2
7350052946689184,thread,0,account_worker,85,6360000000,9410000000,2,96099
7350052946689184,thread,0,trader_callback,79,2810000000,13070000000,0,200
7350052946689184,thread,0,trace_writer,80,3080000000,12780000000,0,232
7350052946689184,thread,0,latency_writer,81,2910000000,12950000000,0,140
7350052946689184,thread,1,account_worker,86,6190000000,9520000000,3,203587
7350052946689184,thread,1,trader_callback,82,2940000000,12920000000,0,119
7350052946689184,thread,1,trace_writer,83,2840000000,13010000000,2,504
7350052946689184,thread,1,latency_writer,84,2860000000,12900000000,0,107718
7350053047055394,process,-1,process,78,30260000000,97340000000,15733,2
7350053047055394,thread,-1,producer,78,10000000,90000000,15733,2
7350053047055394,thread,-1,sampler,87,20000000,30000000,159,2
7350053047055394,thread,0,account_worker,85,6390000000,9490000000,2,96099
7350053047055394,thread,0,trader_callback,79,2820000000,13160000000,0,201
7350053047055394,thread,0,trace_writer,80,3100000000,12860000000,0,233
7350053047055394,thread,0,latency_writer,81,2920000000,13040000000,0,141
7350053047055394,thread,1,account_worker,86,6240000000,9570000000,3,203588
7350053047055394,thread,1,trader_callback,82,2960000000,13000000000,0,120
7350053047055394,thread,1,trace_writer,83,2860000000,13080000000,2,508
7350053047055394,thread,1,latency_writer,84,2880000000,12980000000,0,107720
7350053147431148,process,-1,process,78,30450000000,97950000000,15834,2
7350053147431148,thread,-1,producer,78,10000000,90000000,15834,2
7350053147431148,thread,-1,sampler,87,20000000,30000000,160,2
7350053147431148,thread,0,account_worker,85,6420000000,9550000000,2,96100
7350053147431148,thread,0,trader_callback,79,2840000000,13240000000,0,204
7350053147431148,thread,0,trace_writer,80,3130000000,12940000000,0,233
7350053147431148,thread,0,latency_writer,81,2940000000,13120000000,0,141
7350053147431148,thread,1,account_worker,86,6270000000,9640000000,3,203594
7350053147431148,thread,1,trader_callback,82,2970000000,13090000000,0,121
7350053147431148,thread,1,trace_writer,83,2900000000,13150000000,2,508
7350053147431148,thread,1,latency_writer,84,2910000000,13060000000,0,107722
7350053247800275,process,-1,process,78,30660000000,98540000000,15934,2
7350053247800275,thread,-1,producer,78,10000000,90000000,15934,2
7350053247800275,thread,-1,sampler,87,20000000,30000000,161,2
7350053247800275,thread,0,account_worker,85,6460000000,9610000000,2,96103
7350053247800275,thread,0,trader_callback,79,2850000000,13330000000,0,205
7350053247800275,thread,0,trace_writer,80,3140000000,13020000000,0,233
7350053247800275,thread,0,latency_writer,81,2970000000,13200000000,0,141
7350053247800275,thread,1,account_worker,86,6320000000,9700000000,3,203597
7350053247800275,thread,1,trader_callback,82,2990000000,13180000000,0,121
7350053247800275,thread,1,trace_writer,83,2920000000,13230000000,2,511
7350053247800275,thread,1,latency_writer,84,2940000000,13120000000,0,107724
7350053348194487,process,-1,process,78,30850000000,99150000000,16034,2
7350053348194487,thread,-1,producer,78,10000000,90000000,16034,2
7350053348194487,thread,-1,sampler,87,20000000,30000000,162,2
7350053348194487,thread,0,account_worker,85,6500000000,9670000000,2,96104
7350053348194487,thread,0,trader_callback,79,2860000000,13420000000,0,206
7350053348194487,thread,0,trace_writer,80,3150000000,13110000000,0,233
7350053348194487,thread,0,latency_writer,81,2990000000,13280000000,0,141
7350053348194487,thread,1,account_worker,86,6360000000,9750000000,3,203597
7350053348194487,thread,1,trader_callback,82,3010000000,13260000000,0,121
7350053348194487,thread,1,trace_writer,83,2950000000,13300000000,2,515
7350053348194487,thread,1,latency_writer,84,2960000000,13210000000,0,107724
7350053448569423,process,-1,process,78,31010000000,99800000000,16135,2
7350053448569423,thread,-1,producer,78,10000000,90000000,16135,2
7350053448569423,thread,-1,sampler,87,20000000,30000000,163,2
7350053448569423,thread,0,account_worker,85,6520000000,9750000000,2,96106
7350053448569423,thread,0,trader_callback,79,2870000000,13510000000,0,207
7350053448569423,thread,0,trace_writer,80,3170000000,13190000000,0,233
7350053448569423,thread,0,latency_writer,81,3000000000,13370000000,0,141
7350053448569423,thread,1,account_worker,86,6400000000,9810000000,3,203604
7350053448569423,thread,1,trader_callback,82,3040000000,13330000000,0,121
7350053448569423,thread,1,trace_writer,83,2950000000,13390000000,2,515
7350053448569423,thread,1,latency_writer,84,2970000000,13300000000,0,107725
7350053548945298,process,-1,process,78,31220000000,100400000000,16235,2
7350053548945298,thread,-1,producer,78,10000000,90000000,16235,2
7350053548945298,thread,-1,sampler,87,20000000,30000000,164,2
7350053548945298,thread,0,account_worker,85,6550000000,9820000000,2,96106
7350053548945298,thread,0,trader_callback,79,2890000000,13590000000,0,208
7350053548945298,thread,0,trace_writer,80,3190000000,13270000000,0,236
7350053548945298,thread,0,latency_writer,81,3030000000,13440000000,0,141
7350053548945298,thread,1,account_worker,86,6460000000,9860000000,3,203607
7350053548945298,thread,1,trader_callback,82,3050000000,13410000000,0,121
7350053548945298,thread,1,trace_writer,83,2960000000,13490000000,2,515
7350053548945298,thread,1,latency_writer,84,3000000000,13370000000,0,107726
7350053649297470,process,-1,process,78,31380000000,101030000000,16336,2
7350053649297470,thread,-1,producer,78,10000000,90000000,16336,2
7350053649297470,thread,-1,sampler,87,20000000,30000000,165,2
7350053649297470,thread,0,account_worker,85,6590000000,9880000000,2,96107
7350053649297470,thread,0,trader_callback,79,2910000000,13670000000,0,210
7350053649297470,thread,0,trace_writer,80,3200000000,13360000000,0,240
7350053649297470,thread,0,latency_writer,81,3050000000,13520000000,0,141
7350053649297470,thread,1,account_worker,86,6500000000,9910000000,3,203610
7350053649297470,thread,1,trader_callback,82,3050000000,13510000000,0,122
7350053649297470,thread,1,trace_writer,83,2970000000,13570000000,2,516
7350053649297470,thread,1,latency_writer,84,3020000000,13450000000,0,107726
7350053749627461,process,-1,process,78,31560000000,101660000000,16436,2
7350053749627461,thread,-1,producer,78,10000000,90000000,16436,2
7350053749627461,thread,-1,sampler,87,20000000,30000000,166,2
7350053749627461,thread,0,account_worker,85,6630000000,9950000000,2,96107
7350053749627461,thread,0,trader_callback,79,2940000000,13740000000,0,210
7350053749627461,thread,0,trace_writer,80,3210000000,13450000000,0,243
7350053749627461,thread,0,latency_writer,81,3070000000,13600000000,0,141
7350053749627461,thread,1,account_worker,86,6540000000,9970000000,3,203613
7350053749627461,thread,1,trader_callback,82,3070000000,13590000000,0,122
7350053749627461,thread,1,trace_writer,83,2990000000,13660000000,2,517
7350053749627461,thread,1,latency_writer,84,3030000000,13540000000,0,107727
7350053849998713,process,-1,process,78,31790000000,102240000000,16526,2
7350053849998713,thread,-1,producer,78,10000000,90000000,16526,2
7350053849998713,thread,-1,sampler,87,20000000,30000000,167,2
7350053849998713,thread,0,account_worker,85,6680000000,10000000000,2,96107
7350053849998713,thread,0,trader_callback,79,2970000000,13810000000,0,210
7350053849998713,thread,0,trace_writer,80,3220000000,13550000000,0,243
7350053849998713,thread,0,latency_writer,81,3090000000,13680000000,0,141
7350053849998713,thread,1,account_worker,86,6590000000,10020000000,3,203616
7350053849998713,thread,1,trader_callback,82,3100000000,13670000000,0,122
7350053849998713,thread,1,trace_writer,83,3010000000,13740000000,2,517
7350053849998713,thread,1,latency_writer,84,3050000000,13620000000,0,107729
7350053950372415,process,-1,process,78,31960000000,102870000000,16627,2
7350053950372415,thread,-1,producer,78,10000000,90000000,16627,2
7350053950372415,thread,-1,sampler,87,20000000,30000000,168,2
7350053950372415,thread,0,account_worker,85,6710000000,10060000000,2,96108
7350053950372415,thread,0,trader_callback,79,2990000000,13890000000,0,210
7350053950372415,thread,0,trace_writer,80,3230000000,13630000000,0,243
7350053950372415,thread,0,latency_writer,81,3100000000,13770000000,0,142
7350053950372415,thread,1,account_worker,86,6620000000,10090000000,3,203616
7350053950372415,thread,1,trader_callback,82,3130000000,13740000000,0,122
7350053950372415,thread,1,trace_writer,83,3030000000,13810000000,2,517
7350053950372415,thread,1,latency_writer,84,3050000000,13710000000,0,107729
7350054050765179,process,-1,process,78,32150000000,103480000000,16727,2
7350054050765179,thread,-1,producer,78,10000000,90000000,16727,2
7350054050765179,thread,-1,sampler,87,20000000,30000000,169,2
7350054050765179,thread,0,account_worker,85,6770000000,10110000000,2,96111
7350054050765179,thread,0,trader_callback,79,3000000000,13980000000,0,212
7350054050765179,thread,0,trace_writer,80,3250000000,13720000000,0,244
7350054050765179,thread,0,latency_writer,81,3130000000,13840000000,0,143
7350054050765179,thread,1,account_worker,86,6670000000,10150000000,3,203620
7350054050765179,thread,1,trader_callback,82,3130000000,13840000000,0,122
7350054050765179,thread,1,trace_writer,83,3050000000,13900000000,2,518
7350054050765179,thread,1,latency_writer,84,3080000000,13790000000,0,107730
7350054151165125,process,-1,process,78,32300000000,104130000000,16827,2
7350054151165125,thread,-1,producer,78,10000000,90000000,16827,2
7350054151165125,thread,-1,sampler,87,20000000,30000000,170,2
7350054151165125,thread,0,account_worker,85,6800000000,10170000000,2,96114
7350054151165125,thread,0,trader_callback,79,3010000000,14070000000,0,212
7350054151165125,thread,0,trace_writer,80,3260000000,13800000000,0,245
7350054151165125,thread,0,latency_writer,81,3130000000,13940000000,0,143
7350054151165125,thread,1,account_worker,86,6710000000,10210000000,3,203620
7350054151165125,thread,1,trader_callback,82,3140000000,13930000000,0,123
7350054151165125,thread,1,trace_writer,83,3080000000,13970000000,2,518
7350054151165125,thread,1,latency_writer,84,3090000000,13880000000,0,107731
7350054251526605,process,-1,process,78,32490000000,104740000000,16928,2
7350054251526605,thread,-1,producer,78,10000000,90000000,16928,2
7350054251526605,thread,-1,sampler,87,20000000,30000000,171,2
7350054251526605,thread,0,account_worker,85,6820000000,10250000000,2,96115
7350054251526605,thread,0,trader_callback,79,3030000000,14150000000,0,212
7350054251526605,thread,0,trace_writer,80,3280000000,13890000000,0,245
7350054251526605,thread,0,latency_writer,81,3160000000,14010000000,0,143
7350054251526605,thread,1,account_worker,86,6760000000,10260000000,3,203623
7350054251526605,thread,1,trader_callback,82,3160000000,14010000000,0,123
7350054251526605,thread,1,trace_writer,83,3100000000,14060000000,2,518
7350054251526605,thread,1,latency_writer,84,3110000000,13960000000,0,107731
7350054351876217,process,-1,process,78,32660000000,105380000000,17028,2
7350054351876217,thread,-1,producer,78,10000000,90000000,17028,2
7350054351876217,thread,-1,sampler,87,20000000,30000000,172,2
7350054351876217,thread,0,account_worker,85,6870000000,10310000000,2,96117
7350054351876217,thread,0,trader_callback,79,3040000000,14240000000,0,215
7350054351876217,thread,0,trace_writer,80,3290000000,13980000000,0,245
7350054351876217,thread,0,latency_writer,81,3170000000,14100000000,0,143
7350054351876217,thread,1,account_worker,86,6790000000,10330000000,3,203623
7350054351876217,thread,1,trader_callback,82,3170000000,14100000000,0,123
7350054351876217,thread,1,trace_writer,83,3100000000,14150000000,2,518
7350054351876217,thread,1,latency_writer,84,3130000000,14040000000,0,107732
7350054452267678,process,-1,process,78,32840000000,106000000000,17128,2
7350054452267678,thread,-1,producer,78,10000000,90000000,17129,2
7350054452267678,thread,-1,sampler,87,20000000,30000000,173,2
7350054452267678,thread,0,account_worker,85,6910000000,10370000000,2,96118
7350054452267678,thread,0,trader_callback,79,3060000000,14320000000,0,216
7350054452267678,thread,0,trace_writer,80,3320000000,14050000000,0,245
7350054452267678,thread,0,latency_writer,81,3190000000,14180000000,0,143
7350054452267678,thread,1,account_worker,86,6820000000,10390000000,3,203623
7350054452267678,thread,1,trader_callback,82,3190000000,14180000000,0,124
7350054452267678,thread,1,trace_writer,83,3120000000,14230000000,2,519
7350054452267678,thread,1,latency_writer,84,3150000000,14120000000,0,107737
7350054552644951,process,-1,process,78,33060000000,106590000000,17229,2
7350054552644951,thread,-1,producer,78,10000000,90000000,17229,2
7350054552644951,thread,-1,sampler,87,20000000,30000000,174,2
7350054552644951,thread,0,account_worker,85,6950000000,10430000000,2,96123
7350054552644951,thread,0,trader_callback,79,3080000000,14400000000,0,217
7350054552644951,thread,0,trace_writer,80,3340000000,14130000000,0,245
7350054552644951,thread,0,latency_writer,81,3210000000,14260000000,0,143
7350054552644951,thread,1,account_worker,86,6860000000,10450000000,3,203626
7350054552644951,thread,1,trader_callback,82,3220000000,14250000000,0,124
7350054552644951,thread,1,trace_writer,83,3140000000,14310000000,2,519
7350054552644951,thread,1,latency_writer,84,3170000000,14190000000,0,107738
7350054653010818,process,-1,process,78,33230000000,107220000000,17329,2
7350054653010818,thread,-1,producer,78,10000000,90000000,17329,2
7350054653010818,thread,-1,sampler,87,20000000,30000000,175,2
7350054653010818,thread,0,account_worker,85,6990000000,10490000000,2,96128
7350054653010818,thread,0,trader_callback,79,3100000000,14490000000,0,217
7350054653010818,thread,0,trace_writer,80,3360000000,14210000000,0,248
7350054653010818,thread,0,latency_writer,81,3220000000,14350000000,0,143
7350054653010818,thread,1,account_worker,86,6910000000,10510000000,3,203629
7350054653010818,thread,1,trader_callback,82,3240000000,14330000000,0,124
7350054653010818,thread,1,trace_writer,83,3150000000,14400000000,2,522
7350054653010818,thread,1,latency_writer,84,3190000000,14280000000,0,107741
7350054753343787,process,-1,process,78,33420000000,107830000000,17430,2
7350054753343787,thread,-1,producer,78,10000000,90000000,17430,2
7350054753343787,thread,-1,sampler,87,20000000,30000000,176,2
7350054753343787,thread,0,account_worker,85,7030000000,10550000000,2,96131
7350054753343787,thread,0,trader_callback,79,3130000000,14560000000,0,218
7350054753343787,thread,0,trace_writer,80,3370000000,14290000000,0,251
7350054753343787,thread,0,latency_writer,81,3230000000,14440000000,0,143
7350054753343787,thread,1,account_worker,86,6940000000,10570000000,3,203632
7350054753343787,thread,1,trader_callback,82,3260000000,14410000000,0,125
7350054753343787,thread,1,trace_writer,83,3170000000,14490000000,2,528
7350054753343787,thread,1,latency_writer,84,3210000000,14360000000,0,107741
7350054853729974,process,-1,process,78,33640000000,108420000000,17530,2
7350054853729974,thread,-1,producer,78,10000000,90000000,17530,2
7350054853729974,thread,-1,sampler,87,20000000,30000000,177,2
7350054853729974,thread,0,account_worker,85,7060000000,10620000000,2,96132
7350054853729974,thread,0,trader_callback,79,3140000000,14650000000,0,220
7350054853729974,thread,0,trace_writer,80,3400000000,14370000000,0,254
7350054853729974,thread,0,latency_writer,81,3250000000,14520000000,0,143
7350054853729974,thread,1,account_worker,86,6990000000,10630000000,3,203636
7350054853729974,thread,1,trader_callback,82,3280000000,14490000000,0,125
7350054853729974,thread,1,trace_writer,83,3200000000,14550000000,2,534
7350054853729974,thread,1,latency_writer,84,3250000000,14420000000,0,107742
7350054954150288,process,-1,process,78,33830000000,109020000000,17630,2
7350054954150288,thread,-1,producer,78,10000000,90000000,17630,2
7350054954150288,thread,-1,sampler,87,20000000,30000000,178,2
7350054954150288,thread,0,account_worker,85,7100000000,10680000000,2,96133
7350054954150288,thread,0,trader_callback,79,3150000000,14730000000,0,221
7350054954150288,thread,0,trace_writer,80,3410000000,14460000000,0,254
7350054954150288,thread,0,latency_writer,81,3280000000,14590000000,0,143
7350054954150288,thread,1,account_worker,86,7020000000,10700000000,3,203639
7350054954150288,thread,1,trader_callback,82,3310000000,14560000000,0,125
7350054954150288,thread,1,trace_writer,83,3210000000,14640000000,2,537
7350054954150288,thread,1,latency_writer,84,3270000000,14500000000,0,107742
7350055054525539,process,-1,process,78,34010000000,109650000000,17731,2
7350055054525539,thread,-1,producer,78,10000000,90000000,17731,2
7350055054525539,thread,-1,sampler,87,20000000,30000000,179,2
7350055054525539,thread,0,account_worker,85,7130000000,10750000000,2,96141
7350055054525539,thread,0,trader_callback,79,3160000000,14820000000,0,223
7350055054525539,thread,0,trace_writer,80,3430000000,14540000000,0,255
7350055054525539,thread,0,latency_writer,81,3300000000,14670000000,0,144
7350055054525539,thread,1,account_worker,86,7060000000,10760000000,3,203640
7350055054525539,thread,1,trader_callback,82,3320000000,14650000000,0,126
7350055054525539,thread,1,trace_writer,83,3240000000,14710000000,2,543
7350055054525539,thread,1,latency_writer,84,3290000000,14580000000,0,107744
7350055154889558,process,-1,process,78,34170000000,110300000000,17831,2
7350055154889558,thread,-1,producer,78,10000000,90000000,17831,2
7350055154889558,thread,-1,sampler,87,20000000,30000000,180,2
7350055154889558,thread,0,account_worker,85,7160000000,10820000000,2,96145
7350055154889558,thread,0,trader_callback,79,3170000000,14920000000,0,224
7350055154889558,thread,0,trace_writer,80,3460000000,14620000000,0,258
7350055154889558,thread,0,latency_writer,81,3320000000,14750000000,0,144
7350055154889558,thread,1,account_worker,86,7100000000,10820000000,3,203640
7350055154889558,thread,1,trader_callback,82,3330000000,14740000000,0,127
7350055154889558,thread,1,trace_writer,83,3250000000,14810000000,2,544
7350055154889558,thread,1,latency_writer,84,3300000000,14670000000,0,107747
7350055255255394,process,-1,process,78,34340000000,110920000000,17931,2
7350055255255394,thread,-1,producer,78,10000000,90000000,17932,2
7350055255255394,thread,-1,sampler,87,20000000,30000000,181,2
7350055255255394,thread,0,account_worker,85,7200000000,10880000000,2,96145
7350055255255394,thread,0,trader_callback,79,3190000000,15000000000,0,226
7350055255255394,thread,0,trace_writer,80,3480000000,14690000000,0,258
7350055255255394,thread,0,latency_writer,81,3330000000,14840000000,0,144
7350055255255394,thread,1,account_worker,86,7140000000,10880000000,3,203646
7350055255255394,thread,1,trader_callback,82,3330000000,14840000000,0,127
7350055255255394,thread,1,trace_writer,83,3270000000,14890000000,2,547
7350055255255394,thread,1,latency_writer,84,3320000000,14750000000,0,107747
7350055355636410,process,-1,process,78,34570000000,111500000000,18032,2
7350055355636410,thread,-1,producer,78,10000000,90000000,18032,2
7350055355636410,thread,-1,sampler,87,20000000,30000000,182,2
7350055355636410,thread,0,account_worker,85,7240000000,10940000000,2,96145
7350055355636410,thread,0,trader_callback,79,3210000000,15080000000,0,227
7350055355636410,thread,0,trace_writer,80,3500000000,14770000000,0,258
7350055355636410,thread,0,latency_writer,81,3370000000,14910000000,0,144
7350055355636410,thread,1,account_worker,86,7190000000,10930000000,3,203652
7350055355636410,thread,1,trader_callback,82,3360000000,14910000000,0,127
7350055355636410,thread,1,trace_writer,83,3280000000,14970000000,2,551
7350055355636410,thread,1,latency_writer,84,3340000000,14830000000,0,107748
7350055456010946,process,-1,process,78,34770000000,112110000000,18124,2
7350055456010946,thread,-1,producer,78,10000000,100000000,18124,2
7350055456010946,thread,-1,sampler,87,20000000,30000000,183,2
7350055456010946,thread,0,account_worker,85,7270000000,11010000000,2,96145
7350055456010946,thread,0,trader_callback,79,3250000000,15140000000,0,228
7350055456010946,thread,0,trace_writer,80,3520000000,14850000000,0,259
7350055456010946,thread,0,latency_writer,81,3380000000,14990000000,0,144
7350055456010946,thread,1,account_worker,86,7240000000,10980000000,3,203653
7350055456010946,thread,1,trader_callback,82,3380000000,15000000000,0,127
7350055456010946,thread,1,trace_writer,83,3290000000,15060000000,2,555
7350055456010946,thread,1,latency_writer,84,3360000000,14910000000,0,107749
7350055556407692,process,-1,process,78,34960000000,112720000000,18225,2
7350055556407692,thread,-1,producer,78,10000000,100000000,18225,2
7350055556407692,thread,-1,sampler,87,20000000,30000000,184,2
7350055556407692,thread,0,account_worker,85,7300000000,11080000000,2,96145
7350055556407692,thread,0,trader_callback,79,3270000000,15220000000,0,230
7350055556407692,thread,0,trace_writer,80,3530000000,14940000000,0,260
7350055556407692,thread,0,latency_writer,81,3410000000,15060000000,0,145
7350055556407692,thread,1,account_worker,86,7280000000,11040000000,3,203653
7350055556407692,thread,1,trader_callback,82,3390000000,15080000000,0,127
7350055556407692,thread,1,trace_writer,83,3300000000,15160000000,2,559
7350055556407692,thread,1,latency_writer,84,3390000000,14980000000,0,107750
7350055656776754,process,-1,process,78,35170000000,113310000000,18325,2
7350055656776754,thread,-1,producer,78,10000000,100000000,18325,2
7350055656776754,thread,-1,sampler,87,20000000,30000000,185,2
7350055656776754,thread,0,account_worker,85,7330000000,11140000000,2,96146
7350055656776754,thread,0,trader_callback,79,3310000000,15280000000,0,232
7350055656776754,thread,0,trace_writer,80,3550000000,15030000000,0,261
7350055656776754,thread,0,latency_writer,81,3430000000,15150000000,0,145
7350055656776754,thread,1,account_worker,86,7340000000,11080000000,3,203656
7350055656776754,thread,1,trader_callback,82,3410000000,15170000000,0,128
7350055656776754,thread,1,trace_writer,83,3320000000,15240000000,2,559
7350055656776754,thread,1,latency_writer,84,3400000000,15070000000,0,107751
7350055757174357,process,-1,process,78,35320000000,113960000000,18422,2
7350055757174357,thread,-1,producer,78,10000000,100000000,18422,2
7350055757174357,thread,-1,sampler,87,20000000,30000000,186,2
7350055757174357,thread,0,account_worker,85,7370000000,11210000000,2,96146
7350055757174357,thread,0,trader_callback,79,3310000000,15370000000,0,233
7350055757174357,thread,0,trace_writer,80,3560000000,15110000000,0,261
7350055757174357,thread,0,latency_writer,81,3450000000,15230000000,0,145
7350055757174357,thread,1,account_worker,86,7370000000,11150000000,3,203659
7350055757174357,thread,1,trader_callback,82,3430000000,15250000000,0,128
7350055757174357,thread,1,trace_writer,83,3340000000,15310000000,2,565
7350055757174357,thread,1,latency_writer,84,3410000000,15160000000,0,107751
7350055857562044,process,-1,process,78,35530000000,114560000000,18523,2
7350055857562044,thread,-1,producer,78,10000000,100000000,18523,2
7350055857562044,thread,-1,sampler,87,20000000,30000000,187,2
7350055857562044,thread,0,account_worker,85,7420000000,11270000000,2,96146
7350055857562044,thread,0,trader_callback,79,3330000000,15450000000,0,233
7350055857562044,thread,0,trace_writer,80,3570000000,15200000000,0,264
7350055857562044,thread,0,latency_writer,81,3460000000,15310000000,0,145
7350055857562044,thread,1,account_worker,86,7420000000,11200000000,3,203659
7350055857562044,thread,1,trader_callback,82,3450000000,15320000000,0,128
7350055857562044,thread,1,trace_writer,83,3350000000,15410000000,2,569
7350055857562044,thread,1,latency_writer,84,3430000000,15240000000,0,107753
7350055957928178,process,-1,process,78,35710000000,115180000000,18623,2
7350055957928178,thread,-1,producer,78,10000000,100000000,18623,2
7350055957928178,thread,-1,sampler,87,20000000,30000000,188,2
7350055957928178,thread,0,account_worker,85,7450000000,11330000000,2,96147
7350055957928178,thread,0,trader_callback,79,3350000000,15530000000,0,233
7350055957928178,thread,0,trace_writer,80,3600000000,15270000000,0,264
7350055957928178,thread,0,latency_writer,81,3470000000,15400000000,0,146
7350055957928178,thread,1,account_worker,86,7470000000,11250000000,3,203663
7350055957928178,thread,1,trader_callback,82,3460000000,15410000000,0,128
7350055957928178,thread,1,trace_writer,83,3370000000,15480000000,2,572
7350055957928178,thread,1,latency_writer,84,3450000000,15320000000,0,107753
7350056058292270,process,-1,process,78,35880000000,115820000000,18724,2
7350056058292270,thread,-1,producer,78,10000000,100000000,18724,2
7350056058292270,thread,-1,sampler,87,20000000,30000000,189,2
7350056058292270,thread,0,account_worker,85,7500000000,11380000000,2,96148
7350056058292270,thread,0,trader_callback,79,3370000000,15620000000,0,234
7350056058292270,thread,0,trace_writer,80,3610000000,15370000000,0,265
7350056058292270,thread,0,latency_writer,81,3490000000,15490000000,0,148
7350056058292270,thread,1,account_worker,86,7500000000,11320000000,3,203668
7350056058292270,thread,1,trader_callback,82,3480000000,15490000000,0,128
7350056058292270,thread,1,trace_writer,83,3380000000,15580000000,2,576
7350056058292270,thread,1,latency_writer,84,3470000000,15410000000,0,107754
7350056158651794,process,-1,process,78,36080000000,116420000000,18824,2
7350056158651794,thread,-1,producer,78,10000000,100000000,18824,2
7350056158651794,thread,-1,sampler,87,30000000,30000000,190,2
7350056158651794,thread,0,account_worker,85,7560000000,11430000000,2,96148
7350056158651794,thread,0,trader_callback,79,3400000000,15690000000,0,235
7350056158651794,thread,0,trace_writer,80,3640000000,15430000000,0,269
7350056158651794,thread,0,latency_writer,81,3490000000,15580000000,0,149
7350056158651794,thread,1,account_worker,86,7530000000,11390000000,3,203671
7350056158651794,thread,1,trader_callback,82,3500000000,15570000000,0,128
7350056158651794,thread,1,trace_writer,83,3390000000,15660000000,2,576
7350056158651794,thread,1,latency_writer,84,3480000000,15490000000,0,107756
7350056259004815,process,-1,process,78,36220000000,117090000000,18924,2
7350056259004815,thread,-1,producer,78,10000000,100000000,18924,2
7350056259004815,thread,-1,sampler,87,30000000,30000000,191,2
7350056259004815,thread,0,account_worker,85,7580000000,11500000000,2,96148
7350056259004815,thread,0,trader_callback,79,3420000000,15770000000,0,236
7350056259004815,thread,0,trace_writer,80,3660000000,15520000000,0,269
7350056259004815,thread,0,latency_writer,81,3500000000,15670000000,0,149
7350056259004815,thread,1,account_worker,86,7570000000,11450000000,3,203674
7350056259004815,thread,1,trader_callback,82,3510000000,15660000000,0,128
7350056259004815,thread,1,trace_writer,83,3400000000,15760000000,2,579
7350056259004815,thread,1,latency_writer,84,3490000000,15590000000,0,107756
7350056359355493,process,-1,process,78,36440000000,117670000000,19025,2
7350056359355493,thread,-1,producer,78,10000000,100000000,19025,2
7350056359355493,thread,-1,sampler,87,30000000,30000000,192,2
7350056359355493,thread,0,account_worker,85,7630000000,11550000000,2,96148
7350056359355493,thread,0,trader_callback,79,3440000000,15850000000,0,237
7350056359355493,thread,0,trace_writer,80,3690000000,15580000000,0,269
7350056359355493,thread,0,latency_writer,81,3530000000,15750000000,0,149
7350056359355493,thread,1,account_worker,86,7600000000,11530000000,3,203677
7350056359355493,thread,1,trader_callback,82,3550000000,15730000000,0,128
7350056359355493,thread,1,trace_writer,83,3400000000,15850000000,2,582
7350056359355493,thread,1,latency_writer,84,3510000000,15660000000,0,107757
7350056460018391,process,-1,process,78,36670000000,118240000000,19125,2
7350056460018391,thread,-1,producer,78,10000000,100000000,19125,2
7350056460018391,thread,-1,sampler,87,30000000,30000000,193,2
7350056460018391,thread,0,account_worker,85,7680000000,11600000000,2,96148
7350056460018391,thread,0,trader_callback,79,3460000000,15930000000,0,238
7350056460018391,thread,0,trace_writer,80,3730000000,15650000000,0,269
7350056460018391,thread,0,latency_writer,81,3540000000,15840000000,0,149
7350056460018391,thread,1,account_worker,86,7650000000,11580000000,3,203677
7350056460018391,thread,1,trader_callback,82,3580000000,15800000000,0,128
7350056460018391,thread,1,trace_writer,83,3420000000,15940000000,2,582
7350056460018391,thread,1,latency_writer,84,3530000000,15740000000,0,107758
7350056560410019,process,-1,process,78,36870000000,118850000000,19226,2
7350056560410019,thread,-1,producer,78,10000000,100000000,19226,2
7350056560410019,thread,-1,sampler,87,30000000,30000000,194,2
7350056560410019,thread,0,account_worker,85,7740000000,11640000000,2,96148
7350056560410019,thread,0,trader_callback,79,3470000000,16020000000,0,239
7350056560410019,thread,0,trace_writer,80,3730000000,15740000000,0,272
7350056560410019,thread,0,latency_writer,81,3560000000,15920000000,0,149
7350056560410019,thread,1,account_worker,86,7690000000,11630000000,3,203680
7350056560410019,thread,1,trader_callback,82,3600000000,15880000000,0,129
7350056560410019,thread,1,trace_writer,83,3440000000,16020000000,2,585
7350056560410019,thread,1,latency_writer,84,3550000000,15820000000,0,107760
7350056660740702,process,-1,process,78,37020000000,119500000000,19326,2
7350056660740702,thread,-1,producer,78,10000000,100000000,19326,2
7350056660740702,thread,-1,sampler,87,30000000,30000000,195,2
7350056660740702,thread,0,account_worker,85,7770000000,11720000000,2,96148
7350056660740702,thread,0,trader_callback,79,3500000000,16090000000,0,240
7350056660740702,thread,0,trace_writer,80,3750000000,15830000000,0,272
7350056660740702,thread,0,latency_writer,81,3570000000,16010000000,0,149
7350056660740702,thread,1,account_worker,86,7710000000,11710000000,3,203683
7350056660740702,thread,1,trader_callback,82,3620000000,15960000000,0,129
7350056660740702,thread,1,trace_writer,83,3450000000,16110000000,2,585
7350056660740702,thread,1,latency_writer,84,3570000000,15900000000,0,107762
7350056761106908,process,-1,process,78,37190000000,120130000000,19426,2
7350056761106908,thread,-1,producer,78,10000000,100000000,19426,2
7350056761106908,thread,-1,sampler,87,30000000,30000000,196,2
7350056761106908,thread,0,account_worker,85,7800000000,11780000000,2,96149
7350056761106908,thread,0,trader_callback,79,3530000000,16160000000,0,242
7350056761106908,thread,0,trace_writer,80,3750000000,15930000000,0,272
7350056761106908,thread,0,latency_writer,81,3590000000,16090000000,0,149
7350056761106908,thread,1,account_worker,86,7750000000,11770000000,3,203692
7350056761106908,thread,1,trader_callback,82,3630000000,16050000000,0,130
7350056761106908,thread,1,trace_writer,83,3460000000,16200000000,2,588
7350056761106908,thread,1,latency_writer,84,3590000000,15990000000,0,107763
7350056861445577,process,-1,process,78,37350000000,120780000000,19527,2
7350056861445577,thread,-1,producer,78,10000000,100000000,19527,2
7350056861445577,thread,-1,sampler,87,30000000,30000000,197,2
7350056861445577,thread,0,account_worker,85,7830000000,11860000000,2,96159
7350056861445577,thread,0,trader_callback,79,3550000000,16240000000,0,253
7350056861445577,thread,0,trace_writer,80,3770000000,16010000000,0,282
7350056861445577,thread,0,latency_writer,81,3610000000,16170000000,0,159
7350056861445577,thread,1,account_worker,86,7770000000,11860000000,3,203709
7350056861445577,thread,1,trader_callback,82,3670000000,16110000000,0,140
7350056861445577,thread,1,trace_writer,83,3480000000,16280000000,2,601
7350056861445577,thread,1,latency_writer,84,3600000000,16080000000,0,107773
7350056961768709,process,-1,process,78,37550000000,121380000000,19627,2
7350056961768709,thread,-1,producer,78,10000000,100000000,19627,2
7350056961768709,thread,-1,sampler,87,30000000,30000000,198,2
7350056961768709,thread,0,account_worker,85,7880000000,11900000000,2,96159
7350056961768709,thread,0,trader_callback,79,3550000000,16340000000,0,255
7350056961768709,thread,0,trace_writer,80,3800000000,16080000000,0,285
7350056961768709,thread,0,latency_writer,81,3620000000,16260000000,0,159
7350056961768709,thread,1,account_worker,86,7800000000,11930000000,3,203709
7350056961768709,thread,1,trader_callback,82,3690000000,16190000000,0,141
7350056961768709,thread,1,trace_writer,83,3500000000,16360000000,2,601
7350056961768709,thread,1,latency_writer,84,3620000000,16160000000,0,107774
7350057062131251,process,-1,process,78,37750000000,121980000000,19727,2
7350057062131251,thread,-1,producer,78,10000000,100000000,19727,2
7350057062131251,thread,-1,sampler,87,30000000,30000000,199,2
7350057062131251,thread,0,account_worker,85,7930000000,11950000000,2,96160
7350057062131251,thread,0,trader_callback,79,3580000000,16410000000,0,257
7350057062131251,thread,0,trace_writer,80,3820000000,16160000000,0,286
7350057062131251,thread,0,latency_writer,81,3630000000,16350000000,0,160
7350057062131251,thread,1,account_worker,86,7840000000,11990000000,3,203713
7350057062131251,thread,1,trader_callback,82,3700000000,16280000000,0,142
7350057062131251,thread,1,trace_writer,83,3520000000,16440000000,2,602
7350057062131251,thread,1,latency_writer,84,3640000000,16240000000,0,107775
7350057164306516,process,-1,process,78,37950000000,122600000000,19827,2
7350057164306516,thread,-1,producer,78,10000000,100000000,19827,2
7350057164306516,thread,-1,sampler,87,30000000,30000000,200,2
7350057164306516,thread,0,account_worker,85,7980000000,12010000000,2,96160
7350057164306516,thread,0,trader_callback,79,3610000000,16480000000,0,259
7350057164306516,thread,0,trace_writer,80,3840000000,16240000000,0,292
7350057164306516,thread,0,latency_writer,81,3640000000,16440000000,0,160
7350057164306516,thread,1,account_worker,86,7870000000,12060000000,3,203713
7350057164306516,thread,1,trader_callback,82,3730000000,16360000000,0,142
7350057164306516,thread,1,trace_writer,83,3540000000,16520000000,2,602
7350057164306516,thread,1,latency_writer,84,3660000000,16320000000,0,107776
7350057265264490,process,-1,process,78,38150000000,123210000000,19929,2
7350057265264490,thread,-1,producer,78,10000000,100000000,19929,2
7350057265264490,thread,-1,sampler,87,30000000,30000000,201,2
7350057265264490,thread,0,account_worker,85,8020000000,12070000000,2,96160
7350057265264490,thread,0,trader_callback,79,3620000000,16570000000,0,261
7350057265264490,thread,0,trace_writer,80,3870000000,16310000000,0,292
7350057265264490,thread,0,latency_writer,81,3670000000,16520000000,0,160
7350057265264490,thread,1,account_worker,86,7910000000,12120000000,3,203716
7350057265264490,thread,1,trader_callback,82,3730000000,16450000000,0,142
7350057265264490,thread,1,trace_writer,83,3560000000,16600000000,2,603
7350057265264490,thread,1,latency_writer,84,3690000000,16390000000,0,107777
7350057365628182,process,-1,process,78,38290000000,123880000000,20029,2
7350057365628182,thread,-1,producer,78,10000000,100000000,20029,2
7350057365628182,thread,-1,sampler,87,30000000,30000000,202,2
7350057365628182,thread,0,account_worker,85,8050000000,12140000000,2,96160
7350057365628182,thread,0,trader_callback,79,3640000000,16660000000,0,263
7350057365628182,thread,0,trace_writer,80,3880000000,16400000000,0,295
7350057365628182,thread,0,latency_writer,81,3690000000,16600000000,0,160
7350057365628182,thread,1,account_worker,86,7940000000,12190000000,3,203722
7350057365628182,thread,1,trader_callback,82,3740000000,16550000000,0,142
7350057365628182,thread,1,trace_writer,83,3570000000,16690000000,2,603
7350057365628182,thread,1,latency_writer,84,3710000000,16470000000,0,107781
7350057465999847,process,-1,process,78,38490000000,124480000000,20129,2
7350057465999847,thread,-1,producer,78,10000000,100000000,20129,2
7350057465999847,thread,-1,sampler,87,30000000,30000000,203,2
7350057465999847,thread,0,account_worker,85,8090000000,12200000000,2,96160
7350057465999847,thread,0,trader_callback,79,3650000000,16740000000,0,264
7350057465999847,thread,0,trace_writer,80,3900000000,16480000000,0,299
7350057465999847,thread,0,latency_writer,81,3710000000,16670000000,0,160
7350057465999847,thread,1,account_worker,86,7970000000,12260000000,3,203726
7350057465999847,thread,1,trader_callback,82,3770000000,16620000000,0,142
7350057465999847,thread,1,trace_writer,83,3600000000,16760000000,2,604
7350057465999847,thread,1,latency_writer,84,3710000000,16570000000,0,107785
7350057566410391,process,-1,process,78,38690000000,125080000000,20230,2
7350057566410391,thread,-1,producer,78,10000000,100000000,20230,2
7350057566410391,thread,-1,sampler,87,30000000,30000000,204,2
7350057566410391,thread,0,account_worker,85,8120000000,12270000000,2,96160
7350057566410391,thread,0,trader_callback,79,3670000000,16820000000,0,266
7350057566410391,thread,0,trace_writer,80,3920000000,16560000000,0,300
7350057566410391,thread,0,latency_writer,81,3730000000,16750000000,0,160
7350057566410391,thread,1,account_worker,86,8010000000,12320000000,3,203726
7350057566410391,thread,1,trader_callback,82,3790000000,16690000000,0,142
7350057566410391,thread,1,trace_writer,83,3620000000,16840000000,2,604
7350057566410391,thread,1,latency_writer,84,3740000000,16640000000,0,107786
7350057666775103,process,-1,process,78,38850000000,125720000000,20330,2
7350057666775103,thread,-1,producer,78,10000000,100000000,20330,2
7350057666775103,thread,-1,sampler,87,30000000,30000000,205,2
7350057666775103,thread,0,account_worker,85,8170000000,12320000000,2,96161
7350057666775103,thread,0,trader_callback,79,3670000000,16920000000,0,267
7350057666775103,thread,0,trace_writer,80,3930000000,16650000000,0,300
7350057666775103,thread,0,latency_writer,81,3740000000,16850000000,0,160
7350057666775103,thread,1,account_worker,86,8030000000,12400000000,3,203726
7350057666775103,thread,1,trader_callback,82,3820000000,16760000000,0,143
7350057666775103,thread,1,trace_writer,83,3630000000,16930000000,2,604
7350057666775103,thread,1,latency_writer,84,3760000000,16720000000,0,107786
7350057767163997,process,-1,process,78,39050000000,126330000000,20430,2
7350057767163997,thread,-1,producer,78,10000000,100000000,20430,2
7350057767163997,thread,-1,sampler,87,30000000,30000000,206,2
7350057767163997,thread,0,account_worker,85,8210000000,12380000000,2,96161
7350057767163997,thread,0,trader_callback,79,3690000000,17010000000,0,268
7350057767163997,thread,0,trace_writer,80,3960000000,16720000000,0,303
7350057767163997,thread,0,latency_writer,81,3760000000,16920000000,0,160
7350057767163997,thread,1,account_worker,86,8060000000,12470000000,3,203732
7350057767163997,thread,1,trader_callback,82,3850000000,16840000000,0,143
7350057767163997,thread,1,trace_writer,83,3640000000,17020000000,2,607
7350057767163997,thread,1,latency_writer,84,3790000000,16790000000,0,107786
7350057867555568,process,-1,process,78,39240000000,126940000000,20531,2
7350057867555568,thread,-1,producer,78,10000000,100000000,20531,2
7350057867555568,thread,-1,sampler,87,30000000,30000000,207,2
7350057867555568,thread,0,account_worker,85,8260000000,12430000000,2,96161
7350057867555568,thread,0,trader_callback,79,3700000000,17090000000,0,271
7350057867555568,thread,0,trace_writer,80,3990000000,16800000000,0,303
7350057867555568,thread,0,latency_writer,81,3780000000,17010000000,0,160
7350057867555568,thread,1,account_worker,86,8100000000,12530000000,3,203735
7350057867555568,thread,1,trader_callback,82,3860000000,16920000000,0,143
7350057867555568,thread,1,trace_writer,83,3660000000,17110000000,2,614
7350057867555568,thread,1,latency_writer,84,3810000000,16870000000,0,107789
7350057968085253,process,-1,process,78,39430000000,127560000000,20631,2
7350057968085253,thread,-1,producer,78,10000000,110000000,20631,2
7350057968085253,thread,-1,sampler,87,30000000,30000000,208,2
7350057968085253,thread,0,account_worker,85,8300000000,12490000000,2,96161
7350057968085253,thread,0,trader_callback,79,3720000000,17170000000,0,272
7350057968085253,thread,0,trace_writer,80,3990000000,16890000000,0,306
7350057968085253,thread,0,latency_writer,81,3810000000,17080000000,0,161
7350057968085253,thread,1,account_worker,86,8130000000,12600000000,3,203739
7350057968085253,thread,1,trader_callback,82,3880000000,17000000000,0,143
7350057968085253,thread,1,trace_writer,83,3680000000,17190000000,2,617
7350057968085253,thread,1,latency_writer,84,3820000000,16960000000,0,107790
7350058068474509,process,-1,process,78,39640000000,128150000000,20732,2
7350058068474509,thread,-1,producer,78,10000000,110000000,20732,2
7350058068474509,thread,-1,sampler,87,30000000,30000000,209,2
7350058068474509,thread,0,account_worker,85,8330000000,12560000000,2,96162
7350058068474509,thread,0,trader_callback,79,3740000000,17260000000,0,272
7350058068474509,thread,0,trace_writer,80,4030000000,16950000000,0,307
7350058068474509,thread,0,latency_writer,81,3820000000,17170000000,0,162
7350058068474509,thread,1,account_worker,86,8170000000,12660000000,3,203742
7350058068474509,thread,1,trader_callback,82,3910000000,17080000000,0,143
7350058068474509,thread,1,trace_writer,83,3710000000,17260000000,2,624
7350058068474509,thread,1,latency_writer,84,3850000000,17030000000,0,107791
7350058168841550,process,-1,process,78,39810000000,128780000000,20832,2
7350058168841550,thread,-1,producer,78,10000000,110000000,20832,2
7350058168841550,thread,-1,sampler,87,30000000,30000000,210,2
7350058168841550,thread,0,account_worker,85,8370000000,12620000000,2,96162
7350058168841550,thread,0,trader_callback,79,3760000000,17340000000,0,273
7350058168841550,thread,0,trace_writer,80,4040000000,17050000000,0,308
7350058168841550,thread,0,latency_writer,81,3830000000,17260000000,0,162
7350058168841550,thread,1,account_worker,86,8200000000,12730000000,3,203748
7350058168841550,thread,1,trader_callback,82,3920000000,17170000000,0,143
7350058168841550,thread,1,trace_writer,83,3720000000,17340000000,2,630
7350058168841550,thread,1,latency_writer,84,3880000000,17100000000,0,107793
7350058269213487,process,-1,process,78,39990000000,129410000000,20932,2
7350058269213487,thread,-1,producer,78,10000000,110000000,20932,2
7350058269213487,thread,-1,sampler,87,30000000,30000000,211,2
7350058269213487,thread,0,account_worker,85,8430000000,12660000000,2,96162
7350058269213487,thread,0,trader_callback,79,3780000000,17420000000,0,275
7350058269213487,thread,0,trace_writer,80,4050000000,17130000000,0,308
7350058269213487,thread,0,latency_writer,81,3830000000,17350000000,0,162
7350058269213487,thread,1,account_worker,86,8240000000,12800000000,3,203748
7350058269213487,thread,1,trader_callback,82,3930000000,17260000000,0,143
7350058269213487,thread,1,trace_writer,83,3740000000,17420000000,2,633
7350058269213487,thread,1,latency_writer,84,3890000000,17190000000,0,107795
7350058369580966,process,-1,process,78,40140000000,130060000000,21033,2
7350058369580966,thread,-1,producer,78,10000000,110000000,21033,2
7350058369580966,thread,-1,sampler,87,30000000,30000000,212,2
7350058369580966,thread,0,account_worker,85,8450000000,12750000000,2,96162
7350058369580966,thread,0,trader_callback,79,3790000000,17510000000,0,275
7350058369580966,thread,0,trace_writer,80,4070000000,17210000000,0,308
7350058369580966,thread,0,latency_writer,81,3850000000,17430000000,0,162
7350058369580966,thread,1,account_worker,86,8280000000,12850000000,3,203751
7350058369580966,thread,1,trader_callback,82,3950000000,17340000000,0,143
7350058369580966,thread,1,trace_writer,83,3760000000,17510000000,2,639
7350058369580966,thread,1,latency_writer,84,3900000000,17280000000,0,107795
7350058469940063,process,-1,process,78,40330000000,130680000000,21133,2
7350058469940063,thread,-1,producer,78,10000000,110000000,21133,2
7350058469940063,thread,-1,sampler,87,30000000,30000000,213,2
7350058469940063,thread,0,account_worker,85,8490000000,12810000000,2,96162
7350058469940063,thread,0,trader_callback,79,3810000000,17590000000,0,276
7350058469940063,thread,0,trace_writer,80,4100000000,17280000000,0,311
7350058469940063,thread,0,latency_writer,81,3870000000,17520000000,0,162
7350058469940063,thread,1,account_worker,86,8320000000,12910000000,3,203751
7350058469940063,thread,1,trader_callback,82,3960000000,17430000000,0,143
7350058469940063,thread,1,trace_writer,83,3770000000,17600000000,2,642
7350058469940063,thread,1,latency_writer,84,3920000000,17370000000,0,107796
7350058570301681,process,-1,process,78,40530000000,131280000000,21234,2
7350058570301681,thread,-1,producer,78,10000000,110000000,21234,2
7350058570301681,thread,-1,sampler,87,30000000,30000000,214,2
7350058570301681,thread,0,account_worker,85,8530000000,12860000000,2,96163
7350058570301681,thread,0,trader_callback,79,3830000000,17670000000,0,276
7350058570301681,thread,0,trace_writer,80,4110000000,17370000000,0,311
7350058570301681,thread,0,latency_writer,81,3890000000,17600000000,0,163
7350058570301681,thread,1,account_worker,86,8360000000,12970000000,3,203754
7350058570301681,thread,1,trader_callback,82,3980000000,17510000000,0,144
7350058570301681,thread,1,trace_writer,83,3790000000,17680000000,2,642
7350058570301681,thread,1,latency_writer,84,3950000000,17440000000,0,107797
7350058670671840,process,-1,process,78,40710000000,131900000000,21334,2
7350058670671840,thread,-1,producer,78,10000000,110000000,21334,2
7350058670671840,thread,-1,sampler,87,30000000,30000000,215,2
7350058670671840,thread,0,account_worker,85,8580000000,12920000000,2,96163
7350058670671840,thread,0,trader_callback,79,3850000000,17750000000,0,276
7350058670671840,thread,0,trace_writer,80,4140000000,17450000000,0,311
7350058670671840,thread,0,latency_writer,81,3890000000,17690000000,0,163
7350058670671840,thread,1,account_worker,86,8400000000,13030000000,3,203754
7350058670671840,thread,1,trader_callback,82,3990000000,17600000000,0,144
7350058670671840,thread,1,trace_writer,83,3810000000,17760000000,2,642
7350058670671840,thread,1,latency_writer,84,3960000000,17520000000,0,107798
7350058771022232,process,-1,process,78,40910000000,132500000000,21434,2
7350058771022232,thread,-1,producer,78,10000000,110000000,21434,2
7350058771022232,thread,-1,sampler,87,30000000,30000000,216,2
7350058771022232,thread,0,account_worker,85,8620000000,12970000000,2,96164
7350058771022232,thread,0,trader_callback,79,3860000000,17840000000,0,277
7350058771022232,thread,0,trace_writer,80,4150000000,17540000000,0,311
7350058771022232,thread,0,latency_writer,81,3900000000,17790000000,0,163
7350058771022232,thread,1,account_worker,86,8450000000,13080000000,3,203757
7350058771022232,thread,1,trader_callback,82,4020000000,17670000000,0,145
7350058771022232,thread,1,trace_writer,83,3840000000,17830000000,2,642
7350058771022232,thread,1,latency_writer,84,3990000000,17600000000,0,107799
7350058871346414,process,-1,process,78,41120000000,133100000000,21535,2
7350058871346414,thread,-1,producer,78,10000000,110000000,21535,2
7350058871346414,thread,-1,sampler,87,30000000,30000000,217,2
7350058871346414,thread,0,account_worker,85,8650000000,13040000000,2,96164
7350058871346414,thread,0,trader_callback,79,3890000000,17910000000,0,278
7350058871346414,thread,0,trace_writer,80,4160000000,17620000000,0,311
7350058871346414,thread,0,latency_writer,81,3920000000,17870000000,0,163
7350058871346414,thread,1,account_worker,86,8500000000,13130000000,3,203758
7350058871346414,thread,1,trader_callback,82,4030000000,17760000000,0,145
7350058871346414,thread,1,trace_writer,83,3870000000,17900000000,2,642
7350058871346414,thread,1,latency_writer,84,4010000000,17680000000,0,107799
7350058971693413,process,-1,process,78,41320000000,133700000000,21629,2
7350058971693413,thread,-1,producer,78,10000000,110000000,21629,2
7350058971693413,thread,-1,sampler,87,30000000,30000000,218,2
7350058971693413,thread,0,account_worker,85,8680000000,13110000000,2,96164
7350058971693413,thread,0,trader_callback,79,3900000000,18000000000,0,280
7350058971693413,thread,0,trace_writer,80,4180000000,17710000000,0,311
7350058971693413,thread,0,latency_writer,81,3950000000,17940000000,0,163
7350058971693413,thread,1,account_worker,86,8560000000,13180000000,3,203765
7350058971693413,thread,1,trader_callback,82,4050000000,17840000000,0,146
7350058971693413,thread,1,trace_writer,83,3890000000,17980000000,2,642
7350058971693413,thread,1,latency_writer,84,4020000000,17760000000,0,107799
7350059072018914,process,-1,process,78,41520000000,134300000000,21729,2
7350059072018914,thread,-1,producer,78,10000000,110000000,21729,2
7350059072018914,thread,-1,sampler,87,30000000,40000000,219,2
7350059072018914,thread,0,account_worker,85,8730000000,13170000000,2,96165
7350059072018914,thread,0,trader_callback,79,3930000000,18070000000,0,281
7350059072018914,thread,0,trace_writer,80,4190000000,17790000000,0,312
7350059072018914,thread,0,latency_writer,81,3970000000,18020000000,0,164
7350059072018914,thread,1,account_worker,86,8600000000,13240000000,3,203765
7350059072018914,thread,1,trader_callback,82,4070000000,17920000000,0,147
7350059072018914,thread,1,trace_writer,83,3910000000,18060000000,2,643
7350059072018914,thread,1,latency_writer,84,4040000000,17840000000,0,107801
7350059172371789,process,-1,process,78,41760000000,134870000000,21830,2
7350059172371789,thread,-1,producer,78,10000000,110000000,21830,2
7350059172371789,thread,-1,sampler,87,30000000,40000000,220,2
7350059172371789,thread,0,account_worker,85,8790000000,13210000000,2,96165
7350059172371789,thread,0,trader_callback,79,3950000000,18150000000,0,282
7350059172371789,thread,0,trace_writer,80,4210000000,17880000000,0,312
7350059172371789,thread,0,latency_writer,81,4000000000,18090000000,0,164
7350059172371789,thread,1,account_worker,86,8650000000,13280000000,3,203769
7350059172371789,thread,1,trader_callback,82,4090000000,18000000000,0,148
7350059172371789,thread,1,trace_writer,83,3920000000,18150000000,2,646
7350059172371789,thread,1,latency_writer,84,4060000000,17930000000,0,107802
7350059272747871,process,-1,process,78,41950000000,135480000000,21930,2
7350059272747871,thread,-1,producer,78,10000000,110000000,21930,2
7350059272747871,thread,-1,sampler,87,30000000,40000000,221,2
7350059272747871,thread,0,account_worker,85,8820000000,13280000000,2,96165
7350059272747871,thread,0,trader_callback,79,3970000000,18230000000,0,283
7350059272747871,thread,0,trace_writer,80,4220000000,17960000000,0,312
7350059272747871,thread,0,latency_writer,81,4030000000,18160000000,0,164
7350059272747871,thread,1,account_worker,86,8690000000,13340000000,3,203769
7350059272747871,thread,1,trader_callback,82,4110000000,18080000000,0,148
7350059272747871,thread,1,trace_writer,83,3950000000,18220000000,2,649
7350059272747871,thread,1,latency_writer,84,4080000000,18010000000,0,107804
7350059373109336,process,-1,process,78,42190000000,136050000000,22030,2
7350059373109336,thread,-1,producer,78,10000000,110000000,22030,2
7350059373109336,thread,-1,sampler,87,30000000,40000000,222,2
7350059373109336,thread,0,account_worker,85,8860000000,13330000000,2,96165
7350059373109336,thread,0,trader_callback,79,3980000000,18320000000,0,285
7350059373109336,thread,0,trace_writer,80,4250000000,18040000000,0,312
7350059373109336,thread,0,latency_writer,81,4040000000,18250000000,0,164
7350059373109336,thread,1,account_worker,86,8760000000,13380000000,3,203772
7350059373109336,thread,1,trader_callback,82,4130000000,18170000000,0,148
7350059373109336,thread,1,trace_writer,83,3980000000,18290000000,2,650
7350059373109336,thread,1,latency_writer,84,4100000000,18090000000,0,107805
7350059473497572,process,-1,process,78,42360000000,136670000000,22131,2
7350059473497572,thread,-1,producer,78,10000000,110000000,22131,2
7350059473497572,thread,-1,sampler,87,30000000,40000000,223,2
7350059473497572,thread,0,account_worker,85,8890000000,13410000000,2,96165
7350059473497572,thread,0,trader_callback,79,4020000000,18380000000,0,285
7350059473497572,thread,0,trace_writer,80,4270000000,18120000000,0,313
7350059473497572,thread,0,latency_writer,81,4060000000,18330000000,0,164
7350059473497572,thread,1,account_worker,86,8790000000,13450000000,3,203778
7350059473497572,thread,1,trader_callback,82,4140000000,18250000000,0,148
7350059473497572,thread,1,trace_writer,83,3990000000,18380000000,2,654
7350059473497572,thread,1,latency_writer,84,4110000000,18170000000,0,107805
7350059573867120,process,-1,process,78,42560000000,137280000000,22231,2
7350059573867120,thread,-1,producer,78,10000000,110000000,22231,2
7350059573867120,thread,-1,sampler,87,30000000,40000000,224,2
7350059573867120,thread,0,account_worker,85,8940000000,13450000000,2,96165
7350059573867120,thread,0,trader_callback,79,4030000000,18470000000,0,287
7350059573867120,thread,0,trace_writer,80,4280000000,18210000000,0,314
7350059573867120,thread,0,latency_writer,81,4090000000,18400000000,0,165
7350059573867120,thread,1,account_worker,86,8830000000,13510000000,3,203781
7350059573867120,thread,1,trader_callback,82,4170000000,18330000000,0,148
7350059573867120,thread,1,trace_writer,83,4000000000,18470000000,2,654
7350059573867120,thread,1,latency_writer,84,4120000000,18260000000,0,107807
7350059674240432,process,-1,process,78,42720000000,137920000000,22331,2
7350059674240432,thread,-1,producer,78,10000000,110000000,22331,2
7350059674240432,thread,-1,sampler,87,30000000,40000000,225,2
7350059674240432,thread,0,account_worker,85,8970000000,13530000000,2,96166
7350059674240432,thread,0,trader_callback,79,4050000000,18550000000,0,288
7350059674240432,thread,0,trace_writer,80,4300000000,18290000000,0,315
7350059674240432,thread,0,latency_writer,81,4110000000,18480000000,0,165
7350059674240432,thread,1,account_worker,86,8870000000,13570000000,3,203781
7350059674240432,thread,1,trader_callback,82,4170000000,18420000000,0,148
7350059674240432,thread,1,trace_writer,83,4020000000,18550000000,2,657
7350059674240432,thread,1,latency_writer,84,4140000000,18350000000,0,107807
7350059774591990,process,-1,process,78,42910000000,138540000000,22432,2
7350059774591990,thread,-1,producer,78,10000000,110000000,22432,2
7350059774591990,thread,-1,sampler,87,30000000,40000000,226,2
7350059774591990,thread,0,account_worker,85,9020000000,13580000000,2,96166
7350059774591990,thread,0,trader_callback,79,4070000000,18640000000,0,288
7350059774591990,thread,0,trace_writer,80,4310000000,18380000000,0,318
7350059774591990,thread,0,latency_writer,81,4130000000,18560000000,0,165
7350059774591990,thread,1,account_worker,86,8900000000,13630000000,3,203784
7350059774591990,thread,1,trader_callback,82,4200000000,18490000000,0,148
7350059774591990,thread,1,trace_writer,83,4030000000,18640000000,2,658
7350059774591990,thread,1,latency_writer,84,4160000000,18430000000,0,107807
7350059874968398,process,-1,process,78,43110000000,139140000000,22532,2
7350059874968398,thread,-1,producer,78,10000000,110000000,22532,2
7350059874968398,thread,-1,sampler,87,30000000,40000000,227,2
7350059874968398,thread,0,account_worker,85,9070000000,13630000000,2,96166
7350059874968398,thread,0,trader_callback,79,4080000000,18720000000,0,289
7350059874968398,thread,0,trace_writer,80,4330000000,18460000000,0,321
7350059874968398,thread,0,latency_writer,81,4140000000,18650000000,0,165
7350059874968398,thread,1,account_worker,86,8950000000,13690000000,3,203784
7350059874968398,thread,1,trader_callback,82,4230000000,18560000000,0,148
7350059874968398,thread,1,trace_writer,83,4040000000,18730000000,2,661
7350059874968398,thread,1,latency_writer,84,4170000000,18520000000,0,107809
7350059975335419,process,-1,process,78,43270000000,139790000000,22633,2
7350059975335419,thread,-1,producer,78,10000000,110000000,22633,2
7350059975335419,thread,-1,sampler,87,30000000,40000000,228,2
7350059975335419,thread,0,account_worker,85,9110000000,13690000000,2,96167
7350059975335419,thread,0,trader_callback,79,4100000000,18800000000,0,290
7350059975335419,thread,0,trace_writer,80,4340000000,18550000000,0,324
7350059975335419,thread,0,latency_writer,81,4160000000,18740000000,0,166
7350059975335419,thread,1,account_worker,86,8990000000,13750000000,3,203787
7350059975335419,thread,1,trader_callback,82,4240000000,18650000000,0,148
7350059975335419,thread,1,trace_writer,83,4050000000,18820000000,2,664
7350059975335419,thread,1,latency_writer,84,4190000000,18600000000,0,107810
7350060075703543,process,-1,process,78,43420000000,140430000000,22733,2
7350060075703543,thread,-1,producer,78,10000000,110000000,22733,2
7350060075703543,thread,-1,sampler,87,30000000,40000000,229,2
7350060075703543,thread,0,account_worker,85,9150000000,13750000000,2,96168
7350060075703543,thread,0,trader_callback,79,4110000000,18900000000,0,290
7350060075703543,thread,0,trace_writer,80,4350000000,18640000000,0,325
7350060075703543,thread,0,latency_writer,81,4180000000,18820000000,0,167
7350060075703543,thread,1,account_worker,86,9030000000,13810000000,3,203792
7350060075703543,thread,1,trader_callback,82,4270000000,18730000000,0,148
7350060075703543,thread,1,trace_writer,83,4060000000,18920000000,2,665
7350060075703543,thread,1,latency_writer,84,4200000000,18690000000,0,107811
7350060176093678,process,-1,process,78,43610000000,141050000000,22831,2
7350060176093678,thread,-1,producer,78,10000000,110000000,22831,2
7350060176093678,thread,-1,sampler,87,30000000,40000000,230,2
7350060176093678,thread,0,account_worker,85,9200000000,13800000000,2,96168
7350060176093678,thread,0,trader_callback,79,4130000000,18970000000,0,290
7350060176093678,thread,0,trace_writer,80,4370000000,18720000000,0,326
7350060176093678,thread,0,latency_writer,81,4190000000,18910000000,0,167
7350060176093678,thread,1,account_worker,86,9070000000,13870000000,3,203795
7350060176093678,thread,1,trader_callback,82,4270000000,18820000000,0,148
7350060176093678,thread,1,trace_writer,83,4070000000,19000000000,2,669
7350060176093678,thread,1,latency_writer,84,4220000000,18770000000,0,107816
7350060276462104,process,-1,process,78,43830000000,141640000000,22932,2
7350060276462104,thread,-1,producer,78,10000000,110000000,22932,2
7350060276462104,thread,-1,sampler,87,30000000,40000000,231,2
7350060276462104,thread,0,account_worker,85,9250000000,13840000000,2,96168
7350060276462104,thread,0,trader_callback,79,4160000000,19050000000,0,292
7350060276462104,thread,0,trace_writer,80,4390000000,18800000000,0,326
7350060276462104,thread,0,latency_writer,81,4210000000,18990000000,0,167
7350060276462104,thread,1,account_worker,86,9090000000,13940000000,3,203798
7350060276462104,thread,1,trader_callback,82,4290000000,18910000000,0,148
7350060276462104,thread,1,trace_writer,83,4100000000,19080000000,2,669
7350060276462104,thread,1,latency_writer,84,4240000000,18840000000,0,107817
7350060376810973,process,-1,process,78,44020000000,142250000000,23032,2
7350060376810973,thread,-1,producer,78,10000000,110000000,23032,2
7350060376810973,thread,-1,sampler,87,30000000,40000000,232,2
7350060376810973,thread,0,account_worker,85,9300000000,13900000000,2,96168
7350060376810973,thread,0,trader_callback,79,4180000000,19130000000,0,294
7350060376810973,thread,0,trace_writer,80,4410000000,18880000000,0,326
7350060376810973,thread,0,latency_writer,81,4230000000,19060000000,0,167
7350060376810973,thread,1,account_worker,86,9120000000,14020000000,3,203798
7350060376810973,thread,1,trader_callback,82,4300000000,18990000000,0,148
7350060376810973,thread,1,trace_writer,83,4110000000,19160000000,2,672
7350060376810973,thread,1,latency_writer,84,4270000000,18920000000,0,107818
7350060477161783,process,-1,process,78,44190000000,142880000000,23132,2
7350060477161783,thread,-1,producer,78,10000000,110000000,23132,2
7350060477161783,thread,-1,sampler,87,30000000,40000000,233,2
7350060477161783,thread,0,account_worker,85,9330000000,13960000000,2,96169
7350060477161783,thread,0,trader_callback,79,4210000000,19200000000,0,295
7350060477161783,thread,0,trace_writer,80,4430000000,18960000000,0,326
7350060477161783,thread,0,latency_writer,81,4240000000,19160000000,0,168
7350060477161783,thread,1,account_worker,86,9150000000,14090000000,3,203807
7350060477161783,thread,1,trader_callback,82,4320000000,19080000000,0,149
7350060477161783,thread,1,trace_writer,83,4140000000,19240000000,2,675
7350060477161783,thread,1,latency_writer,84,4290000000,19000000000,0,107820
7350060577518163,process,-1,process,78,44420000000,143460000000,23233,2
7350060577518163,thread,-1,producer,78,10000000,110000000,23233,2
7350060577518163,thread,-1,sampler,87,30000000,40000000,234,2
7350060577518163,thread,0,account_worker,85,9370000000,14030000000,2,96170
7350060577518163,thread,0,trader_callback,79,4230000000,19280000000,0,295
7350060577518163,thread,0,trace_writer,80,4470000000,19020000000,0,326
7350060577518163,thread,0,latency_writer,81,4260000000,19240000000,0,168
7350060577518163,thread,1,account_worker,86,9200000000,14140000000,3,203810
7350060577518163,thread,1,trader_callback,82,4340000000,19150000000,0,149
7350060577518163,thread,1,trace_writer,83,4150000000,19320000000,2,678
7350060577518163,thread,1,latency_writer,84,4310000000,19080000000,0,107821
7350060677866987,process,-1,process,78,44600000000,144080000000,23333,2
7350060677866987,thread,-1,producer,78,10000000,120000000,23333,2
7350060677866987,thread,-1,sampler,87,30000000,40000000,235,2
7350060677866987,thread,0,account_worker,85,9400000000,14110000000,2,96170
7350060677866987,thread,0,trader_callback,79,4240000000,19360000000,0,301
7350060677866987,thread,0,trace_writer,80,4490000000,19100000000,0,326
7350060677866987,thread,0,latency_writer,81,4270000000,19320000000,0,168
7350060677866987,thread,1,account_worker,86,9240000000,14210000000,3,203810
7350060677866987,thread,1,trader_callback,82,4350000000,19240000000,0,149
7350060677866987,thread,1,trace_writer,83,4180000000,19400000000,2,685
7350060677866987,thread,1,latency_writer,84,4330000000,19160000000,0,107823
7350060778245398,process,-1,process,78,44800000000,144680000000,23433,2
7350060778245398,thread,-1,producer,78,10000000,120000000,23433,2
7350060778245398,thread,-1,sampler,87,30000000,40000000,236,2
7350060778245398,thread,0,account_worker,85,9450000000,14150000000,2,96170
7350060778245398,thread,0,trader_callback,79,4260000000,19440000000,0,305
7350060778245398,thread,0,trace_writer,80,4510000000,19180000000,0,326
7350060778245398,thread,0,latency_writer,81,4290000000,19410000000,0,168
7350060778245398,thread,1,account_worker,86,9270000000,14270000000,3,203810
7350060778245398,thread,1,trader_callback,82,4370000000,19330000000,0,150
7350060778245398,thread,1,trace_writer,83,4200000000,19470000000,2,685
7350060778245398,thread,1,latency_writer,84,4350000000,19240000000,0,107824
7350060878595563,process,-1,process,78,45000000000,145290000000,23534,2
7350060878595563,thread,-1,producer,78,10000000,120000000,23534,2
7350060878595563,thread,-1,sampler,87,30000000,40000000,237,2
7350060878595563,thread,0,account_worker,85,9490000000,14210000000,2,96171
7350060878595563,thread,0,trader_callback,79,4270000000,19530000000,0,306
7350060878595563,thread,0,trace_writer,80,4550000000,19250000000,0,326
7350060878595563,thread,0,latency_writer,81,4310000000,19490000000,0,168
7350060878595563,thread,1,account_worker,86,9300000000,14340000000,3,203811
7350060878595563,thread,1,trader_callback,82,4380000000,19410000000,0,150
7350060878595563,thread,1,trace_writer,83,4230000000,19540000000,2,688
7350060878595563,thread,1,latency_writer,84,4370000000,19320000000,0,107826
7350060978956240,process,-1,process,78,45200000000,145890000000,23634,2
7350060978956240,thread,-1,producer,78,10000000,120000000,23634,2
7350060978956240,thread,-1,sampler,87,30000000,40000000,238,2
7350060978956240,thread,0,account_worker,85,9550000000,14250000000,2,96172
7350060978956240,thread,0,trader_callback,79,4300000000,19600000000,0,307
7350060978956240,thread,0,trace_writer,80,4550000000,19340000000,0,326
7350060978956240,thread,0,latency_writer,81,4320000000,19580000000,0,168
7350060978956240,thread,1,account_worker,86,9360000000,14380000000,3,203812
7350060978956240,thread,1,trader_callback,82,4400000000,19500000000,0,151
7350060978956240,thread,1,trace_writer,83,4250000000,19630000000,2,694
7350060978956240,thread,1,latency_writer,84,4380000000,19410000000,0,107826
7350061079308133,process,-1,process,78,45400000000,146490000000,23735,2
7350061079308133,thread,-1,producer,78,10000000,120000000,23735,2
7350061079308133,thread,-1,sampler,87,30000000,40000000,239,2
7350061079308133,thread,0,account_worker,85,9600000000,14310000000,2,96172
7350061079308133,thread,0,trader_callback,79,4320000000,19690000000,0,309
7350061079308133,thread,0,trace_writer,80,4580000000,19410000000,0,327
7350061079308133,thread,0,latency_writer,81,4340000000,19660000000,0,169
7350061079308133,thread,1,account_worker,86,9400000000,14440000000,3,203812
7350061079308133,thread,1,trader_callback,82,4420000000,19570000000,0,151
7350061079308133,thread,1,trace_writer,83,4260000000,19720000000,2,698
7350061079308133,thread,1,latency_writer,84,4390000000,19510000000,0,107827
7350061179673529,process,-1,process,78,45600000000,147090000000,23835,2
7350061179673529,thread,-1,producer,78,10000000,120000000,23835,2
7350061179673529,thread,-1,sampler,87,30000000,40000000,240,2
7350061179673529,thread,0,account_worker,85,9630000000,14370000000,2,96173
7350061179673529,thread,0,trader_callback,79,4350000000,19750000000,0,309
7350061179673529,thread,0,trace_writer,80,4600000000,19490000000,0,333
7350061179673529,thread,0,latency_writer,81,4380000000,19720000000,0,169
7350061179673529,thread,1,account_worker,86,9440000000,14500000000,3,203818
7350061179673529,thread,1,trader_callback,82,4440000000,19660000000,0,151
7350061179673529,thread,1,trace_writer,83,4260000000,19810000000,2,704
7350061179673529,thread,1,latency_writer,84,4410000000,19590000000,0,107830
7350061280020383,process,-1,process,78,45790000000,147710000000,23935,2
7350061280020383,thread,-1,producer,78,10000000,120000000,23935,2
7350061280020383,thread,-1,sampler,87,30000000,40000000,241,2
7350061280020383,thread,0,account_worker,85,9650000000,14450000000,2,96173
7350061280020383,thread,0,trader_callback,79,4380000000,19830000000,0,312
7350061280020383,thread,0,trace_writer,80,4630000000,19560000000,0,333
7350061280020383,thread,0,latency_writer,81,4390000000,19800000000,0,169
7350061280020383,thread,1,account_worker,86,9480000000,14560000000,3,203818
7350061280020383,thread,1,trader_callback,82,4450000000,19740000000,0,151
7350061280020383,thread,1,trace_writer,83,4270000000,19900000000,2,707
7350061280020383,thread,1,latency_writer,84,4430000000,19660000000,0,107831
7350061380417224,process,-1,process,78,45960000000,148350000000,24036,2
7350061380417224,thread,-1,producer,78,10000000,120000000,24036,2
7350061380417224,thread,-1,sampler,87,30000000,40000000,242,2
7350061380417224,thread,0,account_worker,85,9690000000,14510000000,2,96173
7350061380417224,thread,0,trader_callback,79,4390000000,19920000000,0,314
7350061380417224,thread,0,trace_writer,80,4640000000,19650000000,0,333
7350061380417224,thread,0,latency_writer,81,4410000000,19890000000,0,169
7350061380417224,thread,1,account_worker,86,9510000000,14630000000,3,203821
7350061380417224,thread,1,trader_callback,82,4480000000,19820000000,0,151
7350061380417224,thread,1,trace_writer,83,4290000000,19990000000,2,711
7350061380417224,thread,1,latency_writer,84,4450000000,19740000000,0,107832
7350061480778998,process,-1,process,78,46140000000,148970000000,24136,2
7350061480778998,thread,-1,producer,78,10000000,120000000,24136,2
7350061480778998,thread,-1,sampler,87,30000000,40000000,243,2
7350061480778998,thread,0,account_worker,85,9720000000,14580000000,2,96173
7350061480778998,thread,0,trader_callback,79,4400000000,20010000000,0,315
7350061480778998,thread,0,trace_writer,80,4650000000,19740000000,0,334
7350061480778998,thread,0,latency_writer,81,4420000000,19980000000,0,169
7350061480778998,thread,1,account_worker,86,9560000000,14680000000,3,203821
7350061480778998,thread,1,trader_callback,82,4500000000,19900000000,0,151
7350061480778998,thread,1,trace_writer,83,4310000000,20070000000,2,714
7350061480778998,thread,1,latency_writer,84,4470000000,19820000000,0,107834
7350061581253633,process,-1,process,78,46290000000,149620000000,24236,2
7350061581253633,thread,-1,producer,78,10000000,120000000,24237,2
7350061581253633,thread,-1,sampler,87,30000000,40000000,244,2
7350061581253633,thread,0,account_worker,85,9760000000,14640000000,2,96173
7350061581253633,thread,0,trader_callback,79,4420000000,20080000000,0,316
7350061581253633,thread,0,trace_writer,80,4670000000,19830000000,0,338
7350061581253633,thread,0,latency_writer,81,4430000000,20070000000,0,169
7350061581253633,thread,1,account_worker,86,9590000000,14750000000,3,203824
7350061581253633,thread,1,trader_callback,82,4510000000,19990000000,0,151
7350061581253633,thread,1,trace_writer,83,4330000000,20150000000,2,717
7350061581253633,thread,1,latency_writer,84,4480000000,19910000000,0,107834
7350061681604926,process,-1,process,78,46480000000,150230000000,24337,2
7350061681604926,thread,-1,producer,78,10000000,120000000,24337,2
7350061681604926,thread,-1,sampler,87,30000000,40000000,245,2
7350061681604926,thread,0,account_worker,85,9810000000,14700000000,2,96174
7350061681604926,thread,0,trader_callback,79,4440000000,20170000000,0,320
7350061681604926,thread,0,trace_writer,80,4690000000,19910000000,0,338
7350061681604926,thread,0,latency_writer,81,4460000000,20140000000,0,169
7350061681604926,thread,1,account_worker,86,9620000000,14820000000,3,203827
7350061681604926,thread,1,trader_callback,82,4540000000,20060000000,0,151
7350061681604926,thread,1,trace_writer,83,4330000000,20250000000,2,720
7350061681604926,thread,1,latency_writer,84,4500000000,19990000000,0,107836
7350061782005422,process,-1,process,78,46700000000,150820000000,24437,2
7350061782005422,thread,-1,producer,78,10000000,120000000,24437,2
7350061782005422,thread,-1,sampler,87,30000000,40000000,246,2
7350061782005422,thread,0,account_worker,85,9860000000,14750000000,2,96175
7350061782005422,thread,0,trader_callback,79,4460000000,20240000000,0,320
7350061782005422,thread,0,trace_writer,80,4710000000,19990000000,0,338
7350061782005422,thread,0,latency_writer,81,4470000000,20230000000,0,169
7350061782005422,thread,1,account_worker,86,9670000000,14880000000,3,203827
7350061782005422,thread,1,trader_callback,82,4570000000,20130000000,0,151
7350061782005422,thread,1,trace_writer,83,4340000000,20340000000,2,724
7350061782005422,thread,1,latency_writer,84,4520000000,20070000000,0,107836
7350061882368694,process,-1,process,78,46860000000,151470000000,24538,2
7350061882368694,thread,-1,producer,78,10000000,120000000,24538,2
7350061882368694,thread,-1,sampler,87,30000000,40000000,247,2
7350061882368694,thread,0,account_worker,85,9900000000,14800000000,2,96184
7350061882368694,thread,0,trader_callback,79,4480000000,20320000000,0,332
7350061882368694,thread,0,trace_writer,80,4720000000,20070000000,0,347
7350061882368694,thread,0,latency_writer,81,4480000000,20320000000,0,178
7350061882368694,thread,1,account_worker,86,9690000000,14950000000,3,203839
7350061882368694,thread,1,trader_callback,82,4590000000,20210000000,0,160
7350061882368694,thread,1,trace_writer,83,4360000000,20420000000,2,739
7350061882368694,thread,1,latency_writer,84,4530000000,20160000000,0,107847
7350061982736847,process,-1,process,78,47070000000,152060000000,24638,2
7350061982736847,thread,-1,producer,78,10000000,120000000,24638,2
7350061982736847,thread,-1,sampler,87,30000000,40000000,248,2
7350061982736847,thread,0,account_worker,85,9940000000,14860000000,2,96184
7350061982736847,thread,0,trader_callback,79,4500000000,20400000000,0,333
7350061982736847,thread,0,trace_writer,80,4740000000,20150000000,0,347
7350061982736847,thread,0,latency_writer,81,4510000000,20390000000,0,179
7350061982736847,thread,1,account_worker,86,9740000000,15010000000,3,203840
7350061982736847,thread,1,trader_callback,82,4620000000,20280000000,0,160
7350061982736847,thread,1,trace_writer,83,4380000000,20500000000,2,742
7350061982736847,thread,1,latency_writer,84,4540000000,20250000000,0,107848
7350062083089867,process,-1,process,78,47250000000,152680000000,24738,2
7350062083089867,thread,-1,producer,78,10000000,120000000,24738,2
7350062083089867,thread,-1,sampler,87,30000000,40000000,249,2
7350062083089867,thread,0,account_worker,85,9980000000,14930000000,2,96185
7350062083089867,thread,0,trader_callback,79,4520000000,20480000000,0,333
7350062083089867,thread,0,trace_writer,80,4740000000,20250000000,0,348
7350062083089867,thread,0,latency_writer,81,4520000000,20480000000,0,180
7350062083089867,thread,1,account_worker,86,9760000000,15080000000,3,203840
7350062083089867,thread,1,trader_callback,82,4650000000,20350000000,0,160
7350062083089867,thread,1,trace_writer,83,4400000000,20580000000,2,743
7350062083089867,thread,1,latency_writer,84,4570000000,20320000000,0,107849
7350062183462003,process,-1,process,78,47450000000,153280000000,24839,2
7350062183462003,thread,-1,producer,78,10000000,120000000,24839,2
7350062183462003,thread,-1,sampler,87,30000000,40000000,250,2
7350062183462003,thread,0,account_worker,85,10020000000,14990000000,2,96186
7350062183462003,thread,0,trader_callback,79,4550000000,20560000000,0,333
7350062183462003,thread,0,trace_writer,80,4770000000,20330000000,0,350
7350062183462003,thread,0,latency_writer,81,4530000000,20580000000,0,181
7350062183462003,thread,1,account_worker,86,9800000000,15150000000,3,203844
7350062183462003,thread,1,trader_callback,82,4690000000,20410000000,0,160
7350062183462003,thread,1,trace_writer,83,4420000000,20670000000,2,748
7350062183462003,thread,1,latency_writer,84,4590000000,20400000000,0,107851
7350062283828310,process,-1,process,78,47640000000,153900000000,24939,3
7350062283828310,thread,-1,producer,78,10000000,120000000,24939,3
7350062283828310,thread,-1,sampler,87,30000000,40000000,251,2
7350062283828310,thread,0,account_worker,85,10040000000,15060000000,2,96186
7350062283828310,thread,0,trader_callback,79,4570000000,20640000000,0,335
7350062283828310,thread,0,trace_writer,80,4780000000,20420000000,0,350
7350062283828310,thread,0,latency_writer,81,4540000000,20660000000,0,181
7350062283828310,thread,1,account_worker,86,9840000000,15210000000,3,203847
7350062283828310,thread,1,trader_callback,82,4740000000,20460000000,0,160
7350062283828310,thread,1,trace_writer,83,4430000000,20750000000,2,748
7350062283828310,thread,1,latency_writer,84,4600000000,20490000000,0,107852
7350062384218772,process,-1,process,78,47820000000,154520000000,25039,3
7350062384218772,thread,-1,producer,78,10000000,120000000,25039,3
7350062384218772,thread,-1,sampler,87,30000000,40000000,252,2
7350062384218772,thread,0,account_worker,85,10100000000,15110000000,2,96186
7350062384218772,thread,0,trader_callback,79,4570000000,20740000000,0,335
7350062384218772,thread,0,trace_writer,80,4800000000,20500000000,0,350
7350062384218772,thread,0,latency_writer,81,4550000000,20760000000,0,181
7350062384218772,thread,1,account_worker,86,9890000000,15260000000,3,203856
7350062384218772,thread,1,trader_callback,82,4750000000,20550000000,0,161
7350062384218772,thread,1,trace_writer,83,4450000000,20830000000,2,748
7350062384218772,thread,1,latency_writer,84,4620000000,20580000000,0,107853
7350062484641724,process,-1,process,78,48070000000,155070000000,25140,3
7350062484641724,thread,-1,producer,78,10000000,120000000,25140,3
7350062484641724,thread,-1,sampler,87,30000000,40000000,253,2
7350062484641724,thread,0,account_worker,85,10150000000,15160000000,2,96186
7350062484641724,thread,0,trader_callback,79,4580000000,20830000000,0,336
7350062484641724,thread,0,trace_writer,80,4820000000,20580000000,0,350
7350062484641724,thread,0,latency_writer,81,4570000000,20830000000,0,181
7350062484641724,thread,1,account_worker,86,9930000000,15320000000,3,203856
7350062484641724,thread,1,trader_callback,82,4780000000,20620000000,0,162
7350062484641724,thread,1,trace_writer,83,4490000000,20890000000,2,754
7350062484641724,thread,1,latency_writer,84,4650000000,20640000000,0,107856
7350062585001259,process,-1,process,78,48330000000,155620000000,25240,3
7350062585001259,thread,-1,producer,78,10000000,130000000,25240,3
7350062585001259,thread,-1,sampler,87,30000000,40000000,254,2
7350062585001259,thread,0,account_worker,85,10200000000,15200000000,2,96186
7350062585001259,thread,0,trader_callback,79,4590000000,20910000000,0,336
7350062585001259,thread,0,trace_writer,80,4850000000,20650000000,0,350
7350062585001259,thread,0,latency_writer,81,4610000000,20890000000,0,181
7350062585001259,thread,1,account_worker,86,9970000000,15380000000,3,203862
7350062585001259,thread,1,trader_callback,82,4810000000,20700000000,0,162
7350062585001259,thread,1,trace_writer,83,4520000000,20960000000,2,763
7350062585001259,thread,1,latency_writer,84,4680000000,20710000000,0,107858
7350062685342208,process,-1,process,78,48500000000,156250000000,25341,3
7350062685342208,thread,-1,producer,78,10000000,130000000,25341,3
7350062685342208,thread,-1,sampler,87,30000000,40000000,255,2
7350062685342208,thread,0,account_worker,85,10240000000,15260000000,2,96186
7350062685342208,thread,0,trader_callback,79,4610000000,21000000000,0,336
7350062685342208,thread,0,trace_writer,80,4860000000,20740000000,0,350
7350062685342208,thread,0,latency_writer,81,4620000000,20990000000,0,181
7350062685342208,thread,1,account_worker,86,9990000000,15450000000,3,203862
7350062685342208,thread,1,trader_callback,82,4820000000,20790000000,0,162
7350062685342208,thread,1,trace_writer,83,4540000000,21040000000,2,772
7350062685342208,thread,1,latency_writer,84,4720000000,20780000000,0,107860
7350062785748490,process,-1,process,78,48720000000,156830000000,25441,3
7350062785748490,thread,-1,producer,78,10000000,130000000,25441,3
7350062785748490,thread,-1,sampler,87,30000000,40000000,256,2
7350062785748490,thread,0,account_worker,85,10270000000,15330000000,2,96187
7350062785748490,thread,0,trader_callback,79,4640000000,21070000000,0,337
7350062785748490,thread,0,trace_writer,80,4870000000,20830000000,0,350
7350062785748490,thread,0,latency_writer,81,4640000000,21070000000,0,181
7350062785748490,thread,1,account_worker,86,10040000000,15510000000,3,203862
7350062785748490,thread,1,trader_callback,82,4850000000,20850000000,0,163
7350062785748490,thread,1,trace_writer,83,4570000000,21120000000,2,775
7350062785748490,thread,1,latency_writer,84,4740000000,20850000000,0,107860
7350062886124217,process,-1,process,78,48920000000,157440000000,25541,3
7350062886124217,thread,-1,producer,78,10000000,130000000,25541,3
7350062886124217,thread,-1,sampler,87,30000000,40000000,257,2
7350062886124217,thread,0,account_worker,85,10320000000,15390000000,2,96187
7350062886124217,thread,0,trader_callback,79,4660000000,21150000000,0,338
7350062886124217,thread,0,trace_writer,80,4890000000,20910000000,0,350
7350062886124217,thread,0,latency_writer,81,4660000000,21150000000,0,181
7350062886124217,thread,1,account_worker,86,10080000000,15570000000,3,203863
7350062886124217,thread,1,trader_callback,82,4870000000,20940000000,0,163
7350062886124217,thread,1,trace_writer,83,4580000000,21210000000,2,781
7350062886124217,thread,1,latency_writer,84,4760000000,20930000000,0,107862
7350062986484516,process,-1,process,78,49130000000,158030000000,25642,3
7350062986484516,thread,-1,producer,78,10000000,130000000,25642,3
7350062986484516,thread,-1,sampler,87,30000000,50000000,258,2
7350062986484516,thread,0,account_worker,85,10360000000,15450000000,2,96187
7350062986484516,thread,0,trader_callback,79,4690000000,21220000000,0,339
7350062986484516,thread,0,trace_writer,80,4920000000,20980000000,0,350
7350062986484516,thread,0,latency_writer,81,4680000000,21230000000,0,181
7350062986484516,thread,1,account_worker,86,10120000000,15630000000,3,203867
7350062986484516,thread,1,trader_callback,82,4880000000,21030000000,0,163
7350062986484516,thread,1,trace_writer,83,4600000000,21290000000,2,784
7350062986484516,thread,1,latency_writer,84,4790000000,21010000000,0,107862
7350063086836970,process,-1,process,78,49310000000,158660000000,25739,3
7350063086836970,thread,-1,producer,78,10000000,130000000,25739,3
7350063086836970,thread,-1,sampler,87,30000000,50000000,259,2
7350063086836970,thread,0,account_worker,85,10400000000,15510000000,2,96188
7350063086836970,thread,0,trader_callback,79,4720000000,21290000000,0,341
7350063086836970,thread,0,trace_writer,80,4940000000,21060000000,0,351
7350063086836970,thread,0,latency_writer,81,4690000000,21310000000,0,182
7350063086836970,thread,1,account_worker,86,10150000000,15700000000,3,203867
7350063086836970,thread,1,trader_callback,82,4910000000,21090000000,0,164
7350063086836970,thread,1,trace_writer,83,4610000000,21380000000,2,792
7350063086836970,thread,1,latency_writer,84,4800000000,21100000000,0,107865
7350063187223804,process,-1,process,78,49450000000,159310000000,25839,3
7350063187223804,thread,-1,producer,78,10000000,130000000,25839,3
7350063187223804,thread,-1,sampler,87,30000000,50000000,260,2
7350063187223804,thread,0,account_worker,85,10420000000,15590000000,2,96188
7350063187223804,thread,0,trader_callback,79,4750000000,21360000000,0,342
7350063187223804,thread,0,trace_writer,80,4940000000,21160000000,0,351
7350063187223804,thread,0,latency_writer,81,4710000000,21390000000,0,185
7350063187223804,thread,1,account_worker,86,10180000000,15770000000,3,203867
7350063187223804,thread,1,trader_callback,82,4920000000,21190000000,0,165
7350063187223804,thread,1,trace_writer,83,4620000000,21460000000,2,792
7350063187223804,thread,1,latency_writer,84,4820000000,21180000000,0,107866
7350063287574241,process,-1,process,78,49620000000,159950000000,25940,3
7350063287574241,thread,-1,producer,78,10000000,130000000,25940,3
7350063287574241,thread,-1,sampler,87,30000000,50000000,261,2
7350063287574241,thread,0,account_worker,85,10460000000,15650000000,2,96188
7350063287574241,thread,0,trader_callback,79,4770000000,21440000000,0,344
7350063287574241,thread,0,trace_writer,80,4950000000,21250000000,0,351
7350063287574241,thread,0,latency_writer,81,4730000000,21470000000,0,187
7350063287574241,thread,1,account_worker,86,10220000000,15830000000,3,203870
7350063287574241,thread,1,trader_callback,82,4930000000,21270000000,0,165
7350063287574241,thread,1,trace_writer,83,4630000000,21550000000,2,796
7350063287574241,thread,1,latency_writer,84,4830000000,21270000000,0,107866
7350063387922914,process,-1,process,78,49790000000,160580000000,26040,3
7350063387922914,thread,-1,producer,78,10000000,130000000,26040,3
7350063387922914,thread,-1,sampler,87,30000000,50000000,262,2
7350063387922914,thread,0,account_worker,85,10480000000,15730000000,2,96188
7350063387922914,thread,0,trader_callback,79,4790000000,21520000000,0,347
7350063387922914,thread,0,trace_writer,80,4970000000,21340000000,0,351
7350063387922914,thread,0,latency_writer,81,4750000000,21550000000,0,191
7350063387922914,thread,1,account_worker,86,10250000000,15900000000,3,203873
7350063387922914,thread,1,trader_callback,82,4950000000,21350000000,0,165
7350063387922914,thread,1,trace_writer,83,4650000000,21630000000,2,799
7350063387922914,thread,1,latency_writer,84,4850000000,21340000000,0,107866
7350063488292145,process,-1,process,78,49990000000,161180000000,26140,3
7350063488292145,thread,-1,producer,78,10000000,130000000,26140,3
7350063488292145,thread,-1,sampler,87,30000000,50000000,263,2
7350063488292145,thread,0,account_worker,85,10540000000,15770000000,2,96188
7350063488292145,thread,0,trader_callback,79,4810000000,21600000000,0,347
7350063488292145,thread,0,trace_writer,80,4980000000,21420000000,0,352
7350063488292145,thread,0,latency_writer,81,4790000000,21620000000,0,194
7350063488292145,thread,1,account_worker,86,10260000000,15990000000,3,203879
7350063488292145,thread,1,trader_callback,82,4980000000,21420000000,0,165
7350063488292145,thread,1,trace_writer,83,4670000000,21710000000,2,804
7350063488292145,thread,1,latency_writer,84,4860000000,21440000000,0,107867
7350063588652529,process,-1,process,78,50160000000,161820000000,26240,3
7350063588652529,thread,-1,producer,78,10000000,130000000,26240,3
7350063588652529,thread,-1,sampler,87,30000000,50000000,264,2
7350063588652529,thread,0,account_worker,85,10570000000,15840000000,2,96188
7350063588652529,thread,0,trader_callback,79,4830000000,21680000000,0,348
7350063588652529,thread,0,trace_writer,80,4990000000,21510000000,0,353
7350063588652529,thread,0,latency_writer,81,4790000000,21710000000,0,194
7350063588652529,thread,1,account_worker,86,10310000000,16040000000,3,203883
7350063588652529,thread,1,trader_callback,82,4990000000,21510000000,0,165
7350063588652529,thread,1,trace_writer,83,4690000000,21790000000,2,807
7350063588652529,thread,1,latency_writer,84,4880000000,21520000000,0,107867
7350063689004671,process,-1,process,78,50350000000,162420000000,26340,4
7350063689004671,thread,-1,producer,78,10000000,130000000,26340,4
7350063689004671,thread,-1,sampler,87,30000000,50000000,265,2
7350063689004671,thread,0,account_worker,85,10620000000,15890000000,2,96189
7350063689004671,thread,0,trader_callback,79,4840000000,21760000000,0,445
7350063689004671,thread,0,trace_writer,80,5010000000,21600000000,0,457
7350063689004671,thread,0,latency_writer,81,4810000000,21790000000,0,297
7350063689004671,thread,1,account_worker,86,10360000000,16090000000,3,203883
7350063689004671,thread,1,trader_callback,82,5010000000,21600000000,0,264
7350063689004671,thread,1,trace_writer,83,4700000000,21880000000,2,909
7350063689004671,thread,1,latency_writer,84,4910000000,21590000000,0,107968
7350063789475031,process,-1,process,78,50510000000,163060000000,26441,4
7350063789475031,thread,-1,producer,78,10000000,130000000,26441,4
7350063789475031,thread,-1,sampler,87,30000000,50000000,266,2
7350063789475031,thread,0,account_worker,85,10650000000,15960000000,2,96189
7350063789475031,thread,0,trader_callback,79,4870000000,21840000000,0,603
7350063789475031,thread,0,trace_writer,80,5020000000,21680000000,0,614
7350063789475031,thread,0,latency_writer,81,4830000000,21870000000,0,443
7350063789475031,thread,1,account_worker,86,10390000000,16170000000,3,203886
7350063789475031,thread,1,trader_callback,82,5010000000,21690000000,0,429
7350063789475031,thread,1,trace_writer,83,4710000000,21970000000,2,1066
7350063789475031,thread,1,latency_writer,84,4930000000,21660000000,0,108120
7350063889852215,process,-1,process,78,50680000000,163690000000,26541,4
7350063889852215,thread,-1,producer,78,10000000,130000000,26541,4
7350063889852215,thread,-1,sampler,87,30000000,50000000,267,2
7350063889852215,thread,0,account_worker,85,10690000000,16020000000,2,96189
7350063889852215,thread,0,trader_callback,79,4890000000,21920000000,0,603
7350063889852215,thread,0,trace_writer,80,5040000000,21760000000,0,614
7350063889852215,thread,0,latency_writer,81,4840000000,21960000000,0,443
7350063889852215,thread,1,account_worker,86,10430000000,16220000000,3,203889
7350063889852215,thread,1,trader_callback,82,5030000000,21780000000,0,429
7350063889852215,thread,1,trace_writer,83,4730000000,22050000000,2,1069
7350063889852215,thread,1,latency_writer,84,4930000000,21760000000,0,108123
7350063990210042,process,-1,process,78,50850000000,164320000000,26641,4
7350063990210042,thread,-1,producer,78,10000000,130000000,26641,4
7350063990210042,thread,-1,sampler,87,30000000,50000000,268,2
7350063990210042,thread,0,account_worker,85,10740000000,16080000000,2,96191
7350063990210042,thread,0,trader_callback,79,4910000000,22000000000,0,605
7350063990210042,thread,0,trace_writer,80,5050000000,21850000000,0,614
7350063990210042,thread,0,latency_writer,81,4850000000,22060000000,0,443
7350063990210042,thread,1,account_worker,86,10470000000,16280000000,3,203893
7350063990210042,thread,1,trader_callback,82,5040000000,21870000000,0,429
7350063990210042,thread,1,trace_writer,83,4740000000,22140000000,2,1072
7350063990210042,thread,1,latency_writer,84,4960000000,21840000000,0,108124
7350064090569757,process,-1,process,78,51070000000,164900000000,26742,4
7350064090569757,thread,-1,producer,78,10000000,130000000,26742,4
7350064090569757,thread,-1,sampler,87,30000000,50000000,269,2
7350064090569757,thread,0,account_worker,85,10770000000,16140000000,2,96191
7350064090569757,thread,0,trader_callback,79,4940000000,22070000000,0,605
7350064090569757,thread,0,trace_writer,80,5080000000,21920000000,0,615
7350064090569757,thread,0,latency_writer,81,4870000000,22130000000,0,444
7350064090569757,thread,1,account_worker,86,10520000000,16330000000,3,203894
7350064090569757,thread,1,trader_callback,82,5050000000,21950000000,0,429
7350064090569757,thread,1,trace_writer,83,4750000000,22240000000,2,1079
7350064090569757,thread,1,latency_writer,84,4990000000,21910000000,0,108126
7350064190938421,process,-1,process,78,51240000000,165540000000,26837,4
7350064190938421,thread,-1,producer,78,10000000,130000000,26837,4
7350064190938421,thread,-1,sampler,87,30000000,50000000,270,2
7350064190938421,thread,0,account_worker,85,10800000000,16210000000,2,96191
7350064190938421,thread,0,trader_callback,79,4940000000,22170000000,0,606
7350064190938421,thread,0,trace_writer,80,5090000000,22010000000,0,616
7350064190938421,thread,0,latency_writer,81,4900000000,22200000000,0,444
7350064190938421,thread,1,account_worker,86,10560000000,16390000000,3,203906
7350064190938421,thread,1,trader_callback,82,5070000000,22040000000,0,430
7350064190938421,thread,1,trace_writer,83,4760000000,22320000000,2,1082
7350064190938421,thread,1,latency_writer,84,5010000000,21990000000,0,108127
7350064291348529,process,-1,process,78,51440000000,166140000000,26938,4
7350064291348529,thread,-1,producer,78,10000000,130000000,26938,4
7350064291348529,thread,-1,sampler,87,30000000,50000000,271,10
7350064291348529,thread,0,account_worker,85,10850000000,16260000000,2,96191
7350064291348529,thread,0,trader_callback,79,4950000000,22260000000,0,608
7350064291348529,thread,0,trace_writer,80,5120000000,22080000000,0,616
7350064291348529,thread,0,latency_writer,81,4930000000,22270000000,0,444
7350064291348529,thread,1,account_worker,86,10600000000,16450000000,3,203912
7350064291348529,thread,1,trader_callback,82,5090000000,22110000000,0,430
7350064291348529,thread,1,trace_writer,83,4780000000,22410000000,2,1085
7350064291348529,thread,1,latency_writer,84,5020000000,22080000000,0,108131
7350064391701653,process,-1,process,78,51620000000,166770000000,27038,4
7350064391701653,thread,-1,producer,78,10000000,130000000,27038,4
7350064391701653,thread,-1,sampler,87,30000000,50000000,272,10
7350064391701653,thread,0,account_worker,85,10880000000,16330000000,2,96191
7350064391701653,thread,0,trader_callback,79,4980000000,22330000000,0,609
7350064391701653,thread,0,trace_writer,80,5150000000,22150000000,0,619
7350064391701653,thread,0,latency_writer,81,4940000000,22370000000,0,444
7350064391701653,thread,1,account_worker,86,10630000000,16520000000,3,203921
7350064391701653,thread,1,trader_callback,82,5110000000,22200000000,0,431
7350064391701653,thread,1,trace_writer,83,4790000000,22490000000,2,1088
7350064391701653,thread,1,latency_writer,84,5030000000,22160000000,0,108133
7350064492017336,process,-1,process,78,51820000000,167370000000,27138,4
7350064492017336,thread,-1,producer,78,10000000,130000000,27138,4
7350064492017336,thread,-1,sampler,87,30000000,50000000,273,10
7350064492017336,thread,0,account_worker,85,10920000000,16400000000,2,96191
7350064492017336,thread,0,trader_callback,79,5000000000,22410000000,0,610
7350064492017336,thread,0,trace_writer,80,5170000000,22230000000,0,619
7350064492017336,thread,0,latency_writer,81,4970000000,22440000000,0,445
7350064492017336,thread,1,account_worker,86,10670000000,16590000000,3,203933
7350064492017336,thread,1,trader_callback,82,5130000000,22270000000,0,432
7350064492017336,thread,1,trace_writer,83,4810000000,22570000000,2,1095
7350064492017336,thread,1,latency_writer,84,5050000000,22240000000,0,108135
7350064592368173,process,-1,process,78,52030000000,167960000000,27239,4
7350064592368173,thread,-1,producer,78,10000000,130000000,27239,4
7350064592368173,thread,-1,sampler,87,30000000,50000000,274,10
7350064592368173,thread,0,account_worker,85,10970000000,16450000000,2,96191
7350064592368173,thread,0,trader_callback,79,5010000000,22500000000,0,611
7350064592368173,thread,0,trace_writer,80,5190000000,22310000000,0,619
7350064592368173,thread,0,latency_writer,81,5000000000,22510000000,0,445
7350064592368173,thread,1,account_worker,86,10710000000,16640000000,3,203936
7350064592368173,thread,1,trader_callback,82,5160000000,22350000000,0,432
7350064592368173,thread,1,trace_writer,83,4830000000,22650000000,2,1098
7350064592368173,thread,1,latency_writer,84,5060000000,22330000000,0,108137
7350064692731620,process,-1,process,78,52240000000,168560000000,27339,4
7350064692731620,thread,-1,producer,78,10000000,130000000,27339,4
7350064692731620,thread,-1,sampler,87,30000000,50000000,275,10
7350064692731620,thread,0,account_worker,85,11010000000,16500000000,2,96191
7350064692731620,thread,0,trader_callback,79,5030000000,22580000000,0,614
7350064692731620,thread,0,trace_writer,80,5200000000,22400000000,0,619
7350064692731620,thread,0,latency_writer,81,5020000000,22580000000,0,446
7350064692731620,thread,1,account_worker,86,10750000000,16710000000,3,203936
7350064692731620,thread,1,trader_callback,82,5190000000,22420000000,0,432
7350064692731620,thread,1,trace_writer,83,4840000000,22740000000,2,1101
7350064692731620,thread,1,latency_writer,84,5090000000,22400000000,0,108138
7350064793081143,process,-1,process,78,52420000000,169180000000,27439,4
7350064793081143,thread,-1,producer,78,10000000,130000000,27439,4
7350064793081143,thread,-1,sampler,87,30000000,50000000,276,10
7350064793081143,thread,0,account_worker,85,11040000000,16580000000,2,96192
7350064793081143,thread,0,trader_callback,79,5050000000,22660000000,0,619
7350064793081143,thread,0,trace_writer,80,5220000000,22480000000,0,619
7350064793081143,thread,0,latency_writer,81,5050000000,22660000000,0,446
7350064793081143,thread,1,account_worker,86,10790000000,16760000000,3,203946
7350064793081143,thread,1,trader_callback,82,5210000000,22500000000,0,433
7350064793081143,thread,1,trace_writer,83,4860000000,22830000000,2,1104
7350064793081143,thread,1,latency_writer,84,5110000000,22490000000,0,108138
7350064893456154,process,-1,process,78,52610000000,169800000000,27540,4
7350064893456154,thread,-1,producer,78,10000000,130000000,27540,4
7350064893456154,thread,-1,sampler,87,30000000,50000000,277,10
7350064893456154,thread,0,account_worker,85,11080000000,16640000000,2,96192
7350064893456154,thread,0,trader_callback,79,5070000000,22740000000,0,623
7350064893456154,thread,0,trace_writer,80,5230000000,22570000000,0,622
7350064893456154,thread,0,latency_writer,81,5070000000,22740000000,0,446
7350064893456154,thread,1,account_worker,86,10830000000,16820000000,3,203946
7350064893456154,thread,1,trader_callback,82,5220000000,22590000000,0,433
7350064893456154,thread,1,trace_writer,83,4890000000,22900000000,2,1107
7350064893456154,thread,1,latency_writer,84,5120000000,22580000000,0,108139
7350064993827887,process,-1,process,78,52800000000,170410000000,27639,4
7350064993827887,thread,-1,producer,78,10000000,130000000,27639,4
7350064993827887,thread,-1,sampler,87,30000000,50000000,278,10
7350064993827887,thread,0,account_worker,85,11130000000,16690000000,2,96193
7350064993827887,thread,0,trader_callback,79,5090000000,22820000000,0,632
7350064993827887,thread,0,trace_writer,80,5250000000,22650000000,0,622
7350064993827887,thread,0,latency_writer,81,5090000000,22820000000,0,446
7350064993827887,thread,1,account_worker,86,10870000000,16880000000,3,203947
7350064993827887,thread,1,trader_callback,82,5240000000,22670000000,0,433
7350064993827887,thread,1,trace_writer,83,4910000000,22980000000,2,1110
7350064993827887,thread,1,latency_writer,84,5120000000,22680000000,0,108140
7350065094182946,process,-1,process,78,52970000000,171040000000,27739,4
7350065094182946,thread,-1,producer,78,10000000,140000000,27739,4
7350065094182946,thread,-1,sampler,87,30000000,50000000,279,10
7350065094182946,thread,0,account_worker,85,11170000000,16740000000,2,96193
7350065094182946,thread,0,trader_callback,79,5100000000,22900000000,0,643
7350065094182946,thread,0,trace_writer,80,5280000000,22720000000,0,623
7350065094182946,thread,0,latency_writer,81,5090000000,22920000000,0,447
7350065094182946,thread,1,account_worker,86,10920000000,16940000000,3,203948
7350065094182946,thread,1,trader_callback,82,5250000000,22750000000,0,435
7350065094182946,thread,1,trace_writer,83,4920000000,23070000000,2,1114
7350065094182946,thread,1,latency_writer,84,5130000000,22770000000,0,108142
7350065194542278,process,-1,process,78,53200000000,171610000000,27840,4
7350065194542278,thread,-1,producer,78,10000000,140000000,27840,4
7350065194542278,thread,-1,sampler,87,30000000,50000000,280,10
7350065194542278,thread,0,account_worker,85,11220000000,16800000000,2,96193
7350065194542278,thread,0,trader_callback,79,5120000000,22990000000,0,646
7350065194542278,thread,0,trace_writer,80,5310000000,22790000000,0,623
7350065194542278,thread,0,latency_writer,81,5110000000,23000000000,0,447
7350065194542278,thread,1,account_worker,86,10980000000,16980000000,3,203954
7350065194542278,thread,1,trader_callback,82,5270000000,22840000000,0,435
7350065194542278,thread,1,trace_writer,83,4930000000,23160000000,2,1117
7350065194542278,thread,1,latency_writer,84,5160000000,22840000000,0,108143
7350065294891362,process,-1,process,78,53370000000,172250000000,27940,4
7350065294891362,thread,-1,producer,78,10000000,140000000,27940,4
7350065294891362,thread,-1,sampler,87,30000000,50000000,281,10
7350065294891362,thread,0,account_worker,85,11240000000,16870000000,2,96193
7350065294891362,thread,0,trader_callback,79,5140000000,23070000000,0,648
7350065294891362,thread,0,trace_writer,80,5340000000,22860000000,0,623
7350065294891362,thread,0,latency_writer,81,5120000000,23090000000,0,447
7350065294891362,thread,1,account_worker,86,11010000000,17050000000,3,203955
7350065294891362,thread,1,trader_callback,82,5280000000,22930000000,0,435
7350065294891362,thread,1,trace_writer,83,4940000000,23240000000,2,1118
7350065294891362,thread,1,latency_writer,84,5180000000,22920000000,0,108144
7350065395244101,process,-1,process,78,53530000000,172890000000,28040,4
7350065395244101,thread,-1,producer,78,10000000,140000000,28041,4
7350065395244101,thread,-1,sampler,87,30000000,50000000,282,10
7350065395244101,thread,0,account_worker,85,11280000000,16930000000,2,96193
7350065395244101,thread,0,trader_callback,79,5150000000,23160000000,0,650
7350065395244101,thread,0,trace_writer,80,5350000000,22950000000,0,623
7350065395244101,thread,0,latency_writer,81,5130000000,23170000000,0,447
7350065395244101,thread,1,account_worker,86,11050000000,17110000000,3,203957
7350065395244101,thread,1,trader_callback,82,5290000000,23010000000,0,435
7350065395244101,thread,1,trace_writer,83,4960000000,23330000000,2,1121
7350065395244101,thread,1,latency_writer,84,5200000000,23000000000,0,108144
7350065495614661,process,-1,process,78,53730000000,173490000000,28141,4
7350065495614661,thread,-1,producer,78,10000000,140000000,28141,4
7350065495614661,thread,-1,sampler,87,30000000,50000000,283,10
7350065495614661,thread,0,account_worker,85,11330000000,16990000000,2,96193
7350065495614661,thread,0,trader_callback,79,5160000000,23250000000,0,654
7350065495614661,thread,0,trace_writer,80,5370000000,23030000000,0,624
7350065495614661,thread,0,latency_writer,81,5140000000,23270000000,0,447
7350065495614661,thread,1,account_worker,86,11100000000,17160000000,3,203960
7350065495614661,thread,1,trader_callback,82,5330000000,23080000000,0,435
7350065495614661,thread,1,trace_writer,83,4980000000,23410000000,2,1124
7350065495614661,thread,1,latency_writer,84,5210000000,23090000000,0,108145
7350065595984587,process,-1,process,78,53920000000,174100000000,28241,4
7350065595984587,thread,-1,producer,78,10000000,140000000,28241,4
7350065595984587,thread,-1,sampler,87,30000000,50000000,284,10
7350065595984587,thread,0,account_worker,85,11360000000,17060000000,2,96193
7350065595984587,thread,0,trader_callback,79,5180000000,23330000000,0,657
7350065595984587,thread,0,trace_writer,80,5390000000,23110000000,0,625
7350065595984587,thread,0,latency_writer,81,5170000000,23340000000,0,447
7350065595984587,thread,1,account_worker,86,11150000000,17210000000,3,203962
7350065595984587,thread,1,trader_callback,82,5330000000,23180000000,0,435
7350065595984587,thread,1,trace_writer,83,5000000000,23490000000,2,1124
7350065595984587,thread,1,latency_writer,84,5230000000,23170000000,0,108147
7350065696356902,process,-1,process,78,54080000000,174750000000,28342,4
7350065696356902,thread,-1,producer,78,10000000,140000000,28342,4
7350065696356902,thread,-1,sampler,87,30000000,50000000,285,10
7350065696356902,thread,0,account_worker,85,11390000000,17130000000,2,96194
7350065696356902,thread,0,trader_callback,79,5210000000,23400000000,0,661
7350065696356902,thread,0,trace_writer,80,5410000000,23190000000,0,625
7350065696356902,thread,0,latency_writer,81,5190000000,23420000000,0,447
7350065696356902,thread,1,account_worker,86,11190000000,17270000000,3,203965
7350065696356902,thread,1,trader_callback,82,5350000000,23260000000,0,435
7350065696356902,thread,1,trace_writer,83,5010000000,23580000000,2,1130
7350065696356902,thread,1,latency_writer,84,5240000000,23260000000,0,108148
7350065796717468,process,-1,process,78,54240000000,175390000000,28442,4
7350065796717468,thread,-1,producer,78,10000000,140000000,28442,4
7350065796717468,thread,-1,sampler,87,30000000,50000000,286,10
7350065796717468,thread,0,account_worker,85,11420000000,17200000000,2,96194
7350065796717468,thread,0,trader_callback,79,5220000000,23490000000,0,665
7350065796717468,thread,0,trace_writer,80,5440000000,23270000000,0,625
7350065796717468,thread,0,latency_writer,81,5200000000,23510000000,0,447
7350065796717468,thread,1,account_worker,86,11210000000,17350000000,3,203967
7350065796717468,thread,1,trader_callback,82,5370000000,23340000000,0,435
7350065796717468,thread,1,trace_writer,83,5020000000,23670000000,2,1131
7350065796717468,thread,1,latency_writer,84,5260000000,23340000000,0,108148
7350065897205820,process,-1,process,78,54450000000,175980000000,28542,4
7350065897205820,thread,-1,producer,78,10000000,140000000,28542,4
7350065897205820,thread,-1,sampler,87,30000000,50000000,287,10
7350065897205820,thread,0,account_worker,85,11470000000,17240000000,2,96194
7350065897205820,thread,0,trader_callback,79,5240000000,23570000000,0,673
7350065897205820,thread,0,trace_writer,80,5460000000,23340000000,0,625
7350065897205820,thread,0,latency_writer,81,5210000000,23600000000,0,447
7350065897205820,thread,1,account_worker,86,11250000000,17410000000,3,203974
7350065897205820,thread,1,trader_callback,82,5390000000,23420000000,0,435
7350065897205820,thread,1,trace_writer,83,5050000000,23740000000,2,1134
7350065897205820,thread,1,latency_writer,84,5280000000,23420000000,0,108151
7350065997565288,process,-1,process,78,54650000000,176590000000,28643,4
7350065997565288,thread,-1,producer,78,10000000,140000000,28643,4
7350065997565288,thread,-1,sampler,87,30000000,50000000,288,10
7350065997565288,thread,0,account_worker,85,11530000000,17290000000,2,96195
7350065997565288,thread,0,trader_callback,79,5250000000,23660000000,0,678
7350065997565288,thread,0,trace_writer,80,5470000000,23430000000,0,625
7350065997565288,thread,0,latency_writer,81,5220000000,23690000000,0,447
7350065997565288,thread,1,account_worker,86,11290000000,17460000000,3,203977
7350065997565288,thread,1,trader_callback,82,5410000000,23510000000,0,435
7350065997565288,thread,1,trace_writer,83,5060000000,23830000000,2,1134
7350065997565288,thread,1,latency_writer,84,5300000000,23500000000,0,108153
7350066097919834,process,-1,process,78,54850000000,177190000000,28743,4
7350066097919834,thread,-1,producer,78,10000000,140000000,28743,4
7350066097919834,thread,-1,sampler,87,30000000,50000000,289,10
7350066097919834,thread,0,account_worker,85,11570000000,17350000000,2,96195
7350066097919834,thread,0,trader_callback,79,5260000000,23750000000,0,688
7350066097919834,thread,0,trace_writer,80,5510000000,23500000000,0,626
7350066097919834,thread,0,latency_writer,81,5250000000,23760000000,0,448
7350066097919834,thread,1,account_worker,86,11330000000,17520000000,3,203979
7350066097919834,thread,1,trader_callback,82,5430000000,23580000000,0,435
7350066097919834,thread,1,trace_writer,83,5080000000,23910000000,2,1138
7350066097919834,thread,1,latency_writer,84,5320000000,23580000000,0,108156
7350066198293489,process,-1,process,78,55010000000,177830000000,28844,4
7350066198293489,thread,-1,producer,78,10000000,140000000,28844,4
7350066198293489,thread,-1,sampler,87,30000000,50000000,290,10
7350066198293489,thread,0,account_worker,85,11620000000,17400000000,2,96195
7350066198293489,thread,0,trader_callback,79,5280000000,23830000000,0,706
7350066198293489,thread,0,trace_writer,80,5530000000,23570000000,0,627
7350066198293489,thread,0,latency_writer,81,5270000000,23850000000,0,448
7350066198293489,thread,1,account_worker,86,11360000000,17600000000,3,203984
7350066198293489,thread,1,trader_callback,82,5450000000,23670000000,0,435
7350066198293489,thread,1,trace_writer,83,5080000000,24010000000,2,1138
7350066198293489,thread,1,latency_writer,84,5320000000,23680000000,0,108158
7350066298630218,process,-1,process,78,55160000000,178480000000,28944,4
7350066298630218,thread,-1,producer,78,10000000,140000000,28944,4
7350066298630218,thread,-1,sampler,87,30000000,60000000,291,10
7350066298630218,thread,0,account_worker,85,11660000000,17460000000,2,96195
7350066298630218,thread,0,trader_callback,79,5290000000,23920000000,0,712
7350066298630218,thread,0,trace_writer,80,5540000000,23670000000,0,627
7350066298630218,thread,0,latency_writer,81,5270000000,23940000000,0,448
7350066298630218,thread,1,account_worker,86,11390000000,17670000000,3,203990
7350066298630218,thread,1,trader_callback,82,5470000000,23740000000,0,435
7350066298630218,thread,1,trace_writer,83,5100000000,24090000000,2,1141
7350066298630218,thread,1,latency_writer,84,5330000000,23770000000,0,108159
7350066398999861,process,-1,process,78,55350000000,179090000000,29044,4
7350066398999861,thread,-1,producer,78,10000000,140000000,29044,4
7350066398999861,thread,-1,sampler,87,30000000,60000000,292,10
7350066398999861,thread,0,account_worker,85,11700000000,17520000000,2,96195
7350066398999861,thread,0,trader_callback,79,5310000000,24000000000,0,716
7350066398999861,thread,0,trace_writer,80,5560000000,23750000000,0,627
7350066398999861,thread,0,latency_writer,81,5290000000,24020000000,0,448
7350066398999861,thread,1,account_worker,86,11430000000,17720000000,3,203993
7350066398999861,thread,1,trader_callback,82,5490000000,23830000000,0,436
7350066398999861,thread,1,trace_writer,83,5130000000,24160000000,2,1150
7350066398999861,thread,1,latency_writer,84,5340000000,23860000000,0,108160
7350066499363151,process,-1,process,78,55560000000,179680000000,29145,4
7350066499363151,thread,-1,producer,78,10000000,140000000,29145,4
7350066499363151,thread,-1,sampler,87,30000000,60000000,293,10
7350066499363151,thread,0,account_worker,85,11750000000,17570000000,2,96195
7350066499363151,thread,0,trader_callback,79,5340000000,24070000000,0,719
7350066499363151,thread,0,trace_writer,80,5580000000,23830000000,0,627
7350066499363151,thread,0,latency_writer,81,5310000000,24100000000,0,448
7350066499363151,thread,1,account_worker,86,11480000000,17780000000,3,203994
7350066499363151,thread,1,trader_callback,82,5510000000,23900000000,0,437
7350066499363151,thread,1,trace_writer,83,5140000000,24250000000,2,1159
7350066499363151,thread,1,latency_writer,84,5350000000,23960000000,0,108162
7350066599820123,process,-1,process,78,55740000000,180310000000,29242,4
7350066599820123,thread,-1,producer,78,10000000,140000000,29242,4
7350066599820123,thread,-1,sampler,87,30000000,60000000,294,10
7350066599820123,thread,0,account_worker,85,11780000000,17640000000,2,96195
7350066599820123,thread,0,trader_callback,79,5350000000,24160000000,0,723
7350066599820123,thread,0,trace_writer,80,5600000000,23910000000,0,627
7350066599820123,thread,0,latency_writer,81,5330000000,24180000000,0,448
7350066599820123,thread,1,account_worker,86,11510000000,17850000000,3,203998
7350066599820123,thread,1,trader_callback,82,5540000000,23980000000,0,437
7350066599820123,thread,1,trace_writer,83,5160000000,24340000000,2,1165
7350066599820123,thread,1,latency_writer,84,5370000000,24030000000,0,108164
7350066700204998,process,-1,process,78,55930000000,180930000000,29342,4
7350066700204998,thread,-1,producer,78,10000000,140000000,29342,4
7350066700204998,thread,-1,sampler,87,30000000,60000000,295,10
7350066700204998,thread,0,account_worker,85,11830000000,17690000000,2,96196
7350066700204998,thread,0,trader_callback,79,5360000000,24250000000,0,726
7350066700204998,thread,0,trace_writer,80,5610000000,24000000000,0,627
7350066700204998,thread,0,latency_writer,81,5350000000,24260000000,0,448
7350066700204998,thread,1,account_worker,86,11560000000,17890000000,3,204002
7350066700204998,thread,1,trader_callback,82,5550000000,24060000000,0,437
7350066700204998,thread,1,trace_writer,83,5160000000,24430000000,2,1171
7350066700204998,thread,1,latency_writer,84,5390000000,24120000000,0,108167
7350066800585662,process,-1,process,78,56120000000,181540000000,29443,4
7350066800585662,thread,-1,producer,78,10000000,140000000,29443,4
7350066800585662,thread,-1,sampler,87,30000000,60000000,296,10
7350066800585662,thread,0,account_worker,85,11850000000,17770000000,2,96199
7350066800585662,thread,0,trader_callback,79,5380000000,24330000000,0,732
7350066800585662,thread,0,trace_writer,80,5650000000,24060000000,0,627
7350066800585662,thread,0,latency_writer,81,5390000000,24330000000,0,448
7350066800585662,thread,1,account_worker,86,11610000000,17950000000,3,204004
7350066800585662,thread,1,trader_callback,82,5560000000,24150000000,0,438
7350066800585662,thread,1,trace_writer,83,5170000000,24520000000,2,1174
7350066800585662,thread,1,latency_writer,84,5400000000,24210000000,0,108167
7350066900982636,process,-1,process,78,56300000000,182150000000,29540,4
7350066900982636,thread,-1,producer,78,10000000,140000000,29540,4
7350066900982636,thread,-1,sampler,87,30000000,60000000,297,10
7350066900982636,thread,0,account_worker,85,11890000000,17830000000,2,96215
7350066900982636,thread,0,trader_callback,79,5390000000,24410000000,0,781
7350066900982636,thread,0,trace_writer,80,5670000000,24140000000,0,643
7350066900982636,thread,0,latency_writer,81,5400000000,24420000000,0,464
7350066900982636,thread,1,account_worker,86,11660000000,18000000000,3,204021
7350066900982636,thread,1,trader_callback,82,5570000000,24240000000,0,455
7350066900982636,thread,1,trace_writer,83,5190000000,24610000000,2,1193
7350066900982636,thread,1,latency_writer,84,5420000000,24280000000,0,108187
7350067001376626,process,-1,process,78,56460000000,182800000000,29641,4
7350067001376626,thread,-1,producer,78,10000000,140000000,29641,4
7350067001376626,thread,-1,sampler,87,30000000,60000000,298,10
7350067001376626,thread,0,account_worker,85,11920000000,17900000000,2,96219
7350067001376626,thread,0,trader_callback,79,5400000000,24500000000,0,781
7350067001376626,thread,0,trace_writer,80,5690000000,24220000000,0,643
7350067001376626,thread,0,latency_writer,81,5410000000,24500000000,0,464
7350067001376626,thread,1,account_worker,86,11710000000,18050000000,3,204022
7350067001376626,thread,1,trader_callback,82,5580000000,24340000000,0,456
7350067001376626,thread,1,trace_writer,83,5190000000,24700000000,2,1199
7350067001376626,thread,1,latency_writer,84,5440000000,24360000000,0,108188
7350067101736777,process,-1,process,78,56690000000,183370000000,29741,4
7350067101736777,thread,-1,producer,78,10000000,140000000,29741,4
7350067101736777,thread,-1,sampler,87,40000000,60000000,299,10
7350067101736777,thread,0,account_worker,85,11970000000,17950000000,2,96219
7350067101736777,thread,0,trader_callback,79,5430000000,24570000000,0,783
7350067101736777,thread,0,trace_writer,80,5720000000,24290000000,0,644
7350067101736777,thread,0,latency_writer,81,5440000000,24580000000,0,465
7350067101736777,thread,1,account_worker,86,11770000000,18090000000,3,204026
7350067101736777,thread,1,trader_callback,82,5590000000,24420000000,0,456
7350067101736777,thread,1,trace_writer,83,5200000000,24790000000,2,1203
7350067101736777,thread,1,latency_writer,84,5450000000,24450000000,0,108191
7350067202093607,process,-1,process,78,56890000000,183980000000,29841,4
7350067202093607,thread,-1,producer,78,10000000,140000000,29841,4
7350067202093607,thread,-1,sampler,87,40000000,60000000,300,10
7350067202093607,thread,0,account_worker,85,12010000000,18010000000,2,96219
7350067202093607,thread,0,trader_callback,79,5440000000,24660000000,0,783
7350067202093607,thread,0,trace_writer,80,5730000000,24380000000,0,644
7350067202093607,thread,0,latency_writer,81,5460000000,24650000000,0,465
7350067202093607,thread,1,account_worker,86,11810000000,18150000000,3,204029
7350067202093607,thread,1,trader_callback,82,5620000000,24500000000,0,457
7350067202093607,thread,1,trace_writer,83,5240000000,24860000000,2,1210
7350067202093607,thread,1,latency_writer,84,5470000000,24530000000,0,108191
7350067302462097,process,-1,process,78,57120000000,184540000000,29942,4
7350067302462097,thread,-1,producer,78,10000000,140000000,29942,4
7350067302462097,thread,-1,sampler,87,40000000,60000000,301,10
7350067302462097,thread,0,account_worker,85,12070000000,18050000000,2,96222
7350067302462097,thread,0,trader_callback,79,5470000000,24730000000,0,783
7350067302462097,thread,0,trace_writer,80,5750000000,24460000000,0,645
7350067302462097,thread,0,latency_writer,81,5470000000,24740000000,0,465
7350067302462097,thread,1,account_worker,86,11860000000,18200000000,3,204038
7350067302462097,thread,1,trader_callback,82,5630000000,24590000000,0,457
7350067302462097,thread,1,trace_writer,83,5260000000,24940000000,2,1211
7350067302462097,thread,1,latency_writer,84,5500000000,24610000000,0,108194
7350067402840048,process,-1,process,78,57300000000,185170000000,30042,4
7350067402840048,thread,-1,producer,78,10000000,140000000,30042,4
7350067402840048,thread,-1,sampler,87,40000000,60000000,302,10
7350067402840048,thread,0,account_worker,85,12110000000,18110000000,2,96222
7350067402840048,thread,0,trader_callback,79,5480000000,24820000000,0,784
7350067402840048,thread,0,trace_writer,80,5770000000,24540000000,0,648
7350067402840048,thread,0,latency_writer,81,5480000000,24830000000,0,465
7350067402840048,thread,1,account_worker,86,11900000000,18260000000,3,204041
7350067402840048,thread,1,trader_callback,82,5650000000,24660000000,0,457
7350067402840048,thread,1,trace_writer,83,5270000000,25030000000,2,1212
7350067402840048,thread,1,latency_writer,84,5520000000,24690000000,0,108194
7350067503207312,process,-1,process,78,57520000000,185750000000,30142,4
7350067503207312,thread,-1,producer,78,10000000,140000000,30142,4
7350067503207312,thread,-1,sampler,87,40000000,60000000,303,10
7350067503207312,thread,0,account_worker,85,12180000000,18140000000,2,96225
7350067503207312,thread,0,trader_callback,79,5500000000,24900000000,0,784
7350067503207312,thread,0,trace_writer,80,5790000000,24630000000,0,649
7350067503207312,thread,0,latency_writer,81,5510000000,24910000000,0,465
7350067503207312,thread,1,account_worker,86,11950000000,18310000000,3,204044
7350067503207312,thread,1,trader_callback,82,5680000000,24740000000,0,457
7350067503207312,thread,1,trace_writer,83,5280000000,25120000000,2,1213
7350067503207312,thread,1,latency_writer,84,5540000000,24770000000,0,108199
7350067603576553,process,-1,process,78,57740000000,186330000000,30243,4
7350067603576553,thread,-1,producer,78,10000000,150000000,30243,4
7350067603576553,thread,-1,sampler,87,40000000,60000000,304,10
7350067603576553,thread,0,account_worker,85,12240000000,18190000000,2,96225
7350067603576553,thread,0,trader_callback,79,5520000000,24980000000,0,784
7350067603576553,thread,0,trace_writer,80,5810000000,24710000000,0,650
7350067603576553,thread,0,latency_writer,81,5540000000,24980000000,0,465
7350067603576553,thread,1,account_worker,86,11990000000,18360000000,3,204050
7350067603576553,thread,1,trader_callback,82,5700000000,24820000000,0,457
7350067603576553,thread,1,trace_writer,83,5280000000,25210000000,2,1213
7350067603576553,thread,1,latency_writer,84,5560000000,24850000000,0,108200
7350067703938026,process,-1,process,78,57890000000,186990000000,30343,4
7350067703938026,thread,-1,producer,78,10000000,150000000,30343,4
7350067703938026,thread,-1,sampler,87,40000000,60000000,305,10
7350067703938026,thread,0,account_worker,85,12270000000,18260000000,2,96225
7350067703938026,thread,0,trader_callback,79,5520000000,25080000000,0,784
7350067703938026,thread,0,trace_writer,80,5820000000,24790000000,0,651
7350067703938026,thread,0,latency_writer,81,5550000000,25060000000,0,465
7350067703938026,thread,1,account_worker,86,12020000000,18440000000,3,204050
7350067703938026,thread,1,trader_callback,82,5720000000,24900000000,0,457
7350067703938026,thread,1,trace_writer,83,5300000000,25290000000,2,1213
7350067703938026,thread,1,latency_writer,84,5570000000,24930000000,0,108200
7350067804309158,process,-1,process,78,58100000000,187590000000,30444,4
7350067804309158,thread,-1,producer,78,10000000,150000000,30444,4
7350067804309158,thread,-1,sampler,87,40000000,60000000,306,10
7350067804309158,thread,0,account_worker,85,12330000000,18300000000,2,96225
7350067804309158,thread,0,trader_callback,79,5540000000,25160000000,0,784
7350067804309158,thread,0,trace_writer,80,5830000000,24880000000,0,651
7350067804309158,thread,0,latency_writer,81,5590000000,25130000000,0,466
7350067804309158,thread,1,account_worker,86,12040000000,18510000000,3,204056
7350067804309158,thread,1,trader_callback,82,5730000000,24980000000,0,457
7350067804309158,thread,1,trace_writer,83,5330000000,25370000000,2,1220
7350067804309158,thread,1,latency_writer,84,5600000000,25010000000,0,108204
7350067904827715,process,-1,process,78,58330000000,188150000000,30544,4
7350067904827715,thread,-1,producer,78,10000000,150000000,30544,4
7350067904827715,thread,-1,sampler,87,40000000,60000000,307,10
7350067904827715,thread,0,account_worker,85,12360000000,18360000000,2,96229
7350067904827715,thread,0,trader_callback,79,5570000000,25230000000,0,784
7350067904827715,thread,0,trace_writer,80,5860000000,24960000000,0,651
7350067904827715,thread,0,latency_writer,81,5610000000,25210000000,0,466
7350067904827715,thread,1,account_worker,86,12100000000,18560000000,3,204062
7350067904827715,thread,1,trader_callback,82,5760000000,25060000000,0,457
7350067904827715,thread,1,trace_writer,83,5350000000,25450000000,2,1227
7350067904827715,thread,1,latency_writer,84,5610000000,25090000000,0,108205
7350068005215367,process,-1,process,78,58530000000,188760000000,30644,4
7350068005215367,thread,-1,producer,78,10000000,150000000,30644,4
7350068005215367,thread,-1,sampler,87,40000000,60000000,308,10
7350068005215367,thread,0,account_worker,85,12410000000,18420000000,2,96230
7350068005215367,thread,0,trader_callback,79,5590000000,25320000000,0,784
7350068005215367,thread,0,trace_writer,80,5870000000,25040000000,0,654
7350068005215367,thread,0,latency_writer,81,5630000000,25280000000,0,467
7350068005215367,thread,1,account_worker,86,12140000000,18620000000,3,204069
7350068005215367,thread,1,trader_callback,82,5780000000,25140000000,0,457
7350068005215367,thread,1,trace_writer,83,5360000000,25530000000,2,1230
7350068005215367,thread,1,latency_writer,84,5640000000,25170000000,0,108206
7350068105568179,process,-1,process,78,58720000000,189380000000,30745,4
7350068105568179,thread,-1,producer,78,10000000,150000000,30745,4
7350068105568179,thread,-1,sampler,87,40000000,60000000,309,10
7350068105568179,thread,0,account_worker,85,12440000000,18490000000,2,96230
7350068105568179,thread,0,trader_callback,79,5620000000,25380000000,0,784
7350068105568179,thread,0,trace_writer,80,5900000000,25120000000,0,655
7350068105568179,thread,0,latency_writer,81,5650000000,25360000000,0,468
7350068105568179,thread,1,account_worker,86,12170000000,18690000000,3,204076
7350068105568179,thread,1,trader_callback,82,5780000000,25240000000,0,457
7350068105568179,thread,1,trace_writer,83,5390000000,25610000000,2,1234
7350068105568179,thread,1,latency_writer,84,5650000000,25250000000,0,108211
7350068206045887,process,-1,process,78,58910000000,189990000000,30845,4
7350068206045887,thread,-1,producer,78,10000000,150000000,30845,4
7350068206045887,thread,-1,sampler,87,40000000,60000000,310,10
7350068206045887,thread,0,account_worker,85,12490000000,18540000000,2,96230
7350068206045887,thread,0,trader_callback,79,5650000000,25450000000,0,784
7350068206045887,thread,0,trace_writer,80,5920000000,25190000000,0,656
7350068206045887,thread,0,latency_writer,81,5660000000,25460000000,0,468
7350068206045887,thread,1,account_worker,86,12210000000,18750000000,3,204079
7350068206045887,thread,1,trader_callback,82,5790000000,25330000000,0,458
7350068206045887,thread,1,trace_writer,83,5400000000,25700000000,2,1234
7350068206045887,thread,1,latency_writer,84,5670000000,25340000000,0,108212
7350068306524070,process,-1,process,78,59100000000,190600000000,30946,4
7350068306524070,thread,-1,producer,78,10000000,150000000,30946,4
7350068306524070,thread,-1,sampler,87,40000000,60000000,311,10
7350068306524070,thread,0,account_worker,85,12510000000,18610000000,2,96230
7350068306524070,thread,0,trader_callback,79,5670000000,25530000000,0,784
7350068306524070,thread,0,trace_writer,80,5940000000,25270000000,0,656
7350068306524070,thread,0,latency_writer,81,5680000000,25540000000,0,468
7350068306524070,thread,1,account_worker,86,12260000000,18800000000,3,204082
7350068306524070,thread,1,trader_callback,82,5820000000,25400000000,0,458
7350068306524070,thread,1,trace_writer,83,5410000000,25790000000,2,1234
7350068306524070,thread,1,latency_writer,84,5690000000,25410000000,0,108216
7350068406990939,process,-1,process,78,59260000000,191250000000,31046,4
7350068406990939,thread,-1,producer,78,10000000,150000000,31046,4
7350068406990939,thread,-1,sampler,87,40000000,60000000,312,10
7350068406990939,thread,0,account_worker,85,12540000000,18690000000,2,96233
7350068406990939,thread,0,trader_callback,79,5690000000,25620000000,0,784
7350068406990939,thread,0,trace_writer,80,5960000000,25350000000,0,659
7350068406990939,thread,0,latency_writer,81,5680000000,25640000000,0,469
7350068406990939,thread,1,account_worker,86,12280000000,18880000000,3,204088
7350068406990939,thread,1,trader_callback,82,5850000000,25470000000,0,462
7350068406990939,thread,1,trace_writer,83,5430000000,25870000000,2,1238
7350068406990939,thread,1,latency_writer,84,5720000000,25490000000,0,108220
7350068507453677,process,-1,process,78,59450000000,191860000000,31147,4
7350068507453677,thread,-1,producer,78,10000000,150000000,31147,4
7350068507453677,thread,-1,sampler,87,40000000,60000000,313,10
7350068507453677,thread,0,account_worker,85,12570000000,18760000000,2,96233
7350068507453677,thread,0,trader_callback,79,5700000000,25710000000,0,785
7350068507453677,thread,0,trace_writer,80,6000000000,25410000000,0,659
7350068507453677,thread,0,latency_writer,81,5690000000,25730000000,0,470
7350068507453677,thread,1,account_worker,86,12320000000,18940000000,3,204088
7350068507453677,thread,1,trader_callback,82,5870000000,25550000000,0,467
7350068507453677,thread,1,trace_writer,83,5440000000,25960000000,2,1238
7350068507453677,thread,1,latency_writer,84,5740000000,25570000000,0,108225
7350068607907056,process,-1,process,78,59600000000,192510000000,31247,4
7350068607907056,thread,-1,producer,78,10000000,150000000,31247,4
7350068607907056,thread,-1,sampler,87,40000000,60000000,314,10
7350068607907056,thread,0,account_worker,85,12620000000,18810000000,2,96236
7350068607907056,thread,0,trader_callback,79,5700000000,25800000000,0,785
7350068607907056,thread,0,trace_writer,80,6020000000,25500000000,0,659
7350068607907056,thread,0,latency_writer,81,5710000000,25810000000,0,470
7350068607907056,thread,1,account_worker,86,12350000000,19010000000,3,204094
7350068607907056,thread,1,trader_callback,82,5890000000,25630000000,0,470
7350068607907056,thread,1,trace_writer,83,5450000000,26050000000,2,1238
7350068607907056,thread,1,latency_writer,84,5740000000,25660000000,0,108230
7350068708398575,process,-1,process,78,59800000000,193120000000,31348,4
7350068708398575,thread,-1,producer,78,10000000,150000000,31348,4
7350068708398575,thread,-1,sampler,87,40000000,60000000,315,10
7350068708398575,thread,0,account_worker,85,12650000000,18880000000,2,96236
7350068708398575,thread,0,trader_callback,79,5730000000,25880000000,0,785
7350068708398575,thread,0,trace_writer,80,6040000000,25580000000,0,659
7350068708398575,thread,0,latency_writer,81,5720000000,25900000000,0,470
7350068708398575,thread,1,account_worker,86,12400000000,19060000000,3,204094
7350068708398575,thread,1,trader_callback,82,5910000000,25710000000,0,470
7350068708398575,thread,1,trace_writer,83,5480000000,26120000000,2,1241
7350068708398575,thread,1,latency_writer,84,5760000000,25750000000,0,108233
7350068808764065,process,-1,process,78,59940000000,193780000000,31448,4
7350068808764065,thread,-1,producer,78,10000000,150000000,31448,4
7350068808764065,thread,-1,sampler,87,40000000,60000000,316,10
7350068808764065,thread,0,account_worker,85,12670000000,18960000000,2,96239
7350068808764065,thread,0,trader_callback,79,5740000000,25960000000,0,785
7350068808764065,thread,0,trace_writer,80,6060000000,25660000000,0,662
7350068808764065,thread,0,latency_writer,81,5740000000,25980000000,0,471
7350068808764065,thread,1,account_worker,86,12430000000,19130000000,3,204100
7350068808764065,thread,1,trader_callback,82,5920000000,25800000000,0,470
7350068808764065,thread,1,trace_writer,83,5490000000,26210000000,2,1241
7350068808764065,thread,1,latency_writer,84,5780000000,25830000000,0,108236
7350068909122366,process,-1,process,78,60120000000,194410000000,31548,4
7350068909122366,thread,-1,producer,78,10000000,150000000,31548,4
7350068909122366,thread,-1,sampler,87,40000000,60000000,317,10
7350068909122366,thread,0,account_worker,85,12720000000,19010000000,2,96239
7350068909122366,thread,0,trader_callback,79,5760000000,26050000000,0,785
7350068909122366,thread,0,trace_writer,80,6070000000,25740000000,0,662
7350068909122366,thread,0,latency_writer,81,5750000000,26080000000,0,472
7350068909122366,thread,1,account_worker,86,12470000000,19200000000,3,204104
7350068909122366,thread,1,trader_callback,82,5950000000,25880000000,0,470
7350068909122366,thread,1,trace_writer,83,5500000000,26300000000,2,1244
7350068909122366,thread,1,latency_writer,84,5790000000,25920000000,0,108236
7350069009496527,process,-1,process,78,60310000000,195020000000,31649,4
7350069009496527,thread,-1,producer,78,10000000,150000000,31649,4
7350069009496527,thread,-1,sampler,87,40000000,60000000,318,10
7350069009496527,thread,0,account_worker,85,12760000000,19070000000,2,96240
7350069009496527,thread,0,trader_callback,79,5780000000,26130000000,0,785
7350069009496527,thread,0,trace_writer,80,6090000000,25820000000,0,663
7350069009496527,thread,0,latency_writer,81,5770000000,26150000000,0,473
7350069009496527,thread,1,account_worker,86,12510000000,19250000000,3,204108
7350069009496527,thread,1,trader_callback,82,5950000000,25970000000,0,470
7350069009496527,thread,1,trace_writer,83,5520000000,26380000000,2,1244
7350069009496527,thread,1,latency_writer,84,5810000000,26010000000,0,108236
7350069109980020,process,-1,process,78,60530000000,195610000000,31749,4
7350069109980020,thread,-1,producer,78,10000000,150000000,31749,4
7350069109980020,thread,-1,sampler,87,40000000,60000000,319,10
7350069109980020,thread,0,account_worker,85,12790000000,19140000000,2,96243
7350069109980020,thread,0,trader_callback,79,5820000000,26190000000,0,785
7350069109980020,thread,0,trace_writer,80,6120000000,25900000000,0,663
7350069109980020,thread,0,latency_writer,81,5790000000,26240000000,0,474
7350069109980020,thread,1,account_worker,86,12560000000,19300000000,3,204108
7350069109980020,thread,1,trader_callback,82,5970000000,26050000000,0,471
7350069109980020,thread,1,trace_writer,83,5540000000,26470000000,2,1245
7350069109980020,thread,1,latency_writer,84,5840000000,26070000000,0,108241
7350069210345231,process,-1,process,78,60740000000,196200000000,31850,4
7350069210345231,thread,-1,producer,78,10000000,150000000,31850,4
7350069210345231,thread,-1,sampler,87,40000000,60000000,320,10
7350069210345231,thread,0,account_worker,85,12830000000,19200000000,2,96243
7350069210345231,thread,0,trader_callback,79,5840000000,26270000000,0,785
7350069210345231,thread,0,trace_writer,80,6150000000,25970000000,0,663
7350069210345231,thread,0,latency_writer,81,5790000000,26330000000,0,476
7350069210345231,thread,1,account_worker,86,12610000000,19360000000,3,204108
7350069210345231,thread,1,trader_callback,82,6000000000,26120000000,0,473
7350069210345231,thread,1,trace_writer,83,5560000000,26550000000,2,1248
7350069210345231,thread,1,latency_writer,84,5850000000,26160000000,0,108244
7350069310811800,process,-1,process,78,60950000000,196790000000,31950,4
7350069310811800,thread,-1,producer,78,10000000,150000000,31950,4
7350069310811800,thread,-1,sampler,87,40000000,60000000,321,10
7350069310811800,thread,0,account_worker,85,12870000000,19260000000,2,96243
7350069310811800,thread,0,trader_callback,79,5870000000,26340000000,0,785
7350069310811800,thread,0,trace_writer,80,6170000000,26050000000,0,666
7350069310811800,thread,0,latency_writer,81,5810000000,26410000000,0,478
7350069310811800,thread,1,account_worker,86,12640000000,19430000000,3,204111
7350069310811800,thread,1,trader_callback,82,6020000000,26200000000,0,473
7350069310811800,thread,1,trace_writer,83,5580000000,26620000000,2,1252
7350069310811800,thread,1,latency_writer,84,5880000000,26230000000,0,108248
7350069411287033,process,-1,process,78,61110000000,197430000000,32051,4
7350069411287033,thread,-1,producer,78,10000000,150000000,32051,4
7350069411287033,thread,-1,sampler,87,40000000,60000000,322,10
7350069411287033,thread,0,account_worker,85,12920000000,19320000000,2,96243
7350069411287033,thread,0,trader_callback,79,5880000000,26430000000,0,785
7350069411287033,thread,0,trace_writer,80,6170000000,26150000000,0,666
7350069411287033,thread,0,latency_writer,81,5830000000,26490000000,0,480
7350069411287033,thread,1,account_worker,86,12680000000,19490000000,3,204114
7350069411287033,thread,1,trader_callback,82,6030000000,26290000000,0,473
7350069411287033,thread,1,trace_writer,83,5600000000,26700000000,2,1255
7350069411287033,thread,1,latency_writer,84,5890000000,26320000000,0,108249
7350069511649107,process,-1,process,78,61280000000,198070000000,32151,4
7350069511649107,thread,-1,producer,78,10000000,150000000,32151,4
7350069511649107,thread,-1,sampler,87,40000000,60000000,323,10
7350069511649107,thread,0,account_worker,85,12960000000,19380000000,2,96246
7350069511649107,thread,0,trader_callback,79,5910000000,26500000000,0,785
7350069511649107,thread,0,trace_writer,80,6180000000,26240000000,0,668
7350069511649107,thread,0,latency_writer,81,5840000000,26580000000,0,481
7350069511649107,thread,1,account_worker,86,12710000000,19550000000,3,204123
7350069511649107,thread,1,trader_callback,82,6050000000,26370000000,0,473
7350069511649107,thread,1,trace_writer,83,5620000000,26790000000,2,1261
7350069511649107,thread,1,latency_writer,84,5910000000,26400000000,0,108250
7350069612023602,process,-1,process,78,61480000000,198670000000,32251,4
7350069612023602,thread,-1,producer,78,10000000,150000000,32251,4
7350069612023602,thread,-1,sampler,87,40000000,60000000,324,10
7350069612023602,thread,0,account_worker,85,13000000000,19440000000,2,96249
7350069612023602,thread,0,trader_callback,79,5940000000,26580000000,0,785
7350069612023602,thread,0,trace_writer,80,6200000000,26320000000,0,673
7350069612023602,thread,0,latency_writer,81,5860000000,26660000000,0,482
7350069612023602,thread,1,account_worker,86,12750000000,19610000000,3,204132
7350069612023602,thread,1,trader_callback,82,6070000000,26450000000,0,473
7350069612023602,thread,1,trace_writer,83,5630000000,26880000000,2,1264
7350069612023602,thread,1,latency_writer,84,5920000000,26490000000,0,108254
7350069712442469,process,-1,process,78,61680000000,199280000000,32352,4
7350069712442469,thread,-1,producer,78,10000000,150000000,32352,4
7350069712442469,thread,-1,sampler,87,40000000,60000000,325,10
7350069712442469,thread,0,account_worker,85,13050000000,19490000000,2,96249
7350069712442469,thread,0,trader_callback,79,5950000000,26660000000,0,785
7350069712442469,thread,0,trace_writer,80,6210000000,26410000000,0,676
7350069712442469,thread,0,latency_writer,81,5890000000,26740000000,0,482
7350069712442469,thread,1,account_worker,86,12780000000,19680000000,3,204138
7350069712442469,thread,1,trader_callback,82,6100000000,26520000000,0,474
7350069712442469,thread,1,trace_writer,83,5650000000,26960000000,2,1268
7350069712442469,thread,1,latency_writer,84,5940000000,26570000000,0,108257
7350069812809346,process,-1,process,78,61890000000,199870000000,32452,4
7350069812809346,thread,-1,producer,78,10000000,150000000,32452,4
7350069812809346,thread,-1,sampler,87,40000000,60000000,326,10
7350069812809346,thread,0,account_worker,85,13090000000,19550000000,2,96252
7350069812809346,thread,0,trader_callback,79,5970000000,26740000000,0,785
7350069812809346,thread,0,trace_writer,80,6240000000,26480000000,0,683
7350069812809346,thread,0,latency_writer,81,5920000000,26810000000,0,482
7350069812809346,thread,1,account_worker,86,12830000000,19740000000,3,204141
7350069812809346,thread,1,trader_callback,82,6110000000,26620000000,0,474
7350069812809346,thread,1,trace_writer,83,5680000000,27030000000,2,1272
7350069812809346,thread,1,latency_writer,84,5960000000,26650000000,0,108258
7350069913174950,process,-1,process,78,62060000000,200510000000,32547,4
7350069913174950,thread,-1,producer,78,20000000,160000000,32547,4
7350069913174950,thread,-1,sampler,87,40000000,60000000,327,10
7350069913174950,thread,0,account_worker,85,13130000000,19600000000,2,96255
7350069913174950,thread,0,trader_callback,79,5980000000,26830000000,0,785
7350069913174950,thread,0,trace_writer,80,6260000000,26560000000,0,683
7350069913174950,thread,0,latency_writer,81,5940000000,26890000000,0,482
7350069913174950,thread,1,account_worker,86,12860000000,19800000000,3,204144
7350069913174950,thread,1,trader_callback,82,6110000000,26710000000,0,475
7350069913174950,thread,1,trace_writer,83,5690000000,27110000000,2,1275
7350069913174950,thread,1,latency_writer,84,5970000000,26740000000,0,108262
7350070013555344,process,-1,process,78,62280000000,201090000000,32648,4
7350070013555344,thread,-1,producer,78,20000000,160000000,32648,4
7350070013555344,thread,-1,sampler,87,40000000,60000000,328,10
7350070013555344,thread,0,account_worker,85,13170000000,19670000000,2,96259
7350070013555344,thread,0,trader_callback,79,6000000000,26910000000,0,785
7350070013555344,thread,0,trace_writer,80,6280000000,26640000000,0,683
7350070013555344,thread,0,latency_writer,81,5950000000,26980000000,0,484
7350070013555344,thread,1,account_worker,86,12910000000,19860000000,3,204151
7350070013555344,thread,1,trader_callback,82,6150000000,26780000000,0,475
7350070013555344,thread,1,trace_writer,83,5710000000,27190000000,2,1281
7350070013555344,thread,1,latency_writer,84,6000000000,26820000000,0,108263
7350070114020633,process,-1,process,78,62440000000,201730000000,32745,4
7350070114020633,thread,-1,producer,78,20000000,160000000,32745,4
7350070114020633,thread,-1,sampler,87,40000000,70000000,329,10
7350070114020633,thread,0,account_worker,85,13190000000,19740000000,2,96259
7350070114020633,thread,0,trader_callback,79,6020000000,26990000000,0,785
7350070114020633,thread,0,trace_writer,80,6290000000,26730000000,0,684
7350070114020633,thread,0,latency_writer,81,5970000000,27060000000,0,485
7350070114020633,thread,1,account_worker,86,12940000000,19920000000,3,204154
7350070114020633,thread,1,trader_callback,82,6180000000,26840000000,0,476
7350070114020633,thread,1,trace_writer,83,5720000000,27280000000,2,1286
7350070114020633,thread,1,latency_writer,84,6010000000,26900000000,0,108265
7350070214339039,process,-1,process,78,62640000000,202330000000,32846,4
7350070214339039,thread,-1,producer,78,20000000,160000000,32846,4
7350070214339039,thread,-1,sampler,87,40000000,70000000,330,10
7350070214339039,thread,0,account_worker,85,13250000000,19780000000,2,96259
7350070214339039,thread,0,trader_callback,79,6040000000,27080000000,0,785
7350070214339039,thread,0,trace_writer,80,6290000000,26830000000,0,685
7350070214339039,thread,0,latency_writer,81,6000000000,27120000000,0,485
7350070214339039,thread,1,account_worker,86,12980000000,19990000000,3,204160
7350070214339039,thread,1,trader_callback,82,6200000000,26920000000,0,476
7350070214339039,thread,1,trace_writer,83,5730000000,27380000000,2,1289
7350070214339039,thread,1,latency_writer,84,6030000000,26980000000,0,108265
7350070314835184,process,-1,process,78,62870000000,202910000000,32946,4
7350070314835184,thread,-1,producer,78,20000000,160000000,32946,4
7350070314835184,thread,-1,sampler,87,40000000,70000000,331,10
7350070314835184,thread,0,account_worker,85,13290000000,19850000000,2,96262
7350070314835184,thread,0,trader_callback,79,6080000000,27130000000,0,785
7350070314835184,thread,0,trace_writer,80,6320000000,26910000000,0,685
7350070314835184,thread,0,latency_writer,81,6020000000,27200000000,0,486
7350070314835184,thread,1,account_worker,86,13030000000,20040000000,3,204166
7350070314835184,thread,1,trader_callback,82,6220000000,27010000000,0,476
7350070314835184,thread,1,trace_writer,83,5750000000,27450000000,2,1295
7350070314835184,thread,1,latency_writer,84,6050000000,27070000000,0,108267
7350070415216861,process,-1,process,78,63070000000,203520000000,33046,4
7350070415216861,thread,-1,producer,78,20000000,160000000,33046,4
7350070415216861,thread,-1,sampler,87,40000000,70000000,332,10
7350070415216861,thread,0,account_worker,85,13320000000,19920000000,2,96265
7350070415216861,thread,0,trader_callback,79,6090000000,27220000000,0,785
7350070415216861,thread,0,trace_writer,80,6350000000,26970000000,0,685
7350070415216861,thread,0,latency_writer,81,6040000000,27290000000,0,486
7350070415216861,thread,1,account_worker,86,13060000000,20100000000,3,204172
7350070415216861,thread,1,trader_callback,82,6250000000,27080000000,0,476
7350070415216861,thread,1,trace_writer,83,5780000000,27530000000,2,1298
7350070415216861,thread,1,latency_writer,84,6070000000,27150000000,0,108268
7350070515582802,process,-1,process,78,63240000000,204140000000,33147,4
7350070515582802,thread,-1,producer,78,20000000,160000000,33147,4
7350070515582802,thread,-1,sampler,87,40000000,70000000,333,10
7350070515582802,thread,0,account_worker,85,13360000000,19980000000,2,96265
7350070515582802,thread,0,trader_callback,79,6100000000,27320000000,0,786
7350070515582802,thread,0,trace_writer,80,6370000000,27050000000,0,688
7350070515582802,thread,0,latency_writer,81,6050000000,27370000000,0,487
7350070515582802,thread,1,account_worker,86,13100000000,20170000000,3,204178
7350070515582802,thread,1,trader_callback,82,6270000000,27160000000,0,476
7350070515582802,thread,1,trace_writer,83,5800000000,27610000000,2,1304
7350070515582802,thread,1,latency_writer,84,6090000000,27220000000,0,108269
7350070615957653,process,-1,process,78,63440000000,204750000000,33247,4
7350070615957653,thread,-1,producer,78,20000000,160000000,33247,4
7350070615957653,thread,-1,sampler,87,40000000,70000000,334,10
7350070615957653,thread,0,account_worker,85,13400000000,20040000000,2,96268
7350070615957653,thread,0,trader_callback,79,6110000000,27400000000,0,786
7350070615957653,thread,0,trace_writer,80,6390000000,27140000000,0,688
7350070615957653,thread,0,latency_writer,81,6090000000,27440000000,0,487
7350070615957653,thread,1,account_worker,86,13130000000,20230000000,3,204181
7350070615957653,thread,1,trader_callback,82,6270000000,27260000000,0,476
7350070615957653,thread,1,trace_writer,83,5820000000,27690000000,2,1307
7350070615957653,thread,1,latency_writer,84,6120000000,27300000000,0,108270
7350070716351018,process,-1,process,78,63630000000,205370000000,33348,4
7350070716351018,thread,-1,producer,78,20000000,160000000,33348,4
7350070716351018,thread,-1,sampler,87,40000000,70000000,335,10
7350070716351018,thread,0,account_worker,85,13450000000,20090000000,2,96268
7350070716351018,thread,0,trader_callback,79,6120000000,27500000000,0,786
7350070716351018,thread,0,trace_writer,80,6410000000,27210000000,0,688
7350070716351018,thread,0,latency_writer,81,6100000000,27530000000,0,487
7350070716351018,thread,1,account_worker,86,13170000000,20290000000,3,204181
7350070716351018,thread,1,trader_callback,82,6290000000,27340000000,0,476
7350070716351018,thread,1,trace_writer,83,5840000000,27770000000,2,1313
7350070716351018,thread,1,latency_writer,84,6130000000,27380000000,0,108271
7350070816730815,process,-1,process,78,63810000000,205990000000,33448,4
7350070816730815,thread,-1,producer,78,20000000,160000000,33448,4
7350070816730815,thread,-1,sampler,87,40000000,70000000,336,10
7350070816730815,thread,0,account_worker,85,13500000000,20140000000,2,96268
7350070816730815,thread,0,trader_callback,79,6130000000,27580000000,0,786
7350070816730815,thread,0,trace_writer,80,6430000000,27300000000,0,691
7350070816730815,thread,0,latency_writer,81,6110000000,27620000000,0,488
7350070816730815,thread,1,account_worker,86,13220000000,20350000000,3,204185
7350070816730815,thread,1,trader_callback,82,6300000000,27430000000,0,476
7350070816730815,thread,1,trace_writer,83,5860000000,27850000000,2,1317
7350070816730815,thread,1,latency_writer,84,6150000000,27470000000,0,108273
7350070917117049,process,-1,process,78,64000000000,206610000000,33548,4
7350070917117049,thread,-1,producer,78,20000000,160000000,33548,4
7350070917117049,thread,-1,sampler,87,40000000,70000000,337,10
7350070917117049,thread,0,account_worker,85,13560000000,20180000000,2,96271
7350070917117049,thread,0,trader_callback,79,6140000000,27680000000,0,786
7350070917117049,thread,0,trace_writer,80,6450000000,27380000000,0,691
7350070917117049,thread,0,latency_writer,81,6140000000,27690000000,0,489
7350070917117049,thread,1,account_worker,86,13260000000,20410000000,3,204185
7350070917117049,thread,1,trader_callback,82,6310000000,27510000000,0,476
7350070917117049,thread,1,trace_writer,83,5870000000,27940000000,2,1323
7350070917117049,thread,1,latency_writer,84,6160000000,27560000000,0,108275
7350071017479999,process,-1,process,78,64170000000,207230000000,33649,4
7350071017479999,thread,-1,producer,78,20000000,160000000,33649,4
7350071017479999,thread,-1,sampler,87,40000000,70000000,338,10
7350071017479999,thread,0,account_worker,85,13590000000,20250000000,2,96273
7350071017479999,thread,0,trader_callback,79,6140000000,27770000000,0,786
7350071017479999,thread,0,trace_writer,80,6470000000,27460000000,0,691
7350071017479999,thread,0,latency_writer,81,6160000000,27770000000,0,491
7350071017479999,thread,1,account_worker,86,13300000000,20480000000,3,204186
7350071017479999,thread,1,trader_callback,82,6340000000,27590000000,0,476
7350071017479999,thread,1,trace_writer,83,5880000000,28030000000,2,1323
7350071017479999,thread,1,latency_writer,84,6180000000,27640000000,0,108275
7350071117980141,process,-1,process,78,64380000000,207830000000,33749,4
7350071117980141,thread,-1,producer,78,20000000,160000000,33749,4
7350071117980141,thread,-1,sampler,87,40000000,70000000,339,10
7350071117980141,thread,0,account_worker,85,13620000000,20320000000,2,96273
7350071117980141,thread,0,trader_callback,79,6160000000,27850000000,0,786
7350071117980141,thread,0,trace_writer,80,6490000000,27530000000,0,692
7350071117980141,thread,0,latency_writer,81,6180000000,27850000000,0,494
7350071117980141,thread,1,account_worker,86,13340000000,20530000000,3,204186
7350071117980141,thread,1,trader_callback,82,6360000000,27670000000,0,476
7350071117980141,thread,1,trace_writer,83,5910000000,28100000000,2,1328
7350071117980141,thread,1,latency_writer,84,6200000000,27720000000,0,108279
7350071218379350,process,-1,process,78,64580000000,208430000000,33850,4
7350071218379350,thread,-1,producer,78,20000000,160000000,33850,4
7350071218379350,thread,-1,sampler,87,40000000,70000000,340,10
7350071218379350,thread,0,account_worker,85,13660000000,20380000000,2,96273
7350071218379350,thread,0,trader_callback,79,6180000000,27930000000,0,786
7350071218379350,thread,0,trace_writer,80,6510000000,27610000000,0,692
7350071218379350,thread,0,latency_writer,81,6190000000,27940000000,0,496
7350071218379350,thread,1,account_worker,86,13380000000,20590000000,3,204186
7350071218379350,thread,1,trader_callback,82,6390000000,27740000000,0,476
7350071218379350,thread,1,trace_writer,83,5920000000,28190000000,2,1328
7350071218379350,thread,1,latency_writer,84,6230000000,27790000000,0,108280
7350071318739115,process,-1,process,78,64740000000,209080000000,33950,4
7350071318739115,thread,-1,producer,78,20000000,160000000,33950,4
7350071318739115,thread,-1,sampler,87,40000000,70000000,341,10
7350071318739115,thread,0,account_worker,85,13690000000,20450000000,2,96276
7350071318739115,thread,0,trader_callback,79,6200000000,28020000000,0,786
7350071318739115,thread,0,trace_writer,80,6520000000,27710000000,0,692
7350071318739115,thread,0,latency_writer,81,6200000000,28030000000,0,498
7350071318739115,thread,1,account_worker,86,13420000000,20650000000,3,204186
7350071318739115,thread,1,trader_callback,82,6390000000,27840000000,0,476
7350071318739115,thread,1,trace_writer,83,5950000000,28260000000,2,1338
7350071318739115,thread,1,latency_writer,84,6250000000,27860000000,0,108281
7350071419095403,process,-1,process,78,64920000000,209700000000,34050,4
7350071419095403,thread,-1,producer,78,20000000,160000000,34050,4
7350071419095403,thread,-1,sampler,87,40000000,70000000,342,10
7350071419095403,thread,0,account_worker,85,13720000000,20530000000,2,96279
7350071419095403,thread,0,trader_callback,79,6210000000,28110000000,0,787
7350071419095403,thread,0,trace_writer,80,6540000000,27790000000,0,692
7350071419095403,thread,0,latency_writer,81,6210000000,28120000000,0,500
7350071419095403,thread,1,account_worker,86,13470000000,20700000000,3,204188
7350071419095403,thread,1,trader_callback,82,6410000000,27920000000,0,476
7350071419095403,thread,1,trace_writer,83,5970000000,28340000000,2,1345
7350071419095403,thread,1,latency_writer,84,6270000000,27940000000,0,108287
7350071519488816,process,-1,process,78,65090000000,210330000000,34151,4
7350071519488816,thread,-1,producer,78,20000000,160000000,34151,4
7350071519488816,thread,-1,sampler,87,40000000,70000000,343,10
7350071519488816,thread,0,account_worker,85,13750000000,20590000000,2,96279
7350071519488816,thread,0,trader_callback,79,6240000000,28180000000,0,787
7350071519488816,thread,0,trace_writer,80,6550000000,27880000000,0,693
7350071519488816,thread,0,latency_writer,81,6230000000,28200000000,0,501
7350071519488816,thread,1,account_worker,86,13500000000,20770000000,3,204191
7350071519488816,thread,1,trader_callback,82,6430000000,28000000000,0,476
7350071519488816,thread,1,trace_writer,83,5990000000,28420000000,2,1349
7350071519488816,thread,1,latency_writer,84,6290000000,28020000000,0,108295
7350071619854957,process,-1,process,78,65290000000,210940000000,34251,4
7350071619854957,thread,-1,producer,78,20000000,160000000,34251,4
7350071619854957,thread,-1,sampler,87,40000000,70000000,344,10
7350071619854957,thread,0,account_worker,85,13800000000,20640000000,2,96282
7350071619854957,thread,0,trader_callback,79,6250000000,28270000000,0,787
7350071619854957,thread,0,trace_writer,80,6590000000,27940000000,0,694
7350071619854957,thread,0,latency_writer,81,6250000000,28290000000,0,504
7350071619854957,thread,1,account_worker,86,13550000000,20820000000,3,204191
7350071619854957,thread,1,trader_callback,82,6440000000,28090000000,0,477
7350071619854957,thread,1,trace_writer,83,6000000000,28510000000,2,1358
7350071619854957,thread,1,latency_writer,84,6310000000,28110000000,0,108298
7350071720255192,process,-1,process,78,65490000000,211540000000,34351,4
7350071720255192,thread,-1,producer,78,20000000,160000000,34352,4
7350071720255192,thread,-1,sampler,87,40000000,70000000,345,10
7350071720255192,thread,0,account_worker,85,13870000000,20670000000,2,96282
7350071720255192,thread,0,trader_callback,79,6260000000,28360000000,0,787
7350071720255192,thread,0,trace_writer,80,6590000000,28040000000,0,695
7350071720255192,thread,0,latency_writer,81,6260000000,28370000000,0,504
7350071720255192,thread,1,account_worker,86,13600000000,20870000000,3,204194
7350071720255192,thread,1,trader_callback,82,6440000000,28190000000,0,478
7350071720255192,thread,1,trace_writer,83,6020000000,28590000000,2,1364
7350071720255192,thread,1,latency_writer,84,6330000000,28190000000,0,108302
7350071820628266,process,-1,process,78,65660000000,212170000000,34452,4
7350071820628266,thread,-1,producer,78,20000000,160000000,34452,4
7350071820628266,thread,-1,sampler,87,40000000,70000000,346,10
7350071820628266,thread,0,account_worker,85,13900000000,20740000000,2,96282
7350071820628266,thread,0,trader_callback,79,6270000000,28450000000,0,787
7350071820628266,thread,0,trace_writer,80,6610000000,28120000000,0,695
7350071820628266,thread,0,latency_writer,81,6290000000,28450000000,0,505
7350071820628266,thread,1,account_worker,86,13640000000,20930000000,3,204200
7350071820628266,thread,1,trader_callback,82,6470000000,28260000000,0,478
7350071820628266,thread,1,trace_writer,83,6040000000,28680000000,2,1371
7350071820628266,thread,1,latency_writer,84,6340000000,28280000000,0,108302
7350071920994119,process,-1,process,78,65800000000,212840000000,34540,4
7350071920994119,thread,-1,producer,78,20000000,160000000,34540,4
7350071920994119,thread,-1,sampler,87,40000000,70000000,347,10
7350071920994119,thread,0,account_worker,85,13930000000,20820000000,2,96293
7350071920994119,thread,0,trader_callback,79,6280000000,28540000000,0,797
7350071920994119,thread,0,trace_writer,80,6620000000,28210000000,0,705
7350071920994119,thread,0,latency_writer,81,6290000000,28540000000,0,515
7350071920994119,thread,1,account_worker,86,13670000000,21000000000,3,204210
7350071920994119,thread,1,trader_callback,82,6490000000,28340000000,0,489
7350071920994119,thread,1,trace_writer,83,6060000000,28750000000,2,1384
7350071920994119,thread,1,latency_writer,84,6340000000,28380000000,0,108313
7350072021516855,process,-1,process,78,66000000000,213440000000,34636,4
7350072021516855,thread,-1,producer,78,20000000,160000000,34636,4
7350072021516855,thread,-1,sampler,87,40000000,70000000,348,10
7350072021516855,thread,0,account_worker,85,13970000000,20880000000,2,96298
7350072021516855,thread,0,trader_callback,79,6300000000,28620000000,0,797
7350072021516855,thread,0,trace_writer,80,6630000000,28300000000,0,709
7350072021516855,thread,0,latency_writer,81,6310000000,28620000000,0,516
7350072021516855,thread,1,account_worker,86,13700000000,21070000000,3,204215
7350072021516855,thread,1,trader_callback,82,6510000000,28420000000,0,489
7350072021516855,thread,1,trace_writer,83,6080000000,28830000000,2,1384
7350072021516855,thread,1,latency_writer,84,6380000000,28440000000,0,108315
7350072122034198,process,-1,process,78,66170000000,214070000000,34734,4
7350072122034198,thread,-1,producer,78,20000000,160000000,34734,4
7350072122034198,thread,-1,sampler,87,40000000,70000000,349,10
7350072122034198,thread,0,account_worker,85,14000000000,20940000000,2,96298
7350072122034198,thread,0,trader_callback,79,6310000000,28710000000,0,797
7350072122034198,thread,0,trace_writer,80,6660000000,28370000000,0,710
7350072122034198,thread,0,latency_writer,81,6310000000,28720000000,0,517
7350072122034198,thread,1,account_worker,86,13760000000,21120000000,3,204221
7350072122034198,thread,1,trader_callback,82,6520000000,28510000000,0,489
7350072122034198,thread,1,trace_writer,83,6100000000,28910000000,2,1392
7350072122034198,thread,1,latency_writer,84,6400000000,28520000000,0,108320
7350072222507211,process,-1,process,78,66340000000,214710000000,34834,4
7350072222507211,thread,-1,producer,78,20000000,160000000,34834,4
7350072222507211,thread,-1,sampler,87,40000000,70000000,350,10
7350072222507211,thread,0,account_worker,85,14030000000,21010000000,2,96298
7350072222507211,thread,0,trader_callback,79,6340000000,28790000000,0,797
7350072222507211,thread,0,trace_writer,80,6670000000,28460000000,0,710
7350072222507211,thread,0,latency_writer,81,6330000000,28800000000,0,518
7350072222507211,thread,1,account_worker,86,13780000000,21190000000,3,204221
7350072222507211,thread,1,trader_callback,82,6540000000,28600000000,0,489
7350072222507211,thread,1,trace_writer,83,6120000000,28990000000,2,1401
7350072222507211,thread,1,latency_writer,84,6410000000,28610000000,0,108322
7350072322867858,process,-1,process,78,66520000000,215340000000,34934,4
7350072322867858,thread,-1,producer,78,20000000,160000000,34934,4
7350072322867858,thread,-1,sampler,87,40000000,70000000,351,10
7350072322867858,thread,0,account_worker,85,14080000000,21060000000,2,96298
7350072322867858,thread,0,trader_callback,79,6360000000,28860000000,0,797
7350072322867858,thread,0,trace_writer,80,6690000000,28540000000,0,710
7350072322867858,thread,0,latency_writer,81,6340000000,28890000000,0,518
7350072322867858,thread,1,account_worker,86,13830000000,21250000000,3,204224
7350072322867858,thread,1,trader_callback,82,6540000000,28690000000,0,489
7350072322867858,thread,1,trace_writer,83,6130000000,29090000000,2,1410
7350072322867858,thread,1,latency_writer,84,6430000000,28690000000,0,108323
7350072423257630,process,-1,process,78,66710000000,215950000000,35034,4
7350072423257630,thread,-1,producer,78,20000000,160000000,35035,4
7350072423257630,thread,-1,sampler,87,40000000,70000000,352,10
7350072423257630,thread,0,account_worker,85,14100000000,21150000000,2,96299
7350072423257630,thread,0,trader_callback,79,6390000000,28930000000,0,798
7350072423257630,thread,0,trace_writer,80,6710000000,28620000000,0,711
7350072423257630,thread,0,latency_writer,81,6360000000,28980000000,0,519
7350072423257630,thread,1,account_worker,86,13860000000,21310000000,3,204228
7350072423257630,thread,1,trader_callback,82,6570000000,28760000000,0,490
7350072423257630,thread,1,trace_writer,83,6150000000,29170000000,2,1414
7350072423257630,thread,1,latency_writer,84,6450000000,28770000000,0,108324
7350072523625135,process,-1,process,78,66900000000,216560000000,35135,4
7350072523625135,thread,-1,producer,78,20000000,160000000,35135,4
7350072523625135,thread,-1,sampler,87,40000000,70000000,353,10
7350072523625135,thread,0,account_worker,85,14130000000,21220000000,2,96305
7350072523625135,thread,0,trader_callback,79,6410000000,29020000000,0,799
7350072523625135,thread,0,trace_writer,80,6740000000,28690000000,0,711
7350072523625135,thread,0,latency_writer,81,6390000000,29050000000,0,521
7350072523625135,thread,1,account_worker,86,13900000000,21380000000,3,204228
7350072523625135,thread,1,trader_callback,82,6590000000,28840000000,0,490
7350072523625135,thread,1,trace_writer,83,6160000000,29260000000,2,1414
7350072523625135,thread,1,latency_writer,84,6480000000,28840000000,0,108327
7350072623981611,process,-1,process,78,67090000000,217180000000,35235,4
7350072623981611,thread,-1,producer,78,20000000,160000000,35235,4
7350072623981611,thread,-1,sampler,87,40000000,70000000,354,10
7350072623981611,thread,0,account_worker,85,14150000000,21300000000,2,96312
7350072623981611,thread,0,trader_callback,79,6420000000,29100000000,0,800
7350072623981611,thread,0,trace_writer,80,6760000000,28780000000,0,714
7350072623981611,thread,0,latency_writer,81,6390000000,29140000000,0,523
7350072623981611,thread,1,account_worker,86,13940000000,21430000000,3,204237
7350072623981611,thread,1,trader_callback,82,6610000000,28930000000,0,490
7350072623981611,thread,1,trace_writer,83,6170000000,29340000000,2,1417
7350072623981611,thread,1,latency_writer,84,6520000000,28900000000,0,108329
7350072724362683,process,-1,process,78,67280000000,217790000000,35336,4
7350072724362683,thread,-1,producer,78,20000000,170000000,35336,4
7350072724362683,thread,-1,sampler,87,40000000,70000000,355,10
7350072724362683,thread,0,account_worker,85,14190000000,21350000000,2,96312
7350072724362683,thread,0,trader_callback,79,6450000000,29180000000,0,800
7350072724362683,thread,0,trace_writer,80,6770000000,28860000000,0,714
7350072724362683,thread,0,latency_writer,81,6430000000,29210000000,0,523
7350072724362683,thread,1,account_worker,86,13980000000,21500000000,3,204246
7350072724362683,thread,1,trader_callback,82,6610000000,29020000000,0,490
7350072724362683,thread,1,trace_writer,83,6200000000,29420000000,2,1417
7350072724362683,thread,1,latency_writer,84,6540000000,28980000000,0,108329
7350072824780547,process,-1,process,78,67440000000,218430000000,35436,4
7350072824780547,thread,-1,producer,78,20000000,170000000,35436,4
7350072824780547,thread,-1,sampler,87,40000000,70000000,356,10
7350072824780547,thread,0,account_worker,85,14240000000,21410000000,2,96315
7350072824780547,thread,0,trader_callback,79,6460000000,29260000000,0,800
7350072824780547,thread,0,trace_writer,80,6790000000,28950000000,0,714
7350072824780547,thread,0,latency_writer,81,6430000000,29310000000,0,524
7350072824780547,thread,1,account_worker,86,14020000000,21560000000,3,204249
7350072824780547,thread,1,trader_callback,82,6620000000,29110000000,0,490
7350072824780547,thread,1,trace_writer,83,6210000000,29500000000,2,1420
7350072824780547,thread,1,latency_writer,84,6560000000,29070000000,0,108332
7350072925157061,process,-1,process,78,67640000000,219040000000,35536,4
7350072925157061,thread,-1,producer,78,20000000,170000000,35536,4
7350072925157061,thread,-1,sampler,87,40000000,70000000,357,10
7350072925157061,thread,0,account_worker,85,14280000000,21460000000,2,96315
7350072925157061,thread,0,trader_callback,79,6500000000,29320000000,0,800
7350072925157061,thread,0,trace_writer,80,6810000000,29030000000,0,714
7350072925157061,thread,0,latency_writer,81,6440000000,29390000000,0,525
7350072925157061,thread,1,account_worker,86,14050000000,21620000000,3,204249
7350072925157061,thread,1,trader_callback,82,6630000000,29210000000,0,490
7350072925157061,thread,1,trace_writer,83,6230000000,29590000000,2,1420
7350072925157061,thread,1,latency_writer,84,6580000000,29140000000,0,108333
7350073025536362,process,-1,process,78,67830000000,219650000000,35637,4
7350073025536362,thread,-1,producer,78,20000000,170000000,35637,4
7350073025536362,thread,-1,sampler,87,40000000,70000000,358,10
7350073025536362,thread,0,account_worker,85,14330000000,21520000000,2,96316
7350073025536362,thread,0,trader_callback,79,6510000000,29410000000,0,800
7350073025536362,thread,0,trace_writer,80,6830000000,29110000000,0,715
7350073025536362,thread,0,latency_writer,81,6470000000,29460000000,0,526
7350073025536362,thread,1,account_worker,86,14100000000,21680000000,3,204253
7350073025536362,thread,1,trader_callback,82,6650000000,29290000000,0,490
7350073025536362,thread,1,trace_writer,83,6240000000,29670000000,2,1424
7350073025536362,thread,1,latency_writer,84,6590000000,29230000000,0,108338
7350073125908766,process,-1,process,78,68050000000,220240000000,35737,4
7350073125908766,thread,-1,producer,78,20000000,170000000,35737,4
7350073125908766,thread,-1,sampler,87,40000000,70000000,359,10
7350073125908766,thread,0,account_worker,85,14360000000,21590000000,2,96319
7350073125908766,thread,0,trader_callback,79,6530000000,29490000000,0,800
7350073125908766,thread,0,trace_writer,80,6850000000,29180000000,0,718
7350073125908766,thread,0,latency_writer,81,6510000000,29530000000,0,528
7350073125908766,thread,1,account_worker,86,14150000000,21720000000,3,204256
7350073125908766,thread,1,trader_callback,82,6670000000,29370000000,0,490
7350073125908766,thread,1,trace_writer,83,6260000000,29750000000,2,1428
7350073125908766,thread,1,latency_writer,84,6600000000,29320000000,0,108341
7350073226316597,process,-1,process,78,68280000000,220810000000,35838,4
7350073226316597,thread,-1,producer,78,20000000,170000000,35838,4
7350073226316597,thread,-1,sampler,87,40000000,80000000,360,10
7350073226316597,thread,0,account_worker,85,14400000000,21640000000,2,96319
7350073226316597,thread,0,trader_callback,79,6560000000,29570000000,0,801
7350073226316597,thread,0,trace_writer,80,6880000000,29260000000,0,724
7350073226316597,thread,0,latency_writer,81,6530000000,29610000000,0,528
7350073226316597,thread,1,account_worker,86,14210000000,21770000000,3,204259
7350073226316597,thread,1,trader_callback,82,6690000000,29450000000,0,490
7350073226316597,thread,1,trace_writer,83,6270000000,29850000000,2,1431
7350073226316597,thread,1,latency_writer,84,6630000000,29390000000,0,108341
7350073326677700,process,-1,process,78,68440000000,221450000000,35938,4
7350073326677700,thread,-1,producer,78,20000000,170000000,35938,4
7350073326677700,thread,-1,sampler,87,40000000,80000000,361,10
7350073326677700,thread,0,account_worker,85,14440000000,21710000000,2,96319
7350073326677700,thread,0,trader_callback,79,6580000000,29650000000,0,801
7350073326677700,thread,0,trace_writer,80,6900000000,29330000000,0,724
7350073326677700,thread,0,latency_writer,81,6530000000,29700000000,0,528
7350073326677700,thread,1,account_worker,86,14240000000,21840000000,3,204268
7350073326677700,thread,1,trader_callback,82,6700000000,29540000000,0,490
7350073326677700,thread,1,trace_writer,83,6290000000,29920000000,2,1435
7350073326677700,thread,1,latency_writer,84,6640000000,29480000000,0,108341
7350073427158135,process,-1,process,78,68620000000,222080000000,36038,4
7350073427158135,thread,-1,producer,78,20000000,170000000,36038,4
7350073427158135,thread,-1,sampler,87,40000000,80000000,362,10
7350073427158135,thread,0,account_worker,85,14470000000,21780000000,2,96319
7350073427158135,thread,0,trader_callback,79,6590000000,29740000000,0,801
7350073427158135,thread,0,trace_writer,80,6930000000,29410000000,0,725
7350073427158135,thread,0,latency_writer,81,6550000000,29790000000,0,532
7350073427158135,thread,1,account_worker,86,14260000000,21920000000,3,204271
7350073427158135,thread,1,trader_callback,82,6720000000,29620000000,0,490
7350073427158135,thread,1,trace_writer,83,6310000000,30010000000,2,1442
7350073427158135,thread,1,latency_writer,84,6680000000,29550000000,0,108342
7350073527673448,process,-1,process,78,68880000000,222620000000,36135,4
7350073527673448,thread,-1,producer,78,20000000,170000000,36135,4
7350073527673448,thread,-1,sampler,87,40000000,80000000,363,10
7350073527673448,thread,0,account_worker,85,14530000000,21820000000,2,96319
7350073527673448,thread,0,trader_callback,79,6610000000,29820000000,0,801
7350073527673448,thread,0,trace_writer,80,6960000000,29480000000,0,726
7350073527673448,thread,0,latency_writer,81,6580000000,29860000000,0,533
7350073527673448,thread,1,account_worker,86,14320000000,21960000000,3,204274
7350073527673448,thread,1,trader_callback,82,6750000000,29690000000,0,490
7350073527673448,thread,1,trace_writer,83,6330000000,30090000000,2,1466
7350073527673448,thread,1,latency_writer,84,6710000000,29620000000,0,108346
7350073628740283,process,-1,process,78,69110000000,223200000000,36236,4
7350073628740283,thread,-1,producer,78,20000000,170000000,36236,4
7350073628740283,thread,-1,sampler,87,40000000,80000000,364,10
7350073628740283,thread,0,account_worker,85,14560000000,21890000000,2,96319
7350073628740283,thread,0,trader_callback,79,6640000000,29890000000,0,801
7350073628740283,thread,0,trace_writer,80,6980000000,29560000000,0,728
7350073628740283,thread,0,latency_writer,81,6600000000,29940000000,0,534
7350073628740283,thread,1,account_worker,86,14360000000,22020000000,3,204277
7350073628740283,thread,1,trader_callback,82,6770000000,29770000000,0,490
7350073628740283,thread,1,trace_writer,83,6360000000,30160000000,2,1472
7350073628740283,thread,1,latency_writer,84,6730000000,29700000000,0,108347
7350073729237944,process,-1,process,78,69330000000,223790000000,36336,4
7350073729237944,thread,-1,producer,78,20000000,170000000,36337,4
7350073729237944,thread,-1,sampler,87,40000000,80000000,365,10
7350073729237944,thread,0,account_worker,85,14600000000,21950000000,2,96319
7350073729237944,thread,0,trader_callback,79,6660000000,29970000000,0,802
7350073729237944,thread,0,trace_writer,80,6980000000,29660000000,0,728
7350073729237944,thread,0,latency_writer,81,6630000000,30010000000,0,534
7350073729237944,thread,1,account_worker,86,14410000000,22070000000,3,204277
7350073729237944,thread,1,trader_callback,82,6800000000,29840000000,0,491
7350073729237944,thread,1,trace_writer,83,6380000000,30240000000,2,1475
7350073729237944,thread,1,latency_writer,84,6750000000,29770000000,0,108348
7350073829708973,process,-1,process,78,69520000000,224390000000,36437,4
7350073829708973,thread,-1,producer,78,20000000,170000000,36437,4
7350073829708973,thread,-1,sampler,87,40000000,80000000,366,10
7350073829708973,thread,0,account_worker,85,14640000000,22010000000,2,96319
7350073829708973,thread,0,trader_callback,79,6680000000,30050000000,0,802
7350073829708973,thread,0,trace_writer,80,7010000000,29730000000,0,728
7350073829708973,thread,0,latency_writer,81,6640000000,30100000000,0,534
7350073829708973,thread,1,account_worker,86,14470000000,22110000000,3,204280
7350073829708973,thread,1,trader_callback,82,6810000000,29930000000,0,491
7350073829708973,thread,1,trace_writer,83,6380000000,30340000000,2,1482
7350073829708973,thread,1,latency_writer,84,6780000000,29850000000,0,108348
7350073930178808,process,-1,process,78,69710000000,225010000000,36536,4
7350073930178808,thread,-1,producer,78,20000000,170000000,36536,4
7350073930178808,thread,-1,sampler,87,40000000,80000000,367,10
7350073930178808,thread,0,account_worker,85,14670000000,22080000000,2,96319
7350073930178808,thread,0,trader_callback,79,6690000000,30140000000,0,802
7350073930178808,thread,0,trace_writer,80,7030000000,29810000000,0,731
7350073930178808,thread,0,latency_writer,81,6670000000,30170000000,0,534
7350073930178808,thread,1,account_worker,86,14510000000,22170000000,3,204280
7350073930178808,thread,1,trader_callback,82,6830000000,30010000000,0,491
7350073930178808,thread,1,trace_writer,83,6390000000,30430000000,2,1490
7350073930178808,thread,1,latency_writer,84,6800000000,29930000000,0,108351
7350074030684724,process,-1,process,78,69870000000,225660000000,36637,4
7350074030684724,thread,-1,producer,78,20000000,170000000,36637,4
7350074030684724,thread,-1,sampler,87,40000000,80000000,368,10
7350074030684724,thread,0,account_worker,85,14710000000,22140000000,2,96320
7350074030684724,thread,0,trader_callback,79,6700000000,30230000000,0,803
7350074030684724,thread,0,trace_writer,80,7050000000,29890000000,0,732
7350074030684724,thread,0,latency_writer,81,6690000000,30250000000,0,535
7350074030684724,thread,1,account_worker,86,14540000000,22240000000,3,204287
7350074030684724,thread,1,trader_callback,82,6840000000,30100000000,0,492
7350074030684724,thread,1,trace_writer,83,6410000000,30510000000,2,1491
7350074030684724,thread,1,latency_writer,84,6820000000,30010000000,0,108352
7350074131055786,process,-1,process,78,70050000000,226280000000,36737,4
7350074131055786,thread,-1,producer,78,20000000,170000000,36737,4
7350074131055786,thread,-1,sampler,87,40000000,80000000,369,10
7350074131055786,thread,0,account_worker,85,14750000000,22200000000,2,96320
7350074131055786,thread,0,trader_callback,79,6700000000,30330000000,0,804
7350074131055786,thread,0,trace_writer,80,7060000000,29980000000,0,733
7350074131055786,thread,0,latency_writer,81,6710000000,30330000000,0,536
7350074131055786,thread,1,account_worker,86,14580000000,22300000000,3,204291
7350074131055786,thread,1,trader_callback,82,6870000000,30180000000,0,492
7350074131055786,thread,1,trace_writer,83,6420000000,30600000000,2,1491
7350074131055786,thread,1,latency_writer,84,6840000000,30090000000,0,108358
7350074231520312,process,-1,process,78,70240000000,226900000000,36832,4
7350074231520312,thread,-1,producer,78,20000000,170000000,36832,4
7350074231520312,thread,-1,sampler,87,40000000,80000000,370,10
7350074231520312,thread,0,account_worker,85,14790000000,22260000000,2,96320
7350074231520312,thread,0,trader_callback,79,6730000000,30400000000,0,804
7350074231520312,thread,0,trace_writer,80,7070000000,30070000000,0,733
7350074231520312,thread,0,latency_writer,81,6720000000,30420000000,0,537
7350074231520312,thread,1,account_worker,86,14620000000,22370000000,3,204294
7350074231520312,thread,1,trader_callback,82,6880000000,30260000000,0,492
7350074231520312,thread,1,trace_writer,83,6450000000,30670000000,2,1491
7350074231520312,thread,1,latency_writer,84,6860000000,30170000000,0,108358
7350074331868012,process,-1,process,78,70420000000,227510000000,36932,4
7350074331868012,thread,-1,producer,78,20000000,170000000,36932,4
7350074331868012,thread,-1,sampler,87,40000000,80000000,371,10
7350074331868012,thread,0,account_worker,85,14830000000,22330000000,2,96320
7350074331868012,thread,0,trader_callback,79,6750000000,30480000000,0,804
7350074331868012,thread,0,trace_writer,80,7100000000,30140000000,0,733
7350074331868012,thread,0,latency_writer,81,6750000000,30500000000,0,537
7350074331868012,thread,1,account_worker,86,14650000000,22440000000,3,204294
7350074331868012,thread,1,trader_callback,82,6890000000,30350000000,0,492
7350074331868012,thread,1,trace_writer,83,6460000000,30760000000,2,1491
7350074331868012,thread,1,latency_writer,84,6890000000,30240000000,0,108363
7350074432239726,process,-1,process,78,70580000000,228160000000,37032,4
7350074432239726,thread,-1,producer,78,20000000,170000000,37032,4
7350074432239726,thread,-1,sampler,87,40000000,80000000,372,10
7350074432239726,thread,0,account_worker,85,14850000000,22400000000,2,96320
7350074432239726,thread,0,trader_callback,79,6770000000,30560000000,0,804
7350074432239726,thread,0,trace_writer,80,7130000000,30210000000,0,741
7350074432239726,thread,0,latency_writer,81,6760000000,30580000000,0,537
7350074432239726,thread,1,account_worker,86,14680000000,22500000000,3,204294
7350074432239726,thread,1,trader_callback,82,6910000000,30430000000,0,492
7350074432239726,thread,1,trace_writer,83,6470000000,30850000000,2,1491
7350074432239726,thread,1,latency_writer,84,6900000000,30320000000,0,108366
7350074532593244,process,-1,process,78,70770000000,228770000000,37133,4
7350074532593244,thread,-1,producer,78,20000000,170000000,37133,4
7350074532593244,thread,-1,sampler,87,40000000,80000000,373,10
7350074532593244,thread,0,account_worker,85,14900000000,22460000000,2,96320
7350074532593244,thread,0,trader_callback,79,6780000000,30650000000,0,805
7350074532593244,thread,0,trace_writer,80,7140000000,30300000000,0,741
7350074532593244,thread,0,latency_writer,81,6800000000,30650000000,0,538
7350074532593244,thread,1,account_worker,86,14720000000,22570000000,3,204294
7350074532593244,thread,1,trader_callback,82,6920000000,30520000000,0,492
7350074532593244,thread,1,trace_writer,83,6480000000,30940000000,2,1491
7350074532593244,thread,1,latency_writer,84,6920000000,30410000000,0,108372
7350074632957542,process,-1,process,78,71000000000,229350000000,37233,4
7350074632957542,thread,-1,producer,78,20000000,170000000,37233,4
7350074632957542,thread,-1,sampler,87,40000000,80000000,374,10
7350074632957542,thread,0,account_worker,85,14960000000,22500000000,2,96324
7350074632957542,thread,0,trader_callback,79,6780000000,30750000000,0,805
7350074632957542,thread,0,trace_writer,80,7160000000,30380000000,0,741
7350074632957542,thread,0,latency_writer,81,6830000000,30710000000,0,539
7350074632957542,thread,1,account_worker,86,14760000000,22630000000,3,204294
7350074632957542,thread,1,trader_callback,82,6940000000,30600000000,0,492
7350074632957542,thread,1,trace_writer,83,6500000000,31020000000,2,1491
7350074632957542,thread,1,latency_writer,84,6950000000,30480000000,0,108373
7350074733379625,process,-1,process,78,71190000000,229960000000,37334,4
7350074733379625,thread,-1,producer,78,20000000,170000000,37334,4
7350074733379625,thread,-1,sampler,87,40000000,80000000,375,10
7350074733379625,thread,0,account_worker,85,15000000000,22550000000,2,96324
7350074733379625,thread,0,trader_callback,79,6810000000,30830000000,0,805
7350074733379625,thread,0,trace_writer,80,7170000000,30470000000,0,741
7350074733379625,thread,0,latency_writer,81,6850000000,30790000000,0,539
7350074733379625,thread,1,account_worker,86,14800000000,22690000000,3,204294
7350074733379625,thread,1,trader_callback,82,6950000000,30690000000,0,492
7350074733379625,thread,1,trace_writer,83,6520000000,31100000000,2,1491
7350074733379625,thread,1,latency_writer,84,6970000000,30560000000,0,108378
7350074833829149,process,-1,process,78,71380000000,230580000000,37434,4
7350074833829149,thread,-1,producer,78,20000000,170000000,37434,4
7350074833829149,thread,-1,sampler,87,40000000,80000000,376,10
7350074833829149,thread,0,account_worker,85,15040000000,22620000000,2,96324
7350074833829149,thread,0,trader_callback,79,6820000000,30910000000,0,805
7350074833829149,thread,0,trace_writer,80,7190000000,30560000000,0,741
7350074833829149,thread,0,latency_writer,81,6880000000,30860000000,0,540
7350074833829149,thread,1,account_worker,86,14840000000,22740000000,3,204300
7350074833829149,thread,1,trader_callback,82,6960000000,30780000000,0,492
7350074833829149,thread,1,trace_writer,83,6530000000,31190000000,2,1494
7350074833829149,thread,1,latency_writer,84,6990000000,30640000000,0,108387
7350074934185536,process,-1,process,78,71560000000,231200000000,37534,4
7350074934185536,thread,-1,producer,78,20000000,170000000,37534,4
7350074934185536,thread,-1,sampler,87,40000000,80000000,377,10
7350074934185536,thread,0,account_worker,85,15080000000,22680000000,2,96324
7350074934185536,thread,0,trader_callback,79,6840000000,31000000000,0,805
7350074934185536,thread,0,trace_writer,80,7210000000,30640000000,0,741
7350074934185536,thread,0,latency_writer,81,6890000000,30950000000,0,541
7350074934185536,thread,1,account_worker,86,14880000000,22800000000,3,204306
7350074934185536,thread,1,trader_callback,82,6990000000,30850000000,0,492
7350074934185536,thread,1,trace_writer,83,6540000000,31280000000,2,1497
7350074934185536,thread,1,latency_writer,84,7020000000,30710000000,0,108391
7350075034542253,process,-1,process,78,71760000000,231800000000,37635,4
7350075034542253,thread,-1,producer,78,20000000,170000000,37635,4
7350075034542253,thread,-1,sampler,87,40000000,80000000,378,10
7350075034542253,thread,0,account_worker,85,15110000000,22740000000,2,96325
7350075034542253,thread,0,trader_callback,79,6860000000,31080000000,0,805
7350075034542253,thread,0,trace_writer,80,7220000000,30720000000,0,742
7350075034542253,thread,0,latency_writer,81,6910000000,31030000000,0,543
7350075034542253,thread,1,account_worker,86,14930000000,22860000000,3,204313
7350075034542253,thread,1,trader_callback,82,7030000000,30920000000,0,492
7350075034542253,thread,1,trace_writer,83,6550000000,31370000000,2,1497
7350075034542253,thread,1,latency_writer,84,7040000000,30790000000,0,108392
7350075134899842,process,-1,process,78,71970000000,232400000000,37735,4
7350075134899842,thread,-1,producer,78,20000000,170000000,37735,4
7350075134899842,thread,-1,sampler,87,40000000,80000000,379,10
7350075134899842,thread,0,account_worker,85,15150000000,22800000000,2,96328
7350075134899842,thread,0,trader_callback,79,6900000000,31140000000,0,806
7350075134899842,thread,0,trace_writer,80,7230000000,30810000000,0,748
7350075134899842,thread,0,latency_writer,81,6940000000,31110000000,0,545
7350075134899842,thread,1,account_worker,86,14970000000,22910000000,3,204313
7350075134899842,thread,1,trader_callback,82,7040000000,31000000000,0,492
7350075134899842,thread,1,trace_writer,83,6560000000,31460000000,2,1499
7350075134899842,thread,1,latency_writer,84,7050000000,30880000000,0,108397
7350075235273893,process,-1,process,78,72170000000,233000000000,37834,5
7350075235273893,thread,-1,producer,78,20000000,170000000,37834,5
7350075235273893,thread,-1,sampler,87,40000000,80000000,380,11
7350075235273893,thread,0,account_worker,85,15190000000,22870000000,2,96328
7350075235273893,thread,0,trader_callback,79,6910000000,31230000000,0,807
7350075235273893,thread,0,trace_writer,80,7270000000,30880000000,0,748
7350075235273893,thread,0,latency_writer,81,6960000000,31180000000,0,546
7350075235273893,thread,1,account_worker,86,15010000000,22980000000,3,204316
7350075235273893,thread,1,trader_callback,82,7070000000,31080000000,0,492
7350075235273893,thread,1,trace_writer,83,6580000000,31540000000,2,1505
7350075235273893,thread,1,latency_writer,84,7070000000,30960000000,0,108400
