mono_ns,account_index,queue,depth,capacity,high_watermark,oldest_age_ns,dropped
7350037179519314,0,market_ingress,0,1024,0,0,0
7350037179519314,0,trader_request,0,1024,0,0,0
7350037179519314,0,trading_callback,0,1024,0,0,0
7350037179519314,0,trace,0,8192,0,0,0
7350037179519314,0,latency,0,4096,0,0,0
7350037179519314,1,market_ingress,0,1024,0,0,0
7350037179519314,1,trader_request,0,1024,0,0,0
7350037179519314,1,trading_callback,0,1024,0,0,0
7350037179519314,1,trace,0,8192,0,0,0
7350037179519314,1,latency,0,4096,0,0,0
7350037279937815,0,market_ingress,0,1024,0,0,0
7350037279937815,0,trader_request,0,1024,0,0,0
7350037279937815,0,trading_callback,0,1024,0,0,0
7350037279937815,0,trace,0,8192,0,0,0
7350037279937815,0,latency,0,4096,0,0,0
7350037279937815,1,market_ingress,0,1024,0,0,0
7350037279937815,1,trader_request,0,1024,0,0,0
7350037279937815,1,trading_callback,0,1024,0,0,0
7350037279937815,1,trace,0,8192,0,0,0
7350037279937815,1,latency,0,4096,0,0,0
7350037380336149,0,market_ingress,0,1024,2,0,0
7350037380336149,0,trader_request,0,1024,1,0,0
7350037380336149,0,trading_callback,0,1024,2,0,0
7350037380336149,0,trace,0,8192,3,0,0
7350037380336149,0,latency,0,4096,0,0,0
7350037380336149,1,market_ingress,0,1024,2,0,0
7350037380336149,1,trader_request,0,1024,1,0,0
7350037380336149,1,trading_callback,0,1024,2,0,0
7350037380336149,1,trace,0,8192,3,0,0
7350037380336149,1,latency,0,4096,0,0,0
7350037480698784,0,market_ingress,0,1024,2,0,0
7350037480698784,0,trader_request,0,1024,1,0,0
7350037480698784,0,trading_callback,0,1024,2,0,0
7350037480698784,0,trace,0,8192,3,0,0
7350037480698784,0,latency,0,4096,0,0,0
7350037480698784,1,market_ingress,0,1024,2,0,0
7350037480698784,1,trader_request,0,1024,1,0,0
7350037480698784,1,trading_callback,0,1024,2,0,0
7350037480698784,1,trace,0,8192,3,0,0
7350037480698784,1,latency,0,4096,0,0,0
7350037581064193,0,market_ingress,0,1024,2,0,0
7350037581064193,0,trader_request,0,1024,1,0,0
7350037581064193,0,trading_callback,0,1024,2,0,0
7350037581064193,0,trace,0,8192,3,0,0
7350037581064193,0,latency,0,4096,0,0,0
7350037581064193,1,market_ingress,0,1024,2,0,0
7350037581064193,1,trader_request,0,1024,1,0,0
7350037581064193,1,trading_callback,0,1024,2,0,0
7350037581064193,1,trace,0,8192,3,0,0
7350037581064193,1,latency,0,4096,0,0,0
7350037681430810,0,market_ingress,0,1024,2,0,0
7350037681430810,0,trader_request,0,1024,1,0,0
7350037681430810,0,trading_callback,0,1024,2,0,0
7350037681430810,0,trace,0,8192,3,0,0
7350037681430810,0,latency,0,4096,0,0,0
7350037681430810,1,market_ingress,0,1024,2,0,0
7350037681430810,1,trader_request,0,1024,1,0,0
7350037681430810,1,trading_callback,0,1024,2,0,0
7350037681430810,1,trace,0,8192,3,0,0
7350037681430810,1,latency,0,4096,0,0,0
7350037781860605,0,market_ingress,0,1024,2,0,0
7350037781860605,0,trader_request,0,1024,1,0,0
7350037781860605,0,trading_callback,0,1024,2,0,0
7350037781860605,0,trace,0,8192,3,0,0
7350037781860605,0,latency,0,4096,0,0,0
7350037781860605,1,market_ingress,0,1024,2,0,0
7350037781860605,1,trader_request,0,1024,1,0,0
7350037781860605,1,trading_callback,0,1024,2,0,0
7350037781860605,1,trace,0,8192,3,0,0
7350037781860605,1,latency,0,4096,0,0,0
7350037882221695,0,market_ingress,0,1024,2,0,0
7350037882221695,0,trader_request,0,1024,1,0,0
7350037882221695,0,trading_callback,0,1024,2,0,0
7350037882221695,0,trace,0,8192,3,0,0
7350037882221695,0,latency,0,4096,0,0,0
7350037882221695,1,market_ingress,0,1024,3,0,0
7350037882221695,1,trader_request,0,1024,1,0,0
7350037882221695,1,trading_callback,0,1024,2,0,0
7350037882221695,1,trace,0,8192,3,0,0
7350037882221695,1,latency,0,4096,0,0,0
7350037982585338,0,market_ingress,0,1024,2,0,0
7350037982585338,0,trader_request,0,1024,1,0,0
7350037982585338,0,trading_callback,0,1024,2,0,0
7350037982585338,0,trace,0,8192,3,0,0
7350037982585338,0,latency,0,4096,0,0,0
7350037982585338,1,market_ingress,0,1024,3,0,0
7350037982585338,1,trader_request,0,1024,1,0,0
7350037982585338,1,trading_callback,0,1024,2,0,0
7350037982585338,1,trace,0,8192,3,0,0
7350037982585338,1,latency,0,4096,0,0,0
7350038082953886,0,market_ingress,0,1024,6,0,0
7350038082953886,0,trader_request,0,1024,1,0,0
7350038082953886,0,trading_callback,0,1024,3,0,0
7350038082953886,0,trace,0,8192,4,0,0
7350038082953886,0,latency,0,4096,0,0,0
7350038082953886,1,market_ingress,0,1024,3,0,0
7350038082953886,1,trader_request,0,1024,1,0,0
7350038082953886,1,trading_callback,0,1024,2,0,0
7350038082953886,1,trace,0,8192,3,0,0
7350038082953886,1,latency,0,4096,0,0,0
7350038183333138,0,market_ingress,0,1024,6,0,0
7350038183333138,0,trader_request,0,1024,1,0,0
7350038183333138,0,trading_callback,0,1024,3,0,0
7350038183333138,0,trace,0,8192,4,0,0
7350038183333138,0,latency,0,4096,0,0,0
7350038183333138,1,market_ingress,0,1024,3,0,0
7350038183333138,1,trader_request,0,1024,1,0,0
7350038183333138,1,trading_callback,0,1024,2,0,0
7350038183333138,1,trace,0,8192,3,0,0
7350038183333138,1,latency,0,4096,0,0,0
7350038283775924,0,market_ingress,0,1024,6,0,0
7350038283775924,0,trader_request,0,1024,1,0,0
7350038283775924,0,trading_callback,0,1024,3,0,0
7350038283775924,0,trace,0,8192,4,0,0
7350038283775924,0,latency,0,4096,0,0,0
7350038283775924,1,market_ingress,0,1024,3,0,0
7350038283775924,1,trader_request,0,1024,1,0,0
7350038283775924,1,trading_callback,0,1024,2,0,0
7350038283775924,1,trace,0,8192,3,0,0
7350038283775924,1,latency,0,4096,0,0,0
7350038384163212,0,market_ingress,0,1024,6,0,0
7350038384163212,0,trader_request,0,1024,1,0,0
7350038384163212,0,trading_callback,0,1024,3,0,0
7350038384163212,0,trace,0,8192,4,0,0
7350038384163212,0,latency,0,4096,0,0,0
7350038384163212,1,market_ingress,0,1024,3,0,0
7350038384163212,1,trader_request,0,1024,1,0,0
7350038384163212,1,trading_callback,0,1024,2,0,0
7350038384163212,1,trace,0,8192,3,0,0
7350038384163212,1,latency,0,4096,0,0,0
7350038484538595,0,market_ingress,0,1024,6,0,0
7350038484538595,0,trader_request,0,1024,1,0,0
7350038484538595,0,trading_callback,0,1024,3,0,0
7350038484538595,0,trace,0,8192,4,0,0
7350038484538595,0,latency,0,4096,0,0,0
7350038484538595,1,market_ingress,0,1024,3,0,0
7350038484538595,1,trader_request,0,1024,1,0,0
7350038484538595,1,trading_callback,0,1024,2,0,0
7350038484538595,1,trace,0,8192,3,0,0
7350038484538595,1,latency,0,4096,0,0,0
7350038584899612,0,market_ingress,0,1024,6,0,0
7350038584899612,0,trader_request,0,1024,1,0,0
7350038584899612,0,trading_callback,0,1024,3,0,0
7350038584899612,0,trace,0,8192,4,0,0
7350038584899612,0,latency,0,4096,0,0,0
7350038584899612,1,market_ingress,0,1024,3,0,0
7350038584899612,1,trader_request,0,1024,1,0,0
7350038584899612,1,trading_callback,0,1024,2,0,0
7350038584899612,1,trace,0,8192,3,0,0
7350038584899612,1,latency,0,4096,0,0,0
7350038685268543,0,market_ingress,0,1024,6,0,0
7350038685268543,0,trader_request,0,1024,1,0,0
7350038685268543,0,trading_callback,0,1024,3,0,0
7350038685268543,0,trace,0,8192,4,0,0
7350038685268543,0,latency,0,4096,0,0,0
7350038685268543,1,market_ingress,0,1024,3,0,0
7350038685268543,1,trader_request,0,1024,1,0,0
7350038685268543,1,trading_callback,0,1024,2,0,0
7350038685268543,1,trace,0,8192,3,0,0
7350038685268543,1,latency,0,4096,0,0,0
7350038785624963,0,market_ingress,0,1024,6,0,0
7350038785624963,0,trader_request,0,1024,1,0,0
7350038785624963,0,trading_callback,0,1024,3,0,0
7350038785624963,0,trace,0,8192,4,0,0
7350038785624963,0,latency,0,4096,0,0,0
7350038785624963,1,market_ingress,0,1024,3,0,0
7350038785624963,1,trader_request,0,1024,1,0,0
7350038785624963,1,trading_callback,0,1024,2,0,0
7350038785624963,1,trace,0,8192,3,0,0
7350038785624963,1,latency,0,4096,0,0,0
7350038885985270,0,market_ingress,0,1024,6,0,0
7350038885985270,0,trader_request,0,1024,1,0,0
7350038885985270,0,trading_callback,0,1024,3,0,0
7350038885985270,0,trace,0,8192,4,0,0
7350038885985270,0,latency,0,4096,0,0,0
7350038885985270,1,market_ingress,0,1024,4,0,0
7350038885985270,1,trader_request,0,1024,1,0,0
7350038885985270,1,trading_callback,0,1024,2,0,0
7350038885985270,1,trace,0,8192,3,0,0
7350038885985270,1,latency,0,4096,0,0,0
7350038986343390,0,market_ingress,0,1024,6,0,0
7350038986343390,0,trader_request,0,1024,1,0,0
7350038986343390,0,trading_callback,0,1024,3,0,0
7350038986343390,0,trace,0,8192,4,0,0
7350038986343390,0,latency,0,4096,0,0,0
7350038986343390,1,market_ingress,0,1024,4,0,0
7350038986343390,1,trader_request,0,1024,1,0,0
7350038986343390,1,trading_callback,0,1024,2,0,0
7350038986343390,1,trace,0,8192,3,0,0
7350038986343390,1,latency,0,4096,0,0,0
7350039086776766,0,market_ingress,0,1024,6,0,0
7350039086776766,0,trader_request,0,1024,1,0,0
7350039086776766,0,trading_callback,0,1024,3,0,0
7350039086776766,0,trace,0,8192,4,0,0
7350039086776766,0,latency,0,4096,0,0,0
7350039086776766,1,market_ingress,0,1024,4,0,0
7350039086776766,1,trader_request,0,1024,1,0,0
7350039086776766,1,trading_callback,0,1024,2,0,0
7350039086776766,1,trace,0,8192,3,0,0
7350039086776766,1,latency,0,4096,0,0,0
7350039187187535,0,market_ingress,0,1024,6,0,0
7350039187187535,0,trader_request,0,1024,1,0,0
7350039187187535,0,trading_callback,0,1024,3,0,0
7350039187187535,0,trace,0,8192,4,0,0
7350039187187535,0,latency,0,4096,0,0,0
7350039187187535,1,market_ingress,0,1024,4,0,0
7350039187187535,1,trader_request,0,1024,1,0,0
7350039187187535,1,trading_callback,0,1024,2,0,0
7350039187187535,1,trace,0,8192,3,0,0
7350039187187535,1,latency,0,4096,0,0,0
7350039287537846,0,market_ingress,0,1024,6,0,0
7350039287537846,0,trader_request,0,1024,1,0,0
7350039287537846,0,trading_callback,0,1024,3,0,0
7350039287537846,0,trace,0,8192,4,0,0
7350039287537846,0,latency,0,4096,2,0,0
7350039287537846,1,market_ingress,0,1024,4,0,0
7350039287537846,1,trader_request,0,1024,1,0,0
7350039287537846,1,trading_callback,0,1024,2,0,0
7350039287537846,1,trace,0,8192,3,0,0
7350039287537846,1,latency,0,4096,2,0,0
7350039387898358,0,market_ingress,0,1024,6,0,0
7350039387898358,0,trader_request,0,1024,1,0,0
7350039387898358,0,trading_callback,0,1024,3,0,0
7350039387898358,0,trace,0,8192,4,0,0
7350039387898358,0,latency,0,4096,2,0,0
7350039387898358,1,market_ingress,0,1024,4,0,0
7350039387898358,1,trader_request,0,1024,1,0,0
7350039387898358,1,trading_callback,0,1024,2,0,0
7350039387898358,1,trace,0,8192,3,0,0
7350039387898358,1,latency,0,4096,2,0,0
7350039488275146,0,market_ingress,0,1024,6,0,0
7350039488275146,0,trader_request,0,1024,1,0,0
7350039488275146,0,trading_callback,0,1024,3,0,0
7350039488275146,0,trace,0,8192,4,0,0
7350039488275146,0,latency,0,4096,2,0,0
7350039488275146,1,market_ingress,0,1024,4,0,0
7350039488275146,1,trader_request,0,1024,1,0,0
7350039488275146,1,trading_callback,0,1024,2,0,0
7350039488275146,1,trace,0,8192,3,0,0
7350039488275146,1,latency,0,4096,2,0,0
7350039588634367,0,market_ingress,0,1024,6,0,0
7350039588634367,0,trader_request,0,1024,1,0,0
7350039588634367,0,trading_callback,0,1024,3,0,0
7350039588634367,0,trace,0,8192,4,0,0
7350039588634367,0,latency,0,4096,2,0,0
7350039588634367,1,market_ingress,0,1024,4,0,0
7350039588634367,1,trader_request,0,1024,1,0,0
7350039588634367,1,trading_callback,0,1024,2,0,0
7350039588634367,1,trace,0,8192,3,0,0
7350039588634367,1,latency,0,4096,3,0,0
7350039688989120,0,market_ingress,0,1024,6,0,0
7350039688989120,0,trader_request,0,1024,1,0,0
7350039688989120,0,trading_callback,0,1024,3,0,0
7350039688989120,0,trace,0,8192,4,0,0
7350039688989120,0,latency,0,4096,2,0,0
7350039688989120,1,market_ingress,0,1024,4,0,0
7350039688989120,1,trader_request,0,1024,1,0,0
7350039688989120,1,trading_callback,0,1024,2,0,0
7350039688989120,1,trace,0,8192,3,0,0
7350039688989120,1,latency,0,4096,3,0,0
7350039789354920,0,market_ingress,0,1024,6,0,0
7350039789354920,0,trader_request,0,1024,1,0,0
7350039789354920,0,trading_callback,0,1024,3,0,0
7350039789354920,0,trace,0,8192,9,0,0
7350039789354920,0,latency,0,4096,3,0,0
7350039789354920,1,market_ingress,0,1024,4,0,0
7350039789354920,1,trader_request,0,1024,1,0,0
7350039789354920,1,trading_callback,0,1024,2,0,0
7350039789354920,1,trace,0,8192,3,0,0
7350039789354920,1,latency,0,4096,3,0,0
7350039889723812,0,market_ingress,0,1024,6,0,0
7350039889723812,0,trader_request,0,1024,1,0,0
7350039889723812,0,trading_callback,0,1024,3,0,0
7350039889723812,0,trace,0,8192,9,0,0
7350039889723812,0,latency,0,4096,3,0,0
7350039889723812,1,market_ingress,0,1024,4,0,0
7350039889723812,1,trader_request,0,1024,1,0,0
7350039889723812,1,trading_callback,0,1024,2,0,0
7350039889723812,1,trace,0,8192,3,0,0
7350039889723812,1,latency,0,4096,3,0,0
7350039990088774,0,market_ingress,0,1024,6,0,0
7350039990088774,0,trader_request,0,1024,1,0,0
7350039990088774,0,trading_callback,0,1024,3,0,0
7350039990088774,0,trace,0,8192,9,0,0
7350039990088774,0,latency,0,4096,4,0,0
7350039990088774,1,market_ingress,0,1024,4,0,0
7350039990088774,1,trader_request,0,1024,1,0,0
7350039990088774,1,trading_callback,0,1024,2,0,0
7350039990088774,1,trace,0,8192,3,0,0
7350039990088774,1,latency,0,4096,3,0,0
7350040090439366,0,market_ingress,0,1024,6,0,0
7350040090439366,0,trader_request,0,1024,1,0,0
7350040090439366,0,trading_callback,0,1024,3,0,0
7350040090439366,0,trace,0,8192,9,0,0
7350040090439366,0,latency,0,4096,4,0,0
7350040090439366,1,market_ingress,0,1024,4,0,0
7350040090439366,1,trader_request,0,1024,1,0,0
7350040090439366,1,trading_callback,0,1024,2,0,0
7350040090439366,1,trace,0,8192,3,0,0
7350040090439366,1,latency,0,4096,3,0,0
7350040190810692,0,market_ingress,0,1024,6,0,0
7350040190810692,0,trader_request,0,1024,1,0,0
7350040190810692,0,trading_callback,0,1024,3,0,0
7350040190810692,0,trace,0,8192,9,0,0
7350040190810692,0,latency,0,4096,4,0,0
7350040190810692,1,market_ingress,0,1024,4,0,0
7350040190810692,1,trader_request,0,1024,1,0,0
7350040190810692,1,trading_callback,0,1024,2,0,0
7350040190810692,1,trace,0,8192,3,0,0
7350040190810692,1,latency,0,4096,3,0,0
7350040291183051,0,market_ingress,0,1024,6,0,0
7350040291183051,0,trader_request,0,1024,1,0,0
7350040291183051,0,trading_callback,0,1024,3,0,0
7350040291183051,0,trace,1,8192,9,4103,0
7350040291183051,0,latency,0,4096,4,0,0
7350040291183051,1,market_ingress,0,1024,4,0,0
7350040291183051,1,trader_request,0,1024,1,0,0
7350040291183051,1,trading_callback,0,1024,2,0,0
7350040291183051,1,trace,2,8192,3,14595,0
7350040291183051,1,latency,0,4096,3,0,0
7350040391543997,0,market_ingress,0,1024,6,0,0
7350040391543997,0,trader_request,0,1024,1,0,0
7350040391543997,0,trading_callback,0,1024,3,0,0
7350040391543997,0,trace,0,8192,9,0,0
7350040391543997,0,latency,0,4096,4,0,0
7350040391543997,1,market_ingress,0,1024,4,0,0
7350040391543997,1,trader_request,0,1024,1,0,0
7350040391543997,1,trading_callback,0,1024,2,0,0
7350040391543997,1,trace,0,8192,3,0,0
7350040391543997,1,latency,0,4096,3,0,0
7350040491956538,0,market_ingress,0,1024,6,0,0
7350040491956538,0,trader_request,0,1024,1,0,0
7350040491956538,0,trading_callback,0,1024,3,0,0
7350040491956538,0,trace,0,8192,9,0,0
7350040491956538,0,latency,0,4096,12,0,0
7350040491956538,1,market_ingress,0,1024,4,0,0
7350040491956538,1,trader_request,0,1024,1,0,0
7350040491956538,1,trading_callback,0,1024,2,0,0
7350040491956538,1,trace,0,8192,3,0,0
7350040491956538,1,latency,0,4096,3,0,0
7350040594649596,0,market_ingress,0,1024,6,0,0
7350040594649596,0,trader_request,0,1024,1,0,0
7350040594649596,0,trading_callback,0,1024,3,0,0
7350040594649596,0,trace,0,8192,9,0,0
7350040594649596,0,latency,0,4096,12,0,0
7350040594649596,1,market_ingress,0,1024,4,0,0
7350040594649596,1,trader_request,0,1024,1,0,0
7350040594649596,1,trading_callback,0,1024,2,0,0
7350040594649596,1,trace,0,8192,3,0,0
7350040594649596,1,latency,0,4096,3,0,0
7350040695020601,0,market_ingress,0,1024,6,0,0
7350040695020601,0,trader_request,0,1024,1,0,0
7350040695020601,0,trading_callback,0,1024,3,0,0
7350040695020601,0,trace,0,8192,9,0,0
7350040695020601,0,latency,0,4096,12,0,0
7350040695020601,1,market_ingress,0,1024,4,0,0
7350040695020601,1,trader_request,0,1024,1,0,0
7350040695020601,1,trading_callback,0,1024,3,0,0
7350040695020601,1,trace,0,8192,3,0,0
7350040695020601,1,latency,0,4096,3,0,0
7350040795428229,0,market_ingress,0,1024,6,0,0
7350040795428229,0,trader_request,0,1024,1,0,0
7350040795428229,0,trading_callback,0,1024,3,0,0
7350040795428229,0,trace,0,8192,9,0,0
7350040795428229,0,latency,0,4096,12,0,0
7350040795428229,1,market_ingress,0,1024,4,0,0
7350040795428229,1,trader_request,0,1024,1,0,0
7350040795428229,1,trading_callback,0,1024,3,0,0
7350040795428229,1,trace,0,8192,3,0,0
7350040795428229,1,latency,0,4096,3,0,0
7350040895832688,0,market_ingress,0,1024,6,0,0
7350040895832688,0,trader_request,0,1024,1,0,0
7350040895832688,0,trading_callback,0,1024,3,0,0
7350040895832688,0,trace,0,8192,9,0,0
7350040895832688,0,latency,0,4096,12,0,0
7350040895832688,1,market_ingress,0,1024,4,0,0
7350040895832688,1,trader_request,0,1024,1,0,0
7350040895832688,1,trading_callback,0,1024,3,0,0
7350040895832688,1,trace,0,8192,3,0,0
7350040895832688,1,latency,0,4096,3,0,0
7350040996227909,0,market_ingress,0,1024,6,0,0
7350040996227909,0,trader_request,0,1024,1,0,0
7350040996227909,0,trading_callback,0,1024,3,0,0
7350040996227909,0,trace,0,8192,9,0,0
7350040996227909,0,latency,0,4096,12,0,0
7350040996227909,1,market_ingress,0,1024,4,0,0
7350040996227909,1,trader_request,0,1024,1,0,0
7350040996227909,1,trading_callback,0,1024,3,0,0
7350040996227909,1,trace,0,8192,3,0,0
7350040996227909,1,latency,0,4096,3,0,0
7350041096593056,0,market_ingress,0,1024,6,0,0
7350041096593056,0,trader_request,0,1024,1,0,0
7350041096593056,0,trading_callback,0,1024,3,0,0
7350041096593056,0,trace,0,8192,9,0,0
7350041096593056,0,latency,0,4096,12,0,0
7350041096593056,1,market_ingress,0,1024,4,0,0
7350041096593056,1,trader_request,0,1024,1,0,0
7350041096593056,1,trading_callback,0,1024,3,0,0
7350041096593056,1,trace,0,8192,3,0,0
7350041096593056,1,latency,0,4096,3,0,0
7350041196964251,0,market_ingress,0,1024,6,0,0
7350041196964251,0,trader_request,0,1024,1,0,0
7350041196964251,0,trading_callback,0,1024,3,0,0
7350041196964251,0,trace,0,8192,9,0,0
7350041196964251,0,latency,0,4096,12,0,0
7350041196964251,1,market_ingress,0,1024,4,0,0
7350041196964251,1,trader_request,0,1024,1,0,0
7350041196964251,1,trading_callback,0,1024,3,0,0
7350041196964251,1,trace,0,8192,3,0,0
7350041196964251,1,latency,0,4096,3,0,0
7350041297328445,0,market_ingress,0,1024,6,0,0
7350041297328445,0,trader_request,0,1024,1,0,0
7350041297328445,0,trading_callback,0,1024,3,0,0
7350041297328445,0,trace,0,8192,9,0,0
7350041297328445,0,latency,0,4096,12,0,0
7350041297328445,1,market_ingress,0,1024,4,0,0
7350041297328445,1,trader_request,0,1024,1,0,0
7350041297328445,1,trading_callback,0,1024,3,0,0
7350041297328445,1,trace,0,8192,3,0,0
7350041297328445,1,latency,0,4096,3,0,0
7350041397693370,0,market_ingress,0,1024,6,0,0
7350041397693370,0,trader_request,0,1024,1,0,0
7350041397693370,0,trading_callback,0,1024,3,0,0
7350041397693370,0,trace,0,8192,9,0,0
7350041397693370,0,latency,0,4096,12,0,0
7350041397693370,1,market_ingress,0,1024,4,0,0
7350041397693370,1,trader_request,0,1024,1,0,0
7350041397693370,1,trading_callback,0,1024,3,0,0
7350041397693370,1,trace,0,8192,3,0,0
7350041397693370,1,latency,0,4096,3,0,0
7350041498044705,0,market_ingress,0,1024,6,0,0
7350041498044705,0,trader_request,0,1024,1,0,0
7350041498044705,0,trading_callback,0,1024,3,0,0
7350041498044705,0,trace,0,8192,9,0,0
7350041498044705,0,latency,0,4096,12,0,0
7350041498044705,1,market_ingress,0,1024,4,0,0
7350041498044705,1,trader_request,0,1024,1,0,0
7350041498044705,1,trading_callback,0,1024,3,0,0
7350041498044705,1,trace,0,8192,3,0,0
7350041498044705,1,latency,0,4096,3,0,0
7350041598414430,0,market_ingress,0,1024,6,0,0
7350041598414430,0,trader_request,0,1024,1,0,0
7350041598414430,0,trading_callback,0,1024,3,0,0
7350041598414430,0,trace,0,8192,9,0,0
7350041598414430,0,latency,0,4096,12,0,0
7350041598414430,1,market_ingress,0,1024,4,0,0
7350041598414430,1,trader_request,0,1024,1,0,0
7350041598414430,1,trading_callback,0,1024,3,0,0
7350041598414430,1,trace,0,8192,3,0,0
7350041598414430,1,latency,0,4096,3,0,0
7350041698803331,0,market_ingress,0,1024,6,0,0
7350041698803331,0,trader_request,0,1024,1,0,0
7350041698803331,0,trading_callback,0,1024,3,0,0
7350041698803331,0,trace,0,8192,9,0,0
7350041698803331,0,latency,0,4096,12,0,0
7350041698803331,1,market_ingress,0,1024,4,0,0
7350041698803331,1,trader_request,0,1024,1,0,0
7350041698803331,1,trading_callback,0,1024,3,0,0
7350041698803331,1,trace,0,8192,3,0,0
7350041698803331,1,latency,0,4096,3,0,0
7350041799191083,0,market_ingress,0,1024,6,0,0
7350041799191083,0,trader_request,0,1024,1,0,0
7350041799191083,0,trading_callback,0,1024,3,0,0
7350041799191083,0,trace,0,8192,9,0,0
7350041799191083,0,latency,0,4096,12,0,0
7350041799191083,1,market_ingress,0,1024,4,0,0
7350041799191083,1,trader_request,0,1024,1,0,0
7350041799191083,1,trading_callback,0,1024,3,0,0
7350041799191083,1,trace,0,8192,3,0,0
7350041799191083,1,latency,0,4096,3,0,0
7350041899574519,0,market_ingress,0,1024,6,0,0
7350041899574519,0,trader_request,0,1024,1,0,0
7350041899574519,0,trading_callback,0,1024,3,0,0
7350041899574519,0,trace,0,8192,9,0,0
7350041899574519,0,latency,0,4096,12,0,0
7350041899574519,1,market_ingress,0,1024,4,0,0
7350041899574519,1,trader_request,0,1024,1,0,0
7350041899574519,1,trading_callback,0,1024,3,0,0
7350041899574519,1,trace,0,8192,3,0,0
7350041899574519,1,latency,0,4096,13,0,0
7350041999967154,0,market_ingress,0,1024,6,0,0
7350041999967154,0,trader_request,0,1024,1,0,0
7350041999967154,0,trading_callback,0,1024,3,0,0
7350041999967154,0,trace,0,8192,9,0,0
7350041999967154,0,latency,0,4096,12,0,0
7350041999967154,1,market_ingress,0,1024,4,0,0
7350041999967154,1,trader_request,0,1024,1,0,0
7350041999967154,1,trading_callback,0,1024,3,0,0
7350041999967154,1,trace,0,8192,3,0,0
7350041999967154,1,latency,0,4096,13,0,0
7350042100383297,0,market_ingress,0,1024,6,0,0
7350042100383297,0,trader_request,0,1024,1,0,0
7350042100383297,0,trading_callback,0,1024,3,0,0
7350042100383297,0,trace,0,8192,9,0,0
7350042100383297,0,latency,0,4096,12,0,0
7350042100383297,1,market_ingress,0,1024,4,0,0
7350042100383297,1,trader_request,0,1024,1,0,0
7350042100383297,1,trading_callback,0,1024,3,0,0
7350042100383297,1,trace,0,8192,3,0,0
7350042100383297,1,latency,0,4096,13,0,0
7350042200733008,0,market_ingress,0,1024,6,0,0
7350042200733008,0,trader_request,0,1024,1,0,0
7350042200733008,0,trading_callback,0,1024,3,0,0
7350042200733008,0,trace,0,8192,9,0,0
7350042200733008,0,latency,0,4096,12,0,0
7350042200733008,1,market_ingress,0,1024,4,0,0
7350042200733008,1,trader_request,0,1024,1,0,0
7350042200733008,1,trading_callback,0,1024,3,0,0
7350042200733008,1,trace,0,8192,3,0,0
7350042200733008,1,latency,0,4096,13,0,0
7350042301108864,0,market_ingress,0,1024,6,0,0
7350042301108864,0,trader_request,0,1024,1,0,0
7350042301108864,0,trading_callback,0,1024,3,0,0
7350042301108864,0,trace,0,8192,9,0,0
7350042301108864,0,latency,0,4096,12,0,0
7350042301108864,1,market_ingress,0,1024,4,0,0
7350042301108864,1,trader_request,0,1024,1,0,0
7350042301108864,1,trading_callback,0,1024,3,0,0
7350042301108864,1,trace,0,8192,3,0,0
7350042301108864,1,latency,0,4096,13,0,0
7350042401488994,0,market_ingress,0,1024,6,0,0
7350042401488994,0,trader_request,0,1024,1,0,0
7350042401488994,0,trading_callback,0,1024,3,0,0
7350042401488994,0,trace,0,8192,9,0,0
7350042401488994,0,latency,0,4096,12,0,0
7350042401488994,1,market_ingress,0,1024,4,0,0
7350042401488994,1,trader_request,0,1024,1,0,0
7350042401488994,1,trading_callback,0,1024,3,0,0
7350042401488994,1,trace,0,8192,3,0,0
7350042401488994,1,latency,0,4096,13,0,0
7350042501864209,0,market_ingress,0,1024,6,0,0
7350042501864209,0,trader_request,0,1024,1,0,0
7350042501864209,0,trading_callback,0,1024,3,0,0
7350042501864209,0,trace,0,8192,9,0,0
7350042501864209,0,latency,0,4096,12,0,0
7350042501864209,1,market_ingress,0,1024,4,0,0
7350042501864209,1,trader_request,0,1024,1,0,0
7350042501864209,1,trading_callback,0,1024,3,0,0
7350042501864209,1,trace,0,8192,3,0,0
7350042501864209,1,latency,0,4096,13,0,0
7350042602233322,0,market_ingress,0,1024,6,0,0
7350042602233322,0,trader_request,0,1024,1,0,0
7350042602233322,0,trading_callback,0,1024,3,0,0
7350042602233322,0,trace,0,8192,9,0,0
7350042602233322,0,latency,0,4096,12,0,0
7350042602233322,1,market_ingress,0,1024,4,0,0
7350042602233322,1,trader_request,0,1024,1,0,0
7350042602233322,1,trading_callback,0,1024,3,0,0
7350042602233322,1,trace,0,8192,3,0,0
7350042602233322,1,latency,0,4096,13,0,0
7350042702624904,0,market_ingress,0,1024,6,0,0
7350042702624904,0,trader_request,0,1024,1,0,0
7350042702624904,0,trading_callback,0,1024,3,0,0
7350042702624904,0,trace,0,8192,9,0,0
7350042702624904,0,latency,0,4096,12,0,0
7350042702624904,1,market_ingress,0,1024,4,0,0
7350042702624904,1,trader_request,0,1024,1,0,0
7350042702624904,1,trading_callback,0,1024,3,0,0
7350042702624904,1,trace,0,8192,3,0,0
7350042702624904,1,latency,0,4096,13,0,0
7350042803040096,0,market_ingress,0,1024,6,0,0
7350042803040096,0,trader_request,0,1024,1,0,0
7350042803040096,0,trading_callback,0,1024,3,0,0
7350042803040096,0,trace,0,8192,9,0,0
7350042803040096,0,latency,0,4096,12,0,0
7350042803040096,1,market_ingress,0,1024,4,0,0
7350042803040096,1,trader_request,0,1024,1,0,0
7350042803040096,1,trading_callback,0,1024,3,0,0
7350042803040096,1,trace,0,8192,3,0,0
7350042803040096,1,latency,0,4096,13,0,0
7350042903419460,0,market_ingress,0,1024,6,0,0
7350042903419460,0,trader_request,0,1024,1,0,0
7350042903419460,0,trading_callback,0,1024,3,0,0
7350042903419460,0,trace,0,8192,9,0,0
7350042903419460,0,latency,0,4096,12,0,0
7350042903419460,1,market_ingress,0,1024,4,0,0
7350042903419460,1,trader_request,0,1024,1,0,0
7350042903419460,1,trading_callback,0,1024,3,0,0
7350042903419460,1,trace,0,8192,3,0,0
7350042903419460,1,latency,0,4096,13,0,0
7350043003761261,0,market_ingress,0,1024,6,0,0
7350043003761261,0,trader_request,0,1024,1,0,0
7350043003761261,0,trading_callback,0,1024,3,0,0
7350043003761261,0,trace,0,8192,9,0,0
7350043003761261,0,latency,0,4096,12,0,0
7350043003761261,1,market_ingress,0,1024,4,0,0
7350043003761261,1,trader_request,0,1024,1,0,0
7350043003761261,1,trading_callback,0,1024,3,0,0
7350043003761261,1,trace,0,8192,3,0,0
7350043003761261,1,latency,0,4096,13,0,0
7350043104139121,0,market_ingress,0,1024,6,0,0
7350043104139121,0,trader_request,0,1024,1,0,0
7350043104139121,0,trading_callback,0,1024,3,0,0
7350043104139121,0,trace,0,8192,9,0,0
7350043104139121,0,latency,0,4096,12,0,0
7350043104139121,1,market_ingress,0,1024,4,0,0
7350043104139121,1,trader_request,0,1024,1,0,0
7350043104139121,1,trading_callback,0,1024,3,0,0
7350043104139121,1,trace,0,8192,3,0,0
7350043104139121,1,latency,0,4096,13,0,0
7350043204500885,0,market_ingress,0,1024,6,0,0
7350043204500885,0,trader_request,0,1024,1,0,0
7350043204500885,0,trading_callback,0,1024,3,0,0
7350043204500885,0,trace,0,8192,9,0,0
7350043204500885,0,latency,0,4096,12,0,0
7350043204500885,1,market_ingress,0,1024,4,0,0
7350043204500885,1,trader_request,0,1024,1,0,0
7350043204500885,1,trading_callback,0,1024,3,0,0
7350043204500885,1,trace,0,8192,3,0,0
7350043204500885,1,latency,0,4096,13,0,0
7350043304873998,0,market_ingress,0,1024,6,0,0
7350043304873998,0,trader_request,0,1024,1,0,0
7350043304873998,0,trading_callback,0,1024,3,0,0
7350043304873998,0,trace,0,8192,9,0,0
7350043304873998,0,latency,0,4096,12,0,0
7350043304873998,1,market_ingress,0,1024,4,0,0
7350043304873998,1,trader_request,0,1024,1,0,0
7350043304873998,1,trading_callback,0,1024,3,0,0
7350043304873998,1,trace,0,8192,3,0,0
7350043304873998,1,latency,0,4096,13,0,0
7350043405246226,0,market_ingress,0,1024,6,0,0
7350043405246226,0,trader_request,0,1024,1,0,0
7350043405246226,0,trading_callback,0,1024,3,0,0
7350043405246226,0,trace,0,8192,9,0,0
7350043405246226,0,latency,0,4096,12,0,0
7350043405246226,1,market_ingress,0,1024,4,0,0
7350043405246226,1,trader_request,0,1024,1,0,0
7350043405246226,1,trading_callback,0,1024,3,0,0
7350043405246226,1,trace,0,8192,3,0,0
7350043405246226,1,latency,0,4096,13,0,0
7350043506339753,0,market_ingress,0,1024,6,0,0
7350043506339753,0,trader_request,0,1024,1,0,0
7350043506339753,0,trading_callback,0,1024,3,0,0
7350043506339753,0,trace,0,8192,9,0,0
7350043506339753,0,latency,0,4096,12,0,0
7350043506339753,1,market_ingress,0,1024,4,0,0
7350043506339753,1,trader_request,0,1024,1,0,0
7350043506339753,1,trading_callback,0,1024,3,0,0
7350043506339753,1,trace,0,8192,3,0,0
7350043506339753,1,latency,0,4096,13,0,0
7350043606712084,0,market_ingress,0,1024,6,0,0
7350043606712084,0,trader_request,0,1024,1,0,0
7350043606712084,0,trading_callback,0,1024,3,0,0
7350043606712084,0,trace,0,8192,9,0,0
7350043606712084,0,latency,0,4096,12,0,0
7350043606712084,1,market_ingress,0,1024,4,0,0
7350043606712084,1,trader_request,0,1024,1,0,0
7350043606712084,1,trading_callback,0,1024,3,0,0
7350043606712084,1,trace,0,8192,3,0,0
7350043606712084,1,latency,0,4096,13,0,0
7350043707172324,0,market_ingress,0,1024,6,0,0
7350043707172324,0,trader_request,0,1024,1,0,0
7350043707172324,0,trading_callback,0,1024,3,0,0
7350043707172324,0,trace,0,8192,9,0,0
7350043707172324,0,latency,0,4096,12,0,0
7350043707172324,1,market_ingress,0,1024,4,0,0
7350043707172324,1,trader_request,0,1024,1,0,0
7350043707172324,1,trading_callback,0,1024,3,0,0
7350043707172324,1,trace,0,8192,3,0,0
7350043707172324,1,latency,0,4096,13,0,0
7350043807629502,0,market_ingress,0,1024,6,0,0
7350043807629502,0,trader_request,0,1024,1,0,0
7350043807629502,0,trading_callback,0,1024,3,0,0
7350043807629502,0,trace,0,8192,9,0,0
7350043807629502,0,latency,0,4096,12,0,0
7350043807629502,1,market_ingress,0,1024,4,0,0
7350043807629502,1,trader_request,0,1024,1,0,0
7350043807629502,1,trading_callback,0,1024,3,0,0
7350043807629502,1,trace,0,8192,3,0,0
7350043807629502,1,latency,0,4096,13,0,0
7350043908107703,0,market_ingress,0,1024,6,0,0
7350043908107703,0,trader_request,0,1024,1,0,0
7350043908107703,0,trading_callback,0,1024,3,0,0
7350043908107703,0,trace,0,8192,9,0,0
7350043908107703,0,latency,0,4096,12,0,0
7350043908107703,1,market_ingress,0,1024,4,0,0
7350043908107703,1,trader_request,0,1024,1,0,0
7350043908107703,1,trading_callback,0,1024,3,0,0
7350043908107703,1,trace,0,8192,3,0,0
7350043908107703,1,latency,0,4096,13,0,0
7350044008560382,0,market_ingress,0,1024,6,0,0
7350044008560382,0,trader_request,0,1024,1,0,0
7350044008560382,0,trading_callback,0,1024,3,0,0
7350044008560382,0,trace,0,8192,9,0,0
7350044008560382,0,latency,0,4096,12,0,0
7350044008560382,1,market_ingress,0,1024,4,0,0
7350044008560382,1,trader_request,0,1024,1,0,0
7350044008560382,1,trading_callback,0,1024,3,0,0
7350044008560382,1,trace,0,8192,3,0,0
7350044008560382,1,latency,0,4096,13,0,0
7350044108932076,0,market_ingress,0,1024,6,0,0
7350044108932076,0,trader_request,0,1024,1,0,0
7350044108932076,0,trading_callback,0,1024,3,0,0
7350044108932076,0,trace,0,8192,9,0,0
7350044108932076,0,latency,0,4096,12,0,0
7350044108932076,1,market_ingress,0,1024,4,0,0
7350044108932076,1,trader_request,0,1024,1,0,0
7350044108932076,1,trading_callback,0,1024,3,0,0
7350044108932076,1,trace,0,8192,3,0,0
7350044108932076,1,latency,0,4096,13,0,0
7350044209377538,0,market_ingress,0,1024,6,0,0
7350044209377538,0,trader_request,0,1024,1,0,0
7350044209377538,0,trading_callback,0,1024,3,0,0
7350044209377538,0,trace,0,8192,9,0,0
7350044209377538,0,latency,0,4096,12,0,0
7350044209377538,1,market_ingress,0,1024,4,0,0
7350044209377538,1,trader_request,0,1024,1,0,0
7350044209377538,1,trading_callback,0,1024,3,0,0
7350044209377538,1,trace,0,8192,3,0,0
7350044209377538,1,latency,0,4096,13,0,0
7350044309781063,0,market_ingress,0,1024,6,0,0
7350044309781063,0,trader_request,0,1024,1,0,0
7350044309781063,0,trading_callback,0,1024,3,0,0
7350044309781063,0,trace,0,8192,9,0,0
7350044309781063,0,latency,0,4096,12,0,0
7350044309781063,1,market_ingress,0,1024,4,0,0
7350044309781063,1,trader_request,0,1024,1,0,0
7350044309781063,1,trading_callback,0,1024,3,0,0
7350044309781063,1,trace,0,8192,3,0,0
7350044309781063,1,latency,0,4096,13,0,0
7350044410166515,0,market_ingress,0,1024,6,0,0
7350044410166515,0,trader_request,0,1024,1,0,0
7350044410166515,0,trading_callback,0,1024,3,0,0
7350044410166515,0,trace,0,8192,9,0,0
7350044410166515,0,latency,0,4096,12,0,0
7350044410166515,1,market_ingress,0,1024,4,0,0
7350044410166515,1,trader_request,0,1024,1,0,0
7350044410166515,1,trading_callback,0,1024,3,0,0
7350044410166515,1,trace,0,8192,3,0,0
7350044410166515,1,latency,0,4096,13,0,0
7350044510531406,0,market_ingress,0,1024,6,0,0
7350044510531406,0,trader_request,0,1024,1,0,0
7350044510531406,0,trading_callback,0,1024,3,0,0
7350044510531406,0,trace,0,8192,9,0,0
7350044510531406,0,latency,0,4096,12,0,0
7350044510531406,1,market_ingress,0,1024,4,0,0
7350044510531406,1,trader_request,0,1024,1,0,0
7350044510531406,1,trading_callback,0,1024,3,0,0
7350044510531406,1,trace,0,8192,3,0,0
7350044510531406,1,latency,0,4096,13,0,0
7350044610921205,0,market_ingress,0,1024,6,0,0
7350044610921205,0,trader_request,0,1024,1,0,0
7350044610921205,0,trading_callback,0,1024,3,0,0
7350044610921205,0,trace,0,8192,9,0,0
7350044610921205,0,latency,0,4096,12,0,0
7350044610921205,1,market_ingress,0,1024,4,0,0
7350044610921205,1,trader_request,0,1024,1,0,0
7350044610921205,1,trading_callback,0,1024,3,0,0
7350044610921205,1,trace,0,8192,3,0,0
7350044610921205,1,latency,0,4096,13,0,0
7350044711298542,0,market_ingress,0,1024,6,0,0
7350044711298542,0,trader_request,0,1024,1,0,0
7350044711298542,0,trading_callback,0,1024,3,0,0
7350044711298542,0,trace,0,8192,9,0,0
7350044711298542,0,latency,0,4096,12,0,0
7350044711298542,1,market_ingress,0,1024,4,0,0
7350044711298542,1,trader_request,0,1024,1,0,0
7350044711298542,1,trading_callback,0,1024,3,0,0
7350044711298542,1,trace,0,8192,3,0,0
7350044711298542,1,latency,0,4096,13,0,0
7350044811666711,0,market_ingress,0,1024,6,0,0
7350044811666711,0,trader_request,0,1024,1,0,0
7350044811666711,0,trading_callback,0,1024,3,0,0
7350044811666711,0,trace,0,8192,9,0,0
7350044811666711,0,latency,0,4096,12,0,0
7350044811666711,1,market_ingress,0,1024,4,0,0
7350044811666711,1,trader_request,0,1024,1,0,0
7350044811666711,1,trading_callback,0,1024,3,0,0
7350044811666711,1,trace,0,8192,3,0,0
7350044811666711,1,latency,0,4096,13,0,0
7350044912013757,0,market_ingress,0,1024,6,0,0
7350044912013757,0,trader_request,0,1024,1,0,0
7350044912013757,0,trading_callback,0,1024,3,0,0
7350044912013757,0,trace,0,8192,9,0,0
7350044912013757,0,latency,0,4096,12,0,0
7350044912013757,1,market_ingress,0,1024,4,0,0
7350044912013757,1,trader_request,0,1024,1,0,0
7350044912013757,1,trading_callback,0,1024,3,0,0
7350044912013757,1,trace,0,8192,3,0,0
7350044912013757,1,latency,0,4096,13,0,0
7350045012335438,0,market_ingress,0,1024,6,0,0
7350045012335438,0,trader_request,0,1024,1,0,0
7350045012335438,0,trading_callback,0,1024,3,0,0
7350045012335438,0,trace,0,8192,9,0,0
7350045012335438,0,latency,0,4096,12,0,0
7350045012335438,1,market_ingress,0,1024,4,0,0
7350045012335438,1,trader_request,0,1024,1,0,0
7350045012335438,1,trading_callback,0,1024,3,0,0
7350045012335438,1,trace,0,8192,3,0,0
7350045012335438,1,latency,0,4096,13,0,0
7350045113220186,0,market_ingress,0,1024,6,0,0
7350045113220186,0,trader_request,0,1024,1,0,0
7350045113220186,0,trading_callback,0,1024,3,0,0
7350045113220186,0,trace,0,8192,9,0,0
7350045113220186,0,latency,0,4096,12,0,0
7350045113220186,1,market_ingress,0,1024,4,0,0
7350045113220186,1,trader_request,0,1024,1,0,0
7350045113220186,1,trading_callback,0,1024,3,0,0
7350045113220186,1,trace,0,8192,3,0,0
7350045113220186,1,latency,0,4096,13,0,0
7350045213679431,0,market_ingress,0,1024,6,0,0
7350045213679431,0,trader_request,0,1024,1,0,0
7350045213679431,0,trading_callback,0,1024,3,0,0
7350045213679431,0,trace,0,8192,9,0,0
7350045213679431,0,latency,0,4096,12,0,0
7350045213679431,1,market_ingress,0,1024,4,0,0
7350045213679431,1,trader_request,0,1024,1,0,0
7350045213679431,1,trading_callback,0,1024,3,0,0
7350045213679431,1,trace,0,8192,3,0,0
7350045213679431,1,latency,0,4096,13,0,0
7350045314123457,0,market_ingress,0,1024,6,0,0
7350045314123457,0,trader_request,0,1024,1,0,0
7350045314123457,0,trading_callback,0,1024,3,0,0
7350045314123457,0,trace,0,8192,9,0,0
7350045314123457,0,latency,0,4096,12,0,0
7350045314123457,1,market_ingress,0,1024,4,0,0
7350045314123457,1,trader_request,0,1024,1,0,0
7350045314123457,1,trading_callback,0,1024,3,0,0
7350045314123457,1,trace,0,8192,3,0,0
7350045314123457,1,latency,0,4096,13,0,0
7350045414501870,0,market_ingress,0,1024,6,0,0
7350045414501870,0,trader_request,0,1024,1,0,0
7350045414501870,0,trading_callback,0,1024,3,0,0
7350045414501870,0,trace,0,8192,9,0,0
7350045414501870,0,latency,0,4096,12,0,0
7350045414501870,1,market_ingress,0,1024,4,0,0
7350045414501870,1,trader_request,0,1024,1,0,0
7350045414501870,1,trading_callback,0,1024,3,0,0
7350045414501870,1,trace,0,8192,3,0,0
7350045414501870,1,latency,0,4096,13,0,0
7350045515001626,0,market_ingress,0,1024,6,0,0
7350045515001626,0,trader_request,0,1024,1,0,0
7350045515001626,0,trading_callback,0,1024,3,0,0
7350045515001626,0,trace,0,8192,9,0,0
7350045515001626,0,latency,0,4096,12,0,0
7350045515001626,1,market_ingress,0,1024,4,0,0
7350045515001626,1,trader_request,0,1024,1,0,0
7350045515001626,1,trading_callback,0,1024,3,0,0
7350045515001626,1,trace,0,8192,3,0,0
7350045515001626,1,latency,0,4096,13,0,0
7350045615340832,0,market_ingress,0,1024,6,0,0
7350045615340832,0,trader_request,0,1024,1,0,0
7350045615340832,0,trading_callback,0,1024,3,0,0
7350045615340832,0,trace,0,8192,9,0,0
7350045615340832,0,latency,0,4096,12,0,0
7350045615340832,1,market_ingress,0,1024,4,0,0
7350045615340832,1,trader_request,0,1024,1,0,0
7350045615340832,1,trading_callback,0,1024,3,0,0
7350045615340832,1,trace,0,8192,3,0,0
7350045615340832,1,latency,0,4096,13,0,0
7350045715708944,0,market_ingress,0,1024,6,0,0
7350045715708944,0,trader_request,0,1024,1,0,0
7350045715708944,0,trading_callback,0,1024,3,0,0
7350045715708944,0,trace,0,8192,9,0,0
7350045715708944,0,latency,0,4096,12,0,0
7350045715708944,1,market_ingress,0,1024,4,0,0
7350045715708944,1,trader_request,0,1024,1,0,0
7350045715708944,1,trading_callback,0,1024,3,0,0
7350045715708944,1,trace,0,8192,3,0,0
7350045715708944,1,latency,0,4096,13,0,0
7350045819089035,0,market_ingress,0,1024,6,0,0
7350045819089035,0,trader_request,0,1024,1,0,0
7350045819089035,0,trading_callback,0,1024,3,0,0
7350045819089035,0,trace,0,8192,9,0,0
7350045819089035,0,latency,0,4096,12,0,0
7350045819089035,1,market_ingress,0,1024,4,0,0
7350045819089035,1,trader_request,0,1024,1,0,0
7350045819089035,1,trading_callback,0,1024,3,0,0
7350045819089035,1,trace,0,8192,3,0,0
7350045819089035,1,latency,0,4096,13,0,0
7350045919453096,0,market_ingress,0,1024,6,0,0
7350045919453096,0,trader_request,0,1024,1,0,0
7350045919453096,0,trading_callback,0,1024,3,0,0
7350045919453096,0,trace,0,8192,9,0,0
7350045919453096,0,latency,0,4096,12,0,0
7350045919453096,1,market_ingress,0,1024,4,0,0
7350045919453096,1,trader_request,0,1024,1,0,0
7350045919453096,1,trading_callback,0,1024,3,0,0
7350045919453096,1,trace,0,8192,4,0,0
7350045919453096,1,latency,0,4096,13,0,0
7350046019856599,0,market_ingress,0,1024,6,0,0
7350046019856599,0,trader_request,0,1024,1,0,0
7350046019856599,0,trading_callback,0,1024,3,0,0
7350046019856599,0,trace,0,8192,9,0,0
7350046019856599,0,latency,0,4096,12,0,0
7350046019856599,1,market_ingress,0,1024,4,0,0
7350046019856599,1,trader_request,0,1024,1,0,0
7350046019856599,1,trading_callback,0,1024,3,0,0
7350046019856599,1,trace,0,8192,4,0,0
7350046019856599,1,latency,0,4096,13,0,0
7350046120217917,0,market_ingress,0,1024,6,0,0
7350046120217917,0,trader_request,0,1024,1,0,0
7350046120217917,0,trading_callback,0,1024,3,0,0
7350046120217917,0,trace,0,8192,9,0,0
7350046120217917,0,latency,0,4096,12,0,0
7350046120217917,1,market_ingress,0,1024,4,0,0
7350046120217917,1,trader_request,0,1024,1,0,0
7350046120217917,1,trading_callback,0,1024,3,0,0
7350046120217917,1,trace,0,8192,4,0,0
7350046120217917,1,latency,0,4096,13,0,0
7350046220741558,0,market_ingress,0,1024,6,0,0
7350046220741558,0,trader_request,0,1024,1,0,0
7350046220741558,0,trading_callback,0,1024,3,0,0
7350046220741558,0,trace,0,8192,9,0,0
7350046220741558,0,latency,0,4096,12,0,0
7350046220741558,1,market_ingress,0,1024,4,0,0
7350046220741558,1,trader_request,0,1024,1,0,0
7350046220741558,1,trading_callback,0,1024,3,0,0
7350046220741558,1,trace,0,8192,4,0,0
7350046220741558,1,latency,0,4096,13,0,0
7350046321107681,0,market_ingress,0,1024,6,0,0
7350046321107681,0,trader_request,0,1024,1,0,0
7350046321107681,0,trading_callback,0,1024,3,0,0
7350046321107681,0,trace,0,8192,9,0,0
7350046321107681,0,latency,0,4096,12,0,0
7350046321107681,1,market_ingress,1,1024,4,77315,0
7350046321107681,1,trader_request,0,1024,1,0,0
7350046321107681,1,trading_callback,0,1024,3,0,0
7350046321107681,1,trace,0,8192,4,0,0
7350046321107681,1,latency,0,4096,13,0,0
7350046421479036,0,market_ingress,0,1024,6,0,0
7350046421479036,0,trader_request,0,1024,1,0,0
7350046421479036,0,trading_callback,0,1024,3,0,0
7350046421479036,0,trace,0,8192,9,0,0
7350046421479036,0,latency,0,4096,12,0,0
7350046421479036,1,market_ingress,0,1024,4,0,0
7350046421479036,1,trader_request,0,1024,1,0,0
7350046421479036,1,trading_callback,0,1024,3,0,0
7350046421479036,1,trace,0,8192,4,0,0
7350046421479036,1,latency,0,4096,13,0,0
7350046521882814,0,market_ingress,0,1024,6,0,0
7350046521882814,0,trader_request,0,1024,1,0,0
7350046521882814,0,trading_callback,0,1024,3,0,0
7350046521882814,0,trace,0,8192,9,0,0
7350046521882814,0,latency,0,4096,12,0,0
7350046521882814,1,market_ingress,0,1024,4,0,0
7350046521882814,1,trader_request,0,1024,1,0,0
7350046521882814,1,trading_callback,0,1024,3,0,0
7350046521882814,1,trace,0,8192,4,0,0
7350046521882814,1,latency,0,4096,13,0,0
7350046622258166,0,market_ingress,0,1024,6,0,0
7350046622258166,0,trader_request,0,1024,1,0,0
7350046622258166,0,trading_callback,0,1024,3,0,0
7350046622258166,0,trace,0,8192,9,0,0
7350046622258166,0,latency,0,4096,12,0,0
7350046622258166,1,market_ingress,0,1024,4,0,0
7350046622258166,1,trader_request,0,1024,1,0,0
7350046622258166,1,trading_callback,0,1024,3,0,0
7350046622258166,1,trace,0,8192,4,0,0
7350046622258166,1,latency,0,4096,13,0,0
7350046722619883,0,market_ingress,0,1024,6,0,0
7350046722619883,0,trader_request,0,1024,1,0,0
7350046722619883,0,trading_callback,0,1024,3,0,0
7350046722619883,0,trace,0,8192,9,0,0
7350046722619883,0,latency,0,4096,12,0,0
7350046722619883,1,market_ingress,0,1024,4,0,0
7350046722619883,1,trader_request,0,1024,1,0,0
7350046722619883,1,trading_callback,0,1024,3,0,0
7350046722619883,1,trace,0,8192,4,0,0
7350046722619883,1,latency,0,4096,13,0,0
7350046822993133,0,market_ingress,0,1024,6,0,0
7350046822993133,0,trader_request,0,1024,1,0,0
7350046822993133,0,trading_callback,0,1024,3,0,0
7350046822993133,0,trace,0,8192,9,0,0
7350046822993133,0,latency,0,4096,12,0,0
7350046822993133,1,market_ingress,0,1024,4,0,0
7350046822993133,1,trader_request,0,1024,1,0,0
7350046822993133,1,trading_callback,0,1024,3,0,0
7350046822993133,1,trace,0,8192,4,0,0
7350046822993133,1,latency,0,4096,13,0,0
7350046923361694,0,market_ingress,0,1024,6,0,0
7350046923361694,0,trader_request,0,1024,1,0,0
7350046923361694,0,trading_callback,0,1024,3,0,0
7350046923361694,0,trace,0,8192,9,0,0
7350046923361694,0,latency,0,4096,12,0,0
7350046923361694,1,market_ingress,0,1024,4,0,0
7350046923361694,1,trader_request,0,1024,1,0,0
7350046923361694,1,trading_callback,0,1024,3,0,0
7350046923361694,1,trace,0,8192,4,0,0
7350046923361694,1,latency,0,4096,13,0,0
7350047023727617,0,market_ingress,0,1024,6,0,0
7350047023727617,0,trader_request,0,1024,1,0,0
7350047023727617,0,trading_callback,0,1024,3,0,0
7350047023727617,0,trace,0,8192,9,0,0
7350047023727617,0,latency,0,4096,12,0,0
7350047023727617,1,market_ingress,0,1024,4,0,0
7350047023727617,1,trader_request,0,1024,1,0,0
7350047023727617,1,trading_callback,0,1024,3,0,0
7350047023727617,1,trace,0,8192,4,0,0
7350047023727617,1,latency,0,4096,13,0,0
7350047124139641,0,market_ingress,0,1024,6,0,0
7350047124139641,0,trader_request,0,1024,1,0,0
7350047124139641,0,trading_callback,0,1024,3,0,0
7350047124139641,0,trace,0,8192,9,0,0
7350047124139641,0,latency,0,4096,12,0,0
7350047124139641,1,market_ingress,0,1024,4,0,0
7350047124139641,1,trader_request,0,1024,1,0,0
7350047124139641,1,trading_callback,0,1024,3,0,0
7350047124139641,1,trace,0,8192,4,0,0
7350047124139641,1,latency,0,4096,13,0,0
7350047224509339,0,market_ingress,0,1024,6,0,0
7350047224509339,0,trader_request,0,1024,1,0,0
7350047224509339,0,trading_callback,0,1024,3,0,0
7350047224509339,0,trace,0,8192,9,0,0
7350047224509339,0,latency,0,4096,12,0,0
7350047224509339,1,market_ingress,0,1024,4,0,0
7350047224509339,1,trader_request,0,1024,1,0,0
7350047224509339,1,trading_callback,0,1024,3,0,0
7350047224509339,1,trace,0,8192,4,0,0
7350047224509339,1,latency,0,4096,13,0,0
7350047324871207,0,market_ingress,0,1024,6,0,0
7350047324871207,0,trader_request,0,1024,1,0,0
7350047324871207,0,trading_callback,0,1024,3,0,0
7350047324871207,0,trace,0,8192,9,0,0
7350047324871207,0,latency,0,4096,12,0,0
7350047324871207,1,market_ingress,0,1024,4,0,0
7350047324871207,1,trader_request,0,1024,1,0,0
7350047324871207,1,trading_callback,0,1024,3,0,0
7350047324871207,1,trace,0,8192,4,0,0
7350047324871207,1,latency,0,4096,13,0,0
7350047425258467,0,market_ingress,0,1024,6,0,0
7350047425258467,0,trader_request,0,1024,1,0,0
7350047425258467,0,trading_callback,0,1024,3,0,0
7350047425258467,0,trace,0,8192,9,0,0
7350047425258467,0,latency,0,4096,12,0,0
7350047425258467,1,market_ingress,0,1024,4,0,0
7350047425258467,1,trader_request,0,1024,1,0,0
7350047425258467,1,trading_callback,0,1024,3,0,0
7350047425258467,1,trace,0,8192,4,0,0
7350047425258467,1,latency,0,4096,13,0,0
7350047525630942,0,market_ingress,0,1024,6,0,0
7350047525630942,0,trader_request,0,1024,1,0,0
7350047525630942,0,trading_callback,0,1024,3,0,0
7350047525630942,0,trace,0,8192,9,0,0
7350047525630942,0,latency,0,4096,12,0,0
7350047525630942,1,market_ingress,0,1024,4,0,0
7350047525630942,1,trader_request,0,1024,1,0,0
7350047525630942,1,trading_callback,0,1024,3,0,0
7350047525630942,1,trace,0,8192,4,0,0
7350047525630942,1,latency,0,4096,13,0,0
7350047625997876,0,market_ingress,0,1024,6,0,0
7350047625997876,0,trader_request,0,1024,1,0,0
7350047625997876,0,trading_callback,0,1024,3,0,0
7350047625997876,0,trace,0,8192,9,0,0
7350047625997876,0,latency,0,4096,12,0,0
7350047625997876,1,market_ingress,0,1024,4,0,0
7350047625997876,1,trader_request,0,1024,1,0,0
7350047625997876,1,trading_callback,0,1024,3,0,0
7350047625997876,1,trace,0,8192,4,0,0
7350047625997876,1,latency,0,4096,13,0,0
7350047726371446,0,market_ingress,0,1024,6,0,0
7350047726371446,0,trader_request,0,1024,1,0,0
7350047726371446,0,trading_callback,0,1024,3,0,0
7350047726371446,0,trace,0,8192,9,0,0
7350047726371446,0,latency,0,4096,12,0,0
7350047726371446,1,market_ingress,0,1024,4,0,0
7350047726371446,1,trader_request,0,1024,1,0,0
7350047726371446,1,trading_callback,0,1024,3,0,0
7350047726371446,1,trace,0,8192,4,0,0
7350047726371446,1,latency,0,4096,13,0,0
7350047826743565,0,market_ingress,0,1024,6,0,0
7350047826743565,0,trader_request,0,1024,1,0,0
7350047826743565,0,trading_callback,0,1024,3,0,0
7350047826743565,0,trace,0,8192,9,0,0
7350047826743565,0,latency,0,4096,12,0,0
7350047826743565,1,market_ingress,0,1024,4,0,0
7350047826743565,1,trader_request,0,1024,1,0,0
7350047826743565,1,trading_callback,0,1024,3,0,0
7350047826743565,1,trace,0,8192,4,0,0
7350047826743565,1,latency,0,4096,13,0,0
7350047927087181,0,market_ingress,0,1024,6,0,0
7350047927087181,0,trader_request,0,1024,1,0,0
7350047927087181,0,trading_callback,0,1024,3,0,0
7350047927087181,0,trace,0,8192,9,0,0
7350047927087181,0,latency,0,4096,12,0,0
7350047927087181,1,market_ingress,0,1024,4,0,0
7350047927087181,1,trader_request,0,1024,1,0,0
7350047927087181,1,trading_callback,0,1024,3,0,0
7350047927087181,1,trace,0,8192,4,0,0
7350047927087181,1,latency,0,4096,13,0,0
7350048027460418,0,market_ingress,0,1024,6,0,0
7350048027460418,0,trader_request,0,1024,1,0,0
7350048027460418,0,trading_callback,0,1024,3,0,0
7350048027460418,0,trace,0,8192,9,0,0
7350048027460418,0,latency,0,4096,12,0,0
7350048027460418,1,market_ingress,0,1024,4,0,0
7350048027460418,1,trader_request,0,1024,1,0,0
7350048027460418,1,trading_callback,0,1024,3,0,0
7350048027460418,1,trace,0,8192,4,0,0
7350048027460418,1,latency,0,4096,13,0,0
7350048127903776,0,market_ingress,0,1024,6,0,0
7350048127903776,0,trader_request,0,1024,1,0,0
7350048127903776,0,trading_callback,0,1024,3,0,0
7350048127903776,0,trace,0,8192,9,0,0
7350048127903776,0,latency,0,4096,12,0,0
7350048127903776,1,market_ingress,0,1024,4,0,0
7350048127903776,1,trader_request,0,1024,1,0,0
7350048127903776,1,trading_callback,0,1024,3,0,0
7350048127903776,1,trace,0,8192,4,0,0
7350048127903776,1,latency,0,4096,13,0,0
7350048228287193,0,market_ingress,0,1024,6,0,0
7350048228287193,0,trader_request,0,1024,1,0,0
7350048228287193,0,trading_callback,0,1024,3,0,0
7350048228287193,0,trace,0,8192,9,0,0
7350048228287193,0,latency,0,4096,12,0,0
7350048228287193,1,market_ingress,0,1024,4,0,0
7350048228287193,1,trader_request,0,1024,1,0,0
7350048228287193,1,trading_callback,0,1024,3,0,0
7350048228287193,1,trace,0,8192,4,0,0
7350048228287193,1,latency,0,4096,13,0,0
7350048328685620,0,market_ingress,0,1024,6,0,0
7350048328685620,0,trader_request,0,1024,1,0,0
7350048328685620,0,trading_callback,0,1024,3,0,0
7350048328685620,0,trace,0,8192,9,0,0
7350048328685620,0,latency,0,4096,12,0,0
7350048328685620,1,market_ingress,0,1024,4,0,0
7350048328685620,1,trader_request,0,1024,1,0,0
7350048328685620,1,trading_callback,0,1024,3,0,0
7350048328685620,1,trace,0,8192,4,0,0
7350048328685620,1,latency,0,4096,13,0,0
7350048429052491,0,market_ingress,0,1024,6,0,0
7350048429052491,0,trader_request,0,1024,1,0,0
7350048429052491,0,trading_callback,0,1024,3,0,0
7350048429052491,0,trace,0,8192,9,0,0
7350048429052491,0,latency,0,4096,12,0,0
7350048429052491,1,market_ingress,0,1024,4,0,0
7350048429052491,1,trader_request,0,1024,1,0,0
7350048429052491,1,trading_callback,0,1024,3,0,0
7350048429052491,1,trace,0,8192,4,0,0
7350048429052491,1,latency,0,4096,13,0,0
7350048529426058,0,market_ingress,0,1024,6,0,0
7350048529426058,0,trader_request,0,1024,1,0,0
7350048529426058,0,trading_callback,0,1024,3,0,0
7350048529426058,0,trace,0,8192,9,0,0
7350048529426058,0,latency,0,4096,12,0,0
7350048529426058,1,market_ingress,0,1024,4,0,0
7350048529426058,1,trader_request,0,1024,1,0,0
7350048529426058,1,trading_callback,0,1024,3,0,0
7350048529426058,1,trace,0,8192,4,0,0
7350048529426058,1,latency,0,4096,13,0,0
7350048629797758,0,market_ingress,0,1024,6,0,0
7350048629797758,0,trader_request,0,1024,1,0,0
7350048629797758,0,trading_callback,0,1024,3,0,0
7350048629797758,0,trace,0,8192,9,0,0
7350048629797758,0,latency,0,4096,12,0,0
7350048629797758,1,market_ingress,0,1024,4,0,0
7350048629797758,1,trader_request,0,1024,1,0,0
7350048629797758,1,trading_callback,0,1024,3,0,0
7350048629797758,1,trace,0,8192,4,0,0
7350048629797758,1,latency,0,4096,13,0,0
7350048730170573,0,market_ingress,0,1024,6,0,0
7350048730170573,0,trader_request,0,1024,1,0,0
7350048730170573,0,trading_callback,0,1024,3,0,0
7350048730170573,0,trace,0,8192,9,0,0
7350048730170573,0,latency,0,4096,12,0,0
7350048730170573,1,market_ingress,0,1024,4,0,0
7350048730170573,1,trader_request,0,1024,1,0,0
7350048730170573,1,trading_callback,0,1024,3,0,0
7350048730170573,1,trace,0,8192,4,0,0
7350048730170573,1,latency,0,4096,13,0,0
7350048830541863,0,market_ingress,0,1024,6,0,0
7350048830541863,0,trader_request,0,1024,1,0,0
7350048830541863,0,trading_callback,0,1024,3,0,0
7350048830541863,0,trace,0,8192,9,0,0
7350048830541863,0,latency,0,4096,12,0,0
7350048830541863,1,market_ingress,0,1024,4,0,0
7350048830541863,1,trader_request,0,1024,1,0,0
7350048830541863,1,trading_callback,0,1024,3,0,0
7350048830541863,1,trace,0,8192,4,0,0
7350048830541863,1,latency,0,4096,13,0,0
7350048930937918,0,market_ingress,0,1024,6,0,0
7350048930937918,0,trader_request,0,1024,1,0,0
7350048930937918,0,trading_callback,0,1024,3,0,0
7350048930937918,0,trace,0,8192,9,0,0
7350048930937918,0,latency,0,4096,12,0,0
7350048930937918,1,market_ingress,0,1024,4,0,0
7350048930937918,1,trader_request,0,1024,1,0,0
7350048930937918,1,trading_callback,0,1024,3,0,0
7350048930937918,1,trace,0,8192,4,0,0
7350048930937918,1,latency,0,4096,13,0,0
7350049031268094,0,market_ingress,0,1024,6,0,0
7350049031268094,0,trader_request,0,1024,1,0,0
7350049031268094,0,trading_callback,0,1024,3,0,0
7350049031268094,0,trace,0,8192,9,0,0
7350049031268094,0,latency,0,4096,12,0,0
7350049031268094,1,market_ingress,0,1024,4,0,0
7350049031268094,1,trader_request,0,1024,1,0,0
7350049031268094,1,trading_callback,0,1024,3,0,0
7350049031268094,1,trace,0,8192,4,0,0
7350049031268094,1,latency,0,4096,13,0,0
7350049131629572,0,market_ingress,0,1024,6,0,0
7350049131629572,0,trader_request,0,1024,1,0,0
7350049131629572,0,trading_callback,0,1024,3,0,0
7350049131629572,0,trace,0,8192,9,0,0
7350049131629572,0,latency,0,4096,12,0,0
7350049131629572,1,market_ingress,0,1024,4,0,0
7350049131629572,1,trader_request,0,1024,1,0,0
7350049131629572,1,trading_callback,0,1024,3,0,0
7350049131629572,1,trace,0,8192,4,0,0
7350049131629572,1,latency,0,4096,13,0,0
7350049232016630,0,market_ingress,0,1024,6,0,0
7350049232016630,0,trader_request,0,1024,1,0,0
7350049232016630,0,trading_callback,0,1024,3,0,0
7350049232016630,0,trace,0,8192,9,0,0
7350049232016630,0,latency,0,4096,12,0,0
7350049232016630,1,market_ingress,0,1024,4,0,0
7350049232016630,1,trader_request,0,1024,1,0,0
7350049232016630,1,trading_callback,0,1024,3,0,0
7350049232016630,1,trace,0,8192,4,0,0
7350049232016630,1,latency,0,4096,13,0,0
7350049332405253,0,market_ingress,0,1024,6,0,0
7350049332405253,0,trader_request,0,1024,1,0,0
7350049332405253,0,trading_callback,0,1024,3,0,0
7350049332405253,0,trace,0,8192,9,0,0
7350049332405253,0,latency,0,4096,12,0,0
7350049332405253,1,market_ingress,0,1024,4,0,0
7350049332405253,1,trader_request,0,1024,1,0,0
7350049332405253,1,trading_callback,0,1024,3,0,0
7350049332405253,1,trace,0,8192,4,0,0
7350049332405253,1,latency,0,4096,13,0,0
7350049432784259,0,market_ingress,0,1024,6,0,0
7350049432784259,0,trader_request,0,1024,1,0,0
7350049432784259,0,trading_callback,0,1024,3,0,0
7350049432784259,0,trace,0,8192,9,0,0
7350049432784259,0,latency,0,4096,12,0,0
7350049432784259,1,market_ingress,0,1024,4,0,0
7350049432784259,1,trader_request,0,1024,1,0,0
7350049432784259,1,trading_callback,0,1024,3,0,0
7350049432784259,1,trace,0,8192,4,0,0
7350049432784259,1,latency,0,4096,13,0,0
7350049533164473,0,market_ingress,0,1024,6,0,0
7350049533164473,0,trader_request,0,1024,1,0,0
7350049533164473,0,trading_callback,0,1024,3,0,0
7350049533164473,0,trace,0,8192,9,0,0
7350049533164473,0,latency,0,4096,12,0,0
7350049533164473,1,market_ingress,0,1024,4,0,0
7350049533164473,1,trader_request,0,1024,1,0,0
7350049533164473,1,trading_callback,0,1024,3,0,0
7350049533164473,1,trace,0,8192,4,0,0
7350049533164473,1,latency,0,4096,13,0,0
7350049633670497,0,market_ingress,0,1024,6,0,0
7350049633670497,0,trader_request,0,1024,1,0,0
7350049633670497,0,trading_callback,0,1024,3,0,0
7350049633670497,0,trace,0,8192,9,0,0
7350049633670497,0,latency,0,4096,12,0,0
7350049633670497,1,market_ingress,0,1024,4,0,0
7350049633670497,1,trader_request,0,1024,1,0,0
7350049633670497,1,trading_callback,0,1024,3,0,0
7350049633670497,1,trace,0,8192,4,0,0
7350049633670497,1,latency,0,4096,13,0,0
7350049734141990,0,market_ingress,0,1024,6,0,0
7350049734141990,0,trader_request,0,1024,1,0,0
7350049734141990,0,trading_callback,0,1024,3,0,0
7350049734141990,0,trace,0,8192,9,0,0
7350049734141990,0,latency,0,4096,12,0,0
7350049734141990,1,market_ingress,0,1024,4,0,0
7350049734141990,1,trader_request,0,1024,1,0,0
7350049734141990,1,trading_callback,0,1024,3,0,0
7350049734141990,1,trace,0,8192,4,0,0
7350049734141990,1,latency,0,4096,13,0,0
7350049834527426,0,market_ingress,0,1024,6,0,0
7350049834527426,0,trader_request,0,1024,1,0,0
7350049834527426,0,trading_callback,0,1024,3,0,0
7350049834527426,0,trace,0,8192,9,0,0
7350049834527426,0,latency,0,4096,12,0,0
7350049834527426,1,market_ingress,0,1024,4,0,0
7350049834527426,1,trader_request,0,1024,1,0,0
7350049834527426,1,trading_callback,0,1024,3,0,0
7350049834527426,1,trace,0,8192,4,0,0
7350049834527426,1,latency,0,4096,13,0,0
7350049934874580,0,market_ingress,0,1024,6,0,0
7350049934874580,0,trader_request,0,1024,1,0,0
7350049934874580,0,trading_callback,0,1024,3,0,0
7350049934874580,0,trace,0,8192,9,0,0
7350049934874580,0,latency,0,4096,12,0,0
7350049934874580,1,market_ingress,0,1024,4,0,0
7350049934874580,1,trader_request,0,1024,1,0,0
7350049934874580,1,trading_callback,0,1024,3,0,0
7350049934874580,1,trace,0,8192,4,0,0
7350049934874580,1,latency,0,4096,13,0,0
7350050035241392,0,market_ingress,0,1024,6,0,0
7350050035241392,0,trader_request,0,1024,1,0,0
7350050035241392,0,trading_callback,0,1024,3,0,0
7350050035241392,0,trace,0,8192,9,0,0
7350050035241392,0,latency,0,4096,12,0,0
7350050035241392,1,market_ingress,0,1024,4,0,0
7350050035241392,1,trader_request,0,1024,1,0,0
7350050035241392,1,trading_callback,0,1024,3,0,0
7350050035241392,1,trace,0,8192,4,0,0
7350050035241392,1,latency,0,4096,13,0,0
7350050135674271,0,market_ingress,0,1024,6,0,0
7350050135674271,0,trader_request,0,1024,1,0,0
7350050135674271,0,trading_callback,0,1024,3,0,0
7350050135674271,0,trace,0,8192,9,0,0
7350050135674271,0,latency,0,4096,12,0,0
7350050135674271,1,market_ingress,0,1024,4,0,0
7350050135674271,1,trader_request,0,1024,1,0,0
7350050135674271,1,trading_callback,0,1024,3,0,0
7350050135674271,1,trace,0,8192,4,0,0
7350050135674271,1,latency,0,4096,13,0,0
7350050236017398,0,market_ingress,0,1024,6,0,0
7350050236017398,0,trader_request,0,1024,1,0,0
7350050236017398,0,trading_callback,0,1024,3,0,0
7350050236017398,0,trace,0,8192,9,0,0
7350050236017398,0,latency,0,4096,12,0,0
7350050236017398,1,market_ingress,0,1024,4,0,0
7350050236017398,1,trader_request,0,1024,1,0,0
7350050236017398,1,trading_callback,0,1024,3,0,0
7350050236017398,1,trace,0,8192,4,0,0
7350050236017398,1,latency,0,4096,13,0,0
7350050336392992,0,market_ingress,0,1024,6,0,0
7350050336392992,0,trader_request,0,1024,1,0,0
7350050336392992,0,trading_callback,0,1024,3,0,0
7350050336392992,0,trace,0,8192,9,0,0
7350050336392992,0,latency,0,4096,12,0,0
7350050336392992,1,market_ingress,0,1024,4,0,0
7350050336392992,1,trader_request,0,1024,1,0,0
7350050336392992,1,trading_callback,0,1024,3,0,0
7350050336392992,1,trace,0,8192,4,0,0
7350050336392992,1,latency,0,4096,13,0,0
7350050436761400,0,market_ingress,0,1024,6,0,0
7350050436761400,0,trader_request,0,1024,1,0,0
7350050436761400,0,trading_callback,0,1024,3,0,0
7350050436761400,0,trace,0,8192,9,0,0
7350050436761400,0,latency,0,4096,12,0,0
7350050436761400,1,market_ingress,0,1024,4,0,0
7350050436761400,1,trader_request,0,1024,1,0,0
7350050436761400,1,trading_callback,0,1024,3,0,0
7350050436761400,1,trace,0,8192,4,0,0
7350050436761400,1,latency,0,4096,13,0,0
7350050537138595,0,market_ingress,0,1024,6,0,0
7350050537138595,0,trader_request,0,1024,1,0,0
7350050537138595,0,trading_callback,0,1024,3,0,0
7350050537138595,0,trace,0,8192,9,0,0
7350050537138595,0,latency,0,4096,12,0,0
7350050537138595,1,market_ingress,0,1024,4,0,0
7350050537138595,1,trader_request,0,1024,1,0,0
7350050537138595,1,trading_callback,0,1024,3,0,0
7350050537138595,1,trace,0,8192,4,0,0
7350050537138595,1,latency,0,4096,13,0,0
7350050637455237,0,market_ingress,0,1024,6,0,0
7350050637455237,0,trader_request,0,1024,1,0,0
7350050637455237,0,trading_callback,0,1024,3,0,0
7350050637455237,0,trace,0,8192,9,0,0
7350050637455237,0,latency,0,4096,12,0,0
7350050637455237,1,market_ingress,0,1024,4,0,0
7350050637455237,1,trader_request,0,1024,1,0,0
7350050637455237,1,trading_callback,0,1024,3,0,0
7350050637455237,1,trace,0,8192,4,0,0
7350050637455237,1,latency,0,4096,13,0,0
7350050737846510,0,market_ingress,0,1024,6,0,0
7350050737846510,0,trader_request,0,1024,1,0,0
7350050737846510,0,trading_callback,0,1024,3,0,0
7350050737846510,0,trace,0,8192,9,0,0
7350050737846510,0,latency,0,4096,12,0,0
7350050737846510,1,market_ingress,0,1024,4,0,0
7350050737846510,1,trader_request,0,1024,1,0,0
7350050737846510,1,trading_callback,0,1024,3,0,0
7350050737846510,1,trace,0,8192,4,0,0
7350050737846510,1,latency,0,4096,13,0,0
7350050838633623,0,market_ingress,0,1024,6,0,0
7350050838633623,0,trader_request,0,1024,1,0,0
7350050838633623,0,trading_callback,0,1024,3,0,0
7350050838633623,0,trace,0,8192,9,0,0
7350050838633623,0,latency,0,4096,12,0,0
7350050838633623,1,market_ingress,0,1024,4,0,0
7350050838633623,1,trader_request,0,1024,1,0,0
7350050838633623,1,trading_callback,0,1024,3,0,0
7350050838633623,1,trace,0,8192,4,0,0
7350050838633623,1,latency,0,4096,13,0,0
7350050939006219,0,market_ingress,0,1024,6,0,0
7350050939006219,0,trader_request,0,1024,1,0,0
7350050939006219,0,trading_callback,0,1024,3,0,0
7350050939006219,0,trace,0,8192,9,0,0
7350050939006219,0,latency,0,4096,12,0,0
7350050939006219,1,market_ingress,0,1024,4,0,0
7350050939006219,1,trader_request,0,1024,1,0,0
7350050939006219,1,trading_callback,0,1024,3,0,0
7350050939006219,1,trace,0,8192,4,0,0
7350050939006219,1,latency,0,4096,13,0,0
7350051039380778,0,market_ingress,0,1024,6,0,0
7350051039380778,0,trader_request,0,1024,1,0,0
7350051039380778,0,trading_callback,0,1024,3,0,0
7350051039380778,0,trace,0,8192,9,0,0
7350051039380778,0,latency,0,4096,12,0,0
7350051039380778,1,market_ingress,0,1024,4,0,0
7350051039380778,1,trader_request,0,1024,1,0,0
7350051039380778,1,trading_callback,0,1024,3,0,0
7350051039380778,1,trace,0,8192,4,0,0
7350051039380778,1,latency,0,4096,13,0,0
7350051139743745,0,market_ingress,0,1024,6,0,0
7350051139743745,0,trader_request,0,1024,1,0,0
7350051139743745,0,trading_callback,0,1024,3,0,0
7350051139743745,0,trace,0,8192,9,0,0
7350051139743745,0,latency,0,4096,12,0,0
7350051139743745,1,market_ingress,0,1024,4,0,0
7350051139743745,1,trader_request,0,1024,1,0,0
7350051139743745,1,trading_callback,0,1024,3,0,0
7350051139743745,1,trace,0,8192,4,0,0
7350051139743745,1,latency,0,4096,13,0,0
7350051240114716,0,market_ingress,0,1024,6,0,0
7350051240114716,0,trader_request,0,1024,1,0,0
7350051240114716,0,trading_callback,0,1024,3,0,0
7350051240114716,0,trace,0,8192,9,0,0
7350051240114716,0,latency,0,4096,12,0,0
7350051240114716,1,market_ingress,0,1024,4,0,0
7350051240114716,1,trader_request,0,1024,1,0,0
7350051240114716,1,trading_callback,0,1024,3,0,0
7350051240114716,1,trace,0,8192,4,0,0
7350051240114716,1,latency,0,4096,13,0,0
7350051340498801,0,market_ingress,0,1024,6,0,0
7350051340498801,0,trader_request,0,1024,1,0,0
7350051340498801,0,trading_callback,0,1024,3,0,0
7350051340498801,0,trace,0,8192,9,0,0
7350051340498801,0,latency,0,4096,12,0,0
7350051340498801,1,market_ingress,0,1024,4,0,0
7350051340498801,1,trader_request,0,1024,1,0,0
7350051340498801,1,trading_callback,0,1024,3,0,0
7350051340498801,1,trace,0,8192,4,0,0
7350051340498801,1,latency,0,4096,13,0,0
7350051440865164,0,market_ingress,0,1024,6,0,0
7350051440865164,0,trader_request,0,1024,1,0,0
7350051440865164,0,trading_callback,0,1024,3,0,0
7350051440865164,0,trace,0,8192,9,0,0
7350051440865164,0,latency,0,4096,12,0,0
7350051440865164,1,market_ingress,0,1024,4,0,0
7350051440865164,1,trader_request,0,1024,1,0,0
7350051440865164,1,trading_callback,0,1024,3,0,0
7350051440865164,1,trace,0,8192,4,0,0
7350051440865164,1,latency,0,4096,13,0,0
7350051541349019,0,market_ingress,0,1024,6,0,0
7350051541349019,0,trader_request,0,1024,1,0,0
7350051541349019,0,trading_callback,0,1024,3,0,0
7350051541349019,0,trace,0,8192,9,0,0
7350051541349019,0,latency,0,4096,12,0,0
7350051541349019,1,market_ingress,0,1024,4,0,0
7350051541349019,1,trader_request,0,1024,1,0,0
7350051541349019,1,trading_callback,0,1024,3,0,0
7350051541349019,1,trace,0,8192,4,0,0
7350051541349019,1,latency,0,4096,13,0,0
7350051641722831,0,market_ingress,0,1024,6,0,0
7350051641722831,0,trader_request,0,1024,1,0,0
7350051641722831,0,trading_callback,0,1024,3,0,0
7350051641722831,0,trace,0,8192,9,0,0
7350051641722831,0,latency,0,4096,12,0,0
7350051641722831,1,market_ingress,0,1024,4,0,0
7350051641722831,1,trader_request,0,1024,1,0,0
7350051641722831,1,trading_callback,0,1024,3,0,0
7350051641722831,1,trace,0,8192,4,0,0
7350051641722831,1,latency,0,4096,13,0,0
7350051742161124,0,market_ingress,0,1024,6,0,0
7350051742161124,0,trader_request,0,1024,1,0,0
7350051742161124,0,trading_callback,0,1024,3,0,0
7350051742161124,0,trace,0,8192,9,0,0
7350051742161124,0,latency,0,4096,12,0,0
7350051742161124,1,market_ingress,0,1024,4,0,0
7350051742161124,1,trader_request,0,1024,1,0,0
7350051742161124,1,trading_callback,1,1024,3,13964,0
7350051742161124,1,trace,0,8192,4,0,0
7350051742161124,1,latency,0,4096,13,0,0
7350051842522153,0,market_ingress,0,1024,6,0,0
7350051842522153,0,trader_request,0,1024,1,0,0
7350051842522153,0,trading_callback,0,1024,3,0,0
7350051842522153,0,trace,0,8192,9,0,0
7350051842522153,0,latency,0,4096,12,0,0
7350051842522153,1,market_ingress,0,1024,4,0,0
7350051842522153,1,trader_request,0,1024,1,0,0
7350051842522153,1,trading_callback,0,1024,3,0,0
7350051842522153,1,trace,0,8192,4,0,0
7350051842522153,1,latency,0,4096,13,0,0
7350051942878472,0,market_ingress,0,1024,6,0,0
7350051942878472,0,trader_request,0,1024,1,0,0
7350051942878472,0,trading_callback,0,1024,3,0,0
7350051942878472,0,trace,0,8192,9,0,0
7350051942878472,0,latency,0,4096,12,0,0
7350051942878472,1,market_ingress,0,1024,4,0,0
7350051942878472,1,trader_request,0,1024,1,0,0
7350051942878472,1,trading_callback,0,1024,3,0,0
7350051942878472,1,trace,0,8192,4,0,0
7350051942878472,1,latency,0,4096,13,0,0
7350052043260174,0,market_ingress,0,1024,6,0,0
7350052043260174,0,trader_request,0,1024,1,0,0
7350052043260174,0,trading_callback,0,1024,3,0,0
7350052043260174,0,trace,0,8192,9,0,0
7350052043260174,0,latency,0,4096,12,0,0
7350052043260174,1,market_ingress,0,1024,4,0,0
7350052043260174,1,trader_request,0,1024,1,0,0
7350052043260174,1,trading_callback,0,1024,3,0,0
7350052043260174,1,trace,0,8192,4,0,0
7350052043260174,1,latency,0,4096,13,0,0
7350052143620031,0,market_ingress,0,1024,6,0,0
7350052143620031,0,trader_request,0,1024,1,0,0
7350052143620031,0,trading_callback,0,1024,3,0,0
7350052143620031,0,trace,0,8192,9,0,0
7350052143620031,0,latency,0,4096,12,0,0
7350052143620031,1,market_ingress,0,1024,4,0,0
7350052143620031,1,trader_request,0,1024,1,0,0
7350052143620031,1,trading_callback,0,1024,3,0,0
7350052143620031,1,trace,0,8192,4,0,0
7350052143620031,1,latency,0,4096,13,0,0
7350052243985362,0,market_ingress,0,1024,6,0,0
7350052243985362,0,trader_request,0,1024,1,0,0
7350052243985362,0,trading_callback,0,1024,3,0,0
7350052243985362,0,trace,0,8192,9,0,0
7350052243985362,0,latency,0,4096,12,0,0
7350052243985362,1,market_ingress,0,1024,4,0,0
7350052243985362,1,trader_request,0,1024,1,0,0
7350052243985362,1,trading_callback,0,1024,3,0,0
7350052243985362,1,trace,0,8192,4,0,0
7350052243985362,1,latency,0,4096,13,0,0
7350052344407002,0,market_ingress,0,1024,6,0,0
7350052344407002,0,trader_request,0,1024,1,0,0
7350052344407002,0,trading_callback,0,1024,3,0,0
7350052344407002,0,trace,0,8192,9,0,0
7350052344407002,0,latency,0,4096,12,0,0
7350052344407002,1,market_ingress,0,1024,4,0,0
7350052344407002,1,trader_request,0,1024,1,0,0
7350052344407002,1,trading_callback,0,1024,3,0,0
7350052344407002,1,trace,0,8192,4,0,0
7350052344407002,1,latency,0,4096,13,0,0
7350052444772795,0,market_ingress,0,1024,6,0,0
7350052444772795,0,trader_request,0,1024,1,0,0
7350052444772795,0,trading_callback,0,1024,3,0,0
7350052444772795,0,trace,0,8192,9,0,0
7350052444772795,0,latency,0,4096,12,0,0
7350052444772795,1,market_ingress,0,1024,4,0,0
7350052444772795,1,trader_request,0,1024,1,0,0
7350052444772795,1,trading_callback,0,1024,3,0,0
7350052444772795,1,trace,0,8192,4,0,0
7350052444772795,1,latency,0,4096,13,0,0
7350052545142926,0,market_ingress,0,1024,6,0,0
7350052545142926,0,trader_request,0,1024,1,0,0
7350052545142926,0,trading_callback,1,1024,3,6978,0
7350052545142926,0,trace,0,8192,9,0,0
7350052545142926,0,latency,0,4096,12,0,0
7350052545142926,1,market_ingress,0,1024,4,0,0
7350052545142926,1,trader_request,0,1024,1,0,0
7350052545142926,1,trading_callback,1,1024,3,4434,0
7350052545142926,1,trace,0,8192,4,0,0
7350052545142926,1,latency,0,4096,13,0,0
7350052645513800,0,market_ingress,0,1024,6,0,0
7350052645513800,0,trader_request,0,1024,1,0,0
7350052645513800,0,trading_callback,0,1024,3,0,0
7350052645513800,0,trace,0,8192,9,0,0
7350052645513800,0,latency,0,4096,12,0,0
7350052645513800,1,market_ingress,0,1024,4,0,0
7350052645513800,1,trader_request,0,1024,1,0,0
7350052645513800,1,trading_callback,0,1024,3,0,0
7350052645513800,1,trace,0,8192,4,0,0
7350052645513800,1,latency,0,4096,13,0,0
7350052745869388,0,market_ingress,0,1024,6,0,0
7350052745869388,0,trader_request,0,1024,1,0,0
7350052745869388,0,trading_callback,0,1024,3,0,0
7350052745869388,0,trace,0,8192,9,0,0
7350052745869388,0,latency,0,4096,12,0,0
7350052745869388,1,market_ingress,0,1024,4,0,0
7350052745869388,1,trader_request,0,1024,1,0,0
7350052745869388,1,trading_callback,0,1024,3,0,0
7350052745869388,1,trace,0,8192,4,0,0
7350052745869388,1,latency,0,4096,13,0,0
7350052846239660,0,market_ingress,0,1024,6,0,0
7350052846239660,0,trader_request,0,1024,1,0,0
7350052846239660,0,trading_callback,0,1024,3,0,0
7350052846239660,0,trace,0,8192,9,0,0
7350052846239660,0,latency,0,4096,12,0,0
7350052846239660,1,market_ingress,0,1024,4,0,0
7350052846239660,1,trader_request,0,1024,1,0,0
7350052846239660,1,trading_callback,0,1024,3,0,0
7350052846239660,1,trace,0,8192,4,0,0
7350052846239660,1,latency,0,4096,13,0,0
7350052946689184,0,market_ingress,0,1024,6,0,0
7350052946689184,0,trader_request,0,1024,1,0,0
7350052946689184,0,trading_callback,0,1024,3,0,0
7350052946689184,0,trace,0,8192,9,0,0
7350052946689184,0,latency,0,4096,12,0,0
7350052946689184,1,market_ingress,0,1024,4,0,0
7350052946689184,1,trader_request,0,1024,1,0,0
7350052946689184,1,trading_callback,0,1024,3,0,0
7350052946689184,1,trace,0,8192,4,0,0
7350052946689184,1,latency,0,4096,13,0,0
7350053047055394,0,market_ingress,0,1024,6,0,0
7350053047055394,0,trader_request,0,1024,1,0,0
7350053047055394,0,trading_callback,0,1024,3,0,0
7350053047055394,0,trace,0,8192,9,0,0
7350053047055394,0,latency,0,4096,12,0,0
7350053047055394,1,market_ingress,0,1024,4,0,0
7350053047055394,1,trader_request,0,1024,1,0,0
7350053047055394,1,trading_callback,0,1024,3,0,0
7350053047055394,1,trace,0,8192,4,0,0
7350053047055394,1,latency,0,4096,13,0,0
7350053147431148,0,market_ingress,0,1024,6,0,0
7350053147431148,0,trader_request,0,1024,1,0,0
7350053147431148,0,trading_callback,0,1024,3,0,0
7350053147431148,0,trace,0,8192,9,0,0
7350053147431148,0,latency,0,4096,12,0,0
7350053147431148,1,market_ingress,0,1024,4,0,0
7350053147431148,1,trader_request,0,1024,1,0,0
7350053147431148,1,trading_callback,0,1024,3,0,0
7350053147431148,1,trace,0,8192,4,0,0
7350053147431148,1,latency,0,4096,13,0,0
7350053247800275,0,market_ingress,0,1024,6,0,0
7350053247800275,0,trader_request,0,1024,1,0,0
7350053247800275,0,trading_callback,0,1024,3,0,0
7350053247800275,0,trace,0,8192,9,0,0
7350053247800275,0,latency,0,4096,12,0,0
7350053247800275,1,market_ingress,0,1024,4,0,0
7350053247800275,1,trader_request,0,1024,1,0,0
7350053247800275,1,trading_callback,0,1024,3,0,0
7350053247800275,1,trace,0,8192,4,0,0
7350053247800275,1,latency,0,4096,13,0,0
7350053348194487,0,market_ingress,0,1024,6,0,0
7350053348194487,0,trader_request,0,1024,1,0,0
7350053348194487,0,trading_callback,0,1024,3,0,0
7350053348194487,0,trace,0,8192,9,0,0
7350053348194487,0,latency,0,4096,12,0,0
7350053348194487,1,market_ingress,0,1024,4,0,0
7350053348194487,1,trader_request,0,1024,1,0,0
7350053348194487,1,trading_callback,0,1024,3,0,0
7350053348194487,1,trace,0,8192,4,0,0
7350053348194487,1,latency,0,4096,13,0,0
7350053448569423,0,market_ingress,0,1024,6,0,0
7350053448569423,0,trader_request,0,1024,1,0,0
7350053448569423,0,trading_callback,0,1024,3,0,0
7350053448569423,0,trace,0,8192,9,0,0
7350053448569423,0,latency,0,4096,12,0,0
7350053448569423,1,market_ingress,0,1024,4,0,0
7350053448569423,1,trader_request,0,1024,1,0,0
7350053448569423,1,trading_callback,0,1024,3,0,0
7350053448569423,1,trace,0,8192,4,0,0
7350053448569423,1,latency,0,4096,13,0,0
7350053548945298,0,market_ingress,0,1024,6,0,0
7350053548945298,0,trader_request,0,1024,1,0,0
7350053548945298,0,trading_callback,0,1024,3,0,0
7350053548945298,0,trace,0,8192,9,0,0
7350053548945298,0,latency,0,4096,12,0,0
7350053548945298,1,market_ingress,0,1024,4,0,0
7350053548945298,1,trader_request,0,1024,1,0,0
7350053548945298,1,trading_callback,0,1024,3,0,0
7350053548945298,1,trace,0,8192,4,0,0
7350053548945298,1,latency,0,4096,13,0,0
7350053649297470,0,market_ingress,0,1024,6,0,0
7350053649297470,0,trader_request,0,1024,1,0,0
7350053649297470,0,trading_callback,0,1024,3,0,0
7350053649297470,0,trace,0,8192,9,0,0
7350053649297470,0,latency,0,4096,12,0,0
7350053649297470,1,market_ingress,0,1024,4,0,0
7350053649297470,1,trader_request,0,1024,1,0,0
7350053649297470,1,trading_callback,0,1024,3,0,0
7350053649297470,1,trace,0,8192,4,0,0
7350053649297470,1,latency,0,4096,13,0,0
7350053749627461,0,market_ingress,0,1024,6,0,0
7350053749627461,0,trader_request,0,1024,1,0,0
7350053749627461,0,trading_callback,0,1024,3,0,0
7350053749627461,0,trace,0,8192,9,0,0
7350053749627461,0,latency,0,4096,12,0,0
7350053749627461,1,market_ingress,0,1024,4,0,0
7350053749627461,1,trader_request,0,1024,1,0,0
7350053749627461,1,trading_callback,0,1024,3,0,0
7350053749627461,1,trace,0,8192,4,0,0
7350053749627461,1,latency,0,4096,13,0,0
7350053849998713,0,market_ingress,0,1024,6,0,0
7350053849998713,0,trader_request,0,1024,1,0,0
7350053849998713,0,trading_callback,0,1024,4,0,0
7350053849998713,0,trace,0,8192,9,0,0
7350053849998713,0,latency,0,4096,12,0,0
7350053849998713,1,market_ingress,0,1024,4,0,0
7350053849998713,1,trader_request,0,1024,1,0,0
7350053849998713,1,trading_callback,0,1024,3,0,0
7350053849998713,1,trace,0,8192,4,0,0
7350053849998713,1,latency,0,4096,13,0,0
7350053950372415,0,market_ingress,0,1024,6,0,0
7350053950372415,0,trader_request,0,1024,1,0,0
7350053950372415,0,trading_callback,0,1024,4,0,0
7350053950372415,0,trace,0,8192,9,0,0
7350053950372415,0,latency,0,4096,12,0,0
7350053950372415,1,market_ingress,0,1024,4,0,0
7350053950372415,1,trader_request,0,1024,1,0,0
7350053950372415,1,trading_callback,0,1024,3,0,0
7350053950372415,1,trace,0,8192,4,0,0
7350053950372415,1,latency,0,4096,13,0,0
7350054050765179,0,market_ingress,0,1024,6,0,0
7350054050765179,0,trader_request,0,1024,1,0,0
7350054050765179,0,trading_callback,0,1024,4,0,0
7350054050765179,0,trace,0,8192,9,0,0
7350054050765179,0,latency,0,4096,12,0,0
7350054050765179,1,market_ingress,0,1024,4,0,0
7350054050765179,1,trader_request,0,1024,1,0,0
7350054050765179,1,trading_callback,0,1024,3,0,0
7350054050765179,1,trace,0,8192,4,0,0
7350054050765179,1,latency,0,4096,13,0,0
7350054151165125,0,market_ingress,0,1024,6,0,0
7350054151165125,0,trader_request,0,1024,1,0,0
7350054151165125,0,trading_callback,1,1024,4,7590,0
7350054151165125,0,trace,0,8192,9,0,0
7350054151165125,0,latency,0,4096,12,0,0
7350054151165125,1,market_ingress,0,1024,4,0,0
7350054151165125,1,trader_request,0,1024,1,0,0
7350054151165125,1,trading_callback,1,1024,3,12635,0
7350054151165125,1,trace,0,8192,4,0,0
7350054151165125,1,latency,0,4096,13,0,0
7350054251526605,0,market_ingress,0,1024,6,0,0
7350054251526605,0,trader_request,0,1024,1,0,0
7350054251526605,0,trading_callback,0,1024,4,0,0
7350054251526605,0,trace,0,8192,9,0,0
7350054251526605,0,latency,0,4096,12,0,0
7350054251526605,1,market_ingress,0,1024,4,0,0
7350054251526605,1,trader_request,0,1024,1,0,0
7350054251526605,1,trading_callback,0,1024,3,0,0
7350054251526605,1,trace,0,8192,4,0,0
7350054251526605,1,latency,0,4096,13,0,0
7350054351876217,0,market_ingress,0,1024,6,0,0
7350054351876217,0,trader_request,0,1024,1,0,0
7350054351876217,0,trading_callback,0,1024,4,0,0
7350054351876217,0,trace,0,8192,9,0,0
7350054351876217,0,latency,0,4096,12,0,0
7350054351876217,1,market_ingress,0,1024,4,0,0
7350054351876217,1,trader_request,0,1024,1,0,0
7350054351876217,1,trading_callback,0,1024,3,0,0
7350054351876217,1,trace,0,8192,4,0,0
7350054351876217,1,latency,0,4096,13,0,0
7350054452267678,0,market_ingress,0,1024,6,0,0
7350054452267678,0,trader_request,0,1024,1,0,0
7350054452267678,0,trading_callback,0,1024,4,0,0
7350054452267678,0,trace,0,8192,9,0,0
7350054452267678,0,latency,0,4096,12,0,0
7350054452267678,1,market_ingress,0,1024,4,0,0
7350054452267678,1,trader_request,0,1024,1,0,0
7350054452267678,1,trading_callback,0,1024,3,0,0
7350054452267678,1,trace,0,8192,4,0,0
7350054452267678,1,latency,0,4096,13,0,0
7350054552644951,0,market_ingress,0,1024,6,0,0
7350054552644951,0,trader_request,0,1024,1,0,0
7350054552644951,0,trading_callback,0,1024,4,0,0
7350054552644951,0,trace,0,8192,9,0,0
7350054552644951,0,latency,0,4096,12,0,0
7350054552644951,1,market_ingress,0,1024,4,0,0
7350054552644951,1,trader_request,0,1024,1,0,0
7350054552644951,1,trading_callback,0,1024,3,0,0
7350054552644951,1,trace,0,8192,4,0,0
7350054552644951,1,latency,0,4096,13,0,0
7350054653010818,0,market_ingress,0,1024,6,0,0
7350054653010818,0,trader_request,0,1024,1,0,0
7350054653010818,0,trading_callback,0,1024,4,0,0
7350054653010818,0,trace,0,8192,9,0,0
7350054653010818,0,latency,0,4096,12,0,0
7350054653010818,1,market_ingress,0,1024,4,0,0
7350054653010818,1,trader_request,0,1024,1,0,0
7350054653010818,1,trading_callback,0,1024,3,0,0
7350054653010818,1,trace,0,8192,4,0,0
7350054653010818,1,latency,0,4096,13,0,0
7350054753343787,0,market_ingress,0,1024,6,0,0
7350054753343787,0,trader_request,0,1024,1,0,0
7350054753343787,0,trading_callback,0,1024,4,0,0
7350054753343787,0,trace,0,8192,9,0,0
7350054753343787,0,latency,0,4096,12,0,0
7350054753343787,1,market_ingress,0,1024,4,0,0
7350054753343787,1,trader_request,0,1024,1,0,0
7350054753343787,1,trading_callback,0,1024,3,0,0
7350054753343787,1,trace,0,8192,4,0,0
7350054753343787,1,latency,0,4096,13,0,0
7350054853729974,0,market_ingress,0,1024,6,0,0
7350054853729974,0,trader_request,0,1024,1,0,0
7350054853729974,0,trading_callback,0,1024,4,0,0
7350054853729974,0,trace,0,8192,9,0,0
7350054853729974,0,latency,0,4096,12,0,0
7350054853729974,1,market_ingress,0,1024,4,0,0
7350054853729974,1,trader_request,0,1024,1,0,0
7350054853729974,1,trading_callback,0,1024,3,0,0
7350054853729974,1,trace,0,8192,4,0,0
7350054853729974,1,latency,0,4096,13,0,0
7350054954150288,0,market_ingress,0,1024,6,0,0
7350054954150288,0,trader_request,0,1024,1,0,0
7350054954150288,0,trading_callback,0,1024,4,0,0
7350054954150288,0,trace,0,8192,9,0,0
7350054954150288,0,latency,0,4096,12,0,0
7350054954150288,1,market_ingress,0,1024,4,0,0
7350054954150288,1,trader_request,0,1024,1,0,0
7350054954150288,1,trading_callback,0,1024,3,0,0
7350054954150288,1,trace,0,8192,4,0,0
7350054954150288,1,latency,0,4096,13,0,0
7350055054525539,0,market_ingress,0,1024,6,0,0
7350055054525539,0,trader_request,0,1024,1,0,0
7350055054525539,0,trading_callback,0,1024,4,0,0
7350055054525539,0,trace,0,8192,9,0,0
7350055054525539,0,latency,0,4096,12,0,0
7350055054525539,1,market_ingress,0,1024,4,0,0
7350055054525539,1,trader_request,0,1024,1,0,0
7350055054525539,1,trading_callback,0,1024,3,0,0
7350055054525539,1,trace,0,8192,4,0,0
7350055054525539,1,latency,0,4096,13,0,0
7350055154889558,0,market_ingress,0,1024,6,0,0
7350055154889558,0,trader_request,0,1024,1,0,0
7350055154889558,0,trading_callback,0,1024,4,0,0
7350055154889558,0,trace,0,8192,9,0,0
7350055154889558,0,latency,0,4096,12,0,0
7350055154889558,1,market_ingress,0,1024,4,0,0
7350055154889558,1,trader_request,0,1024,1,0,0
7350055154889558,1,trading_callback,0,1024,3,0,0
7350055154889558,1,trace,0,8192,4,0,0
7350055154889558,1,latency,0,4096,13,0,0
7350055255255394,0,market_ingress,0,1024,6,0,0
7350055255255394,0,trader_request,0,1024,1,0,0
7350055255255394,0,trading_callback,0,1024,4,0,0
7350055255255394,0,trace,0,8192,9,0,0
7350055255255394,0,latency,0,4096,12,0,0
7350055255255394,1,market_ingress,0,1024,4,0,0
7350055255255394,1,trader_request,0,1024,1,0,0
7350055255255394,1,trading_callback,0,1024,3,0,0
7350055255255394,1,trace,0,8192,4,0,0
7350055255255394,1,latency,0,4096,13,0,0
7350055355636410,0,market_ingress,0,1024,6,0,0
7350055355636410,0,trader_request,0,1024,1,0,0
7350055355636410,0,trading_callback,0,1024,4,0,0
7350055355636410,0,trace,0,8192,9,0,0
7350055355636410,0,latency,0,4096,12,0,0
7350055355636410,1,market_ingress,0,1024,4,0,0
7350055355636410,1,trader_request,0,1024,1,0,0
7350055355636410,1,trading_callback,0,1024,3,0,0
7350055355636410,1,trace,0,8192,4,0,0
7350055355636410,1,latency,0,4096,13,0,0
7350055456010946,0,market_ingress,0,1024,6,0,0
7350055456010946,0,trader_request,0,1024,1,0,0
7350055456010946,0,trading_callback,0,1024,4,0,0
7350055456010946,0,trace,1,8192,9,481,0
7350055456010946,0,latency,0,4096,12,0,0
7350055456010946,1,market_ingress,0,1024,4,0,0
7350055456010946,1,trader_request,0,1024,1,0,0
7350055456010946,1,trading_callback,0,1024,3,0,0
7350055456010946,1,trace,0,8192,4,0,0
7350055456010946,1,latency,0,4096,13,0,0
7350055556407692,0,market_ingress,0,1024,6,0,0
7350055556407692,0,trader_request,0,1024,1,0,0
7350055556407692,0,trading_callback,0,1024,4,0,0
7350055556407692,0,trace,0,8192,9,0,0
7350055556407692,0,latency,0,4096,12,0,0
7350055556407692,1,market_ingress,0,1024,4,0,0
7350055556407692,1,trader_request,0,1024,1,0,0
7350055556407692,1,trading_callback,0,1024,3,0,0
7350055556407692,1,trace,0,8192,4,0,0
7350055556407692,1,latency,0,4096,13,0,0
7350055656776754,0,market_ingress,0,1024,6,0,0
7350055656776754,0,trader_request,0,1024,1,0,0
7350055656776754,0,trading_callback,0,1024,4,0,0
7350055656776754,0,trace,0,8192,9,0,0
7350055656776754,0,latency,0,4096,12,0,0
7350055656776754,1,market_ingress,0,1024,4,0,0
7350055656776754,1,trader_request,0,1024,1,0,0
7350055656776754,1,trading_callback,0,1024,3,0,0
7350055656776754,1,trace,0,8192,4,0,0
7350055656776754,1,latency,0,4096,13,0,0
7350055757174357,0,market_ingress,0,1024,6,0,0
7350055757174357,0,trader_request,0,1024,1,0,0
7350055757174357,0,trading_callback,0,1024,4,0,0
7350055757174357,0,trace,0,8192,9,0,0
7350055757174357,0,latency,0,4096,12,0,0
7350055757174357,1,market_ingress,0,1024,4,0,0
7350055757174357,1,trader_request,0,1024,1,0,0
7350055757174357,1,trading_callback,0,1024,3,0,0
7350055757174357,1,trace,0,8192,4,0,0
7350055757174357,1,latency,0,4096,13,0,0
7350055857562044,0,market_ingress,0,1024,6,0,0
7350055857562044,0,trader_request,0,1024,1,0,0
7350055857562044,0,trading_callback,0,1024,4,0,0
7350055857562044,0,trace,0,8192,9,0,0
7350055857562044,0,latency,0,4096,12,0,0
7350055857562044,1,market_ingress,0,1024,4,0,0
7350055857562044,1,trader_request,0,1024,1,0,0
7350055857562044,1,trading_callback,0,1024,3,0,0
7350055857562044,1,trace,0,8192,4,0,0
7350055857562044,1,latency,0,4096,13,0,0
7350055957928178,0,market_ingress,0,1024,6,0,0
7350055957928178,0,trader_request,0,1024,1,0,0
7350055957928178,0,trading_callback,0,1024,4,0,0
7350055957928178,0,trace,0,8192,9,0,0
7350055957928178,0,latency,0,4096,12,0,0
7350055957928178,1,market_ingress,0,1024,4,0,0
7350055957928178,1,trader_request,0,1024,1,0,0
7350055957928178,1,trading_callback,0,1024,3,0,0
7350055957928178,1,trace,0,8192,4,0,0
7350055957928178,1,latency,0,4096,13,0,0
7350056058292270,0,market_ingress,0,1024,6,0,0
7350056058292270,0,trader_request,0,1024,1,0,0
7350056058292270,0,trading_callback,0,1024,4,0,0
7350056058292270,0,trace,0,8192,9,0,0
7350056058292270,0,latency,0,4096,12,0,0
7350056058292270,1,market_ingress,0,1024,4,0,0
7350056058292270,1,trader_request,0,1024,1,0,0
7350056058292270,1,trading_callback,0,1024,3,0,0
7350056058292270,1,trace,0,8192,4,0,0
7350056058292270,1,latency,0,4096,13,0,0
7350056158651794,0,market_ingress,0,1024,6,0,0
7350056158651794,0,trader_request,0,1024,1,0,0
7350056158651794,0,trading_callback,0,1024,4,0,0
7350056158651794,0,trace,0,8192,9,0,0
7350056158651794,0,latency,0,4096,12,0,0
7350056158651794,1,market_ingress,0,1024,4,0,0
7350056158651794,1,trader_request,0,1024,1,0,0
7350056158651794,1,trading_callback,0,1024,3,0,0
7350056158651794,1,trace,0,8192,4,0,0
7350056158651794,1,latency,0,4096,13,0,0
7350056259004815,0,market_ingress,0,1024,6,0,0
7350056259004815,0,trader_request,0,1024,1,0,0
7350056259004815,0,trading_callback,0,1024,4,0,0
7350056259004815,0,trace,0,8192,9,0,0
7350056259004815,0,latency,0,4096,12,0,0
7350056259004815,1,market_ingress,0,1024,4,0,0
7350056259004815,1,trader_request,0,1024,1,0,0
7350056259004815,1,trading_callback,0,1024,3,0,0
7350056259004815,1,trace,0,8192,4,0,0
7350056259004815,1,latency,0,4096,13,0,0
7350056359355493,0,market_ingress,0,1024,6,0,0
7350056359355493,0,trader_request,0,1024,1,0,0
7350056359355493,0,trading_callback,0,1024,4,0,0
7350056359355493,0,trace,0,8192,9,0,0
7350056359355493,0,latency,0,4096,12,0,0
7350056359355493,1,market_ingress,0,1024,4,0,0
7350056359355493,1,trader_request,0,1024,1,0,0
7350056359355493,1,trading_callback,0,1024,3,0,0
7350056359355493,1,trace,0,8192,4,0,0
7350056359355493,1,latency,0,4096,13,0,0
7350056460018391,0,market_ingress,0,1024,6,0,0
7350056460018391,0,trader_request,0,1024,1,0,0
7350056460018391,0,trading_callback,0,1024,4,0,0
7350056460018391,0,trace,0,8192,9,0,0
7350056460018391,0,latency,0,4096,12,0,0
7350056460018391,1,market_ingress,0,1024,4,0,0
7350056460018391,1,trader_request,0,1024,1,0,0
7350056460018391,1,trading_callback,0,1024,3,0,0
7350056460018391,1,trace,0,8192,4,0,0
7350056460018391,1,latency,0,4096,13,0,0
7350056560410019,0,market_ingress,0,1024,6,0,0
7350056560410019,0,trader_request,0,1024,1,0,0
7350056560410019,0,trading_callback,0,1024,4,0,0
7350056560410019,0,trace,0,8192,9,0,0
7350056560410019,0,latency,0,4096,12,0,0
7350056560410019,1,market_ingress,0,1024,4,0,0
7350056560410019,1,trader_request,0,1024,1,0,0
7350056560410019,1,trading_callback,0,1024,3,0,0
7350056560410019,1,trace,0,8192,4,0,0
7350056560410019,1,latency,0,4096,13,0,0
7350056660740702,0,market_ingress,0,1024,6,0,0
7350056660740702,0,trader_request,0,1024,1,0,0
7350056660740702,0,trading_callback,0,1024,4,0,0
7350056660740702,0,trace,0,8192,9,0,0
7350056660740702,0,latency,0,4096,12,0,0
7350056660740702,1,market_ingress,0,1024,4,0,0
7350056660740702,1,trader_request,0,1024,1,0,0
7350056660740702,1,trading_callback,0,1024,3,0,0
7350056660740702,1,trace,0,8192,4,0,0
7350056660740702,1,latency,0,4096,13,0,0
7350056761106908,0,market_ingress,0,1024,6,0,0
7350056761106908,0,trader_request,0,1024,1,0,0
7350056761106908,0,trading_callback,0,1024,4,0,0
7350056761106908,0,trace,0,8192,9,0,0
7350056761106908,0,latency,0,4096,12,0,0
7350056761106908,1,market_ingress,0,1024,4,0,0
7350056761106908,1,trader_request,0,1024,1,0,0
7350056761106908,1,trading_callback,0,1024,3,0,0
7350056761106908,1,trace,0,8192,4,0,0
7350056761106908,1,latency,0,4096,13,0,0
7350056861445577,0,market_ingress,0,1024,6,0,0
7350056861445577,0,trader_request,0,1024,1,0,0
7350056861445577,0,trading_callback,0,1024,4,0,0
7350056861445577,0,trace,0,8192,9,0,0
7350056861445577,0,latency,0,4096,12,0,0
7350056861445577,1,market_ingress,0,1024,4,0,0
7350056861445577,1,trader_request,0,1024,1,0,0
7350056861445577,1,trading_callback,0,1024,3,0,0
7350056861445577,1,trace,0,8192,4,0,0
7350056861445577,1,latency,0,4096,13,0,0
7350056961768709,0,market_ingress,0,1024,6,0,0
7350056961768709,0,trader_request,0,1024,1,0,0
7350056961768709,0,trading_callback,0,1024,4,0,0
7350056961768709,0,trace,0,8192,9,0,0
7350056961768709,0,latency,0,4096,12,0,0
7350056961768709,1,market_ingress,0,1024,4,0,0
7350056961768709,1,trader_request,0,1024,1,0,0
7350056961768709,1,trading_callback,0,1024,3,0,0
7350056961768709,1,trace,0,8192,4,0,0
7350056961768709,1,latency,0,4096,13,0,0
7350057062131251,0,market_ingress,0,1024,6,0,0
7350057062131251,0,trader_request,0,1024,1,0,0
7350057062131251,0,trading_callback,0,1024,4,0,0
7350057062131251,0,trace,0,8192,9,0,0
7350057062131251,0,latency,0,4096,12,0,0
7350057062131251,1,market_ingress,0,1024,4,0,0
7350057062131251,1,trader_request,0,1024,1,0,0
7350057062131251,1,trading_callback,0,1024,3,0,0
7350057062131251,1,trace,0,8192,4,0,0
7350057062131251,1,latency,0,4096,13,0,0
7350057164306516,0,market_ingress,0,1024,6,0,0
7350057164306516,0,trader_request,0,1024,1,0,0
7350057164306516,0,trading_callback,0,1024,4,0,0
7350057164306516,0,trace,0,8192,9,0,0
7350057164306516,0,latency,0,4096,12,0,0
7350057164306516,1,market_ingress,0,1024,4,0,0
7350057164306516,1,trader_request,0,1024,1,0,0
7350057164306516,1,trading_callback,0,1024,3,0,0
7350057164306516,1,trace,0,8192,4,0,0
7350057164306516,1,latency,0,4096,13,0,0
7350057265264490,0,market_ingress,0,1024,6,0,0
7350057265264490,0,trader_request,0,1024,1,0,0
7350057265264490,0,trading_callback,0,1024,4,0,0
7350057265264490,0,trace,0,8192,9,0,0
7350057265264490,0,latency,0,4096,12,0,0
7350057265264490,1,market_ingress,0,1024,4,0,0
7350057265264490,1,trader_request,0,1024,1,0,0
7350057265264490,1,trading_callback,0,1024,3,0,0
7350057265264490,1,trace,0,8192,4,0,0
7350057265264490,1,latency,0,4096,13,0,0
7350057365628182,0,market_ingress,0,1024,6,0,0
7350057365628182,0,trader_request,0,1024,1,0,0
7350057365628182,0,trading_callback,0,1024,4,0,0
7350057365628182,0,trace,0,8192,9,0,0
7350057365628182,0,latency,0,4096,12,0,0
7350057365628182,1,market_ingress,0,1024,4,0,0
7350057365628182,1,trader_request,0,1024,1,0,0
7350057365628182,1,trading_callback,0,1024,3,0,0
7350057365628182,1,trace,0,8192,4,0,0
7350057365628182,1,latency,0,4096,13,0,0
7350057465999847,0,market_ingress,0,1024,6,0,0
7350057465999847,0,trader_request,0,1024,1,0,0
7350057465999847,0,trading_callback,0,1024,4,0,0
7350057465999847,0,trace,0,8192,9,0,0
7350057465999847,0,latency,0,4096,12,0,0
7350057465999847,1,market_ingress,0,1024,4,0,0
7350057465999847,1,trader_request,0,1024,1,0,0
7350057465999847,1,trading_callback,0,1024,3,0,0
7350057465999847,1,trace,0,8192,4,0,0
7350057465999847,1,latency,0,4096,13,0,0
7350057566410391,0,market_ingress,0,1024,6,0,0
7350057566410391,0,trader_request,0,1024,1,0,0
7350057566410391,0,trading_callback,0,1024,4,0,0
7350057566410391,0,trace,0,8192,9,0,0
7350057566410391,0,latency,0,4096,12,0,0
7350057566410391,1,market_ingress,0,1024,4,0,0
7350057566410391,1,trader_request,0,1024,1,0,0
7350057566410391,1,trading_callback,0,1024,3,0,0
7350057566410391,1,trace,0,8192,4,0,0
7350057566410391,1,latency,0,4096,13,0,0
7350057666775103,0,market_ingress,0,1024,6,0,0
7350057666775103,0,trader_request,0,1024,1,0,0
7350057666775103,0,trading_callback,0,1024,4,0,0
7350057666775103,0,trace,0,8192,9,0,0
7350057666775103,0,latency,0,4096,12,0,0
7350057666775103,1,market_ingress,0,1024,4,0,0
7350057666775103,1,trader_request,0,1024,1,0,0
7350057666775103,1,trading_callback,0,1024,3,0,0
7350057666775103,1,trace,0,8192,4,0,0
7350057666775103,1,latency,0,4096,13,0,0
7350057767163997,0,market_ingress,0,1024,6,0,0
7350057767163997,0,trader_request,0,1024,1,0,0
7350057767163997,0,trading_callback,0,1024,4,0,0
7350057767163997,0,trace,0,8192,9,0,0
7350057767163997,0,latency,0,4096,12,0,0
7350057767163997,1,market_ingress,0,1024,4,0,0
7350057767163997,1,trader_request,0,1024,1,0,0
7350057767163997,1,trading_callback,0,1024,3,0,0
7350057767163997,1,trace,0,8192,4,0,0
7350057767163997,1,latency,0,4096,13,0,0
7350057867555568,0,market_ingress,0,1024,6,0,0
7350057867555568,0,trader_request,0,1024,1,0,0
7350057867555568,0,trading_callback,0,1024,4,0,0
7350057867555568,0,trace,0,8192,9,0,0
7350057867555568,0,latency,0,4096,12,0,0
7350057867555568,1,market_ingress,0,1024,4,0,0
7350057867555568,1,trader_request,0,1024,1,0,0
7350057867555568,1,trading_callback,0,1024,3,0,0
7350057867555568,1,trace,0,8192,4,0,0
7350057867555568,1,latency,0,4096,13,0,0
7350057968085253,0,market_ingress,0,1024,6,0,0
7350057968085253,0,trader_request,0,1024,1,0,0
7350057968085253,0,trading_callback,0,1024,4,0,0
7350057968085253,0,trace,0,8192,9,0,0
7350057968085253,0,latency,0,4096,12,0,0
7350057968085253,1,market_ingress,0,1024,4,0,0
7350057968085253,1,trader_request,0,1024,1,0,0
7350057968085253,1,trading_callback,0,1024,3,0,0
7350057968085253,1,trace,0,8192,4,0,0
7350057968085253,1,latency,0,4096,13,0,0
7350058068474509,0,market_ingress,0,1024,6,0,0
7350058068474509,0,trader_request,0,1024,1,0,0
7350058068474509,0,trading_callback,0,1024,4,0,0
7350058068474509,0,trace,0,8192,9,0,0
7350058068474509,0,latency,0,4096,12,0,0
7350058068474509,1,market_ingress,0,1024,4,0,0
7350058068474509,1,trader_request,0,1024,1,0,0
7350058068474509,1,trading_callback,0,1024,3,0,0
7350058068474509,1,trace,0,8192,4,0,0
7350058068474509,1,latency,0,4096,13,0,0
7350058168841550,0,market_ingress,0,1024,6,0,0
7350058168841550,0,trader_request,0,1024,1,0,0
7350058168841550,0,trading_callback,0,1024,4,0,0
7350058168841550,0,trace,0,8192,9,0,0
7350058168841550,0,latency,0,4096,12,0,0
7350058168841550,1,market_ingress,0,1024,4,0,0
7350058168841550,1,trader_request,0,1024,1,0,0
7350058168841550,1,trading_callback,0,1024,3,0,0
7350058168841550,1,trace,0,8192,4,0,0
7350058168841550,1,latency,0,4096,13,0,0
7350058269213487,0,market_ingress,0,1024,6,0,0
7350058269213487,0,trader_request,0,1024,1,0,0
7350058269213487,0,trading_callback,0,1024,4,0,0
7350058269213487,0,trace,0,8192,9,0,0
7350058269213487,0,latency,0,4096,12,0,0
7350058269213487,1,market_ingress,0,1024,4,0,0
7350058269213487,1,trader_request,0,1024,1,0,0
7350058269213487,1,trading_callback,0,1024,3,0,0
7350058269213487,1,trace,0,8192,4,0,0
7350058269213487,1,latency,0,4096,13,0,0
7350058369580966,0,market_ingress,0,1024,6,0,0
7350058369580966,0,trader_request,0,1024,1,0,0
7350058369580966,0,trading_callback,0,1024,4,0,0
7350058369580966,0,trace,0,8192,9,0,0
7350058369580966,0,latency,0,4096,12,0,0
7350058369580966,1,market_ingress,0,1024,4,0,0
7350058369580966,1,trader_request,0,1024,1,0,0
7350058369580966,1,trading_callback,0,1024,3,0,0
7350058369580966,1,trace,0,8192,4,0,0
7350058369580966,1,latency,0,4096,13,0,0
7350058469940063,0,market_ingress,0,1024,6,0,0
7350058469940063,0,trader_request,0,1024,1,0,0
7350058469940063,0,trading_callback,0,1024,4,0,0
7350058469940063,0,trace,0,8192,9,0,0
7350058469940063,0,latency,0,4096,12,0,0
7350058469940063,1,market_ingress,0,1024,4,0,0
7350058469940063,1,trader_request,0,1024,1,0,0
7350058469940063,1,trading_callback,0,1024,3,0,0
7350058469940063,1,trace,0,8192,4,0,0
7350058469940063,1,latency,0,4096,13,0,0
7350058570301681,0,market_ingress,0,1024,6,0,0
7350058570301681,0,trader_request,0,1024,1,0,0
7350058570301681,0,trading_callback,0,1024,4,0,0
7350058570301681,0,trace,0,8192,9,0,0
7350058570301681,0,latency,0,4096,12,0,0
7350058570301681,1,market_ingress,0,1024,4,0,0
7350058570301681,1,trader_request,0,1024,1,0,0
7350058570301681,1,trading_callback,0,1024,3,0,0
7350058570301681,1,trace,0,8192,4,0,0
7350058570301681,1,latency,0,4096,13,0,0
7350058670671840,0,market_ingress,0,1024,6,0,0
7350058670671840,0,trader_request,0,1024,1,0,0
7350058670671840,0,trading_callback,0,1024,4,0,0
7350058670671840,0,trace,0,8192,9,0,0
7350058670671840,0,latency,0,4096,12,0,0
7350058670671840,1,market_ingress,0,1024,4,0,0
7350058670671840,1,trader_request,0,1024,1,0,0
7350058670671840,1,trading_callback,0,1024,3,0,0
7350058670671840,1,trace,0,8192,4,0,0
7350058670671840,1,latency,0,4096,13,0,0
7350058771022232,0,market_ingress,0,1024,6,0,0
7350058771022232,0,trader_request,0,1024,1,0,0
7350058771022232,0,trading_callback,0,1024,4,0,0
7350058771022232,0,trace,0,8192,9,0,0
7350058771022232,0,latency,0,4096,12,0,0
7350058771022232,1,market_ingress,0,1024,4,0,0
7350058771022232,1,trader_request,0,1024,1,0,0
7350058771022232,1,trading_callback,0,1024,3,0,0
7350058771022232,1,trace,0,8192,4,0,0
7350058771022232,1,latency,0,4096,13,0,0
7350058871346414,0,market_ingress,0,1024,6,0,0
7350058871346414,0,trader_request,0,1024,1,0,0
7350058871346414,0,trading_callback,0,1024,4,0,0
7350058871346414,0,trace,0,8192,9,0,0
7350058871346414,0,latency,0,4096,12,0,0
7350058871346414,1,market_ingress,0,1024,4,0,0
7350058871346414,1,trader_request,0,1024,1,0,0
7350058871346414,1,trading_callback,0,1024,3,0,0
7350058871346414,1,trace,0,8192,4,0,0
7350058871346414,1,latency,0,4096,13,0,0
7350058971693413,0,market_ingress,0,1024,6,0,0
7350058971693413,0,trader_request,0,1024,1,0,0
7350058971693413,0,trading_callback,0,1024,4,0,0
7350058971693413,0,trace,0,8192,9,0,0
7350058971693413,0,latency,0,4096,12,0,0
7350058971693413,1,market_ingress,0,1024,4,0,0
7350058971693413,1,trader_request,0,1024,1,0,0
7350058971693413,1,trading_callback,0,1024,3,0,0
7350058971693413,1,trace,0,8192,4,0,0
7350058971693413,1,latency,0,4096,13,0,0
7350059072018914,0,market_ingress,0,1024,6,0,0
7350059072018914,0,trader_request,0,1024,1,0,0
7350059072018914,0,trading_callback,0,1024,4,0,0
7350059072018914,0,trace,0,8192,9,0,0
7350059072018914,0,latency,0,4096,12,0,0
7350059072018914,1,market_ingress,0,1024,4,0,0
7350059072018914,1,trader_request,0,1024,1,0,0
7350059072018914,1,trading_callback,0,1024,3,0,0
7350059072018914,1,trace,0,8192,4,0,0
7350059072018914,1,latency,0,4096,13,0,0
7350059172371789,0,market_ingress,0,1024,6,0,0
7350059172371789,0,trader_request,0,1024,1,0,0
7350059172371789,0,trading_callback,0,1024,4,0,0
7350059172371789,0,trace,0,8192,9,0,0
7350059172371789,0,latency,0,4096,12,0,0
7350059172371789,1,market_ingress,0,1024,4,0,0
7350059172371789,1,trader_request,0,1024,1,0,0
7350059172371789,1,trading_callback,0,1024,3,0,0
7350059172371789,1,trace,0,8192,4,0,0
7350059172371789,1,latency,0,4096,13,0,0
7350059272747871,0,market_ingress,0,1024,6,0,0
7350059272747871,0,trader_request,0,1024,1,0,0
7350059272747871,0,trading_callback,0,1024,4,0,0
7350059272747871,0,trace,0,8192,9,0,0
7350059272747871,0,latency,0,4096,12,0,0
7350059272747871,1,market_ingress,0,1024,4,0,0
7350059272747871,1,trader_request,0,1024,1,0,0
7350059272747871,1,trading_callback,0,1024,3,0,0
7350059272747871,1,trace,0,8192,4,0,0
7350059272747871,1,latency,0,4096,13,0,0
7350059373109336,0,market_ingress,0,1024,6,0,0
7350059373109336,0,trader_request,0,1024,1,0,0
7350059373109336,0,trading_callback,0,1024,4,0,0
7350059373109336,0,trace,0,8192,9,0,0
7350059373109336,0,latency,0,4096,12,0,0
7350059373109336,1,market_ingress,0,1024,4,0,0
7350059373109336,1,trader_request,0,1024,1,0,0
7350059373109336,1,trading_callback,0,1024,3,0,0
7350059373109336,1,trace,0,8192,4,0,0
7350059373109336,1,latency,0,4096,13,0,0
7350059473497572,0,market_ingress,0,1024,6,0,0
7350059473497572,0,trader_request,0,1024,1,0,0
7350059473497572,0,trading_callback,0,1024,4,0,0
7350059473497572,0,trace,0,8192,9,0,0
7350059473497572,0,latency,0,4096,12,0,0
7350059473497572,1,market_ingress,0,1024,4,0,0
7350059473497572,1,trader_request,0,1024,1,0,0
7350059473497572,1,trading_callback,0,1024,3,0,0
7350059473497572,1,trace,0,8192,4,0,0
7350059473497572,1,latency,0,4096,13,0,0
7350059573867120,0,market_ingress,0,1024,6,0,0
7350059573867120,0,trader_request,0,1024,1,0,0
7350059573867120,0,trading_callback,0,1024,4,0,0
7350059573867120,0,trace,0,8192,9,0,0
7350059573867120,0,latency,0,4096,12,0,0
7350059573867120,1,market_ingress,0,1024,4,0,0
7350059573867120,1,trader_request,0,1024,1,0,0
7350059573867120,1,trading_callback,0,1024,3,0,0
7350059573867120,1,trace,0,8192,4,0,0
7350059573867120,1,latency,0,4096,13,0,0
7350059674240432,0,market_ingress,0,1024,6,0,0
7350059674240432,0,trader_request,0,1024,1,0,0
7350059674240432,0,trading_callback,0,1024,4,0,0
7350059674240432,0,trace,0,8192,9,0,0
7350059674240432,0,latency,0,4096,12,0,0
7350059674240432,1,market_ingress,0,1024,4,0,0
7350059674240432,1,trader_request,0,1024,1,0,0
7350059674240432,1,trading_callback,0,1024,3,0,0
7350059674240432,1,trace,0,8192,4,0,0
7350059674240432,1,latency,0,4096,13,0,0
7350059774591990,0,market_ingress,0,1024,6,0,0
7350059774591990,0,trader_request,0,1024,1,0,0
7350059774591990,0,trading_callback,0,1024,4,0,0
7350059774591990,0,trace,0,8192,9,0,0
7350059774591990,0,latency,0,4096,12,0,0
7350059774591990,1,market_ingress,0,1024,4,0,0
7350059774591990,1,trader_request,0,1024,1,0,0
7350059774591990,1,trading_callback,0,1024,3,0,0
7350059774591990,1,trace,0,8192,4,0,0
7350059774591990,1,latency,0,4096,13,0,0
7350059874968398,0,market_ingress,0,1024,6,0,0
7350059874968398,0,trader_request,0,1024,1,0,0
7350059874968398,0,trading_callback,0,1024,4,0,0
7350059874968398,0,trace,0,8192,9,0,0
7350059874968398,0,latency,0,4096,12,0,0
7350059874968398,1,market_ingress,0,1024,4,0,0
7350059874968398,1,trader_request,0,1024,1,0,0
7350059874968398,1,trading_callback,0,1024,3,0,0
7350059874968398,1,trace,0,8192,4,0,0
7350059874968398,1,latency,0,4096,13,0,0
7350059975335419,0,market_ingress,0,1024,6,0,0
7350059975335419,0,trader_request,0,1024,1,0,0
7350059975335419,0,trading_callback,0,1024,4,0,0
7350059975335419,0,trace,0,8192,9,0,0
7350059975335419,0,latency,0,4096,12,0,0
7350059975335419,1,market_ingress,0,1024,4,0,0
7350059975335419,1,trader_request,0,1024,1,0,0
7350059975335419,1,trading_callback,0,1024,3,0,0
7350059975335419,1,trace,0,8192,4,0,0
7350059975335419,1,latency,0,4096,13,0,0
7350060075703543,0,market_ingress,0,1024,6,0,0
7350060075703543,0,trader_request,0,1024,1,0,0
7350060075703543,0,trading_callback,0,1024,4,0,0
7350060075703543,0,trace,0,8192,9,0,0
7350060075703543,0,latency,0,4096,12,0,0
7350060075703543,1,market_ingress,0,1024,4,0,0
7350060075703543,1,trader_request,0,1024,1,0,0
7350060075703543,1,trading_callback,0,1024,3,0,0
7350060075703543,1,trace,0,8192,4,0,0
7350060075703543,1,latency,0,4096,13,0,0
7350060176093678,0,market_ingress,0,1024,6,0,0
7350060176093678,0,trader_request,0,1024,1,0,0
7350060176093678,0,trading_callback,0,1024,4,0,0
7350060176093678,0,trace,0,8192,9,0,0
7350060176093678,0,latency,0,4096,12,0,0
7350060176093678,1,market_ingress,0,1024,4,0,0
7350060176093678,1,trader_request,0,1024,1,0,0
7350060176093678,1,trading_callback,0,1024,3,0,0
7350060176093678,1,trace,0,8192,4,0,0
7350060176093678,1,latency,0,4096,13,0,0
7350060276462104,0,market_ingress,0,1024,6,0,0
7350060276462104,0,trader_request,0,1024,1,0,0
7350060276462104,0,trading_callback,0,1024,4,0,0
7350060276462104,0,trace,0,8192,9,0,0
7350060276462104,0,latency,0,4096,12,0,0
7350060276462104,1,market_ingress,0,1024,4,0,0
7350060276462104,1,trader_request,0,1024,1,0,0
7350060276462104,1,trading_callback,0,1024,3,0,0
7350060276462104,1,trace,0,8192,4,0,0
7350060276462104,1,latency,0,4096,13,0,0
7350060376810973,0,market_ingress,0,1024,6,0,0
7350060376810973,0,trader_request,0,1024,1,0,0
7350060376810973,0,trading_callback,0,1024,4,0,0
7350060376810973,0,trace,0,8192,9,0,0
7350060376810973,0,latency,0,4096,12,0,0
7350060376810973,1,market_ingress,0,1024,4,0,0
7350060376810973,1,trader_request,0,1024,1,0,0
7350060376810973,1,trading_callback,0,1024,3,0,0
7350060376810973,1,trace,0,8192,4,0,0
7350060376810973,1,latency,0,4096,13,0,0
7350060477161783,0,market_ingress,0,1024,6,0,0
7350060477161783,0,trader_request,0,1024,1,0,0
7350060477161783,0,trading_callback,0,1024,4,0,0
7350060477161783,0,trace,0,8192,9,0,0
7350060477161783,0,latency,0,4096,12,0,0
7350060477161783,1,market_ingress,0,1024,4,0,0
7350060477161783,1,trader_request,0,1024,1,0,0
7350060477161783,1,trading_callback,0,1024,3,0,0
7350060477161783,1,trace,0,8192,4,0,0
7350060477161783,1,latency,0,4096,13,0,0
7350060577518163,0,market_ingress,0,1024,6,0,0
7350060577518163,0,trader_request,0,1024,1,0,0
7350060577518163,0,trading_callback,0,1024,4,0,0
7350060577518163,0,trace,0,8192,9,0,0
7350060577518163,0,latency,0,4096,12,0,0
7350060577518163,1,market_ingress,0,1024,4,0,0
7350060577518163,1,trader_request,0,1024,1,0,0
7350060577518163,1,trading_callback,0,1024,3,0,0
7350060577518163,1,trace,0,8192,4,0,0
7350060577518163,1,latency,0,4096,13,0,0
7350060677866987,0,market_ingress,0,1024,6,0,0
7350060677866987,0,trader_request,0,1024,1,0,0
7350060677866987,0,trading_callback,0,1024,4,0,0
7350060677866987,0,trace,0,8192,9,0,0
7350060677866987,0,latency,0,4096,12,0,0
7350060677866987,1,market_ingress,0,1024,4,0,0
7350060677866987,1,trader_request,0,1024,1,0,0
7350060677866987,1,trading_callback,0,1024,3,0,0
7350060677866987,1,trace,0,8192,4,0,0
7350060677866987,1,latency,0,4096,13,0,0
7350060778245398,0,market_ingress,0,1024,6,0,0
7350060778245398,0,trader_request,0,1024,1,0,0
7350060778245398,0,trading_callback,0,1024,4,0,0
7350060778245398,0,trace,0,8192,9,0,0
7350060778245398,0,latency,0,4096,12,0,0
7350060778245398,1,market_ingress,0,1024,4,0,0
7350060778245398,1,trader_request,0,1024,1,0,0
7350060778245398,1,trading_callback,0,1024,3,0,0
7350060778245398,1,trace,0,8192,4,0,0
7350060778245398,1,latency,0,4096,13,0,0
7350060878595563,0,market_ingress,0,1024,6,0,0
7350060878595563,0,trader_request,0,1024,1,0,0
7350060878595563,0,trading_callback,0,1024,4,0,0
7350060878595563,0,trace,0,8192,9,0,0
7350060878595563,0,latency,0,4096,12,0,0
7350060878595563,1,market_ingress,0,1024,4,0,0
7350060878595563,1,trader_request,0,1024,1,0,0
7350060878595563,1,trading_callback,0,1024,3,0,0
7350060878595563,1,trace,0,8192,4,0,0
7350060878595563,1,latency,0,4096,13,0,0
7350060978956240,0,market_ingress,0,1024,6,0,0
7350060978956240,0,trader_request,0,1024,1,0,0
7350060978956240,0,trading_callback,0,1024,4,0,0
7350060978956240,0,trace,0,8192,9,0,0
7350060978956240,0,latency,0,4096,12,0,0
7350060978956240,1,market_ingress,0,1024,4,0,0
7350060978956240,1,trader_request,0,1024,1,0,0
7350060978956240,1,trading_callback,0,1024,3,0,0
7350060978956240,1,trace,0,8192,4,0,0
7350060978956240,1,latency,0,4096,13,0,0
7350061079308133,0,market_ingress,0,1024,6,0,0
7350061079308133,0,trader_request,0,1024,1,0,0
7350061079308133,0,trading_callback,0,1024,4,0,0
7350061079308133,0,trace,0,8192,9,0,0
7350061079308133,0,latency,0,4096,12,0,0
7350061079308133,1,market_ingress,0,1024,4,0,0
7350061079308133,1,trader_request,0,1024,1,0,0
7350061079308133,1,trading_callback,0,1024,3,0,0
7350061079308133,1,trace,0,8192,4,0,0
7350061079308133,1,latency,0,4096,13,0,0
7350061179673529,0,market_ingress,0,1024,6,0,0
7350061179673529,0,trader_request,0,1024,1,0,0
7350061179673529,0,trading_callback,0,1024,4,0,0
7350061179673529,0,trace,0,8192,9,0,0
7350061179673529,0,latency,0,4096,12,0,0
7350061179673529,1,market_ingress,0,1024,4,0,0
7350061179673529,1,trader_request,0,1024,1,0,0
7350061179673529,1,trading_callback,0,1024,3,0,0
7350061179673529,1,trace,0,8192,4,0,0
7350061179673529,1,latency,0,4096,13,0,0
7350061280020383,0,market_ingress,0,1024,6,0,0
7350061280020383,0,trader_request,0,1024,1,0,0
7350061280020383,0,trading_callback,0,1024,4,0,0
7350061280020383,0,trace,0,8192,9,0,0
7350061280020383,0,latency,0,4096,12,0,0
7350061280020383,1,market_ingress,0,1024,4,0,0
7350061280020383,1,trader_request,0,1024,1,0,0
7350061280020383,1,trading_callback,0,1024,3,0,0
7350061280020383,1,trace,0,8192,4,0,0
7350061280020383,1,latency,0,4096,13,0,0
7350061380417224,0,market_ingress,0,1024,6,0,0
7350061380417224,0,trader_request,0,1024,1,0,0
7350061380417224,0,trading_callback,0,1024,4,0,0
7350061380417224,0,trace,0,8192,9,0,0
7350061380417224,0,latency,0,4096,12,0,0
7350061380417224,1,market_ingress,0,1024,4,0,0
7350061380417224,1,trader_request,0,1024,1,0,0
7350061380417224,1,trading_callback,0,1024,3,0,0
7350061380417224,1,trace,0,8192,4,0,0
7350061380417224,1,latency,0,4096,13,0,0
7350061480778998,0,market_ingress,0,1024,6,0,0
7350061480778998,0,trader_request,0,1024,1,0,0
7350061480778998,0,trading_callback,0,1024,4,0,0
7350061480778998,0,trace,0,8192,9,0,0
7350061480778998,0,latency,0,4096,12,0,0
7350061480778998,1,market_ingress,0,1024,4,0,0
7350061480778998,1,trader_request,0,1024,1,0,0
7350061480778998,1,trading_callback,0,1024,3,0,0
7350061480778998,1,trace,0,8192,4,0,0
7350061480778998,1,latency,0,4096,13,0,0
7350061581253633,0,market_ingress,0,1024,6,0,0
7350061581253633,0,trader_request,0,1024,1,0,0
7350061581253633,0,trading_callback,0,1024,4,0,0
7350061581253633,0,trace,0,8192,9,0,0
7350061581253633,0,latency,0,4096,12,0,0
7350061581253633,1,market_ingress,0,1024,4,0,0
7350061581253633,1,trader_request,0,1024,1,0,0
7350061581253633,1,trading_callback,0,1024,3,0,0
7350061581253633,1,trace,0,8192,4,0,0
7350061581253633,1,latency,0,4096,13,0,0
7350061681604926,0,market_ingress,0,1024,6,0,0
7350061681604926,0,trader_request,0,1024,1,0,0
7350061681604926,0,trading_callback,0,1024,4,0,0
7350061681604926,0,trace,0,8192,9,0,0
7350061681604926,0,latency,0,4096,12,0,0
7350061681604926,1,market_ingress,0,1024,4,0,0
7350061681604926,1,trader_request,0,1024,1,0,0
7350061681604926,1,trading_callback,0,1024,3,0,0
7350061681604926,1,trace,0,8192,4,0,0
7350061681604926,1,latency,0,4096,13,0,0
7350061782005422,0,market_ingress,0,1024,6,0,0
7350061782005422,0,trader_request,0,1024,1,0,0
7350061782005422,0,trading_callback,0,1024,4,0,0
7350061782005422,0,trace,0,8192,17,0,0
7350061782005422,0,latency,0,4096,12,0,0
7350061782005422,1,market_ingress,0,1024,4,0,0
7350061782005422,1,trader_request,0,1024,1,0,0
7350061782005422,1,trading_callback,0,1024,3,0,0
7350061782005422,1,trace,0,8192,4,0,0
7350061782005422,1,latency,0,4096,13,0,0
7350061882368694,0,market_ingress,0,1024,6,0,0
7350061882368694,0,trader_request,0,1024,1,0,0
7350061882368694,0,trading_callback,0,1024,4,0,0
7350061882368694,0,trace,0,8192,17,0,0
7350061882368694,0,latency,0,4096,12,0,0
7350061882368694,1,market_ingress,0,1024,4,0,0
7350061882368694,1,trader_request,0,1024,1,0,0
7350061882368694,1,trading_callback,0,1024,3,0,0
7350061882368694,1,trace,0,8192,4,0,0
7350061882368694,1,latency,0,4096,13,0,0
7350061982736847,0,market_ingress,0,1024,6,0,0
7350061982736847,0,trader_request,0,1024,1,0,0
7350061982736847,0,trading_callback,0,1024,4,0,0
7350061982736847,0,trace,0,8192,17,0,0
7350061982736847,0,latency,0,4096,12,0,0
7350061982736847,1,market_ingress,0,1024,4,0,0
7350061982736847,1,trader_request,0,1024,1,0,0
7350061982736847,1,trading_callback,0,1024,3,0,0
7350061982736847,1,trace,0,8192,4,0,0
7350061982736847,1,latency,0,4096,13,0,0
7350062083089867,0,market_ingress,0,1024,6,0,0
7350062083089867,0,trader_request,0,1024,1,0,0
7350062083089867,0,trading_callback,0,1024,4,0,0
7350062083089867,0,trace,0,8192,17,0,0
7350062083089867,0,latency,0,4096,12,0,0
7350062083089867,1,market_ingress,0,1024,4,0,0
7350062083089867,1,trader_request,0,1024,1,0,0
7350062083089867,1,trading_callback,0,1024,3,0,0
7350062083089867,1,trace,0,8192,4,0,0
7350062083089867,1,latency,0,4096,13,0,0
7350062183462003,0,market_ingress,0,1024,6,0,0
7350062183462003,0,trader_request,0,1024,1,0,0
7350062183462003,0,trading_callback,0,1024,4,0,0
7350062183462003,0,trace,0,8192,17,0,0
7350062183462003,0,latency,0,4096,12,0,0
7350062183462003,1,market_ingress,0,1024,4,0,0
7350062183462003,1,trader_request,0,1024,1,0,0
7350062183462003,1,trading_callback,0,1024,3,0,0
7350062183462003,1,trace,0,8192,4,0,0
7350062183462003,1,latency,0,4096,13,0,0
7350062283828310,0,market_ingress,0,1024,6,0,0
7350062283828310,0,trader_request,0,1024,1,0,0
7350062283828310,0,trading_callback,0,1024,4,0,0
7350062283828310,0,trace,0,8192,17,0,0
7350062283828310,0,latency,0,4096,12,0,0
7350062283828310,1,market_ingress,0,1024,4,0,0
7350062283828310,1,trader_request,0,1024,1,0,0
7350062283828310,1,trading_callback,0,1024,3,0,0
7350062283828310,1,trace,0,8192,4,0,0
7350062283828310,1,latency,0,4096,13,0,0
7350062384218772,0,market_ingress,0,1024,6,0,0
7350062384218772,0,trader_request,0,1024,1,0,0
7350062384218772,0,trading_callback,0,1024,4,0,0
7350062384218772,0,trace,0,8192,17,0,0
7350062384218772,0,latency,0,4096,12,0,0
7350062384218772,1,market_ingress,0,1024,4,0,0
7350062384218772,1,trader_request,0,1024,1,0,0
7350062384218772,1,trading_callback,0,1024,3,0,0
7350062384218772,1,trace,0,8192,4,0,0
7350062384218772,1,latency,0,4096,13,0,0
7350062484641724,0,market_ingress,0,1024,6,0,0
7350062484641724,0,trader_request,0,1024,1,0,0
7350062484641724,0,trading_callback,0,1024,4,0,0
7350062484641724,0,trace,0,8192,17,0,0
7350062484641724,0,latency,0,4096,12,0,0
7350062484641724,1,market_ingress,0,1024,4,0,0
7350062484641724,1,trader_request,0,1024,1,0,0
7350062484641724,1,trading_callback,0,1024,3,0,0
7350062484641724,1,trace,0,8192,4,0,0
7350062484641724,1,latency,0,4096,13,0,0
7350062585001259,0,market_ingress,0,1024,6,0,0
7350062585001259,0,trader_request,0,1024,1,0,0
7350062585001259,0,trading_callback,0,1024,4,0,0
7350062585001259,0,trace,0,8192,17,0,0
7350062585001259,0,latency,0,4096,12,0,0
7350062585001259,1,market_ingress,0,1024,4,0,0
7350062585001259,1,trader_request,0,1024,1,0,0
7350062585001259,1,trading_callback,0,1024,3,0,0
7350062585001259,1,trace,0,8192,4,0,0
7350062585001259,1,latency,0,4096,13,0,0
7350062685342208,0,market_ingress,0,1024,6,0,0
7350062685342208,0,trader_request,0,1024,1,0,0
7350062685342208,0,trading_callback,0,1024,4,0,0
7350062685342208,0,trace,0,8192,17,0,0
7350062685342208,0,latency,0,4096,12,0,0
7350062685342208,1,market_ingress,0,1024,4,0,0
7350062685342208,1,trader_request,0,1024,1,0,0
7350062685342208,1,trading_callback,0,1024,3,0,0
7350062685342208,1,trace,0,8192,4,0,0
7350062685342208,1,latency,0,4096,13,0,0
7350062785748490,0,market_ingress,0,1024,6,0,0
7350062785748490,0,trader_request,0,1024,1,0,0
7350062785748490,0,trading_callback,0,1024,4,0,0
7350062785748490,0,trace,0,8192,17,0,0
7350062785748490,0,latency,0,4096,12,0,0
7350062785748490,1,market_ingress,0,1024,4,0,0
7350062785748490,1,trader_request,0,1024,1,0,0
7350062785748490,1,trading_callback,0,1024,3,0,0
7350062785748490,1,trace,0,8192,4,0,0
7350062785748490,1,latency,0,4096,13,0,0
7350062886124217,0,market_ingress,0,1024,6,0,0
7350062886124217,0,trader_request,0,1024,1,0,0
7350062886124217,0,trading_callback,0,1024,4,0,0
7350062886124217,0,trace,0,8192,17,0,0
7350062886124217,0,latency,0,4096,12,0,0
7350062886124217,1,market_ingress,0,1024,4,0,0
7350062886124217,1,trader_request,0,1024,1,0,0
7350062886124217,1,trading_callback,0,1024,3,0,0
7350062886124217,1,trace,0,8192,4,0,0
7350062886124217,1,latency,0,4096,13,0,0
7350062986484516,0,market_ingress,0,1024,6,0,0
7350062986484516,0,trader_request,0,1024,1,0,0
7350062986484516,0,trading_callback,0,1024,4,0,0
7350062986484516,0,trace,0,8192,17,0,0
7350062986484516,0,latency,0,4096,12,0,0
7350062986484516,1,market_ingress,0,1024,4,0,0
7350062986484516,1,trader_request,0,1024,1,0,0
7350062986484516,1,trading_callback,0,1024,3,0,0
7350062986484516,1,trace,0,8192,4,0,0
7350062986484516,1,latency,0,4096,13,0,0
7350063086836970,0,market_ingress,0,1024,6,0,0
7350063086836970,0,trader_request,0,1024,1,0,0
7350063086836970,0,trading_callback,0,1024,4,0,0
7350063086836970,0,trace,0,8192,17,0,0
7350063086836970,0,latency,0,4096,12,0,0
7350063086836970,1,market_ingress,0,1024,4,0,0
7350063086836970,1,trader_request,0,1024,1,0,0
7350063086836970,1,trading_callback,0,1024,3,0,0
7350063086836970,1,trace,0,8192,4,0,0
7350063086836970,1,latency,0,4096,13,0,0
7350063187223804,0,market_ingress,0,1024,6,0,0
7350063187223804,0,trader_request,0,1024,1,0,0
7350063187223804,0,trading_callback,0,1024,4,0,0
7350063187223804,0,trace,0,8192,17,0,0
7350063187223804,0,latency,0,4096,12,0,0
7350063187223804,1,market_ingress,0,1024,4,0,0
7350063187223804,1,trader_request,0,1024,1,0,0
7350063187223804,1,trading_callback,0,1024,3,0,0
7350063187223804,1,trace,0,8192,4,0,0
7350063187223804,1,latency,0,4096,13,0,0
7350063287574241,0,market_ingress,0,1024,6,0,0
7350063287574241,0,trader_request,0,1024,1,0,0
7350063287574241,0,trading_callback,0,1024,4,0,0
7350063287574241,0,trace,0,8192,17,0,0
7350063287574241,0,latency,0,4096,12,0,0
7350063287574241,1,market_ingress,0,1024,4,0,0
7350063287574241,1,trader_request,0,1024,1,0,0
7350063287574241,1,trading_callback,0,1024,3,0,0
7350063287574241,1,trace,0,8192,4,0,0
7350063287574241,1,latency,0,4096,13,0,0
7350063387922914,0,market_ingress,0,1024,6,0,0
7350063387922914,0,trader_request,0,1024,1,0,0
7350063387922914,0,trading_callback,0,1024,4,0,0
7350063387922914,0,trace,0,8192,17,0,0
7350063387922914,0,latency,0,4096,12,0,0
7350063387922914,1,market_ingress,0,1024,4,0,0
7350063387922914,1,trader_request,0,1024,1,0,0
7350063387922914,1,trading_callback,0,1024,3,0,0
7350063387922914,1,trace,0,8192,4,0,0
7350063387922914,1,latency,0,4096,13,0,0
7350063488292145,0,market_ingress,0,1024,6,0,0
7350063488292145,0,trader_request,0,1024,1,0,0
7350063488292145,0,trading_callback,0,1024,4,0,0
7350063488292145,0,trace,0,8192,17,0,0
7350063488292145,0,latency,0,4096,12,0,0
7350063488292145,1,market_ingress,0,1024,4,0,0
7350063488292145,1,trader_request,0,1024,1,0,0
7350063488292145,1,trading_callback,0,1024,3,0,0
7350063488292145,1,trace,0,8192,4,0,0
7350063488292145,1,latency,0,4096,13,0,0
7350063588652529,0,market_ingress,0,1024,6,0,0
7350063588652529,0,trader_request,0,1024,1,0,0
7350063588652529,0,trading_callback,0,1024,4,0,0
7350063588652529,0,trace,0,8192,17,0,0
7350063588652529,0,latency,0,4096,12,0,0
7350063588652529,1,market_ingress,0,1024,4,0,0
7350063588652529,1,trader_request,0,1024,1,0,0
7350063588652529,1,trading_callback,0,1024,3,0,0
7350063588652529,1,trace,0,8192,4,0,0
7350063588652529,1,latency,0,4096,13,0,0
7350063689004671,0,market_ingress,0,1024,6,0,0
7350063689004671,0,trader_request,0,1024,1,0,0
7350063689004671,0,trading_callback,0,1024,4,0,0
7350063689004671,0,trace,0,8192,17,0,0
7350063689004671,0,latency,0,4096,12,0,0
7350063689004671,1,market_ingress,0,1024,4,0,0
7350063689004671,1,trader_request,0,1024,1,0,0
7350063689004671,1,trading_callback,0,1024,3,0,0
7350063689004671,1,trace,0,8192,4,0,0
7350063689004671,1,latency,0,4096,13,0,0
7350063789475031,0,market_ingress,0,1024,6,0,0
7350063789475031,0,trader_request,0,1024,1,0,0
7350063789475031,0,trading_callback,0,1024,4,0,0
7350063789475031,0,trace,0,8192,17,0,0
7350063789475031,0,latency,0,4096,12,0,0
7350063789475031,1,market_ingress,0,1024,4,0,0
7350063789475031,1,trader_request,0,1024,1,0,0
7350063789475031,1,trading_callback,0,1024,3,0,0
7350063789475031,1,trace,0,8192,4,0,0
7350063789475031,1,latency,0,4096,13,0,0
7350063889852215,0,market_ingress,0,1024,6,0,0
7350063889852215,0,trader_request,0,1024,1,0,0
7350063889852215,0,trading_callback,0,1024,4,0,0
7350063889852215,0,trace,0,8192,17,0,0
7350063889852215,0,latency,0,4096,12,0,0
7350063889852215,1,market_ingress,0,1024,4,0,0
7350063889852215,1,trader_request,0,1024,1,0,0
7350063889852215,1,trading_callback,0,1024,3,0,0
7350063889852215,1,trace,0,8192,4,0,0
7350063889852215,1,latency,0,4096,13,0,0
7350063990210042,0,market_ingress,0,1024,6,0,0
7350063990210042,0,trader_request,0,1024,1,0,0
7350063990210042,0,trading_callback,0,1024,4,0,0
7350063990210042,0,trace,0,8192,17,0,0
7350063990210042,0,latency,0,4096,12,0,0
7350063990210042,1,market_ingress,0,1024,4,0,0
7350063990210042,1,trader_request,0,1024,1,0,0
7350063990210042,1,trading_callback,0,1024,3,0,0
7350063990210042,1,trace,0,8192,4,0,0
7350063990210042,1,latency,0,4096,13,0,0
7350064090569757,0,market_ingress,0,1024,6,0,0
7350064090569757,0,trader_request,0,1024,1,0,0
7350064090569757,0,trading_callback,0,1024,4,0,0
7350064090569757,0,trace,0,8192,17,0,0
7350064090569757,0,latency,0,4096,12,0,0
7350064090569757,1,market_ingress,0,1024,4,0,0
7350064090569757,1,trader_request,0,1024,1,0,0
7350064090569757,1,trading_callback,0,1024,3,0,0
7350064090569757,1,trace,0,8192,4,0,0
7350064090569757,1,latency,0,4096,13,0,0
7350064190938421,0,market_ingress,0,1024,6,0,0
7350064190938421,0,trader_request,0,1024,1,0,0
7350064190938421,0,trading_callback,0,1024,4,0,0
7350064190938421,0,trace,0,8192,17,0,0
7350064190938421,0,latency,0,4096,12,0,0
7350064190938421,1,market_ingress,0,1024,4,0,0
7350064190938421,1,trader_request,0,1024,1,0,0
7350064190938421,1,trading_callback,0,1024,3,0,0
7350064190938421,1,trace,0,8192,4,0,0
7350064190938421,1,latency,0,4096,13,0,0
7350064291348529,0,market_ingress,0,1024,6,0,0
7350064291348529,0,trader_request,0,1024,1,0,0
7350064291348529,0,trading_callback,0,1024,4,0,0
7350064291348529,0,trace,0,8192,17,0,0
7350064291348529,0,latency,0,4096,12,0,0
7350064291348529,1,market_ingress,0,1024,4,0,0
7350064291348529,1,trader_request,0,1024,1,0,0
7350064291348529,1,trading_callback,0,1024,3,0,0
7350064291348529,1,trace,0,8192,4,0,0
7350064291348529,1,latency,0,4096,13,0,0
7350064391701653,0,market_ingress,0,1024,6,0,0
7350064391701653,0,trader_request,0,1024,1,0,0
7350064391701653,0,trading_callback,0,1024,4,0,0
7350064391701653,0,trace,0,8192,17,0,0
7350064391701653,0,latency,0,4096,12,0,0
7350064391701653,1,market_ingress,0,1024,4,0,0
7350064391701653,1,trader_request,0,1024,1,0,0
7350064391701653,1,trading_callback,0,1024,3,0,0
7350064391701653,1,trace,0,8192,4,0,0
7350064391701653,1,latency,0,4096,13,0,0
7350064492017336,0,market_ingress,0,1024,6,0,0
7350064492017336,0,trader_request,0,1024,1,0,0
7350064492017336,0,trading_callback,0,1024,4,0,0
7350064492017336,0,trace,0,8192,17,0,0
7350064492017336,0,latency,0,4096,12,0,0
7350064492017336,1,market_ingress,0,1024,4,0,0
7350064492017336,1,trader_request,0,1024,1,0,0
7350064492017336,1,trading_callback,0,1024,3,0,0
7350064492017336,1,trace,0,8192,4,0,0
7350064492017336,1,latency,0,4096,13,0,0
7350064592368173,0,market_ingress,0,1024,6,0,0
7350064592368173,0,trader_request,0,1024,1,0,0
7350064592368173,0,trading_callback,0,1024,4,0,0
7350064592368173,0,trace,0,8192,17,0,0
7350064592368173,0,latency,0,4096,12,0,0
7350064592368173,1,market_ingress,0,1024,4,0,0
7350064592368173,1,trader_request,0,1024,1,0,0
7350064592368173,1,trading_callback,0,1024,3,0,0
7350064592368173,1,trace,0,8192,4,0,0
7350064592368173,1,latency,0,4096,13,0,0
7350064692731620,0,market_ingress,0,1024,6,0,0
7350064692731620,0,trader_request,0,1024,1,0,0
7350064692731620,0,trading_callback,0,1024,4,0,0
7350064692731620,0,trace,0,8192,17,0,0
7350064692731620,0,latency,0,4096,12,0,0
7350064692731620,1,market_ingress,0,1024,4,0,0
7350064692731620,1,trader_request,0,1024,1,0,0
7350064692731620,1,trading_callback,0,1024,3,0,0
7350064692731620,1,trace,0,8192,4,0,0
7350064692731620,1,latency,0,4096,13,0,0
7350064793081143,0,market_ingress,0,1024,6,0,0
7350064793081143,0,trader_request,0,1024,1,0,0
7350064793081143,0,trading_callback,0,1024,4,0,0
7350064793081143,0,trace,0,8192,17,0,0
7350064793081143,0,latency,0,4096,12,0,0
7350064793081143,1,market_ingress,0,1024,4,0,0
7350064793081143,1,trader_request,0,1024,1,0,0
7350064793081143,1,trading_callback,0,1024,3,0,0
7350064793081143,1,trace,0,8192,4,0,0
7350064793081143,1,latency,0,4096,13,0,0
7350064893456154,0,market_ingress,0,1024,6,0,0
7350064893456154,0,trader_request,0,1024,1,0,0
7350064893456154,0,trading_callback,0,1024,4,0,0
7350064893456154,0,trace,0,8192,17,0,0
7350064893456154,0,latency,0,4096,12,0,0
7350064893456154,1,market_ingress,0,1024,4,0,0
7350064893456154,1,trader_request,0,1024,1,0,0
7350064893456154,1,trading_callback,0,1024,3,0,0
7350064893456154,1,trace,0,8192,4,0,0
7350064893456154,1,latency,0,4096,13,0,0
7350064993827887,0,market_ingress,0,1024,6,0,0
7350064993827887,0,trader_request,0,1024,1,0,0
7350064993827887,0,trading_callback,0,1024,4,0,0
7350064993827887,0,trace,0,8192,17,0,0
7350064993827887,0,latency,0,4096,12,0,0
7350064993827887,1,market_ingress,0,1024,4,0,0
7350064993827887,1,trader_request,0,1024,1,0,0
7350064993827887,1,trading_callback,0,1024,3,0,0
7350064993827887,1,trace,0,8192,4,0,0
7350064993827887,1,latency,0,4096,13,0,0
7350065094182946,0,market_ingress,0,1024,6,0,0
7350065094182946,0,trader_request,0,1024,1,0,0
7350065094182946,0,trading_callback,0,1024,4,0,0
7350065094182946,0,trace,0,8192,17,0,0
7350065094182946,0,latency,0,4096,12,0,0
7350065094182946,1,market_ingress,0,1024,4,0,0
7350065094182946,1,trader_request,0,1024,1,0,0
7350065094182946,1,trading_callback,0,1024,3,0,0
7350065094182946,1,trace,0,8192,4,0,0
7350065094182946,1,latency,0,4096,13,0,0
7350065194542278,0,market_ingress,0,1024,6,0,0
7350065194542278,0,trader_request,0,1024,1,0,0
7350065194542278,0,trading_callback,0,1024,4,0,0
7350065194542278,0,trace,0,8192,17,0,0
7350065194542278,0,latency,0,4096,12,0,0
7350065194542278,1,market_ingress,0,1024,4,0,0
7350065194542278,1,trader_request,0,1024,1,0,0
7350065194542278,1,trading_callback,0,1024,3,0,0
7350065194542278,1,trace,0,8192,4,0,0
7350065194542278,1,latency,0,4096,13,0,0
7350065294891362,0,market_ingress,0,1024,6,0,0
7350065294891362,0,trader_request,0,1024,1,0,0
7350065294891362,0,trading_callback,0,1024,4,0,0
7350065294891362,0,trace,0,8192,17,0,0
7350065294891362,0,latency,0,4096,12,0,0
7350065294891362,1,market_ingress,0,1024,4,0,0
7350065294891362,1,trader_request,0,1024,1,0,0
7350065294891362,1,trading_callback,0,1024,3,0,0
7350065294891362,1,trace,0,8192,4,0,0
7350065294891362,1,latency,0,4096,13,0,0
7350065395244101,0,market_ingress,0,1024,6,0,0
7350065395244101,0,trader_request,0,1024,1,0,0
7350065395244101,0,trading_callback,0,1024,4,0,0
7350065395244101,0,trace,0,8192,17,0,0
7350065395244101,0,latency,0,4096,12,0,0
7350065395244101,1,market_ingress,0,1024,4,0,0
7350065395244101,1,trader_request,0,1024,1,0,0
7350065395244101,1,trading_callback,0,1024,3,0,0
7350065395244101,1,trace,0,8192,4,0,0
7350065395244101,1,latency,0,4096,13,0,0
7350065495614661,0,market_ingress,0,1024,6,0,0
7350065495614661,0,trader_request,0,1024,1,0,0
7350065495614661,0,trading_callback,0,1024,4,0,0
7350065495614661,0,trace,0,8192,17,0,0
7350065495614661,0,latency,0,4096,12,0,0
7350065495614661,1,market_ingress,0,1024,4,0,0
7350065495614661,1,trader_request,0,1024,1,0,0
7350065495614661,1,trading_callback,0,1024,3,0,0
7350065495614661,1,trace,0,8192,4,0,0
7350065495614661,1,latency,0,4096,13,0,0
7350065595984587,0,market_ingress,0,1024,6,0,0
7350065595984587,0,trader_request,0,1024,1,0,0
7350065595984587,0,trading_callback,0,1024,4,0,0
7350065595984587,0,trace,0,8192,17,0,0
7350065595984587,0,latency,0,4096,12,0,0
7350065595984587,1,market_ingress,0,1024,4,0,0
7350065595984587,1,trader_request,0,1024,1,0,0
7350065595984587,1,trading_callback,0,1024,3,0,0
7350065595984587,1,trace,0,8192,4,0,0
7350065595984587,1,latency,0,4096,13,0,0
7350065696356902,0,market_ingress,0,1024,6,0,0
7350065696356902,0,trader_request,0,1024,1,0,0
7350065696356902,0,trading_callback,0,1024,4,0,0
7350065696356902,0,trace,0,8192,17,0,0
7350065696356902,0,latency,0,4096,12,0,0
7350065696356902,1,market_ingress,0,1024,4,0,0
7350065696356902,1,trader_request,0,1024,1,0,0
7350065696356902,1,trading_callback,0,1024,3,0,0
7350065696356902,1,trace,0,8192,4,0,0
7350065696356902,1,latency,0,4096,13,0,0
7350065796717468,0,market_ingress,0,1024,6,0,0
7350065796717468,0,trader_request,0,1024,1,0,0
7350065796717468,0,trading_callback,0,1024,4,0,0
7350065796717468,0,trace,0,8192,17,0,0
7350065796717468,0,latency,0,4096,12,0,0
7350065796717468,1,market_ingress,0,1024,4,0,0
7350065796717468,1,trader_request,0,1024,1,0,0
7350065796717468,1,trading_callback,0,1024,3,0,0
7350065796717468,1,trace,0,8192,4,0,0
7350065796717468,1,latency,0,4096,13,0,0
7350065897205820,0,market_ingress,0,1024,6,0,0
7350065897205820,0,trader_request,0,1024,1,0,0
7350065897205820,0,trading_callback,0,1024,4,0,0
7350065897205820,0,trace,0,8192,17,0,0
7350065897205820,0,latency,0,4096,12,0,0
7350065897205820,1,market_ingress,0,1024,4,0,0
7350065897205820,1,trader_request,0,1024,1,0,0
7350065897205820,1,trading_callback,0,1024,3,0,0
7350065897205820,1,trace,0,8192,4,0,0
7350065897205820,1,latency,0,4096,13,0,0
7350065997565288,0,market_ingress,0,1024,6,0,0
7350065997565288,0,trader_request,0,1024,1,0,0
7350065997565288,0,trading_callback,0,1024,4,0,0
7350065997565288,0,trace,0,8192,17,0,0
7350065997565288,0,latency,0,4096,12,0,0
7350065997565288,1,market_ingress,0,1024,4,0,0
7350065997565288,1,trader_request,0,1024,1,0,0
7350065997565288,1,trading_callback,0,1024,3,0,0
7350065997565288,1,trace,0,8192,4,0,0
7350065997565288,1,latency,0,4096,13,0,0
7350066097919834,0,market_ingress,0,1024,6,0,0
7350066097919834,0,trader_request,0,1024,1,0,0
7350066097919834,0,trading_callback,0,1024,4,0,0
7350066097919834,0,trace,0,8192,17,0,0
7350066097919834,0,latency,0,4096,12,0,0
7350066097919834,1,market_ingress,0,1024,4,0,0
7350066097919834,1,trader_request,0,1024,1,0,0
7350066097919834,1,trading_callback,0,1024,3,0,0
7350066097919834,1,trace,0,8192,4,0,0
7350066097919834,1,latency,0,4096,13,0,0
7350066198293489,0,market_ingress,0,1024,6,0,0
7350066198293489,0,trader_request,0,1024,1,0,0
7350066198293489,0,trading_callback,0,1024,4,0,0
7350066198293489,0,trace,0,8192,17,0,0
7350066198293489,0,latency,0,4096,12,0,0
7350066198293489,1,market_ingress,0,1024,4,0,0
7350066198293489,1,trader_request,0,1024,1,0,0
7350066198293489,1,trading_callback,0,1024,3,0,0
7350066198293489,1,trace,0,8192,4,0,0
7350066198293489,1,latency,0,4096,13,0,0
7350066298630218,0,market_ingress,0,1024,6,0,0
7350066298630218,0,trader_request,0,1024,1,0,0
7350066298630218,0,trading_callback,0,1024,4,0,0
7350066298630218,0,trace,0,8192,17,0,0
7350066298630218,0,latency,0,4096,12,0,0
7350066298630218,1,market_ingress,0,1024,4,0,0
7350066298630218,1,trader_request,0,1024,1,0,0
7350066298630218,1,trading_callback,0,1024,3,0,0
7350066298630218,1,trace,0,8192,4,0,0
7350066298630218,1,latency,0,4096,13,0,0
7350066398999861,0,market_ingress,0,1024,6,0,0
7350066398999861,0,trader_request,0,1024,1,0,0
7350066398999861,0,trading_callback,0,1024,4,0,0
7350066398999861,0,trace,0,8192,17,0,0
7350066398999861,0,latency,0,4096,12,0,0
7350066398999861,1,market_ingress,0,1024,4,0,0
7350066398999861,1,trader_request,0,1024,1,0,0
7350066398999861,1,trading_callback,0,1024,3,0,0
7350066398999861,1,trace,0,8192,4,0,0
7350066398999861,1,latency,0,4096,13,0,0
7350066499363151,0,market_ingress,0,1024,6,0,0
7350066499363151,0,trader_request,0,1024,1,0,0
7350066499363151,0,trading_callback,0,1024,4,0,0
7350066499363151,0,trace,0,8192,17,0,0
7350066499363151,0,latency,0,4096,12,0,0
7350066499363151,1,market_ingress,0,1024,4,0,0
7350066499363151,1,trader_request,0,1024,1,0,0
7350066499363151,1,trading_callback,0,1024,3,0,0
7350066499363151,1,trace,0,8192,4,0,0
7350066499363151,1,latency,0,4096,13,0,0
7350066599820123,0,market_ingress,0,1024,6,0,0
7350066599820123,0,trader_request,0,1024,1,0,0
7350066599820123,0,trading_callback,0,1024,4,0,0
7350066599820123,0,trace,0,8192,17,0,0
7350066599820123,0,latency,0,4096,12,0,0
7350066599820123,1,market_ingress,0,1024,4,0,0
7350066599820123,1,trader_request,0,1024,1,0,0
7350066599820123,1,trading_callback,0,1024,3,0,0
7350066599820123,1,trace,0,8192,4,0,0
7350066599820123,1,latency,0,4096,13,0,0
7350066700204998,0,market_ingress,0,1024,6,0,0
7350066700204998,0,trader_request,0,1024,1,0,0
7350066700204998,0,trading_callback,0,1024,4,0,0
7350066700204998,0,trace,0,8192,17,0,0
7350066700204998,0,latency,0,4096,12,0,0
7350066700204998,1,market_ingress,0,1024,4,0,0
7350066700204998,1,trader_request,0,1024,1,0,0
7350066700204998,1,trading_callback,0,1024,3,0,0
7350066700204998,1,trace,0,8192,4,0,0
7350066700204998,1,latency,0,4096,13,0,0
7350066800585662,0,market_ingress,0,1024,6,0,0
7350066800585662,0,trader_request,0,1024,1,0,0
7350066800585662,0,trading_callback,0,1024,4,0,0
7350066800585662,0,trace,0,8192,17,0,0
7350066800585662,0,latency,0,4096,12,0,0
7350066800585662,1,market_ingress,0,1024,4,0,0
7350066800585662,1,trader_request,0,1024,1,0,0
7350066800585662,1,trading_callback,0,1024,3,0,0
7350066800585662,1,trace,0,8192,4,0,0
7350066800585662,1,latency,0,4096,13,0,0
7350066900982636,0,market_ingress,0,1024,6,0,0
7350066900982636,0,trader_request,0,1024,1,0,0
7350066900982636,0,trading_callback,0,1024,4,0,0
7350066900982636,0,trace,0,8192,17,0,0
7350066900982636,0,latency,0,4096,12,0,0
7350066900982636,1,market_ingress,0,1024,4,0,0
7350066900982636,1,trader_request,0,1024,1,0,0
7350066900982636,1,trading_callback,0,1024,3,0,0
7350066900982636,1,trace,0,8192,5,0,0
7350066900982636,1,latency,0,4096,13,0,0
7350067001376626,0,market_ingress,0,1024,6,0,0
7350067001376626,0,trader_request,0,1024,1,0,0
7350067001376626,0,trading_callback,0,1024,4,0,0
7350067001376626,0,trace,0,8192,17,0,0
7350067001376626,0,latency,0,4096,12,0,0
7350067001376626,1,market_ingress,0,1024,4,0,0
7350067001376626,1,trader_request,0,1024,1,0,0
7350067001376626,1,trading_callback,0,1024,3,0,0
7350067001376626,1,trace,0,8192,5,0,0
7350067001376626,1,latency,0,4096,13,0,0
7350067101736777,0,market_ingress,0,1024,6,0,0
7350067101736777,0,trader_request,0,1024,1,0,0
7350067101736777,0,trading_callback,0,1024,4,0,0
7350067101736777,0,trace,0,8192,17,0,0
7350067101736777,0,latency,0,4096,12,0,0
7350067101736777,1,market_ingress,0,1024,4,0,0
7350067101736777,1,trader_request,0,1024,1,0,0
7350067101736777,1,trading_callback,0,1024,3,0,0
7350067101736777,1,trace,0,8192,5,0,0
7350067101736777,1,latency,0,4096,13,0,0
7350067202093607,0,market_ingress,0,1024,6,0,0
7350067202093607,0,trader_request,0,1024,1,0,0
7350067202093607,0,trading_callback,0,1024,4,0,0
7350067202093607,0,trace,0,8192,17,0,0
7350067202093607,0,latency,0,4096,12,0,0
7350067202093607,1,market_ingress,0,1024,4,0,0
7350067202093607,1,trader_request,0,1024,1,0,0
7350067202093607,1,trading_callback,0,1024,3,0,0
7350067202093607,1,trace,0,8192,5,0,0
7350067202093607,1,latency,0,4096,13,0,0
7350067302462097,0,market_ingress,0,1024,6,0,0
7350067302462097,0,trader_request,0,1024,1,0,0
7350067302462097,0,trading_callback,0,1024,4,0,0
7350067302462097,0,trace,0,8192,17,0,0
7350067302462097,0,latency,0,4096,12,0,0
7350067302462097,1,market_ingress,0,1024,4,0,0
7350067302462097,1,trader_request,0,1024,1,0,0
7350067302462097,1,trading_callback,0,1024,3,0,0
7350067302462097,1,trace,0,8192,5,0,0
7350067302462097,1,latency,0,4096,13,0,0
7350067402840048,0,market_ingress,0,1024,6,0,0
7350067402840048,0,trader_request,0,1024,1,0,0
7350067402840048,0,trading_callback,0,1024,4,0,0
7350067402840048,0,trace,0,8192,17,0,0
7350067402840048,0,latency,0,4096,12,0,0
7350067402840048,1,market_ingress,0,1024,4,0,0
7350067402840048,1,trader_request,0,1024,1,0,0
7350067402840048,1,trading_callback,0,1024,3,0,0
7350067402840048,1,trace,0,8192,5,0,0
7350067402840048,1,latency,0,4096,13,0,0
7350067503207312,0,market_ingress,0,1024,6,0,0
7350067503207312,0,trader_request,0,1024,1,0,0
7350067503207312,0,trading_callback,0,1024,4,0,0
7350067503207312,0,trace,0,8192,17,0,0
7350067503207312,0,latency,0,4096,12,0,0
7350067503207312,1,market_ingress,0,1024,4,0,0
7350067503207312,1,trader_request,0,1024,1,0,0
7350067503207312,1,trading_callback,0,1024,3,0,0
7350067503207312,1,trace,0,8192,5,0,0
7350067503207312,1,latency,0,4096,13,0,0
7350067603576553,0,market_ingress,0,1024,6,0,0
7350067603576553,0,trader_request,0,1024,1,0,0
7350067603576553,0,trading_callback,0,1024,4,0,0
7350067603576553,0,trace,0,8192,17,0,0
7350067603576553,0,latency,0,4096,12,0,0
7350067603576553,1,market_ingress,0,1024,4,0,0
7350067603576553,1,trader_request,0,1024,1,0,0
7350067603576553,1,trading_callback,0,1024,3,0,0
7350067603576553,1,trace,0,8192,5,0,0
7350067603576553,1,latency,0,4096,13,0,0
7350067703938026,0,market_ingress,0,1024,6,0,0
7350067703938026,0,trader_request,0,1024,1,0,0
7350067703938026,0,trading_callback,0,1024,4,0,0
7350067703938026,0,trace,0,8192,17,0,0
7350067703938026,0,latency,0,4096,12,0,0
7350067703938026,1,market_ingress,0,1024,4,0,0
7350067703938026,1,trader_request,0,1024,1,0,0
7350067703938026,1,trading_callback,0,1024,3,0,0
7350067703938026,1,trace,0,8192,5,0,0
7350067703938026,1,latency,0,4096,13,0,0
7350067804309158,0,market_ingress,0,1024,6,0,0
7350067804309158,0,trader_request,0,1024,1,0,0
7350067804309158,0,trading_callback,0,1024,4,0,0
7350067804309158,0,trace,0,8192,17,0,0
7350067804309158,0,latency,0,4096,12,0,0
7350067804309158,1,market_ingress,0,1024,4,0,0
7350067804309158,1,trader_request,0,1024,1,0,0
7350067804309158,1,trading_callback,0,1024,3,0,0
7350067804309158,1,trace,0,8192,5,0,0
7350067804309158,1,latency,0,4096,13,0,0
7350067904827715,0,market_ingress,0,1024,6,0,0
7350067904827715,0,trader_request,0,1024,1,0,0
7350067904827715,0,trading_callback,0,1024,4,0,0
7350067904827715,0,trace,0,8192,17,0,0
7350067904827715,0,latency,0,4096,12,0,0
7350067904827715,1,market_ingress,0,1024,4,0,0
7350067904827715,1,trader_request,0,1024,1,0,0
7350067904827715,1,trading_callback,0,1024,3,0,0
7350067904827715,1,trace,0,8192,5,0,0
7350067904827715,1,latency,0,4096,13,0,0
7350068005215367,0,market_ingress,0,1024,6,0,0
7350068005215367,0,trader_request,0,1024,1,0,0
7350068005215367,0,trading_callback,0,1024,4,0,0
7350068005215367,0,trace,0,8192,17,0,0
7350068005215367,0,latency,0,4096,12,0,0
7350068005215367,1,market_ingress,0,1024,4,0,0
7350068005215367,1,trader_request,0,1024,1,0,0
7350068005215367,1,trading_callback,0,1024,3,0,0
7350068005215367,1,trace,0,8192,5,0,0
7350068005215367,1,latency,0,4096,13,0,0
7350068105568179,0,market_ingress,0,1024,6,0,0
7350068105568179,0,trader_request,0,1024,1,0,0
7350068105568179,0,trading_callback,0,1024,4,0,0
7350068105568179,0,trace,0,8192,17,0,0
7350068105568179,0,latency,0,4096,12,0,0
7350068105568179,1,market_ingress,0,1024,4,0,0
7350068105568179,1,trader_request,0,1024,1,0,0
7350068105568179,1,trading_callback,0,1024,3,0,0
7350068105568179,1,trace,0,8192,5,0,0
7350068105568179,1,latency,0,4096,13,0,0
7350068206045887,0,market_ingress,0,1024,6,0,0
7350068206045887,0,trader_request,0,1024,1,0,0
7350068206045887,0,trading_callback,0,1024,4,0,0
7350068206045887,0,trace,0,8192,17,0,0
7350068206045887,0,latency,0,4096,12,0,0
7350068206045887,1,market_ingress,0,1024,4,0,0
7350068206045887,1,trader_request,0,1024,1,0,0
7350068206045887,1,trading_callback,0,1024,3,0,0
7350068206045887,1,trace,0,8192,5,0,0
7350068206045887,1,latency,0,4096,13,0,0
7350068306524070,0,market_ingress,0,1024,6,0,0
7350068306524070,0,trader_request,0,1024,1,0,0
7350068306524070,0,trading_callback,0,1024,4,0,0
7350068306524070,0,trace,0,8192,17,0,0
7350068306524070,0,latency,0,4096,12,0,0
7350068306524070,1,market_ingress,0,1024,4,0,0
7350068306524070,1,trader_request,0,1024,1,0,0
7350068306524070,1,trading_callback,0,1024,3,0,0
7350068306524070,1,trace,0,8192,5,0,0
7350068306524070,1,latency,0,4096,13,0,0
7350068406990939,0,market_ingress,0,1024,6,0,0
7350068406990939,0,trader_request,0,1024,1,0,0
7350068406990939,0,trading_callback,0,1024,4,0,0
7350068406990939,0,trace,0,8192,17,0,0
7350068406990939,0,latency,0,4096,12,0,0
7350068406990939,1,market_ingress,0,1024,4,0,0
7350068406990939,1,trader_request,0,1024,1,0,0
7350068406990939,1,trading_callback,0,1024,3,0,0
7350068406990939,1,trace,0,8192,5,0,0
7350068406990939,1,latency,0,4096,13,0,0
7350068507453677,0,market_ingress,0,1024,6,0,0
7350068507453677,0,trader_request,0,1024,1,0,0
7350068507453677,0,trading_callback,0,1024,4,0,0
7350068507453677,0,trace,0,8192,17,0,0
7350068507453677,0,latency,0,4096,12,0,0
7350068507453677,1,market_ingress,0,1024,4,0,0
7350068507453677,1,trader_request,0,1024,1,0,0
7350068507453677,1,trading_callback,0,1024,3,0,0
7350068507453677,1,trace,0,8192,5,0,0
7350068507453677,1,latency,0,4096,13,0,0
7350068607907056,0,market_ingress,0,1024,6,0,0
7350068607907056,0,trader_request,0,1024,1,0,0
7350068607907056,0,trading_callback,0,1024,4,0,0
7350068607907056,0,trace,0,8192,17,0,0
7350068607907056,0,latency,0,4096,12,0,0
7350068607907056,1,market_ingress,0,1024,4,0,0
7350068607907056,1,trader_request,0,1024,1,0,0
7350068607907056,1,trading_callback,0,1024,3,0,0
7350068607907056,1,trace,0,8192,11,0,0
7350068607907056,1,latency,0,4096,13,0,0
7350068708398575,0,market_ingress,0,1024,6,0,0
7350068708398575,0,trader_request,0,1024,1,0,0
7350068708398575,0,trading_callback,0,1024,4,0,0
7350068708398575,0,trace,0,8192,17,0,0
7350068708398575,0,latency,0,4096,12,0,0
7350068708398575,1,market_ingress,0,1024,4,0,0
7350068708398575,1,trader_request,0,1024,1,0,0
7350068708398575,1,trading_callback,0,1024,3,0,0
7350068708398575,1,trace,0,8192,11,0,0
7350068708398575,1,latency,0,4096,13,0,0
7350068808764065,0,market_ingress,0,1024,6,0,0
7350068808764065,0,trader_request,0,1024,1,0,0
7350068808764065,0,trading_callback,0,1024,4,0,0
7350068808764065,0,trace,0,8192,17,0,0
7350068808764065,0,latency,0,4096,12,0,0
7350068808764065,1,market_ingress,0,1024,4,0,0
7350068808764065,1,trader_request,0,1024,1,0,0
7350068808764065,1,trading_callback,0,1024,3,0,0
7350068808764065,1,trace,0,8192,11,0,0
7350068808764065,1,latency,0,4096,13,0,0
7350068909122366,0,market_ingress,0,1024,6,0,0
7350068909122366,0,trader_request,0,1024,1,0,0
7350068909122366,0,trading_callback,0,1024,4,0,0
7350068909122366,0,trace,0,8192,17,0,0
7350068909122366,0,latency,0,4096,12,0,0
7350068909122366,1,market_ingress,0,1024,4,0,0
7350068909122366,1,trader_request,0,1024,1,0,0
7350068909122366,1,trading_callback,0,1024,3,0,0
7350068909122366,1,trace,0,8192,11,0,0
7350068909122366,1,latency,0,4096,13,0,0
7350069009496527,0,market_ingress,0,1024,6,0,0
7350069009496527,0,trader_request,0,1024,1,0,0
7350069009496527,0,trading_callback,0,1024,4,0,0
7350069009496527,0,trace,0,8192,17,0,0
7350069009496527,0,latency,0,4096,12,0,0
7350069009496527,1,market_ingress,0,1024,4,0,0
7350069009496527,1,trader_request,0,1024,1,0,0
7350069009496527,1,trading_callback,0,1024,3,0,0
7350069009496527,1,trace,0,8192,11,0,0
7350069009496527,1,latency,0,4096,13,0,0
7350069109980020,0,market_ingress,0,1024,6,0,0
7350069109980020,0,trader_request,0,1024,1,0,0
7350069109980020,0,trading_callback,0,1024,4,0,0
7350069109980020,0,trace,0,8192,17,0,0
7350069109980020,0,latency,0,4096,12,0,0
7350069109980020,1,market_ingress,0,1024,4,0,0
7350069109980020,1,trader_request,0,1024,1,0,0
7350069109980020,1,trading_callback,0,1024,3,0,0
7350069109980020,1,trace,0,8192,11,0,0
7350069109980020,1,latency,0,4096,13,0,0
7350069210345231,0,market_ingress,0,1024,6,0,0
7350069210345231,0,trader_request,0,1024,1,0,0
7350069210345231,0,trading_callback,0,1024,4,0,0
7350069210345231,0,trace,0,8192,17,0,0
7350069210345231,0,latency,0,4096,12,0,0
7350069210345231,1,market_ingress,0,1024,4,0,0
7350069210345231,1,trader_request,0,1024,1,0,0
7350069210345231,1,trading_callback,0,1024,3,0,0
7350069210345231,1,trace,0,8192,11,0,0
7350069210345231,1,latency,0,4096,13,0,0
7350069310811800,0,market_ingress,0,1024,6,0,0
7350069310811800,0,trader_request,0,1024,1,0,0
7350069310811800,0,trading_callback,0,1024,4,0,0
7350069310811800,0,trace,0,8192,17,0,0
7350069310811800,0,latency,0,4096,12,0,0
7350069310811800,1,market_ingress,0,1024,4,0,0
7350069310811800,1,trader_request,0,1024,1,0,0
7350069310811800,1,trading_callback,0,1024,3,0,0
7350069310811800,1,trace,0,8192,11,0,0
7350069310811800,1,latency,0,4096,13,0,0
7350069411287033,0,market_ingress,0,1024,6,0,0
7350069411287033,0,trader_request,0,1024,1,0,0
7350069411287033,0,trading_callback,0,1024,4,0,0
7350069411287033,0,trace,0,8192,17,0,0
7350069411287033,0,latency,0,4096,12,0,0
7350069411287033,1,market_ingress,0,1024,4,0,0
7350069411287033,1,trader_request,0,1024,1,0,0
7350069411287033,1,trading_callback,0,1024,3,0,0
7350069411287033,1,trace,0,8192,11,0,0
7350069411287033,1,latency,0,4096,13,0,0
7350069511649107,0,market_ingress,0,1024,6,0,0
7350069511649107,0,trader_request,0,1024,1,0,0
7350069511649107,0,trading_callback,0,1024,4,0,0
7350069511649107,0,trace,0,8192,17,0,0
7350069511649107,0,latency,0,4096,12,0,0
7350069511649107,1,market_ingress,0,1024,4,0,0
7350069511649107,1,trader_request,0,1024,1,0,0
7350069511649107,1,trading_callback,0,1024,3,0,0
7350069511649107,1,trace,0,8192,11,0,0
7350069511649107,1,latency,0,4096,13,0,0
7350069612023602,0,market_ingress,0,1024,6,0,0
7350069612023602,0,trader_request,0,1024,1,0,0
7350069612023602,0,trading_callback,0,1024,4,0,0
7350069612023602,0,trace,0,8192,17,0,0
7350069612023602,0,latency,0,4096,12,0,0
7350069612023602,1,market_ingress,0,1024,4,0,0
7350069612023602,1,trader_request,0,1024,1,0,0
7350069612023602,1,trading_callback,0,1024,3,0,0
7350069612023602,1,trace,0,8192,11,0,0
7350069612023602,1,latency,0,4096,13,0,0
7350069712442469,0,market_ingress,0,1024,6,0,0
7350069712442469,0,trader_request,0,1024,1,0,0
7350069712442469,0,trading_callback,0,1024,4,0,0
7350069712442469,0,trace,0,8192,17,0,0
7350069712442469,0,latency,0,4096,12,0,0
7350069712442469,1,market_ingress,0,1024,4,0,0
7350069712442469,1,trader_request,0,1024,1,0,0
7350069712442469,1,trading_callback,0,1024,3,0,0
7350069712442469,1,trace,0,8192,11,0,0
7350069712442469,1,latency,0,4096,13,0,0
7350069812809346,0,market_ingress,0,1024,6,0,0
7350069812809346,0,trader_request,0,1024,1,0,0
7350069812809346,0,trading_callback,0,1024,4,0,0
7350069812809346,0,trace,0,8192,17,0,0
7350069812809346,0,latency,0,4096,12,0,0
7350069812809346,1,market_ingress,0,1024,4,0,0
7350069812809346,1,trader_request,0,1024,1,0,0
7350069812809346,1,trading_callback,0,1024,3,0,0
7350069812809346,1,trace,0,8192,11,0,0
7350069812809346,1,latency,0,4096,13,0,0
7350069913174950,0,market_ingress,0,1024,6,0,0
7350069913174950,0,trader_request,0,1024,1,0,0
7350069913174950,0,trading_callback,1,1024,4,43348,0
7350069913174950,0,trace,0,8192,17,0,0
7350069913174950,0,latency,0,4096,12,0,0
7350069913174950,1,market_ingress,0,1024,5,0,0
7350069913174950,1,trader_request,0,1024,1,0,0
7350069913174950,1,trading_callback,0,1024,3,0,0
7350069913174950,1,trace,0,8192,11,0,0
7350069913174950,1,latency,0,4096,13,0,0
7350070013555344,0,market_ingress,0,1024,6,0,0
7350070013555344,0,trader_request,0,1024,1,0,0
7350070013555344,0,trading_callback,0,1024,4,0,0
7350070013555344,0,trace,0,8192,17,0,0
7350070013555344,0,latency,0,4096,12,0,0
7350070013555344,1,market_ingress,0,1024,5,0,0
7350070013555344,1,trader_request,0,1024,1,0,0
7350070013555344,1,trading_callback,0,1024,3,0,0
7350070013555344,1,trace,0,8192,11,0,0
7350070013555344,1,latency,0,4096,13,0,0
7350070114020633,0,market_ingress,0,1024,6,0,0
7350070114020633,0,trader_request,0,1024,1,0,0
7350070114020633,0,trading_callback,0,1024,4,0,0
7350070114020633,0,trace,0,8192,17,0,0
7350070114020633,0,latency,0,4096,12,0,0
7350070114020633,1,market_ingress,0,1024,5,0,0
7350070114020633,1,trader_request,0,1024,1,0,0
7350070114020633,1,trading_callback,0,1024,3,0,0
7350070114020633,1,trace,0,8192,11,0,0
7350070114020633,1,latency,0,4096,13,0,0
7350070214339039,0,market_ingress,0,1024,6,0,0
7350070214339039,0,trader_request,0,1024,1,0,0
7350070214339039,0,trading_callback,0,1024,4,0,0
7350070214339039,0,trace,0,8192,17,0,0
7350070214339039,0,latency,0,4096,12,0,0
7350070214339039,1,market_ingress,0,1024,5,0,0
7350070214339039,1,trader_request,0,1024,1,0,0
7350070214339039,1,trading_callback,0,1024,3,0,0
7350070214339039,1,trace,0,8192,11,0,0
7350070214339039,1,latency,0,4096,13,0,0
7350070314835184,0,market_ingress,0,1024,6,0,0
7350070314835184,0,trader_request,0,1024,1,0,0
7350070314835184,0,trading_callback,0,1024,4,0,0
7350070314835184,0,trace,0,8192,17,0,0
7350070314835184,0,latency,0,4096,12,0,0
7350070314835184,1,market_ingress,0,1024,5,0,0
7350070314835184,1,trader_request,0,1024,1,0,0
7350070314835184,1,trading_callback,0,1024,3,0,0
7350070314835184,1,trace,0,8192,11,0,0
7350070314835184,1,latency,0,4096,13,0,0
7350070415216861,0,market_ingress,0,1024,6,0,0
7350070415216861,0,trader_request,0,1024,1,0,0
7350070415216861,0,trading_callback,0,1024,4,0,0
7350070415216861,0,trace,0,8192,17,0,0
7350070415216861,0,latency,0,4096,12,0,0
7350070415216861,1,market_ingress,0,1024,5,0,0
7350070415216861,1,trader_request,0,1024,1,0,0
7350070415216861,1,trading_callback,0,1024,3,0,0
7350070415216861,1,trace,0,8192,11,0,0
7350070415216861,1,latency,0,4096,13,0,0
7350070515582802,0,market_ingress,0,1024,6,0,0
7350070515582802,0,trader_request,0,1024,1,0,0
7350070515582802,0,trading_callback,0,1024,4,0,0
7350070515582802,0,trace,0,8192,17,0,0
7350070515582802,0,latency,0,4096,12,0,0
7350070515582802,1,market_ingress,0,1024,5,0,0
7350070515582802,1,trader_request,0,1024,1,0,0
7350070515582802,1,trading_callback,0,1024,3,0,0
7350070515582802,1,trace,0,8192,11,0,0
7350070515582802,1,latency,0,4096,13,0,0
7350070615957653,0,market_ingress,0,1024,6,0,0
7350070615957653,0,trader_request,0,1024,1,0,0
7350070615957653,0,trading_callback,0,1024,4,0,0
7350070615957653,0,trace,0,8192,17,0,0
7350070615957653,0,latency,0,4096,12,0,0
7350070615957653,1,market_ingress,0,1024,5,0,0
7350070615957653,1,trader_request,0,1024,1,0,0
7350070615957653,1,trading_callback,0,1024,3,0,0
7350070615957653,1,trace,0,8192,11,0,0
7350070615957653,1,latency,0,4096,13,0,0
7350070716351018,0,market_ingress,0,1024,6,0,0
7350070716351018,0,trader_request,0,1024,1,0,0
7350070716351018,0,trading_callback,0,1024,4,0,0
7350070716351018,0,trace,0,8192,17,0,0
7350070716351018,0,latency,0,4096,12,0,0
7350070716351018,1,market_ingress,0,1024,5,0,0
7350070716351018,1,trader_request,0,1024,1,0,0
7350070716351018,1,trading_callback,0,1024,3,0,0
7350070716351018,1,trace,0,8192,11,0,0
7350070716351018,1,latency,0,4096,13,0,0
7350070816730815,0,market_ingress,0,1024,6,0,0
7350070816730815,0,trader_request,0,1024,1,0,0
7350070816730815,0,trading_callback,0,1024,4,0,0
7350070816730815,0,trace,0,8192,17,0,0
7350070816730815,0,latency,0,4096,12,0,0
7350070816730815,1,market_ingress,0,1024,5,0,0
7350070816730815,1,trader_request,0,1024,1,0,0
7350070816730815,1,trading_callback,0,1024,3,0,0
7350070816730815,1,trace,0,8192,11,0,0
7350070816730815,1,latency,0,4096,13,0,0
7350070917117049,0,market_ingress,0,1024,6,0,0
7350070917117049,0,trader_request,0,1024,1,0,0
7350070917117049,0,trading_callback,0,1024,4,0,0
7350070917117049,0,trace,0,8192,17,0,0
7350070917117049,0,latency,0,4096,12,0,0
7350070917117049,1,market_ingress,0,1024,5,0,0
7350070917117049,1,trader_request,0,1024,1,0,0
7350070917117049,1,trading_callback,0,1024,3,0,0
7350070917117049,1,trace,0,8192,11,0,0
7350070917117049,1,latency,0,4096,13,0,0
7350071017479999,0,market_ingress,0,1024,6,0,0
7350071017479999,0,trader_request,0,1024,1,0,0
7350071017479999,0,trading_callback,0,1024,4,0,0
7350071017479999,0,trace,0,8192,17,0,0
7350071017479999,0,latency,0,4096,12,0,0
7350071017479999,1,market_ingress,0,1024,5,0,0
7350071017479999,1,trader_request,0,1024,1,0,0
7350071017479999,1,trading_callback,0,1024,3,0,0
7350071017479999,1,trace,0,8192,11,0,0
7350071017479999,1,latency,0,4096,13,0,0
7350071117980141,0,market_ingress,0,1024,6,0,0
7350071117980141,0,trader_request,0,1024,1,0,0
7350071117980141,0,trading_callback,0,1024,4,0,0
7350071117980141,0,trace,0,8192,17,0,0
7350071117980141,0,latency,0,4096,12,0,0
7350071117980141,1,market_ingress,0,1024,5,0,0
7350071117980141,1,trader_request,0,1024,1,0,0
7350071117980141,1,trading_callback,0,1024,3,0,0
7350071117980141,1,trace,0,8192,11,0,0
7350071117980141,1,latency,0,4096,13,0,0
7350071218379350,0,market_ingress,0,1024,6,0,0
7350071218379350,0,trader_request,0,1024,1,0,0
7350071218379350,0,trading_callback,0,1024,4,0,0
7350071218379350,0,trace,0,8192,17,0,0
7350071218379350,0,latency,0,4096,12,0,0
7350071218379350,1,market_ingress,0,1024,5,0,0
7350071218379350,1,trader_request,0,1024,1,0,0
7350071218379350,1,trading_callback,0,1024,3,0,0
7350071218379350,1,trace,0,8192,11,0,0
7350071218379350,1,latency,0,4096,13,0,0
7350071318739115,0,market_ingress,0,1024,6,0,0
7350071318739115,0,trader_request,0,1024,1,0,0
7350071318739115,0,trading_callback,0,1024,4,0,0
7350071318739115,0,trace,0,8192,17,0,0
7350071318739115,0,latency,0,4096,12,0,0
7350071318739115,1,market_ingress,0,1024,5,0,0
7350071318739115,1,trader_request,0,1024,1,0,0
7350071318739115,1,trading_callback,0,1024,3,0,0
7350071318739115,1,trace,0,8192,11,0,0
7350071318739115,1,latency,0,4096,13,0,0
7350071419095403,0,market_ingress,0,1024,6,0,0
7350071419095403,0,trader_request,0,1024,1,0,0
7350071419095403,0,trading_callback,0,1024,4,0,0
7350071419095403,0,trace,0,8192,17,0,0
7350071419095403,0,latency,0,4096,12,0,0
7350071419095403,1,market_ingress,0,1024,5,0,0
7350071419095403,1,trader_request,0,1024,1,0,0
7350071419095403,1,trading_callback,0,1024,3,0,0
7350071419095403,1,trace,0,8192,11,0,0
7350071419095403,1,latency,0,4096,13,0,0
7350071519488816,0,market_ingress,0,1024,6,0,0
7350071519488816,0,trader_request,0,1024,1,0,0
7350071519488816,0,trading_callback,0,1024,4,0,0
7350071519488816,0,trace,0,8192,17,0,0
7350071519488816,0,latency,0,4096,12,0,0
7350071519488816,1,market_ingress,0,1024,5,0,0
7350071519488816,1,trader_request,0,1024,1,0,0
7350071519488816,1,trading_callback,0,1024,3,0,0
7350071519488816,1,trace,0,8192,11,0,0
7350071519488816,1,latency,0,4096,13,0,0
7350071619854957,0,market_ingress,0,1024,6,0,0
7350071619854957,0,trader_request,0,1024,1,0,0
7350071619854957,0,trading_callback,0,1024,4,0,0
7350071619854957,0,trace,0,8192,17,0,0
7350071619854957,0,latency,0,4096,12,0,0
7350071619854957,1,market_ingress,0,1024,5,0,0
7350071619854957,1,trader_request,0,1024,1,0,0
7350071619854957,1,trading_callback,0,1024,3,0,0
7350071619854957,1,trace,0,8192,11,0,0
7350071619854957,1,latency,0,4096,13,0,0
7350071720255192,0,market_ingress,0,1024,6,0,0
7350071720255192,0,trader_request,0,1024,1,0,0
7350071720255192,0,trading_callback,0,1024,4,0,0
7350071720255192,0,trace,0,8192,17,0,0
7350071720255192,0,latency,0,4096,12,0,0
7350071720255192,1,market_ingress,0,1024,5,0,0
7350071720255192,1,trader_request,0,1024,1,0,0
7350071720255192,1,trading_callback,0,1024,3,0,0
7350071720255192,1,trace,0,8192,11,0,0
7350071720255192,1,latency,0,4096,13,0,0
7350071820628266,0,market_ingress,0,1024,6,0,0
7350071820628266,0,trader_request,0,1024,1,0,0
7350071820628266,0,trading_callback,0,1024,4,0,0
7350071820628266,0,trace,0,8192,17,0,0
7350071820628266,0,latency,0,4096,12,0,0
7350071820628266,1,market_ingress,0,1024,5,0,0
7350071820628266,1,trader_request,0,1024,1,0,0
7350071820628266,1,trading_callback,0,1024,3,0,0
7350071820628266,1,trace,0,8192,11,0,0
7350071820628266,1,latency,0,4096,13,0,0
7350071920994119,0,market_ingress,0,1024,6,0,0
7350071920994119,0,trader_request,0,1024,1,0,0
7350071920994119,0,trading_callback,0,1024,4,0,0
7350071920994119,0,trace,0,8192,17,0,0
7350071920994119,0,latency,0,4096,12,0,0
7350071920994119,1,market_ingress,0,1024,5,0,0
7350071920994119,1,trader_request,0,1024,1,0,0
7350071920994119,1,trading_callback,0,1024,3,0,0
7350071920994119,1,trace,0,8192,11,0,0
7350071920994119,1,latency,0,4096,13,0,0
7350072021516855,0,market_ingress,0,1024,12,0,0
7350072021516855,0,trader_request,0,1024,1,0,0
7350072021516855,0,trading_callback,0,1024,4,0,0
7350072021516855,0,trace,0,8192,17,0,0
7350072021516855,0,latency,0,4096,12,0,0
7350072021516855,1,market_ingress,0,1024,12,0,0
7350072021516855,1,trader_request,0,1024,1,0,0
7350072021516855,1,trading_callback,0,1024,3,0,0
7350072021516855,1,trace,0,8192,11,0,0
7350072021516855,1,latency,0,4096,13,0,0
7350072122034198,0,market_ingress,0,1024,12,0,0
7350072122034198,0,trader_request,0,1024,1,0,0
7350072122034198,0,trading_callback,0,1024,4,0,0
7350072122034198,0,trace,0,8192,17,0,0
7350072122034198,0,latency,0,4096,12,0,0
7350072122034198,1,market_ingress,0,1024,12,0,0
7350072122034198,1,trader_request,0,1024,1,0,0
7350072122034198,1,trading_callback,0,1024,3,0,0
7350072122034198,1,trace,0,8192,11,0,0
7350072122034198,1,latency,0,4096,13,0,0
7350072222507211,0,market_ingress,0,1024,12,0,0
7350072222507211,0,trader_request,0,1024,1,0,0
7350072222507211,0,trading_callback,0,1024,4,0,0
7350072222507211,0,trace,0,8192,17,0,0
7350072222507211,0,latency,0,4096,12,0,0
7350072222507211,1,market_ingress,0,1024,12,0,0
7350072222507211,1,trader_request,0,1024,1,0,0
7350072222507211,1,trading_callback,0,1024,3,0,0
7350072222507211,1,trace,0,8192,11,0,0
7350072222507211,1,latency,0,4096,13,0,0
7350072322867858,0,market_ingress,0,1024,12,0,0
7350072322867858,0,trader_request,0,1024,1,0,0
7350072322867858,0,trading_callback,0,1024,4,0,0
7350072322867858,0,trace,0,8192,17,0,0
7350072322867858,0,latency,0,4096,12,0,0
7350072322867858,1,market_ingress,0,1024,12,0,0
7350072322867858,1,trader_request,0,1024,1,0,0
7350072322867858,1,trading_callback,0,1024,3,0,0
7350072322867858,1,trace,0,8192,11,0,0
7350072322867858,1,latency,0,4096,13,0,0
7350072423257630,0,market_ingress,0,1024,12,0,0
7350072423257630,0,trader_request,0,1024,1,0,0
7350072423257630,0,trading_callback,0,1024,4,0,0
7350072423257630,0,trace,0,8192,17,0,0
7350072423257630,0,latency,0,4096,12,0,0
7350072423257630,1,market_ingress,0,1024,12,0,0
7350072423257630,1,trader_request,0,1024,1,0,0
7350072423257630,1,trading_callback,0,1024,3,0,0
7350072423257630,1,trace,0,8192,11,0,0
7350072423257630,1,latency,0,4096,13,0,0
7350072523625135,0,market_ingress,0,1024,12,0,0
7350072523625135,0,trader_request,0,1024,1,0,0
7350072523625135,0,trading_callback,0,1024,4,0,0
7350072523625135,0,trace,0,8192,17,0,0
7350072523625135,0,latency,0,4096,12,0,0
7350072523625135,1,market_ingress,0,1024,12,0,0
7350072523625135,1,trader_request,0,1024,1,0,0
7350072523625135,1,trading_callback,0,1024,3,0,0
7350072523625135,1,trace,0,8192,11,0,0
7350072523625135,1,latency,0,4096,13,0,0
7350072623981611,0,market_ingress,0,1024,12,0,0
7350072623981611,0,trader_request,0,1024,1,0,0
7350072623981611,0,trading_callback,0,1024,4,0,0
7350072623981611,0,trace,0,8192,17,0,0
7350072623981611,0,latency,0,4096,12,0,0
7350072623981611,1,market_ingress,0,1024,12,0,0
7350072623981611,1,trader_request,0,1024,1,0,0
7350072623981611,1,trading_callback,0,1024,3,0,0
7350072623981611,1,trace,0,8192,11,0,0
7350072623981611,1,latency,0,4096,13,0,0
7350072724362683,0,market_ingress,0,1024,12,0,0
7350072724362683,0,trader_request,0,1024,1,0,0
7350072724362683,0,trading_callback,0,1024,4,0,0
7350072724362683,0,trace,0,8192,17,0,0
7350072724362683,0,latency,0,4096,12,0,0
7350072724362683,1,market_ingress,0,1024,12,0,0
7350072724362683,1,trader_request,0,1024,1,0,0
7350072724362683,1,trading_callback,0,1024,3,0,0
7350072724362683,1,trace,0,8192,11,0,0
7350072724362683,1,latency,0,4096,13,0,0
7350072824780547,0,market_ingress,0,1024,12,0,0
7350072824780547,0,trader_request,0,1024,1,0,0
7350072824780547,0,trading_callback,0,1024,4,0,0
7350072824780547,0,trace,0,8192,17,0,0
7350072824780547,0,latency,0,4096,12,0,0
7350072824780547,1,market_ingress,0,1024,12,0,0
7350072824780547,1,trader_request,0,1024,1,0,0
7350072824780547,1,trading_callback,0,1024,3,0,0
7350072824780547,1,trace,0,8192,11,0,0
7350072824780547,1,latency,0,4096,13,0,0
7350072925157061,0,market_ingress,0,1024,12,0,0
7350072925157061,0,trader_request,0,1024,1,0,0
7350072925157061,0,trading_callback,1,1024,4,30248,0
7350072925157061,0,trace,0,8192,17,0,0
7350072925157061,0,latency,0,4096,12,0,0
7350072925157061,1,market_ingress,0,1024,12,0,0
7350072925157061,1,trader_request,0,1024,1,0,0
7350072925157061,1,trading_callback,1,1024,3,43179,0
7350072925157061,1,trace,0,8192,11,0,0
7350072925157061,1,latency,0,4096,13,0,0
7350073025536362,0,market_ingress,0,1024,12,0,0
7350073025536362,0,trader_request,0,1024,1,0,0
7350073025536362,0,trading_callback,0,1024,4,0,0
7350073025536362,0,trace,0,8192,17,0,0
7350073025536362,0,latency,0,4096,12,0,0
7350073025536362,1,market_ingress,0,1024,12,0,0
7350073025536362,1,trader_request,0,1024,1,0,0
7350073025536362,1,trading_callback,0,1024,3,0,0
7350073025536362,1,trace,0,8192,11,0,0
7350073025536362,1,latency,0,4096,13,0,0
7350073125908766,0,market_ingress,0,1024,12,0,0
7350073125908766,0,trader_request,0,1024,1,0,0
7350073125908766,0,trading_callback,0,1024,4,0,0
7350073125908766,0,trace,0,8192,17,0,0
7350073125908766,0,latency,0,4096,12,0,0
7350073125908766,1,market_ingress,0,1024,12,0,0
7350073125908766,1,trader_request,0,1024,1,0,0
7350073125908766,1,trading_callback,0,1024,3,0,0
7350073125908766,1,trace,0,8192,11,0,0
7350073125908766,1,latency,0,4096,13,0,0
7350073226316597,0,market_ingress,0,1024,12,0,0
7350073226316597,0,trader_request,0,1024,1,0,0
7350073226316597,0,trading_callback,0,1024,4,0,0
7350073226316597,0,trace,0,8192,17,0,0
7350073226316597,0,latency,0,4096,12,0,0
7350073226316597,1,market_ingress,0,1024,12,0,0
7350073226316597,1,trader_request,0,1024,1,0,0
7350073226316597,1,trading_callback,0,1024,3,0,0
7350073226316597,1,trace,0,8192,11,0,0
7350073226316597,1,latency,0,4096,13,0,0
7350073326677700,0,market_ingress,0,1024,12,0,0
7350073326677700,0,trader_request,0,1024,1,0,0
7350073326677700,0,trading_callback,0,1024,4,0,0
7350073326677700,0,trace,0,8192,17,0,0
7350073326677700,0,latency,0,4096,12,0,0
7350073326677700,1,market_ingress,0,1024,12,0,0
7350073326677700,1,trader_request,0,1024,1,0,0
7350073326677700,1,trading_callback,0,1024,3,0,0
7350073326677700,1,trace,0,8192,11,0,0
7350073326677700,1,latency,0,4096,13,0,0
7350073427158135,0,market_ingress,0,1024,12,0,0
7350073427158135,0,trader_request,0,1024,1,0,0
7350073427158135,0,trading_callback,0,1024,4,0,0
7350073427158135,0,trace,0,8192,17,0,0
7350073427158135,0,latency,0,4096,12,0,0
7350073427158135,1,market_ingress,0,1024,12,0,0
7350073427158135,1,trader_request,0,1024,1,0,0
7350073427158135,1,trading_callback,0,1024,3,0,0
7350073427158135,1,trace,0,8192,11,0,0
7350073427158135,1,latency,0,4096,13,0,0
7350073527673448,0,market_ingress,0,1024,12,0,0
7350073527673448,0,trader_request,0,1024,1,0,0
7350073527673448,0,trading_callback,0,1024,4,0,0
7350073527673448,0,trace,0,8192,17,0,0
7350073527673448,0,latency,0,4096,12,0,0
7350073527673448,1,market_ingress,0,1024,12,0,0
7350073527673448,1,trader_request,0,1024,1,0,0
7350073527673448,1,trading_callback,0,1024,3,0,0
7350073527673448,1,trace,0,8192,11,0,0
7350073527673448,1,latency,0,4096,13,0,0
7350073628740283,0,market_ingress,0,1024,12,0,0
7350073628740283,0,trader_request,0,1024,1,0,0
7350073628740283,0,trading_callback,0,1024,4,0,0
7350073628740283,0,trace,0,8192,17,0,0
7350073628740283,0,latency,0,4096,12,0,0
7350073628740283,1,market_ingress,0,1024,12,0,0
7350073628740283,1,trader_request,0,1024,1,0,0
7350073628740283,1,trading_callback,0,1024,3,0,0
7350073628740283,1,trace,0,8192,11,0,0
7350073628740283,1,latency,0,4096,13,0,0
7350073729237944,0,market_ingress,0,1024,12,0,0
7350073729237944,0,trader_request,0,1024,1,0,0
7350073729237944,0,trading_callback,0,1024,4,0,0
7350073729237944,0,trace,0,8192,17,0,0
7350073729237944,0,latency,0,4096,12,0,0
7350073729237944,1,market_ingress,0,1024,12,0,0
7350073729237944,1,trader_request,0,1024,1,0,0
7350073729237944,1,trading_callback,0,1024,3,0,0
7350073729237944,1,trace,0,8192,11,0,0
7350073729237944,1,latency,0,4096,13,0,0
7350073829708973,0,market_ingress,0,1024,12,0,0
7350073829708973,0,trader_request,0,1024,1,0,0
7350073829708973,0,trading_callback,0,1024,4,0,0
7350073829708973,0,trace,0,8192,17,0,0
7350073829708973,0,latency,0,4096,12,0,0
7350073829708973,1,market_ingress,0,1024,12,0,0
7350073829708973,1,trader_request,0,1024,1,0,0
7350073829708973,1,trading_callback,0,1024,3,0,0
7350073829708973,1,trace,0,8192,11,0,0
7350073829708973,1,latency,0,4096,13,0,0
7350073930178808,0,market_ingress,0,1024,12,0,0
7350073930178808,0,trader_request,0,1024,1,0,0
7350073930178808,0,trading_callback,0,1024,4,0,0
7350073930178808,0,trace,0,8192,17,0,0
7350073930178808,0,latency,0,4096,12,0,0
7350073930178808,1,market_ingress,0,1024,12,0,0
7350073930178808,1,trader_request,0,1024,1,0,0
7350073930178808,1,trading_callback,0,1024,3,0,0
7350073930178808,1,trace,0,8192,11,0,0
7350073930178808,1,latency,0,4096,13,0,0
7350074030684724,0,market_ingress,0,1024,12,0,0
7350074030684724,0,trader_request,0,1024,1,0,0
7350074030684724,0,trading_callback,0,1024,4,0,0
7350074030684724,0,trace,0,8192,17,0,0
7350074030684724,0,latency,0,4096,12,0,0
7350074030684724,1,market_ingress,0,1024,12,0,0
7350074030684724,1,trader_request,0,1024,1,0,0
7350074030684724,1,trading_callback,0,1024,3,0,0
7350074030684724,1,trace,0,8192,11,0,0
7350074030684724,1,latency,0,4096,13,0,0
7350074131055786,0,market_ingress,0,1024,12,0,0
7350074131055786,0,trader_request,0,1024,1,0,0
7350074131055786,0,trading_callback,0,1024,4,0,0
7350074131055786,0,trace,0,8192,17,0,0
7350074131055786,0,latency,0,4096,12,0,0
7350074131055786,1,market_ingress,0,1024,12,0,0
7350074131055786,1,trader_request,0,1024,1,0,0
7350074131055786,1,trading_callback,1,1024,3,27770,0
7350074131055786,1,trace,0,8192,11,0,0
7350074131055786,1,latency,0,4096,13,0,0
7350074231520312,0,market_ingress,0,1024,12,0,0
7350074231520312,0,trader_request,0,1024,1,0,0
7350074231520312,0,trading_callback,0,1024,4,0,0
7350074231520312,0,trace,0,8192,17,0,0
7350074231520312,0,latency,0,4096,12,0,0
7350074231520312,1,market_ingress,0,1024,12,0,0
7350074231520312,1,trader_request,0,1024,1,0,0
7350074231520312,1,trading_callback,0,1024,3,0,0
7350074231520312,1,trace,0,8192,11,0,0
7350074231520312,1,latency,0,4096,13,0,0
7350074331868012,0,market_ingress,0,1024,12,0,0
7350074331868012,0,trader_request,0,1024,1,0,0
7350074331868012,0,trading_callback,0,1024,4,0,0
7350074331868012,0,trace,0,8192,17,0,0
7350074331868012,0,latency,0,4096,12,0,0
7350074331868012,1,market_ingress,0,1024,12,0,0
7350074331868012,1,trader_request,0,1024,1,0,0
7350074331868012,1,trading_callback,0,1024,3,0,0
7350074331868012,1,trace,0,8192,11,0,0
7350074331868012,1,latency,0,4096,13,0,0
7350074432239726,0,market_ingress,0,1024,12,0,0
7350074432239726,0,trader_request,0,1024,1,0,0
7350074432239726,0,trading_callback,0,1024,4,0,0
7350074432239726,0,trace,0,8192,17,0,0
7350074432239726,0,latency,0,4096,12,0,0
7350074432239726,1,market_ingress,0,1024,12,0,0
7350074432239726,1,trader_request,0,1024,1,0,0
7350074432239726,1,trading_callback,0,1024,3,0,0
7350074432239726,1,trace,0,8192,11,0,0
7350074432239726,1,latency,0,4096,13,0,0
7350074532593244,0,market_ingress,0,1024,12,0,0
7350074532593244,0,trader_request,0,1024,1,0,0
7350074532593244,0,trading_callback,0,1024,4,0,0
7350074532593244,0,trace,0,8192,17,0,0
7350074532593244,0,latency,0,4096,12,0,0
7350074532593244,1,market_ingress,0,1024,12,0,0
7350074532593244,1,trader_request,0,1024,1,0,0
7350074532593244,1,trading_callback,0,1024,3,0,0
7350074532593244,1,trace,0,8192,11,0,0
7350074532593244,1,latency,0,4096,13,0,0
7350074632957542,0,market_ingress,0,1024,12,0,0
7350074632957542,0,trader_request,0,1024,1,0,0
7350074632957542,0,trading_callback,0,1024,4,0,0
7350074632957542,0,trace,0,8192,17,0,0
7350074632957542,0,latency,0,4096,12,0,0
7350074632957542,1,market_ingress,0,1024,12,0,0
7350074632957542,1,trader_request,0,1024,1,0,0
7350074632957542,1,trading_callback,0,1024,3,0,0
7350074632957542,1,trace,0,8192,11,0,0
7350074632957542,1,latency,0,4096,13,0,0
7350074733379625,0,market_ingress,0,1024,12,0,0
7350074733379625,0,trader_request,0,1024,1,0,0
7350074733379625,0,trading_callback,0,1024,4,0,0
7350074733379625,0,trace,0,8192,17,0,0
7350074733379625,0,latency,0,4096,12,0,0
7350074733379625,1,market_ingress,0,1024,12,0,0
7350074733379625,1,trader_request,0,1024,1,0,0
7350074733379625,1,trading_callback,0,1024,3,0,0
7350074733379625,1,trace,0,8192,11,0,0
7350074733379625,1,latency,0,4096,13,0,0
7350074833829149,0,market_ingress,0,1024,12,0,0
7350074833829149,0,trader_request,0,1024,1,0,0
7350074833829149,0,trading_callback,0,1024,4,0,0
7350074833829149,0,trace,0,8192,17,0,0
7350074833829149,0,latency,0,4096,12,0,0
7350074833829149,1,market_ingress,0,1024,12,0,0
7350074833829149,1,trader_request,0,1024,1,0,0
7350074833829149,1,trading_callback,0,1024,3,0,0
7350074833829149,1,trace,0,8192,11,0,0
7350074833829149,1,latency,0,4096,13,0,0
7350074934185536,0,market_ingress,0,1024,12,0,0
7350074934185536,0,trader_request,0,1024,1,0,0
7350074934185536,0,trading_callback,0,1024,4,0,0
7350074934185536,0,trace,0,8192,17,0,0
7350074934185536,0,latency,0,4096,12,0,0
7350074934185536,1,market_ingress,0,1024,12,0,0
7350074934185536,1,trader_request,0,1024,1,0,0
7350074934185536,1,trading_callback,0,1024,3,0,0
7350074934185536,1,trace,0,8192,11,0,0
7350074934185536,1,latency,0,4096,13,0,0
7350075034542253,0,market_ingress,0,1024,12,0,0
7350075034542253,0,trader_request,0,1024,1,0,0
7350075034542253,0,trading_callback,0,1024,4,0,0
7350075034542253,0,trace,0,8192,17,0,0
7350075034542253,0,latency,0,4096,12,0,0
7350075034542253,1,market_ingress,0,1024,12,0,0
7350075034542253,1,trader_request,0,1024,1,0,0
7350075034542253,1,trading_callback,0,1024,3,0,0
7350075034542253,1,trace,0,8192,11,0,0
7350075034542253,1,latency,0,4096,13,0,0
7350075134899842,0,market_ingress,0,1024,12,0,0
7350075134899842,0,trader_request,0,1024,1,0,0
7350075134899842,0,trading_callback,0,1024,4,0,0
7350075134899842,0,trace,0,8192,17,0,0
7350075134899842,0,latency,0,4096,12,0,0
7350075134899842,1,market_ingress,0,1024,12,0,0
7350075134899842,1,trader_request,0,1024,1,0,0
7350075134899842,1,trading_callback,0,1024,3,0,0
7350075134899842,1,trace,0,8192,11,0,0
7350075134899842,1,latency,0,4096,13,0,0
7350075235273893,0,market_ingress,0,1024,12,0,0
7350075235273893,0,trader_request,0,1024,1,0,0
7350075235273893,0,trading_callback,0,1024,4,0,0
7350075235273893,0,trace,0,8192,17,0,0
7350075235273893,0,latency,0,4096,12,0,0
7350075235273893,1,market_ingress,0,1024,12,0,0
7350075235273893,1,trader_request,0,1024,1,0,0
7350075235273893,1,trading_callback,0,1024,3,0,0
7350075235273893,1,trace,0,8192,11,0,0
7350075235273893,1,latency,0,4096,13,0,0
