sample_mono_ns,scope,account_index,role,tid,user_cpu_ns,system_cpu_ns,voluntary_context_switches,nonvoluntary_context_switches
7339398991338844,process,-1,process,79,10000000,70000000,1,3
7339398991338844,thread,-1,producer,79,0,20000000,1,3
7339398991338844,thread,-1,sampler,88,0,0,0,0
7339398991338844,thread,0,account_worker,86,0,0,0,0
7339398991338844,thread,0,trader_callback,80,0,20000000,0,0
7339398991338844,thread,0,trace_writer,81,0,0,0,0
7339398991338844,thread,0,latency_writer,82,0,10000000,0,1
7339398991338844,thread,1,account_worker,87,0,0,0,0
7339398991338844,thread,1,trader_callback,83,0,10000000,0,0
7339398991338844,thread,1,trace_writer,84,0,0,0,0
7339398991338844,thread,1,latency_writer,85,0,0,0,0
7339399091811668,process,-1,process,79,240000000,650000000,2,3
7339399091811668,thread,-1,producer,79,0,20000000,2,3
7339399091811668,thread,-1,sampler,88,0,0,1,0
7339399091811668,thread,0,account_worker,86,30000000,60000000,0,3
7339399091811668,thread,0,trader_callback,80,30000000,90000000,0,1
7339399091811668,thread,0,trace_writer,81,20000000,90000000,0,1
7339399091811668,thread,0,latency_writer,82,30000000,70000000,0,7
7339399091811668,thread,1,account_worker,87,40000000,50000000,0,3
7339399091811668,thread,1,trader_callback,83,30000000,70000000,0,4
7339399091811668,thread,1,trace_writer,84,10000000,80000000,0,1
7339399091811668,thread,1,latency_writer,85,10000000,80000000,0,14
7339399192186357,process,-1,process,79,360000000,1320000000,102,3
7339399192186357,thread,-1,producer,79,0,20000000,102,3
7339399192186357,thread,-1,sampler,88,0,0,2,0
7339399192186357,thread,0,account_worker,86,60000000,130000000,0,5843
7339399192186357,thread,0,trader_callback,80,40000000,180000000,0,2
7339399192186357,thread,0,trace_writer,81,30000000,170000000,0,4
7339399192186357,thread,0,latency_writer,82,30000000,170000000,0,8
7339399192186357,thread,1,account_worker,87,70000000,120000000,0,5842
7339399192186357,thread,1,trader_callback,83,50000000,150000000,0,7
7339399192186357,thread,1,trace_writer,84,30000000,160000000,0,1
7339399192186357,thread,1,latency_writer,85,10000000,180000000,0,17
7339399292543732,process,-1,process,79,520000000,1940000000,202,3
7339399292543732,thread,-1,producer,79,0,20000000,202,3
7339399292543732,thread,-1,sampler,88,0,0,3,0
7339399292543732,thread,0,account_worker,86,80000000,190000000,0,22768
7339399292543732,thread,0,trader_callback,80,50000000,260000000,0,3
7339399292543732,thread,0,trace_writer,81,40000000,260000000,0,5
7339399292543732,thread,0,latency_writer,82,50000000,250000000,0,10
7339399292543732,thread,1,account_worker,87,100000000,180000000,0,22769
7339399292543732,thread,1,trader_callback,83,70000000,230000000,0,8
7339399292543732,thread,1,trace_writer,84,50000000,240000000,0,1
7339399292543732,thread,1,latency_writer,85,30000000,260000000,0,23
7339399392913356,process,-1,process,79,720000000,2540000000,302,3
7339399392913356,thread,-1,producer,79,0,20000000,302,3
7339399392913356,thread,-1,sampler,88,0,0,4,0
7339399392913356,thread,0,account_worker,86,130000000,250000000,0,22768
7339399392913356,thread,0,trader_callback,80,80000000,330000000,0,9
7339399392913356,thread,0,trace_writer,81,50000000,350000000,0,5
7339399392913356,thread,0,latency_writer,82,70000000,340000000,0,13
7339399392913356,thread,1,account_worker,87,160000000,220000000,0,22782
7339399392913356,thread,1,trader_callback,83,90000000,310000000,0,11
7339399392913356,thread,1,trace_writer,84,70000000,330000000,0,2
7339399392913356,thread,1,latency_writer,85,40000000,350000000,0,29
7339399493285169,process,-1,process,79,850000000,3210000000,403,3
7339399493285169,thread,-1,producer,79,0,20000000,403,3
7339399493285169,thread,-1,sampler,88,0,0,5,0
7339399493285169,thread,0,account_worker,86,140000000,340000000,0,22769
7339399493285169,thread,0,trader_callback,80,100000000,420000000,0,14
7339399493285169,thread,0,trace_writer,81,60000000,440000000,0,5
7339399493285169,thread,0,latency_writer,82,80000000,420000000,0,16
7339399493285169,thread,1,account_worker,87,190000000,280000000,0,22797
7339399493285169,thread,1,trader_callback,83,120000000,390000000,0,17
7339399493285169,thread,1,trace_writer,84,70000000,420000000,0,2
7339399493285169,thread,1,latency_writer,85,50000000,450000000,0,33
7339399593646455,process,-1,process,79,1030000000,3830000000,503,3
7339399593646455,thread,-1,producer,79,0,20000000,503,3
7339399593646455,thread,-1,sampler,88,0,0,6,0
7339399593646455,thread,0,account_worker,86,180000000,400000000,0,22770
7339399593646455,thread,0,trader_callback,80,110000000,500000000,0,16
7339399593646455,thread,0,trace_writer,81,80000000,520000000,0,5
7339399593646455,thread,0,latency_writer,82,90000000,510000000,0,21
7339399593646455,thread,1,account_worker,87,240000000,330000000,0,22800
7339399593646455,thread,1,trader_callback,83,130000000,470000000,0,19
7339399593646455,thread,1,trace_writer,84,100000000,490000000,0,2
7339399593646455,thread,1,latency_writer,85,60000000,530000000,0,42
7339399694037037,process,-1,process,79,1260000000,4400000000,603,3
7339399694037037,thread,-1,producer,79,0,20000000,603,3
7339399694037037,thread,-1,sampler,88,0,0,7,0
7339399694037037,thread,0,account_worker,86,220000000,450000000,0,22770
7339399694037037,thread,0,trader_callback,80,140000000,570000000,0,16
7339399694037037,thread,0,trace_writer,81,100000000,600000000,0,9
7339399694037037,thread,0,latency_writer,82,120000000,580000000,0,21
7339399694037037,thread,1,account_worker,87,280000000,390000000,0,22802
7339399694037037,thread,1,trader_callback,83,160000000,540000000,0,21
7339399694037037,thread,1,trace_writer,84,100000000,590000000,0,2
7339399694037037,thread,1,latency_writer,85,90000000,600000000,0,47
7339399794404512,process,-1,process,79,1450000000,5010000000,704,3
7339399794404512,thread,-1,producer,79,0,20000000,704,3
7339399794404512,thread,-1,sampler,88,0,0,8,0
7339399794404512,thread,0,account_worker,86,240000000,530000000,0,22771
7339399794404512,thread,0,trader_callback,80,160000000,660000000,0,16
7339399794404512,thread,0,trace_writer,81,130000000,670000000,0,9
7339399794404512,thread,0,latency_writer,82,140000000,670000000,0,27
7339399794404512,thread,1,account_worker,87,330000000,440000000,0,22803
7339399794404512,thread,1,trader_callback,83,180000000,620000000,0,22
7339399794404512,thread,1,trace_writer,84,120000000,670000000,0,3
7339399794404512,thread,1,latency_writer,85,110000000,680000000,0,51
7339399894773229,process,-1,process,79,1600000000,5670000000,804,3
7339399894773229,thread,-1,producer,79,0,20000000,804,3
7339399894773229,thread,-1,sampler,88,0,0,9,0
7339399894773229,thread,0,account_worker,86,270000000,610000000,0,22771
7339399894773229,thread,0,trader_callback,80,170000000,740000000,0,16
7339399894773229,thread,0,trace_writer,81,140000000,770000000,0,9
7339399894773229,thread,0,latency_writer,82,150000000,750000000,0,29
7339399894773229,thread,1,account_worker,87,360000000,510000000,0,22803
7339399894773229,thread,1,trader_callback,83,200000000,710000000,0,26
7339399894773229,thread,1,trace_writer,84,130000000,760000000,0,4
7339399894773229,thread,1,latency_writer,85,130000000,760000000,0,60
7339399995145230,process,-1,process,79,1770000000,6310000000,905,3
7339399995145230,thread,-1,producer,79,0,20000000,905,3
7339399995145230,thread,-1,sampler,88,0,0,10,0
7339399995145230,thread,0,account_worker,86,300000000,680000000,0,22772
7339399995145230,thread,0,trader_callback,80,190000000,830000000,0,16
7339399995145230,thread,0,trace_writer,81,150000000,860000000,0,9
7339399995145230,thread,0,latency_writer,82,180000000,820000000,0,30
7339399995145230,thread,1,account_worker,87,410000000,560000000,0,22803
7339399995145230,thread,1,trader_callback,83,200000000,800000000,0,29
7339399995145230,thread,1,trace_writer,84,150000000,850000000,0,5
7339399995145230,thread,1,latency_writer,85,150000000,850000000,0,68
7339400095528728,process,-1,process,79,1950000000,6930000000,1005,3
7339400095528728,thread,-1,producer,79,0,20000000,1005,3
7339400095528728,thread,-1,sampler,88,0,0,11,0
7339400095528728,thread,0,account_worker,86,340000000,730000000,0,22773
7339400095528728,thread,0,trader_callback,80,210000000,910000000,0,17
7339400095528728,thread,0,trace_writer,81,170000000,940000000,0,10
7339400095528728,thread,0,latency_writer,82,190000000,910000000,0,30
7339400095528728,thread,1,account_worker,87,460000000,610000000,0,22804
7339400095528728,thread,1,trader_callback,83,210000000,890000000,0,33
7339400095528728,thread,1,trace_writer,84,160000000,940000000,0,6
7339400095528728,thread,1,latency_writer,85,160000000,930000000,0,70
7339400195922482,process,-1,process,79,2120000000,7560000000,1105,3
7339400195922482,thread,-1,producer,79,0,20000000,1105,3
7339400195922482,thread,-1,sampler,88,0,0,12,0
7339400195922482,thread,0,account_worker,86,370000000,810000000,0,22773
7339400195922482,thread,0,trader_callback,80,230000000,990000000,0,17
7339400195922482,thread,0,trace_writer,81,170000000,1030000000,0,13
7339400195922482,thread,0,latency_writer,82,190000000,1010000000,0,31
7339400195922482,thread,1,account_worker,87,510000000,660000000,0,22804
7339400195922482,thread,1,trader_callback,83,230000000,970000000,0,37
7339400195922482,thread,1,trace_writer,84,180000000,1010000000,0,6
7339400195922482,thread,1,latency_writer,85,170000000,1020000000,0,76
7339400296306456,process,-1,process,79,2310000000,8170000000,1206,3
7339400296306456,thread,-1,producer,79,0,20000000,1206,3
7339400296306456,thread,-1,sampler,88,0,0,13,0
7339400296306456,thread,0,account_worker,86,420000000,850000000,0,22773
7339400296306456,thread,0,trader_callback,80,260000000,1060000000,0,17
7339400296306456,thread,0,trace_writer,81,190000000,1110000000,0,13
7339400296306456,thread,0,latency_writer,82,220000000,1090000000,0,31
7339400296306456,thread,1,account_worker,87,550000000,720000000,0,22804
7339400296306456,thread,1,trader_callback,83,250000000,1060000000,0,38
7339400296306456,thread,1,trace_writer,84,190000000,1100000000,0,6
7339400296306456,thread,1,latency_writer,85,180000000,1110000000,0,79
7339400396650550,process,-1,process,79,2530000000,8760000000,1306,3
7339400396650550,thread,-1,producer,79,0,20000000,1306,3
7339400396650550,thread,-1,sampler,88,0,0,14,0
7339400396650550,thread,0,account_worker,86,480000000,900000000,0,22773
7339400396650550,thread,0,trader_callback,80,280000000,1140000000,0,17
7339400396650550,thread,0,trace_writer,81,220000000,1190000000,0,13
7339400396650550,thread,0,latency_writer,82,230000000,1170000000,0,31
7339400396650550,thread,1,account_worker,87,580000000,790000000,0,22804
7339400396650550,thread,1,trader_callback,83,280000000,1120000000,0,43
7339400396650550,thread,1,trace_writer,84,210000000,1190000000,0,7
7339400396650550,thread,1,latency_writer,85,210000000,1190000000,0,79
7339400497135274,process,-1,process,79,2730000000,9370000000,1407,3
7339400497135274,thread,-1,producer,79,0,20000000,1407,3
7339400497135274,thread,-1,sampler,88,0,0,15,0
7339400497135274,thread,0,account_worker,86,500000000,980000000,0,22775
7339400497135274,thread,0,trader_callback,80,310000000,1210000000,0,17
7339400497135274,thread,0,trace_writer,81,230000000,1270000000,0,13
7339400497135274,thread,0,latency_writer,82,250000000,1260000000,0,38
7339400497135274,thread,1,account_worker,87,640000000,840000000,0,22804
7339400497135274,thread,1,trader_callback,83,310000000,1200000000,0,43
7339400497135274,thread,1,trace_writer,84,220000000,1280000000,0,7
7339400497135274,thread,1,latency_writer,85,230000000,1270000000,0,79
7339400597491741,process,-1,process,79,2940000000,9950000000,1507,3
7339400597491741,thread,-1,producer,79,0,20000000,1507,3
7339400597491741,thread,-1,sampler,88,0,0,16,0
7339400597491741,thread,0,account_worker,86,550000000,1030000000,0,22775
7339400597491741,thread,0,trader_callback,80,330000000,1290000000,0,18
7339400597491741,thread,0,trace_writer,81,260000000,1350000000,0,13
7339400597491741,thread,0,latency_writer,82,270000000,1340000000,0,38
7339400597491741,thread,1,account_worker,87,670000000,900000000,0,22804
7339400597491741,thread,1,trader_callback,83,320000000,1290000000,0,44
7339400597491741,thread,1,trace_writer,84,250000000,1350000000,0,7
7339400597491741,thread,1,latency_writer,85,250000000,1340000000,0,85
7339400697856968,process,-1,process,79,3150000000,10550000000,1607,3
7339400697856968,thread,-1,producer,79,0,20000000,1607,3
7339400697856968,thread,-1,sampler,88,0,0,17,0
7339400697856968,thread,0,account_worker,86,590000000,1080000000,0,22778
7339400697856968,thread,0,trader_callback,80,350000000,1370000000,0,18
7339400697856968,thread,0,trace_writer,81,280000000,1430000000,0,13
7339400697856968,thread,0,latency_writer,82,300000000,1410000000,0,39
7339400697856968,thread,1,account_worker,87,690000000,980000000,0,22804
7339400697856968,thread,1,trader_callback,83,350000000,1360000000,0,47
7339400697856968,thread,1,trace_writer,84,260000000,1430000000,0,7
7339400697856968,thread,1,latency_writer,85,270000000,1420000000,0,86
7339400798221518,process,-1,process,79,3320000000,11180000000,1708,3
7339400798221518,thread,-1,producer,79,10000000,30000000,1708,3
7339400798221518,thread,-1,sampler,88,0,0,18,0
7339400798221518,thread,0,account_worker,86,620000000,1160000000,0,22779
7339400798221518,thread,0,trader_callback,80,380000000,1440000000,0,18
7339400798221518,thread,0,trace_writer,81,300000000,1510000000,0,13
7339400798221518,thread,0,latency_writer,82,310000000,1500000000,0,39
7339400798221518,thread,1,account_worker,87,720000000,1060000000,0,22804
7339400798221518,thread,1,trader_callback,83,360000000,1440000000,0,49
7339400798221518,thread,1,trace_writer,84,290000000,1510000000,0,7
7339400798221518,thread,1,latency_writer,85,290000000,1500000000,0,86
7339400898622610,process,-1,process,79,3490000000,11820000000,1808,3
7339400898622610,thread,-1,producer,79,10000000,30000000,1808,3
7339400898622610,thread,-1,sampler,88,0,0,19,0
7339400898622610,thread,0,account_worker,86,650000000,1220000000,0,22780
7339400898622610,thread,0,trader_callback,80,400000000,1520000000,0,18
7339400898622610,thread,0,trace_writer,81,320000000,1590000000,0,13
7339400898622610,thread,0,latency_writer,82,320000000,1590000000,0,40
7339400898622610,thread,1,account_worker,87,750000000,1120000000,0,22804
7339400898622610,thread,1,trader_callback,83,380000000,1520000000,0,52
7339400898622610,thread,1,trace_writer,84,310000000,1590000000,0,7
7339400898622610,thread,1,latency_writer,85,310000000,1590000000,0,87
7339400999215787,process,-1,process,79,3660000000,12450000000,1909,3
7339400999215787,thread,-1,producer,79,10000000,30000000,1909,3
7339400999215787,thread,-1,sampler,88,0,0,20,0
7339400999215787,thread,0,account_worker,86,700000000,1280000000,0,22780
7339400999215787,thread,0,trader_callback,80,410000000,1610000000,0,18
7339400999215787,thread,0,trace_writer,81,340000000,1670000000,0,13
7339400999215787,thread,0,latency_writer,82,330000000,1680000000,0,44
7339400999215787,thread,1,account_worker,87,790000000,1190000000,0,22804
7339400999215787,thread,1,trader_callback,83,400000000,1610000000,0,55
7339400999215787,thread,1,trace_writer,84,320000000,1680000000,0,7
7339400999215787,thread,1,latency_writer,85,330000000,1660000000,0,91
7339401099681616,process,-1,process,79,3860000000,13060000000,2008,3
7339401099681616,thread,-1,producer,79,10000000,30000000,2008,3
7339401099681616,thread,-1,sampler,88,0,0,21,0
7339401099681616,thread,0,account_worker,86,730000000,1350000000,0,22782
7339401099681616,thread,0,trader_callback,80,440000000,1680000000,0,19
7339401099681616,thread,0,trace_writer,81,360000000,1760000000,0,14
7339401099681616,thread,0,latency_writer,82,350000000,1760000000,0,47
7339401099681616,thread,1,account_worker,87,830000000,1250000000,0,22805
7339401099681616,thread,1,trader_callback,83,410000000,1690000000,0,57
7339401099681616,thread,1,trace_writer,84,360000000,1740000000,0,8
7339401099681616,thread,1,latency_writer,85,340000000,1760000000,0,92
7339401200170763,process,-1,process,79,4080000000,13640000000,2109,3
7339401200170763,thread,-1,producer,79,10000000,30000000,2109,3
7339401200170763,thread,-1,sampler,88,0,0,22,0
7339401200170763,thread,0,account_worker,86,760000000,1420000000,0,22782
7339401200170763,thread,0,trader_callback,80,470000000,1760000000,0,19
7339401200170763,thread,0,trace_writer,81,390000000,1820000000,0,14
7339401200170763,thread,0,latency_writer,82,370000000,1840000000,0,54
7339401200170763,thread,1,account_worker,87,890000000,1280000000,0,22806
7339401200170763,thread,1,trader_callback,83,430000000,1780000000,0,58
7339401200170763,thread,1,trace_writer,84,370000000,1830000000,0,8
7339401200170763,thread,1,latency_writer,85,360000000,1840000000,0,93
7339401300665900,process,-1,process,79,4240000000,14290000000,2209,3
7339401300665900,thread,-1,producer,79,10000000,30000000,2209,3
7339401300665900,thread,-1,sampler,88,0,0,23,0
7339401300665900,thread,0,account_worker,86,800000000,1470000000,0,22783
7339401300665900,thread,0,trader_callback,80,480000000,1840000000,0,19
7339401300665900,thread,0,trace_writer,81,410000000,1910000000,0,15
7339401300665900,thread,0,latency_writer,82,390000000,1910000000,0,54
7339401300665900,thread,1,account_worker,87,910000000,1360000000,0,22807
7339401300665900,thread,1,trader_callback,83,440000000,1870000000,0,61
7339401300665900,thread,1,trace_writer,84,390000000,1910000000,0,8
7339401300665900,thread,1,latency_writer,85,370000000,1930000000,0,93
7339401401152605,process,-1,process,79,4430000000,14900000000,2310,3
7339401401152605,thread,-1,producer,79,10000000,30000000,2310,3
7339401401152605,thread,-1,sampler,88,0,0,24,0
7339401401152605,thread,0,account_worker,86,840000000,1540000000,0,22783
7339401401152605,thread,0,trader_callback,80,490000000,1930000000,0,19
7339401401152605,thread,0,trace_writer,81,410000000,2000000000,0,15
7339401401152605,thread,0,latency_writer,82,410000000,2000000000,0,55
7339401401152605,thread,1,account_worker,87,970000000,1410000000,0,22807
7339401401152605,thread,1,trader_callback,83,450000000,1960000000,0,63
7339401401152605,thread,1,trace_writer,84,410000000,1990000000,0,8
7339401401152605,thread,1,latency_writer,85,390000000,2010000000,0,102
7339401501621537,process,-1,process,79,4650000000,15480000000,2410,3
7339401501621537,thread,-1,producer,79,10000000,30000000,2410,3
7339401501621537,thread,-1,sampler,88,0,0,25,0
7339401501621537,thread,0,account_worker,86,910000000,1570000000,0,22784
7339401501621537,thread,0,trader_callback,80,500000000,2020000000,0,19
7339401501621537,thread,0,trace_writer,81,450000000,2070000000,0,15
7339401501621537,thread,0,latency_writer,82,420000000,2090000000,0,55
7339401501621537,thread,1,account_worker,87,1030000000,1450000000,0,22807
7339401501621537,thread,1,trader_callback,83,470000000,2040000000,0,68
7339401501621537,thread,1,trace_writer,84,420000000,2080000000,0,8
7339401501621537,thread,1,latency_writer,85,400000000,2100000000,0,108
7339401601982216,process,-1,process,79,4870000000,16060000000,2510,3
7339401601982216,thread,-1,producer,79,10000000,30000000,2510,3
7339401601982216,thread,-1,sampler,88,0,0,26,0
7339401601982216,thread,0,account_worker,86,950000000,1630000000,0,22786
7339401601982216,thread,0,trader_callback,80,530000000,2100000000,0,19
7339401601982216,thread,0,trace_writer,81,470000000,2150000000,0,15
7339401601982216,thread,0,latency_writer,82,440000000,2170000000,0,55
7339401601982216,thread,1,account_worker,87,1060000000,1510000000,0,22807
7339401601982216,thread,1,trader_callback,83,500000000,2110000000,0,70
7339401601982216,thread,1,trace_writer,84,450000000,2150000000,0,8
7339401601982216,thread,1,latency_writer,85,430000000,2170000000,0,108
7339401702347724,process,-1,process,79,5070000000,16670000000,2611,3
7339401702347724,thread,-1,producer,79,10000000,30000000,2611,3
7339401702347724,thread,-1,sampler,88,0,0,27,0
7339401702347724,thread,0,account_worker,86,1000000000,1680000000,0,22786
7339401702347724,thread,0,trader_callback,80,550000000,2170000000,0,19
7339401702347724,thread,0,trace_writer,81,480000000,2230000000,0,15
7339401702347724,thread,0,latency_writer,82,450000000,2260000000,0,58
7339401702347724,thread,1,account_worker,87,1100000000,1580000000,0,22807
7339401702347724,thread,1,trader_callback,83,510000000,2200000000,0,74
7339401702347724,thread,1,trace_writer,84,460000000,2240000000,0,8
7339401702347724,thread,1,latency_writer,85,470000000,2230000000,0,115
7339401802701154,process,-1,process,79,5300000000,17240000000,2711,3
7339401802701154,thread,-1,producer,79,10000000,30000000,2711,3
7339401802701154,thread,-1,sampler,88,0,0,28,0
7339401802701154,thread,0,account_worker,86,1060000000,1720000000,0,22788
7339401802701154,thread,0,trader_callback,80,590000000,2230000000,0,19
7339401802701154,thread,0,trace_writer,81,490000000,2330000000,0,15
7339401802701154,thread,0,latency_writer,82,460000000,2350000000,0,58
7339401802701154,thread,1,account_worker,87,1150000000,1630000000,0,22807
7339401802701154,thread,1,trader_callback,83,540000000,2270000000,0,76
7339401802701154,thread,1,trace_writer,84,480000000,2320000000,0,9
7339401802701154,thread,1,latency_writer,85,480000000,2320000000,0,125
7339401903047276,process,-1,process,79,5520000000,17830000000,2811,3
7339401903047276,thread,-1,producer,79,10000000,30000000,2811,3
7339401903047276,thread,-1,sampler,88,0,0,29,0
7339401903047276,thread,0,account_worker,86,1110000000,1770000000,0,22788
7339401903047276,thread,0,trader_callback,80,620000000,2310000000,0,19
7339401903047276,thread,0,trace_writer,81,520000000,2390000000,0,15
7339401903047276,thread,0,latency_writer,82,490000000,2420000000,0,58
7339401903047276,thread,1,account_worker,87,1180000000,1700000000,0,22807
7339401903047276,thread,1,trader_callback,83,560000000,2350000000,0,80
7339401903047276,thread,1,trace_writer,84,490000000,2420000000,0,9
7339401903047276,thread,1,latency_writer,85,500000000,2400000000,0,134
7339402003390949,process,-1,process,79,5690000000,18460000000,2912,3
7339402003390949,thread,-1,producer,79,10000000,30000000,2912,3
7339402003390949,thread,-1,sampler,88,0,0,30,0
7339402003390949,thread,0,account_worker,86,1140000000,1840000000,0,22789
7339402003390949,thread,0,trader_callback,80,630000000,2390000000,0,19
7339402003390949,thread,0,trace_writer,81,540000000,2470000000,0,15
7339402003390949,thread,0,latency_writer,82,500000000,2510000000,0,59
7339402003390949,thread,1,account_worker,87,1220000000,1760000000,0,22808
7339402003390949,thread,1,trader_callback,83,580000000,2430000000,0,80
7339402003390949,thread,1,trace_writer,84,500000000,2500000000,0,11
7339402003390949,thread,1,latency_writer,85,510000000,2490000000,0,138
7339402103750200,process,-1,process,79,5880000000,19070000000,3012,3
7339402103750200,thread,-1,producer,79,10000000,30000000,3012,3
7339402103750200,thread,-1,sampler,88,0,0,31,0
7339402103750200,thread,0,account_worker,86,1210000000,1880000000,0,22790
7339402103750200,thread,0,trader_callback,80,660000000,2470000000,0,20
7339402103750200,thread,0,trace_writer,81,560000000,2560000000,0,16
7339402103750200,thread,0,latency_writer,82,510000000,2600000000,0,63
7339402103750200,thread,1,account_worker,87,1260000000,1820000000,0,22808
7339402103750200,thread,1,trader_callback,83,590000000,2510000000,0,80
7339402103750200,thread,1,trace_writer,84,510000000,2590000000,0,12
7339402103750200,thread,1,latency_writer,85,530000000,2570000000,0,145
7339402204189490,process,-1,process,79,6050000000,19710000000,3113,3
7339402204189490,thread,-1,producer,79,10000000,30000000,3113,3
7339402204189490,thread,-1,sampler,88,0,0,32,0
7339402204189490,thread,0,account_worker,86,1240000000,1950000000,0,22790
7339402204189490,thread,0,trader_callback,80,670000000,2560000000,0,20
7339402204189490,thread,0,trace_writer,81,570000000,2640000000,0,16
7339402204189490,thread,0,latency_writer,82,530000000,2680000000,0,63
7339402204189490,thread,1,account_worker,87,1280000000,1900000000,0,22808
7339402204189490,thread,1,trader_callback,83,610000000,2600000000,0,80
7339402204189490,thread,1,trace_writer,84,530000000,2680000000,0,12
7339402204189490,thread,1,latency_writer,85,560000000,2640000000,0,151
7339402304536108,process,-1,process,79,6220000000,20340000000,3213,3
7339402304536108,thread,-1,producer,79,10000000,30000000,3213,3
7339402304536108,thread,-1,sampler,88,0,0,33,0
7339402304536108,thread,0,account_worker,86,1260000000,2020000000,0,22791
7339402304536108,thread,0,trader_callback,80,680000000,2640000000,0,21
7339402304536108,thread,0,trace_writer,81,590000000,2730000000,0,17
7339402304536108,thread,0,latency_writer,82,540000000,2770000000,0,64
7339402304536108,thread,1,account_worker,87,1330000000,1950000000,0,22809
7339402304536108,thread,1,trader_callback,83,630000000,2680000000,0,82
7339402304536108,thread,1,trace_writer,84,550000000,2760000000,0,13
7339402304536108,thread,1,latency_writer,85,590000000,2720000000,0,152
7339402405036803,process,-1,process,79,6390000000,20980000000,3313,3
7339402405036803,thread,-1,producer,79,10000000,30000000,3313,3
7339402405036803,thread,-1,sampler,88,0,0,34,0
7339402405036803,thread,0,account_worker,86,1290000000,2090000000,0,22791
7339402405036803,thread,0,trader_callback,80,690000000,2740000000,0,21
7339402405036803,thread,0,trace_writer,81,600000000,2820000000,0,20
7339402405036803,thread,0,latency_writer,82,550000000,2870000000,0,64
7339402405036803,thread,1,account_worker,87,1370000000,2010000000,0,22809
7339402405036803,thread,1,trader_callback,83,660000000,2760000000,0,82
7339402405036803,thread,1,trace_writer,84,590000000,2810000000,0,15
7339402405036803,thread,1,latency_writer,85,590000000,2810000000,0,152
7339402505571846,process,-1,process,79,6610000000,21560000000,3414,3
7339402505571846,thread,-1,producer,79,10000000,30000000,3414,3
7339402505571846,thread,-1,sampler,88,0,0,35,0
7339402505571846,thread,0,account_worker,86,1340000000,2150000000,0,22793
7339402505571846,thread,0,trader_callback,80,710000000,2820000000,0,21
7339402505571846,thread,0,trace_writer,81,610000000,2910000000,0,20
7339402505571846,thread,0,latency_writer,82,570000000,2940000000,0,68
7339402505571846,thread,1,account_worker,87,1420000000,2070000000,0,22809
7339402505571846,thread,1,trader_callback,83,690000000,2820000000,0,85
7339402505571846,thread,1,trace_writer,84,610000000,2890000000,0,15
7339402505571846,thread,1,latency_writer,85,610000000,2890000000,0,156
7339402606055147,process,-1,process,79,6800000000,22170000000,3514,3
7339402606055147,thread,-1,producer,79,10000000,30000000,3514,3
7339402606055147,thread,-1,sampler,88,0,0,36,0
7339402606055147,thread,0,account_worker,86,1350000000,2230000000,0,22794
7339402606055147,thread,0,trader_callback,80,730000000,2900000000,0,22
7339402606055147,thread,0,trace_writer,81,630000000,2990000000,0,20
7339402606055147,thread,0,latency_writer,82,580000000,3040000000,0,68
7339402606055147,thread,1,account_worker,87,1470000000,2110000000,0,22809
7339402606055147,thread,1,trader_callback,83,710000000,2900000000,0,86
7339402606055147,thread,1,trace_writer,84,620000000,2980000000,0,15
7339402606055147,thread,1,latency_writer,85,650000000,2950000000,0,158
7339402706572307,process,-1,process,79,6940000000,22840000000,3615,3
7339402706572307,thread,-1,producer,79,10000000,30000000,3615,3
7339402706572307,thread,-1,sampler,88,0,0,37,0
7339402706572307,thread,0,account_worker,86,1390000000,2300000000,0,22794
7339402706572307,thread,0,trader_callback,80,740000000,2990000000,0,22
7339402706572307,thread,0,trace_writer,81,650000000,3070000000,0,20
7339402706572307,thread,0,latency_writer,82,600000000,3120000000,0,68
7339402706572307,thread,1,account_worker,87,1500000000,2180000000,0,22809
7339402706572307,thread,1,trader_callback,83,720000000,2990000000,0,87
7339402706572307,thread,1,trace_writer,84,630000000,3080000000,0,15
7339402706572307,thread,1,latency_writer,85,670000000,3030000000,0,158
7339402807022151,process,-1,process,79,7150000000,23440000000,3715,3
7339402807022151,thread,-1,producer,79,10000000,30000000,3715,3
7339402807022151,thread,-1,sampler,88,10000000,0,38,0
7339402807022151,thread,0,account_worker,86,1430000000,2360000000,0,22794
7339402807022151,thread,0,trader_callback,80,770000000,3050000000,0,22
7339402807022151,thread,0,trace_writer,81,680000000,3140000000,0,23
7339402807022151,thread,0,latency_writer,82,610000000,3210000000,0,68
7339402807022151,thread,1,account_worker,87,1530000000,2250000000,0,22809
7339402807022151,thread,1,trader_callback,83,720000000,3090000000,0,90
7339402807022151,thread,1,trace_writer,84,660000000,3150000000,0,15
7339402807022151,thread,1,latency_writer,85,690000000,3110000000,0,162
7339402907526505,process,-1,process,79,7360000000,24030000000,3816,3
7339402907526505,thread,-1,producer,79,10000000,30000000,3816,3
7339402907526505,thread,-1,sampler,88,10000000,0,39,0
7339402907526505,thread,0,account_worker,86,1470000000,2420000000,0,22795
7339402907526505,thread,0,trader_callback,80,790000000,3140000000,0,22
7339402907526505,thread,0,trace_writer,81,700000000,3220000000,0,23
7339402907526505,thread,0,latency_writer,82,610000000,3300000000,0,74
7339402907526505,thread,1,account_worker,87,1580000000,2300000000,0,22809
7339402907526505,thread,1,trader_callback,83,740000000,3170000000,0,90
7339402907526505,thread,1,trace_writer,84,680000000,3220000000,0,15
7339402907526505,thread,1,latency_writer,85,730000000,3180000000,0,166
7339403008023803,process,-1,process,79,7510000000,24690000000,3916,3
7339403008023803,thread,-1,producer,79,10000000,30000000,3916,3
7339403008023803,thread,-1,sampler,88,10000000,0,40,0
7339403008023803,thread,0,account_worker,86,1500000000,2490000000,0,22795
7339403008023803,thread,0,trader_callback,80,810000000,3220000000,0,22
7339403008023803,thread,0,trace_writer,81,700000000,3320000000,0,23
7339403008023803,thread,0,latency_writer,82,630000000,3390000000,0,76
7339403008023803,thread,1,account_worker,87,1620000000,2360000000,0,22809
7339403008023803,thread,1,trader_callback,83,750000000,3260000000,0,90
7339403008023803,thread,1,trace_writer,84,690000000,3310000000,0,15
7339403008023803,thread,1,latency_writer,85,740000000,3270000000,0,168
7339403108508991,process,-1,process,79,7670000000,25330000000,4017,3
7339403108508991,thread,-1,producer,79,10000000,30000000,4017,3
7339403108508991,thread,-1,sampler,88,10000000,0,41,0
7339403108508991,thread,0,account_worker,86,1540000000,2550000000,0,22797
7339403108508991,thread,0,trader_callback,80,830000000,3300000000,0,23
7339403108508991,thread,0,trace_writer,81,720000000,3400000000,0,24
7339403108508991,thread,0,latency_writer,82,640000000,3480000000,0,76
7339403108508991,thread,1,account_worker,87,1670000000,2420000000,0,22810
7339403108508991,thread,1,trader_callback,83,770000000,3350000000,0,92
7339403108508991,thread,1,trace_writer,84,710000000,3400000000,0,16
7339403108508991,thread,1,latency_writer,85,750000000,3360000000,0,173
7339403208896851,process,-1,process,79,7830000000,25970000000,4117,3
7339403208896851,thread,-1,producer,79,10000000,30000000,4117,3
7339403208896851,thread,-1,sampler,88,10000000,0,42,0
7339403208896851,thread,0,account_worker,86,1580000000,2610000000,0,22798
7339403208896851,thread,0,trader_callback,80,830000000,3400000000,0,23
7339403208896851,thread,0,trace_writer,81,730000000,3490000000,0,24
7339403208896851,thread,0,latency_writer,82,650000000,3570000000,0,76
7339403208896851,thread,1,account_worker,87,1710000000,2480000000,0,22811
7339403208896851,thread,1,trader_callback,83,790000000,3430000000,0,94
7339403208896851,thread,1,trace_writer,84,740000000,3470000000,0,16
7339403208896851,thread,1,latency_writer,85,750000000,3460000000,0,173
7339403309273124,process,-1,process,79,7990000000,26610000000,4218,3
7339403309273124,thread,-1,producer,79,10000000,30000000,4218,3
7339403309273124,thread,-1,sampler,88,10000000,0,43,0
7339403309273124,thread,0,account_worker,86,1620000000,2670000000,0,22799
7339403309273124,thread,0,trader_callback,80,840000000,3490000000,0,23
7339403309273124,thread,0,trace_writer,81,750000000,3570000000,0,28
7339403309273124,thread,0,latency_writer,82,660000000,3660000000,0,79
7339403309273124,thread,1,account_worker,87,1740000000,2550000000,0,22812
7339403309273124,thread,1,trader_callback,83,800000000,3510000000,0,96
7339403309273124,thread,1,trace_writer,84,760000000,3550000000,0,16
7339403309273124,thread,1,latency_writer,85,760000000,3540000000,0,176
7339403409603773,process,-1,process,79,8200000000,27210000000,4318,3
7339403409603773,thread,-1,producer,79,10000000,30000000,4318,3
7339403409603773,thread,-1,sampler,88,10000000,0,44,0
7339403409603773,thread,0,account_worker,86,1660000000,2720000000,0,22799
7339403409603773,thread,0,trader_callback,80,860000000,3570000000,0,23
7339403409603773,thread,0,trace_writer,81,780000000,3640000000,0,28
7339403409603773,thread,0,latency_writer,82,680000000,3740000000,0,80
7339403409603773,thread,1,account_worker,87,1790000000,2590000000,0,22812
7339403409603773,thread,1,trader_callback,83,820000000,3600000000,0,96
7339403409603773,thread,1,trace_writer,84,780000000,3630000000,0,17
7339403409603773,thread,1,latency_writer,85,770000000,3630000000,0,176
7339403509994050,process,-1,process,79,8390000000,27820000000,4418,3
7339403509994050,thread,-1,producer,79,10000000,30000000,4418,3
7339403509994050,thread,-1,sampler,88,10000000,0,45,0
7339403509994050,thread,0,account_worker,86,1720000000,2770000000,0,22800
7339403509994050,thread,0,trader_callback,80,880000000,3650000000,0,23
7339403509994050,thread,0,trace_writer,81,800000000,3720000000,0,28
7339403509994050,thread,0,latency_writer,82,700000000,3820000000,0,80
7339403509994050,thread,1,account_worker,87,1820000000,2660000000,0,22812
7339403509994050,thread,1,trader_callback,83,820000000,3690000000,0,101
7339403509994050,thread,1,trace_writer,84,790000000,3710000000,0,17
7339403509994050,thread,1,latency_writer,85,790000000,3720000000,0,180
7339403610355858,process,-1,process,79,8520000000,28490000000,4519,3
7339403610355858,thread,-1,producer,79,10000000,30000000,4519,3
7339403610355858,thread,-1,sampler,88,10000000,0,46,0
7339403610355858,thread,0,account_worker,86,1740000000,2850000000,0,22801
7339403610355858,thread,0,trader_callback,80,900000000,3730000000,0,24
7339403610355858,thread,0,trace_writer,81,810000000,3810000000,0,28
7339403610355858,thread,0,latency_writer,82,720000000,3900000000,0,80
7339403610355858,thread,1,account_worker,87,1860000000,2720000000,0,22812
7339403610355858,thread,1,trader_callback,83,820000000,3790000000,0,105
7339403610355858,thread,1,trace_writer,84,810000000,3800000000,0,17
7339403610355858,thread,1,latency_writer,85,800000000,3810000000,0,183
7339403710773770,process,-1,process,79,8720000000,29100000000,4619,3
7339403710773770,thread,-1,producer,79,10000000,30000000,4619,3
7339403710773770,thread,-1,sampler,88,10000000,0,47,0
7339403710773770,thread,0,account_worker,86,1780000000,2910000000,0,22801
7339403710773770,thread,0,trader_callback,80,910000000,3820000000,0,24
7339403710773770,thread,0,trace_writer,81,840000000,3880000000,0,29
7339403710773770,thread,0,latency_writer,82,730000000,3990000000,0,80
7339403710773770,thread,1,account_worker,87,1900000000,2790000000,0,22812
7339403710773770,thread,1,trader_callback,83,840000000,3880000000,0,108
7339403710773770,thread,1,trace_writer,84,840000000,3870000000,0,17
7339403710773770,thread,1,latency_writer,85,830000000,3880000000,0,188
7339403811135556,process,-1,process,79,8890000000,29740000000,4720,3
7339403811135556,thread,-1,producer,79,10000000,40000000,4720,3
7339403811135556,thread,-1,sampler,88,10000000,0,48,0
7339403811135556,thread,0,account_worker,86,1800000000,2990000000,0,22811
7339403811135556,thread,0,trader_callback,80,930000000,3900000000,0,33
7339403811135556,thread,0,trace_writer,81,850000000,3970000000,0,40
7339403811135556,thread,0,latency_writer,82,740000000,4080000000,0,89
7339403811135556,thread,1,account_worker,87,1940000000,2850000000,0,22822
7339403811135556,thread,1,trader_callback,83,860000000,3960000000,0,122
7339403811135556,thread,1,trace_writer,84,850000000,3950000000,0,27
7339403811135556,thread,1,latency_writer,85,850000000,3960000000,0,201
7339403911510132,process,-1,process,79,9080000000,30340000000,4820,3
7339403911510132,thread,-1,producer,79,10000000,40000000,4820,3
7339403911510132,thread,-1,sampler,88,10000000,0,49,0
7339403911510132,thread,0,account_worker,86,1850000000,3040000000,0,22811
7339403911510132,thread,0,trader_callback,80,950000000,3980000000,0,33
7339403911510132,thread,0,trace_writer,81,870000000,4060000000,0,40
7339403911510132,thread,0,latency_writer,82,760000000,4160000000,0,90
7339403911510132,thread,1,account_worker,87,1970000000,2920000000,0,22822
7339403911510132,thread,1,trader_callback,83,870000000,4040000000,0,123
7339403911510132,thread,1,trace_writer,84,880000000,4030000000,0,27
7339403911510132,thread,1,latency_writer,85,880000000,4030000000,0,204
7339404011877056,process,-1,process,79,9290000000,30940000000,4920,3
7339404011877056,thread,-1,producer,79,10000000,40000000,4920,3
7339404011877056,thread,-1,sampler,88,10000000,0,50,0
7339404011877056,thread,0,account_worker,86,1880000000,3110000000,0,22812
7339404011877056,thread,0,trader_callback,80,980000000,4050000000,0,33
7339404011877056,thread,0,trace_writer,81,900000000,4120000000,0,40
7339404011877056,thread,0,latency_writer,82,780000000,4240000000,0,91
7339404011877056,thread,1,account_worker,87,2010000000,2980000000,0,22822
7339404011877056,thread,1,trader_callback,83,890000000,4120000000,0,126
7339404011877056,thread,1,trace_writer,84,880000000,4130000000,0,29
7339404011877056,thread,1,latency_writer,85,900000000,4110000000,0,204
7339404112257860,process,-1,process,79,9470000000,31560000000,5021,3
7339404112257860,thread,-1,producer,79,10000000,40000000,5021,3
7339404112257860,thread,-1,sampler,88,10000000,0,51,0
7339404112257860,thread,0,account_worker,86,1920000000,3170000000,0,22813
7339404112257860,thread,0,trader_callback,80,990000000,4140000000,0,34
7339404112257860,thread,0,trace_writer,81,920000000,4200000000,0,41
7339404112257860,thread,0,latency_writer,82,790000000,4330000000,0,92
7339404112257860,thread,1,account_worker,87,2050000000,3040000000,0,22823
7339404112257860,thread,1,trader_callback,83,900000000,4210000000,0,131
7339404112257860,thread,1,trace_writer,84,900000000,4210000000,0,30
7339404112257860,thread,1,latency_writer,85,930000000,4180000000,0,209
7339404212635199,process,-1,process,79,9650000000,32180000000,5121,3
7339404212635199,thread,-1,producer,79,10000000,40000000,5121,3
7339404212635199,thread,-1,sampler,88,10000000,0,52,0
7339404212635199,thread,0,account_worker,86,1960000000,3230000000,0,22813
7339404212635199,thread,0,trader_callback,80,1010000000,4230000000,0,34
7339404212635199,thread,0,trace_writer,81,940000000,4280000000,0,41
7339404212635199,thread,0,latency_writer,82,810000000,4410000000,0,92
7339404212635199,thread,1,account_worker,87,2080000000,3100000000,0,22823
7339404212635199,thread,1,trader_callback,83,920000000,4290000000,0,132
7339404212635199,thread,1,trace_writer,84,910000000,4300000000,0,30
7339404212635199,thread,1,latency_writer,85,950000000,4260000000,0,209
7339404313048490,process,-1,process,79,9810000000,32830000000,5221,3
7339404313048490,thread,-1,producer,79,10000000,40000000,5221,3
7339404313048490,thread,-1,sampler,88,10000000,0,53,0
7339404313048490,thread,0,account_worker,86,2000000000,3290000000,0,22813
7339404313048490,thread,0,trader_callback,80,1010000000,4320000000,0,34
7339404313048490,thread,0,trace_writer,81,950000000,4370000000,0,41
7339404313048490,thread,0,latency_writer,82,830000000,4490000000,0,95
7339404313048490,thread,1,account_worker,87,2110000000,3180000000,0,22823
7339404313048490,thread,1,trader_callback,83,940000000,4370000000,0,136
7339404313048490,thread,1,trace_writer,84,930000000,4390000000,0,30
7339404313048490,thread,1,latency_writer,85,970000000,4340000000,0,212
7339404413418442,process,-1,process,79,9990000000,33450000000,5322,3
7339404413418442,thread,-1,producer,79,10000000,40000000,5322,3
7339404413418442,thread,-1,sampler,88,10000000,0,54,0
7339404413418442,thread,0,account_worker,86,2030000000,3360000000,0,22813
7339404413418442,thread,0,trader_callback,80,1030000000,4410000000,0,34
7339404413418442,thread,0,trace_writer,81,970000000,4450000000,0,41
7339404413418442,thread,0,latency_writer,82,850000000,4570000000,0,95
7339404413418442,thread,1,account_worker,87,2150000000,3240000000,0,22823
7339404413418442,thread,1,trader_callback,83,960000000,4460000000,0,136
7339404413418442,thread,1,trace_writer,84,950000000,4470000000,0,31
7339404413418442,thread,1,latency_writer,85,1000000000,4410000000,0,215
7339404513797930,process,-1,process,79,10180000000,34070000000,5422,3
7339404513797930,thread,-1,producer,79,10000000,40000000,5422,3
7339404513797930,thread,-1,sampler,88,10000000,0,55,0
7339404513797930,thread,0,account_worker,86,2080000000,3410000000,0,22815
7339404513797930,thread,0,trader_callback,80,1040000000,4490000000,0,34
7339404513797930,thread,0,trace_writer,81,980000000,4540000000,0,41
7339404513797930,thread,0,latency_writer,82,870000000,4660000000,0,96
7339404513797930,thread,1,account_worker,87,2190000000,3300000000,0,22823
7339404513797930,thread,1,trader_callback,83,980000000,4540000000,0,139
7339404513797930,thread,1,trace_writer,84,950000000,4560000000,0,31
7339404513797930,thread,1,latency_writer,85,1030000000,4480000000,0,215
7339404614214231,process,-1,process,79,10380000000,34680000000,5523,3
7339404614214231,thread,-1,producer,79,10000000,40000000,5523,3
7339404614214231,thread,-1,sampler,88,10000000,0,56,0
7339404614214231,thread,0,account_worker,86,2120000000,3470000000,0,22815
7339404614214231,thread,0,trader_callback,80,1060000000,4570000000,0,35
7339404614214231,thread,0,trace_writer,81,1010000000,4620000000,0,44
7339404614214231,thread,0,latency_writer,82,880000000,4750000000,0,96
7339404614214231,thread,1,account_worker,87,2240000000,3350000000,0,22823
7339404614214231,thread,1,trader_callback,83,1000000000,4620000000,0,141
7339404614214231,thread,1,trace_writer,84,970000000,4650000000,0,31
7339404614214231,thread,1,latency_writer,85,1040000000,4570000000,0,215
7339404714579390,process,-1,process,79,10560000000,35300000000,5623,3
7339404714579390,thread,-1,producer,79,10000000,40000000,5623,3
7339404714579390,thread,-1,sampler,88,10000000,0,57,0
7339404714579390,thread,0,account_worker,86,2160000000,3530000000,0,22815
7339404714579390,thread,0,trader_callback,80,1070000000,4670000000,0,35
7339404714579390,thread,0,trace_writer,81,1020000000,4700000000,0,44
7339404714579390,thread,0,latency_writer,82,890000000,4840000000,0,96
7339404714579390,thread,1,account_worker,87,2270000000,3420000000,0,22823
7339404714579390,thread,1,trader_callback,83,1030000000,4690000000,0,144
7339404714579390,thread,1,trace_writer,84,990000000,4730000000,0,31
7339404714579390,thread,1,latency_writer,85,1070000000,4650000000,0,217
7339404814949602,process,-1,process,79,10760000000,35900000000,5723,3
7339404814949602,thread,-1,producer,79,10000000,40000000,5723,3
7339404814949602,thread,-1,sampler,88,10000000,0,58,0
7339404814949602,thread,0,account_worker,86,2200000000,3590000000,0,22816
7339404814949602,thread,0,trader_callback,80,1070000000,4760000000,0,35
7339404814949602,thread,0,trace_writer,81,1040000000,4790000000,0,44
7339404814949602,thread,0,latency_writer,82,910000000,4910000000,0,96
7339404814949602,thread,1,account_worker,87,2320000000,3470000000,0,22823
7339404814949602,thread,1,trader_callback,83,1050000000,4770000000,0,150
7339404814949602,thread,1,trace_writer,84,1010000000,4800000000,0,31
7339404814949602,thread,1,latency_writer,85,1090000000,4730000000,0,217
7339404915367546,process,-1,process,79,10950000000,36510000000,5824,3
7339404915367546,thread,-1,producer,79,10000000,40000000,5824,3
7339404915367546,thread,-1,sampler,88,10000000,0,59,0
7339404915367546,thread,0,account_worker,86,2250000000,3640000000,0,22818
7339404915367546,thread,0,trader_callback,80,1090000000,4840000000,0,35
7339404915367546,thread,0,trace_writer,81,1060000000,4870000000,0,44
7339404915367546,thread,0,latency_writer,82,920000000,5000000000,0,96
7339404915367546,thread,1,account_worker,87,2370000000,3520000000,0,22823
7339404915367546,thread,1,trader_callback,83,1060000000,4860000000,0,151
7339404915367546,thread,1,trace_writer,84,1040000000,4880000000,0,31
7339404915367546,thread,1,latency_writer,85,1100000000,4810000000,0,225
7339405015885227,process,-1,process,79,11130000000,37140000000,5924,3
7339405015885227,thread,-1,producer,79,10000000,40000000,5924,3
7339405015885227,thread,-1,sampler,88,10000000,0,60,0
7339405015885227,thread,0,account_worker,86,2290000000,3710000000,0,22818
7339405015885227,thread,0,trader_callback,80,1110000000,4930000000,0,35
7339405015885227,thread,0,trace_writer,81,1080000000,4940000000,0,45
7339405015885227,thread,0,latency_writer,82,930000000,5090000000,0,97
7339405015885227,thread,1,account_worker,87,2400000000,3590000000,0,22824
7339405015885227,thread,1,trader_callback,83,1070000000,4950000000,0,154
7339405015885227,thread,1,trace_writer,84,1060000000,4960000000,0,31
7339405015885227,thread,1,latency_writer,85,1110000000,4900000000,0,238
7339405116439592,process,-1,process,79,11290000000,37780000000,6025,3
7339405116439592,thread,-1,producer,79,10000000,40000000,6025,3
7339405116439592,thread,-1,sampler,88,10000000,0,61,0
7339405116439592,thread,0,account_worker,86,2330000000,3770000000,0,22819
7339405116439592,thread,0,trader_callback,80,1120000000,5020000000,0,38
7339405116439592,thread,0,trace_writer,81,1100000000,5030000000,0,45
7339405116439592,thread,0,latency_writer,82,940000000,5180000000,0,97
7339405116439592,thread,1,account_worker,87,2440000000,3650000000,0,22824
7339405116439592,thread,1,trader_callback,83,1100000000,5020000000,0,155
7339405116439592,thread,1,trace_writer,84,1070000000,5040000000,0,32
7339405116439592,thread,1,latency_writer,85,1120000000,4990000000,0,254
7339405216811208,process,-1,process,79,11480000000,38390000000,6125,3
7339405216811208,thread,-1,producer,79,10000000,40000000,6125,3
7339405216811208,thread,-1,sampler,88,10000000,0,62,0
7339405216811208,thread,0,account_worker,86,2380000000,3810000000,0,22819
7339405216811208,thread,0,trader_callback,80,1130000000,5110000000,0,47
7339405216811208,thread,0,trace_writer,81,1130000000,5100000000,0,45
7339405216811208,thread,0,latency_writer,82,950000000,5270000000,0,97
7339405216811208,thread,1,account_worker,87,2480000000,3710000000,0,22825
7339405216811208,thread,1,trader_callback,83,1110000000,5110000000,0,156
7339405216811208,thread,1,trace_writer,84,1090000000,5120000000,0,32
7339405216811208,thread,1,latency_writer,85,1140000000,5070000000,0,257
7339405317178661,process,-1,process,79,11700000000,38980000000,6226,3
7339405317178661,thread,-1,producer,79,10000000,40000000,6226,3
7339405317178661,thread,-1,sampler,88,10000000,0,63,0
7339405317178661,thread,0,account_worker,86,2440000000,3860000000,0,22820
7339405317178661,thread,0,trader_callback,80,1150000000,5180000000,0,48
7339405317178661,thread,0,trace_writer,81,1140000000,5190000000,0,46
7339405317178661,thread,0,latency_writer,82,970000000,5350000000,0,97
7339405317178661,thread,1,account_worker,87,2530000000,3760000000,0,22826
7339405317178661,thread,1,trader_callback,83,1130000000,5190000000,0,157
7339405317178661,thread,1,trace_writer,84,1110000000,5210000000,0,32
7339405317178661,thread,1,latency_writer,85,1150000000,5160000000,0,260
7339405417537851,process,-1,process,79,11900000000,39580000000,6326,3
7339405417537851,thread,-1,producer,79,10000000,40000000,6326,3
7339405417537851,thread,-1,sampler,88,10000000,0,64,0
7339405417537851,thread,0,account_worker,86,2470000000,3930000000,0,22820
7339405417537851,thread,0,trader_callback,80,1170000000,5260000000,0,49
7339405417537851,thread,0,trace_writer,81,1160000000,5270000000,0,46
7339405417537851,thread,0,latency_writer,82,1010000000,5420000000,0,98
7339405417537851,thread,1,account_worker,87,2570000000,3820000000,0,22826
7339405417537851,thread,1,trader_callback,83,1150000000,5270000000,0,159
7339405417537851,thread,1,trace_writer,84,1130000000,5290000000,0,32
7339405417537851,thread,1,latency_writer,85,1180000000,5230000000,0,263
7339405517902943,process,-1,process,79,12060000000,40220000000,6426,3
7339405517902943,thread,-1,producer,79,10000000,40000000,6426,3
7339405517902943,thread,-1,sampler,88,10000000,0,65,0
7339405517902943,thread,0,account_worker,86,2500000000,4000000000,0,22821
7339405517902943,thread,0,trader_callback,80,1190000000,5340000000,0,49
7339405517902943,thread,0,trace_writer,81,1170000000,5360000000,0,46
7339405517902943,thread,0,latency_writer,82,1020000000,5510000000,0,98
7339405517902943,thread,1,account_worker,87,2600000000,3900000000,0,22826
7339405517902943,thread,1,trader_callback,83,1170000000,5350000000,0,161
7339405517902943,thread,1,trace_writer,84,1150000000,5370000000,0,32
7339405517902943,thread,1,latency_writer,85,1210000000,5310000000,0,266
7339405618270259,process,-1,process,79,12220000000,40870000000,6527,3
7339405618270259,thread,-1,producer,79,10000000,40000000,6527,3
7339405618270259,thread,-1,sampler,88,10000000,0,66,0
7339405618270259,thread,0,account_worker,86,2540000000,4060000000,0,22822
7339405618270259,thread,0,trader_callback,80,1210000000,5420000000,0,50
7339405618270259,thread,0,trace_writer,81,1180000000,5450000000,0,46
7339405618270259,thread,0,latency_writer,82,1020000000,5610000000,0,98
7339405618270259,thread,1,account_worker,87,2630000000,3970000000,0,22826
7339405618270259,thread,1,trader_callback,83,1180000000,5440000000,0,163
7339405618270259,thread,1,trace_writer,84,1180000000,5440000000,0,32
7339405618270259,thread,1,latency_writer,85,1220000000,5400000000,0,272
7339405718673148,process,-1,process,79,12420000000,41470000000,6627,3
7339405718673148,thread,-1,producer,79,10000000,40000000,6627,3
7339405718673148,thread,-1,sampler,88,10000000,0,67,0
7339405718673148,thread,0,account_worker,86,2590000000,4110000000,0,22822
7339405718673148,thread,0,trader_callback,80,1250000000,5490000000,0,50
7339405718673148,thread,0,trace_writer,81,1190000000,5530000000,0,46
7339405718673148,thread,0,latency_writer,82,1030000000,5700000000,0,98
7339405718673148,thread,1,account_worker,87,2670000000,4020000000,0,22826
7339405718673148,thread,1,trader_callback,83,1190000000,5530000000,0,164
7339405718673148,thread,1,trace_writer,84,1190000000,5530000000,0,34
7339405718673148,thread,1,latency_writer,85,1240000000,5470000000,0,282
7339405819046380,process,-1,process,79,12570000000,42120000000,6727,3
7339405819046380,thread,-1,producer,79,10000000,40000000,6727,3
7339405819046380,thread,-1,sampler,88,10000000,0,68,0
7339405819046380,thread,0,account_worker,86,2630000000,4160000000,0,22823
7339405819046380,thread,0,trader_callback,80,1260000000,5580000000,0,50
7339405819046380,thread,0,trace_writer,81,1200000000,5630000000,0,46
7339405819046380,thread,0,latency_writer,82,1050000000,5780000000,0,98
7339405819046380,thread,1,account_worker,87,2700000000,4090000000,0,22826
7339405819046380,thread,1,trader_callback,83,1200000000,5620000000,0,166
7339405819046380,thread,1,trace_writer,84,1200000000,5620000000,0,35
7339405819046380,thread,1,latency_writer,85,1250000000,5560000000,0,289
7339405919411220,process,-1,process,79,12730000000,42770000000,6828,3
7339405919411220,thread,-1,producer,79,10000000,40000000,6828,3
7339405919411220,thread,-1,sampler,88,10000000,0,69,0
7339405919411220,thread,0,account_worker,86,2660000000,4240000000,0,22823
7339405919411220,thread,0,trader_callback,80,1280000000,5660000000,0,50
7339405919411220,thread,0,trace_writer,81,1220000000,5710000000,0,46
7339405919411220,thread,0,latency_writer,82,1080000000,5850000000,0,98
7339405919411220,thread,1,account_worker,87,2740000000,4160000000,0,22826
7339405919411220,thread,1,trader_callback,83,1220000000,5710000000,0,167
7339405919411220,thread,1,trace_writer,84,1230000000,5690000000,0,36
7339405919411220,thread,1,latency_writer,85,1250000000,5660000000,0,298
7339406019769869,process,-1,process,79,12910000000,43390000000,6928,3
7339406019769869,thread,-1,producer,79,10000000,40000000,6928,3
7339406019769869,thread,-1,sampler,88,10000000,0,70,0
7339406019769869,thread,0,account_worker,86,2700000000,4300000000,0,22825
7339406019769869,thread,0,trader_callback,80,1300000000,5740000000,0,50
7339406019769869,thread,0,trace_writer,81,1240000000,5800000000,0,46
7339406019769869,thread,0,latency_writer,82,1100000000,5930000000,0,99
7339406019769869,thread,1,account_worker,87,2770000000,4220000000,0,22827
7339406019769869,thread,1,trader_callback,83,1230000000,5790000000,0,167
7339406019769869,thread,1,trace_writer,84,1250000000,5770000000,0,37
7339406019769869,thread,1,latency_writer,85,1260000000,5750000000,0,302
7339406120132331,process,-1,process,79,13150000000,43950000000,7029,3
7339406120132331,thread,-1,producer,79,10000000,40000000,7029,3
7339406120132331,thread,-1,sampler,88,10000000,0,71,0
7339406120132331,thread,0,account_worker,86,2760000000,4340000000,0,22826
7339406120132331,thread,0,trader_callback,80,1310000000,5820000000,0,51
7339406120132331,thread,0,trace_writer,81,1250000000,5880000000,0,47
7339406120132331,thread,0,latency_writer,82,1130000000,6000000000,0,99
7339406120132331,thread,1,account_worker,87,2810000000,4290000000,0,22827
7339406120132331,thread,1,trader_callback,83,1250000000,5870000000,0,167
7339406120132331,thread,1,trace_writer,84,1270000000,5840000000,0,38
7339406120132331,thread,1,latency_writer,85,1300000000,5810000000,0,306
7339406220502429,process,-1,process,79,13330000000,44580000000,7129,3
7339406220502429,thread,-1,producer,79,10000000,40000000,7129,3
7339406220502429,thread,-1,sampler,88,10000000,0,72,0
7339406220502429,thread,0,account_worker,86,2800000000,4400000000,0,22826
7339406220502429,thread,0,trader_callback,80,1340000000,5900000000,0,52
7339406220502429,thread,0,trace_writer,81,1270000000,5960000000,0,50
7339406220502429,thread,0,latency_writer,82,1140000000,6090000000,0,103
7339406220502429,thread,1,account_worker,87,2850000000,4350000000,0,22827
7339406220502429,thread,1,trader_callback,83,1260000000,5960000000,0,169
7339406220502429,thread,1,trace_writer,84,1290000000,5930000000,0,38
7339406220502429,thread,1,latency_writer,85,1330000000,5890000000,0,312
7339406320943630,process,-1,process,79,13470000000,45230000000,7229,3
7339406320943630,thread,-1,producer,79,10000000,40000000,7229,3
7339406320943630,thread,-1,sampler,88,10000000,0,73,0
7339406320943630,thread,0,account_worker,86,2820000000,4480000000,0,22826
7339406320943630,thread,0,trader_callback,80,1360000000,5980000000,0,56
7339406320943630,thread,0,trace_writer,81,1270000000,6060000000,0,51
7339406320943630,thread,0,latency_writer,82,1150000000,6180000000,0,103
7339406320943630,thread,1,account_worker,87,2880000000,4420000000,0,22827
7339406320943630,thread,1,trader_callback,83,1290000000,6030000000,0,171
7339406320943630,thread,1,trace_writer,84,1300000000,6020000000,0,38
7339406320943630,thread,1,latency_writer,85,1340000000,5980000000,0,312
7339406421397343,process,-1,process,79,13650000000,45860000000,7330,3
7339406421397343,thread,-1,producer,79,10000000,40000000,7330,3
7339406421397343,thread,-1,sampler,88,10000000,0,74,0
7339406421397343,thread,0,account_worker,86,2860000000,4530000000,0,22826
7339406421397343,thread,0,trader_callback,80,1380000000,6060000000,0,60
7339406421397343,thread,0,trace_writer,81,1290000000,6140000000,0,51
7339406421397343,thread,0,latency_writer,82,1170000000,6260000000,0,103
7339406421397343,thread,1,account_worker,87,2920000000,4480000000,0,22827
7339406421397343,thread,1,trader_callback,83,1310000000,6110000000,0,172
7339406421397343,thread,1,trace_writer,84,1310000000,6110000000,0,39
7339406421397343,thread,1,latency_writer,85,1350000000,6070000000,0,315
7339406521790382,process,-1,process,79,13840000000,46480000000,7430,3
7339406521790382,thread,-1,producer,79,10000000,40000000,7430,3
7339406521790382,thread,-1,sampler,88,10000000,10000000,75,0
7339406521790382,thread,0,account_worker,86,2900000000,4600000000,0,22828
7339406521790382,thread,0,trader_callback,80,1400000000,6130000000,0,60
7339406521790382,thread,0,trace_writer,81,1310000000,6230000000,0,51
7339406521790382,thread,0,latency_writer,82,1170000000,6360000000,0,104
7339406521790382,thread,1,account_worker,87,2960000000,4540000000,0,22827
7339406521790382,thread,1,trader_callback,83,1320000000,6200000000,0,172
7339406521790382,thread,1,trace_writer,84,1340000000,6180000000,0,39
7339406521790382,thread,1,latency_writer,85,1370000000,6150000000,0,318
7339406622186950,process,-1,process,79,14000000000,47120000000,7531,3
7339406622186950,thread,-1,producer,79,10000000,40000000,7531,3
7339406622186950,thread,-1,sampler,88,10000000,10000000,76,0
7339406622186950,thread,0,account_worker,86,2940000000,4660000000,0,22828
7339406622186950,thread,0,trader_callback,80,1420000000,6210000000,0,61
7339406622186950,thread,0,trace_writer,81,1320000000,6310000000,0,51
7339406622186950,thread,0,latency_writer,82,1190000000,6440000000,0,104
7339406622186950,thread,1,account_worker,87,3000000000,4600000000,0,22827
7339406622186950,thread,1,trader_callback,83,1330000000,6290000000,0,173
7339406622186950,thread,1,trace_writer,84,1340000000,6280000000,0,39
7339406622186950,thread,1,latency_writer,85,1390000000,6230000000,0,322
7339406722574398,process,-1,process,79,14210000000,47720000000,7631,3
7339406722574398,thread,-1,producer,79,10000000,40000000,7631,3
7339406722574398,thread,-1,sampler,88,10000000,10000000,77,0
7339406722574398,thread,0,account_worker,86,2980000000,4710000000,0,22828
7339406722574398,thread,0,trader_callback,80,1440000000,6300000000,0,61
7339406722574398,thread,0,trace_writer,81,1330000000,6400000000,0,51
7339406722574398,thread,0,latency_writer,82,1200000000,6530000000,0,104
7339406722574398,thread,1,account_worker,87,3040000000,4660000000,0,22827
7339406722574398,thread,1,trader_callback,83,1360000000,6360000000,0,173
7339406722574398,thread,1,trace_writer,84,1350000000,6370000000,0,39
7339406722574398,thread,1,latency_writer,85,1430000000,6290000000,0,322
7339406822943359,process,-1,process,79,14370000000,48350000000,7731,3
7339406822943359,thread,-1,producer,79,10000000,40000000,7731,3
7339406822943359,thread,-1,sampler,88,10000000,10000000,78,0
7339406822943359,thread,0,account_worker,86,3010000000,4790000000,0,22829
7339406822943359,thread,0,trader_callback,80,1470000000,6360000000,0,63
7339406822943359,thread,0,trace_writer,81,1350000000,6480000000,0,51
7339406822943359,thread,0,latency_writer,82,1230000000,6600000000,0,104
7339406822943359,thread,1,account_worker,87,3060000000,4730000000,0,22827
7339406822943359,thread,1,trader_callback,83,1370000000,6450000000,0,176
7339406822943359,thread,1,trace_writer,84,1360000000,6460000000,0,39
7339406822943359,thread,1,latency_writer,85,1450000000,6370000000,0,325
7339406923309898,process,-1,process,79,14570000000,48950000000,7832,3
7339406923309898,thread,-1,producer,79,10000000,40000000,7832,3
7339406923309898,thread,-1,sampler,88,10000000,10000000,79,0
7339406923309898,thread,0,account_worker,86,3040000000,4860000000,0,22831
7339406923309898,thread,0,trader_callback,80,1490000000,6440000000,0,64
7339406923309898,thread,0,trace_writer,81,1380000000,6550000000,0,51
7339406923309898,thread,0,latency_writer,82,1250000000,6680000000,0,104
7339406923309898,thread,1,account_worker,87,3100000000,4790000000,0,22827
7339406923309898,thread,1,trader_callback,83,1380000000,6550000000,0,179
7339406923309898,thread,1,trace_writer,84,1390000000,6530000000,0,39
7339406923309898,thread,1,latency_writer,85,1480000000,6440000000,0,329
7339407023671985,process,-1,process,79,14760000000,49570000000,7932,3
7339407023671985,thread,-1,producer,79,10000000,50000000,7932,3
7339407023671985,thread,-1,sampler,88,10000000,10000000,80,0
7339407023671985,thread,0,account_worker,86,3070000000,4930000000,0,22832
7339407023671985,thread,0,trader_callback,80,1520000000,6510000000,0,66
7339407023671985,thread,0,trace_writer,81,1400000000,6630000000,0,51
7339407023671985,thread,0,latency_writer,82,1270000000,6760000000,0,105
7339407023671985,thread,1,account_worker,87,3140000000,4850000000,0,22827
7339407023671985,thread,1,trader_callback,83,1390000000,6640000000,0,179
7339407023671985,thread,1,trace_writer,84,1390000000,6630000000,0,39
7339407023671985,thread,1,latency_writer,85,1490000000,6530000000,0,331
7339407124164670,process,-1,process,79,14970000000,50160000000,8033,3
7339407124164670,thread,-1,producer,79,10000000,50000000,8033,3
7339407124164670,thread,-1,sampler,88,10000000,10000000,81,0
7339407124164670,thread,0,account_worker,86,3120000000,4980000000,0,22833
7339407124164670,thread,0,trader_callback,80,1540000000,6590000000,0,66
7339407124164670,thread,0,trace_writer,81,1410000000,6720000000,0,55
7339407124164670,thread,0,latency_writer,82,1290000000,6840000000,0,105
7339407124164670,thread,1,account_worker,87,3200000000,4900000000,0,22829
7339407124164670,thread,1,trader_callback,83,1400000000,6720000000,0,185
7339407124164670,thread,1,trace_writer,84,1420000000,6700000000,0,40
7339407124164670,thread,1,latency_writer,85,1510000000,6610000000,0,335
7339407224537781,process,-1,process,79,15170000000,50770000000,8133,3
7339407224537781,thread,-1,producer,79,10000000,50000000,8133,3
7339407224537781,thread,-1,sampler,88,10000000,10000000,82,0
7339407224537781,thread,0,account_worker,86,3170000000,5030000000,0,22834
7339407224537781,thread,0,trader_callback,80,1560000000,6670000000,0,66
7339407224537781,thread,0,trace_writer,81,1430000000,6800000000,0,55
7339407224537781,thread,0,latency_writer,82,1310000000,6920000000,0,105
7339407224537781,thread,1,account_worker,87,3230000000,4970000000,0,22829
7339407224537781,thread,1,trader_callback,83,1420000000,6810000000,0,188
7339407224537781,thread,1,trace_writer,84,1440000000,6780000000,0,40
7339407224537781,thread,1,latency_writer,85,1530000000,6690000000,0,338
7339407324911734,process,-1,process,79,15330000000,51410000000,8233,3
7339407324911734,thread,-1,producer,79,10000000,50000000,8233,3
7339407324911734,thread,-1,sampler,88,10000000,10000000,83,0
7339407324911734,thread,0,account_worker,86,3210000000,5090000000,0,22835
7339407324911734,thread,0,trader_callback,80,1590000000,6750000000,0,66
7339407324911734,thread,0,trace_writer,81,1440000000,6890000000,0,57
7339407324911734,thread,0,latency_writer,82,1330000000,7000000000,0,105
7339407324911734,thread,1,account_worker,87,3250000000,5050000000,0,22830
7339407324911734,thread,1,trader_callback,83,1450000000,6880000000,0,190
7339407324911734,thread,1,trace_writer,84,1450000000,6870000000,0,40
7339407324911734,thread,1,latency_writer,85,1550000000,6780000000,0,338
7339407425419620,process,-1,process,79,15560000000,51980000000,8334,3
7339407425419620,thread,-1,producer,79,10000000,50000000,8334,3
7339407425419620,thread,-1,sampler,88,10000000,10000000,84,0
7339407425419620,thread,0,account_worker,86,3260000000,5150000000,0,22835
7339407425419620,thread,0,trader_callback,80,1610000000,6820000000,0,66
7339407425419620,thread,0,trace_writer,81,1470000000,6970000000,0,57
7339407425419620,thread,0,latency_writer,82,1350000000,7090000000,0,106
7339407425419620,thread,1,account_worker,87,3300000000,5100000000,0,22830
7339407425419620,thread,1,trader_callback,83,1460000000,6970000000,0,195
7339407425419620,thread,1,trace_writer,84,1470000000,6950000000,0,41
7339407425419620,thread,1,latency_writer,85,1570000000,6860000000,0,344
7339407525896955,process,-1,process,79,15730000000,52620000000,8434,3
7339407525896955,thread,-1,producer,79,10000000,50000000,8434,3
7339407525896955,thread,-1,sampler,88,10000000,10000000,85,0
7339407525896955,thread,0,account_worker,86,3290000000,5210000000,0,22836
7339407525896955,thread,0,trader_callback,80,1630000000,6900000000,0,66
7339407525896955,thread,0,trace_writer,81,1480000000,7050000000,0,57
7339407525896955,thread,0,latency_writer,82,1360000000,7170000000,0,106
7339407525896955,thread,1,account_worker,87,3350000000,5150000000,0,22830
7339407525896955,thread,1,trader_callback,83,1480000000,7050000000,0,197
7339407525896955,thread,1,trace_writer,84,1490000000,7040000000,0,41
7339407525896955,thread,1,latency_writer,85,1580000000,6940000000,0,348
7339407626329238,process,-1,process,79,15920000000,53240000000,8535,3
7339407626329238,thread,-1,producer,79,10000000,50000000,8535,3
7339407626329238,thread,-1,sampler,88,10000000,10000000,86,0
7339407626329238,thread,0,account_worker,86,3330000000,5270000000,0,22837
7339407626329238,thread,0,trader_callback,80,1650000000,6980000000,0,66
7339407626329238,thread,0,trace_writer,81,1500000000,7140000000,0,57
7339407626329238,thread,0,latency_writer,82,1380000000,7260000000,0,106
7339407626329238,thread,1,account_worker,87,3390000000,5210000000,0,22830
7339407626329238,thread,1,trader_callback,83,1510000000,7120000000,0,199
7339407626329238,thread,1,trace_writer,84,1510000000,7120000000,0,41
7339407626329238,thread,1,latency_writer,85,1590000000,7030000000,0,354
7339407726730931,process,-1,process,79,16130000000,53830000000,8635,3
7339407726730931,thread,-1,producer,79,10000000,50000000,8635,3
7339407726730931,thread,-1,sampler,88,10000000,10000000,87,0
7339407726730931,thread,0,account_worker,86,3380000000,5320000000,0,22838
7339407726730931,thread,0,trader_callback,80,1680000000,7060000000,0,66
7339407726730931,thread,0,trace_writer,81,1520000000,7210000000,0,58
7339407726730931,thread,0,latency_writer,82,1390000000,7340000000,0,106
7339407726730931,thread,1,account_worker,87,3430000000,5270000000,0,22830
7339407726730931,thread,1,trader_callback,83,1520000000,7210000000,0,199
7339407726730931,thread,1,trace_writer,84,1530000000,7190000000,0,41
7339407726730931,thread,1,latency_writer,85,1610000000,7120000000,0,358
7339407827203464,process,-1,process,79,16330000000,54430000000,8736,3
7339407827203464,thread,-1,producer,79,10000000,50000000,8736,3
7339407827203464,thread,-1,sampler,88,10000000,10000000,88,0
7339407827203464,thread,0,account_worker,86,3420000000,5380000000,0,22839
7339407827203464,thread,0,trader_callback,80,1720000000,7120000000,0,66
7339407827203464,thread,0,trace_writer,81,1530000000,7300000000,1,58
7339407827203464,thread,0,latency_writer,82,1400000000,7430000000,0,107
7339407827203464,thread,1,account_worker,87,3480000000,5330000000,0,22831
7339407827203464,thread,1,trader_callback,83,1530000000,7290000000,0,205
7339407827203464,thread,1,trace_writer,84,1550000000,7280000000,1,42
7339407827203464,thread,1,latency_writer,85,1620000000,7200000000,0,365
7339407927571806,process,-1,process,79,16520000000,55040000000,8832,3
7339407927571806,thread,-1,producer,79,10000000,50000000,8832,3
7339407927571806,thread,-1,sampler,88,10000000,10000000,89,0
7339407927571806,thread,0,account_worker,86,3460000000,5440000000,0,22839
7339407927571806,thread,0,trader_callback,80,1730000000,7200000000,0,67
7339407927571806,thread,0,trace_writer,81,1560000000,7380000000,1,58
7339407927571806,thread,0,latency_writer,82,1430000000,7500000000,0,110
7339407927571806,thread,1,account_worker,87,3510000000,5390000000,0,22831
7339407927571806,thread,1,trader_callback,83,1550000000,7380000000,0,208
7339407927571806,thread,1,trace_writer,84,1570000000,7350000000,1,43
7339407927571806,thread,1,latency_writer,85,1630000000,7290000000,0,374
7339408027946808,process,-1,process,79,16710000000,55660000000,8932,3
7339408027946808,thread,-1,producer,79,10000000,50000000,8932,3
7339408027946808,thread,-1,sampler,88,10000000,10000000,90,0
7339408027946808,thread,0,account_worker,86,3500000000,5500000000,0,22840
7339408027946808,thread,0,trader_callback,80,1750000000,7280000000,0,68
7339408027946808,thread,0,trace_writer,81,1570000000,7470000000,1,59
7339408027946808,thread,0,latency_writer,82,1440000000,7590000000,0,111
7339408027946808,thread,1,account_worker,87,3570000000,5430000000,0,22832
7339408027946808,thread,1,trader_callback,83,1570000000,7460000000,0,212
7339408027946808,thread,1,trace_writer,84,1590000000,7440000000,1,44
7339408027946808,thread,1,latency_writer,85,1650000000,7370000000,0,381
7339408128467620,process,-1,process,79,16940000000,56230000000,9033,3
7339408128467620,thread,-1,producer,79,10000000,50000000,9033,3
7339408128467620,thread,-1,sampler,88,10000000,10000000,91,0
7339408128467620,thread,0,account_worker,86,3570000000,5530000000,0,22841
7339408128467620,thread,0,trader_callback,80,1760000000,7380000000,0,68
7339408128467620,thread,0,trace_writer,81,1600000000,7540000000,1,59
7339408128467620,thread,0,latency_writer,82,1460000000,7670000000,0,112
7339408128467620,thread,1,account_worker,87,3600000000,5500000000,0,22832
7339408128467620,thread,1,trader_callback,83,1590000000,7540000000,0,213
7339408128467620,thread,1,trace_writer,84,1610000000,7510000000,1,45
7339408128467620,thread,1,latency_writer,85,1670000000,7460000000,0,385
7339408228955530,process,-1,process,79,17110000000,56870000000,9133,3
7339408228955530,thread,-1,producer,79,10000000,50000000,9133,3
7339408228955530,thread,-1,sampler,88,10000000,10000000,92,0
7339408228955530,thread,0,account_worker,86,3610000000,5590000000,0,22842
7339408228955530,thread,0,trader_callback,80,1780000000,7460000000,0,68
7339408228955530,thread,0,trace_writer,81,1610000000,7630000000,1,59
7339408228955530,thread,0,latency_writer,82,1470000000,7770000000,0,112
7339408228955530,thread,1,account_worker,87,3620000000,5580000000,0,22832
7339408228955530,thread,1,trader_callback,83,1610000000,7620000000,0,216
7339408228955530,thread,1,trace_writer,84,1650000000,7580000000,1,45
7339408228955530,thread,1,latency_writer,85,1680000000,7550000000,0,391
7339408333349528,process,-1,process,79,17300000000,57520000000,9238,3
7339408333349528,thread,-1,producer,79,10000000,50000000,9238,3
7339408333349528,thread,-1,sampler,88,10000000,10000000,93,0
7339408333349528,thread,0,account_worker,86,3640000000,5670000000,0,22842
7339408333349528,thread,0,trader_callback,80,1780000000,7560000000,0,68
7339408333349528,thread,0,trace_writer,81,1640000000,7710000000,1,59
7339408333349528,thread,0,latency_writer,82,1500000000,7840000000,0,115
7339408333349528,thread,1,account_worker,87,3670000000,5640000000,0,22832
7339408333349528,thread,1,trader_callback,83,1630000000,7700000000,0,218
7339408333349528,thread,1,trace_writer,84,1670000000,7660000000,1,45
7339408333349528,thread,1,latency_writer,85,1690000000,7630000000,0,397
7339408433718424,process,-1,process,79,17530000000,58090000000,9338,3
7339408433718424,thread,-1,producer,79,10000000,50000000,9338,3
7339408433718424,thread,-1,sampler,88,10000000,10000000,94,0
7339408433718424,thread,0,account_worker,86,3680000000,5730000000,0,22843
7339408433718424,thread,0,trader_callback,80,1800000000,7640000000,0,68
7339408433718424,thread,0,trace_writer,81,1660000000,7790000000,1,59
7339408433718424,thread,0,latency_writer,82,1530000000,7910000000,0,116
7339408433718424,thread,1,account_worker,87,3710000000,5700000000,0,22832
7339408433718424,thread,1,trader_callback,83,1660000000,7770000000,0,221
7339408433718424,thread,1,trace_writer,84,1690000000,7740000000,1,47
7339408433718424,thread,1,latency_writer,85,1730000000,7690000000,0,403
7339408534081923,process,-1,process,79,17700000000,58720000000,9438,3
7339408534081923,thread,-1,producer,79,10000000,50000000,9438,3
7339408534081923,thread,-1,sampler,88,10000000,10000000,95,0
7339408534081923,thread,0,account_worker,86,3730000000,5780000000,0,22844
7339408534081923,thread,0,trader_callback,80,1820000000,7720000000,0,68
7339408534081923,thread,0,trace_writer,81,1670000000,7870000000,1,59
7339408534081923,thread,0,latency_writer,82,1540000000,8000000000,0,116
7339408534081923,thread,1,account_worker,87,3750000000,5760000000,0,22832
7339408534081923,thread,1,trader_callback,83,1680000000,7860000000,0,222
7339408534081923,thread,1,trace_writer,84,1700000000,7830000000,1,47
7339408534081923,thread,1,latency_writer,85,1740000000,7790000000,0,406
7339408634466468,process,-1,process,79,17880000000,59340000000,9539,3
7339408634466468,thread,-1,producer,79,10000000,50000000,9539,3
7339408634466468,thread,-1,sampler,88,10000000,10000000,96,0
7339408634466468,thread,0,account_worker,86,3780000000,5830000000,0,22844
7339408634466468,thread,0,trader_callback,80,1830000000,7810000000,0,68
7339408634466468,thread,0,trace_writer,81,1680000000,7960000000,1,69
7339408634466468,thread,0,latency_writer,82,1560000000,8080000000,0,116
7339408634466468,thread,1,account_worker,87,3780000000,5830000000,0,22832
7339408634466468,thread,1,trader_callback,83,1690000000,7950000000,0,226
7339408634466468,thread,1,trace_writer,84,1720000000,7910000000,1,47
7339408634466468,thread,1,latency_writer,85,1770000000,7860000000,0,416
7339408734871551,process,-1,process,79,18100000000,59940000000,9639,3
7339408734871551,thread,-1,producer,79,10000000,50000000,9639,3
7339408734871551,thread,-1,sampler,88,10000000,10000000,97,0
7339408734871551,thread,0,account_worker,86,3830000000,5880000000,0,22844
7339408734871551,thread,0,trader_callback,80,1850000000,7890000000,0,68
7339408734871551,thread,0,trace_writer,81,1700000000,8050000000,1,69
7339408734871551,thread,0,latency_writer,82,1580000000,8170000000,0,116
7339408734871551,thread,1,account_worker,87,3820000000,5890000000,0,22832
7339408734871551,thread,1,trader_callback,83,1720000000,8020000000,0,226
7339408734871551,thread,1,trace_writer,84,1740000000,7990000000,1,47
7339408734871551,thread,1,latency_writer,85,1790000000,7940000000,0,429
7339408835363883,process,-1,process,79,18300000000,60540000000,9740,3
7339408835363883,thread,-1,producer,79,10000000,50000000,9740,3
7339408835363883,thread,-1,sampler,88,10000000,10000000,98,0
7339408835363883,thread,0,account_worker,86,3860000000,5950000000,0,22859
7339408835363883,thread,0,trader_callback,80,1870000000,7970000000,0,83
7339408835363883,thread,0,trace_writer,81,1730000000,8110000000,1,88
7339408835363883,thread,0,latency_writer,82,1590000000,8260000000,0,134
7339408835363883,thread,1,account_worker,87,3860000000,5950000000,0,22847
7339408835363883,thread,1,trader_callback,83,1730000000,8110000000,0,246
7339408835363883,thread,1,trace_writer,84,1750000000,8080000000,1,62
7339408835363883,thread,1,latency_writer,85,1820000000,8010000000,0,445
7339408935754338,process,-1,process,79,18430000000,61160000000,9840,3
7339408935754338,thread,-1,producer,79,10000000,50000000,9840,3
7339408935754338,thread,-1,sampler,88,10000000,10000000,99,0
7339408935754338,thread,0,account_worker,86,3880000000,6010000000,0,60058
7339408935754338,thread,0,trader_callback,80,1880000000,8060000000,0,83
7339408935754338,thread,0,trace_writer,81,1740000000,8200000000,1,88
7339408935754338,thread,0,latency_writer,82,1600000000,8340000000,0,134
7339408935754338,thread,1,account_worker,87,3900000000,6010000000,0,22847
7339408935754338,thread,1,trader_callback,83,1750000000,8190000000,0,246
7339408935754338,thread,1,trace_writer,84,1770000000,8160000000,1,62
7339408935754338,thread,1,latency_writer,85,1830000000,8080000000,0,37754
7339409036128553,process,-1,process,79,18590000000,61790000000,9940,3
7339409036128553,thread,-1,producer,79,10000000,50000000,9941,3
7339409036128553,thread,-1,sampler,88,10000000,10000000,100,0
7339409036128553,thread,0,account_worker,86,3920000000,6060000000,0,68727
7339409036128553,thread,0,trader_callback,80,1890000000,8150000000,0,84
7339409036128553,thread,0,trace_writer,81,1760000000,8290000000,1,92
7339409036128553,thread,0,latency_writer,82,1610000000,8430000000,0,135
7339409036128553,thread,1,account_worker,87,3930000000,6080000000,0,22848
7339409036128553,thread,1,trader_callback,83,1770000000,8270000000,0,250
7339409036128553,thread,1,trace_writer,84,1800000000,8240000000,1,62
7339409036128553,thread,1,latency_writer,85,1840000000,8150000000,0,46314
7339409136503835,process,-1,process,79,18780000000,62400000000,10040,3
7339409136503835,thread,-1,producer,79,10000000,50000000,10040,3
7339409136503835,thread,-1,sampler,88,10000000,20000000,101,0
7339409136503835,thread,0,account_worker,86,3950000000,6130000000,0,68728
7339409136503835,thread,0,trader_callback,80,1920000000,8230000000,0,84
7339409136503835,thread,0,trace_writer,81,1770000000,8380000000,1,92
7339409136503835,thread,0,latency_writer,82,1640000000,8500000000,0,135
7339409136503835,thread,1,account_worker,87,3970000000,6140000000,0,22849
7339409136503835,thread,1,trader_callback,83,1790000000,8350000000,0,251
7339409136503835,thread,1,trace_writer,84,1810000000,8320000000,1,63
7339409136503835,thread,1,latency_writer,85,1860000000,8240000000,0,46316
7339409236864362,process,-1,process,79,18980000000,63010000000,10140,3
7339409236864362,thread,-1,producer,79,10000000,50000000,10140,3
7339409236864362,thread,-1,sampler,88,10000000,20000000,102,0
7339409236864362,thread,0,account_worker,86,3990000000,6200000000,0,68729
7339409236864362,thread,0,trader_callback,80,1930000000,8310000000,0,84
7339409236864362,thread,0,trace_writer,81,1790000000,8460000000,1,92
7339409236864362,thread,0,latency_writer,82,1660000000,8590000000,0,135
7339409236864362,thread,1,account_worker,87,4010000000,6200000000,0,22849
7339409236864362,thread,1,trader_callback,83,1820000000,8420000000,0,254
7339409236864362,thread,1,trace_writer,84,1840000000,8400000000,1,63
7339409236864362,thread,1,latency_writer,85,1870000000,8330000000,0,46316
7339409337208805,process,-1,process,79,19130000000,63660000000,10241,3
7339409337208805,thread,-1,producer,79,10000000,50000000,10241,3
7339409337208805,thread,-1,sampler,88,10000000,20000000,103,0
7339409337208805,thread,0,account_worker,86,4010000000,6270000000,0,68730
7339409337208805,thread,0,trader_callback,80,1950000000,8390000000,0,84
7339409337208805,thread,0,trace_writer,81,1810000000,8540000000,1,93
7339409337208805,thread,0,latency_writer,82,1670000000,8680000000,0,138
7339409337208805,thread,1,account_worker,87,4040000000,6270000000,0,22850
7339409337208805,thread,1,trader_callback,83,1830000000,8510000000,0,256
7339409337208805,thread,1,trace_writer,84,1850000000,8490000000,1,63
7339409337208805,thread,1,latency_writer,85,1900000000,8400000000,0,46316
7339409437670932,process,-1,process,79,19310000000,64290000000,10341,3
7339409437670932,thread,-1,producer,79,10000000,50000000,10341,3
7339409437670932,thread,-1,sampler,88,10000000,20000000,104,0
7339409437670932,thread,0,account_worker,86,4040000000,6340000000,0,68730
7339409437670932,thread,0,trader_callback,80,1970000000,8480000000,0,84
7339409437670932,thread,0,trace_writer,81,1830000000,8610000000,1,93
7339409437670932,thread,0,latency_writer,82,1690000000,8760000000,0,139
7339409437670932,thread,1,account_worker,87,4080000000,6330000000,0,22850
7339409437670932,thread,1,trader_callback,83,1850000000,8590000000,0,258
7339409437670932,thread,1,trace_writer,84,1860000000,8570000000,1,63
7339409437670932,thread,1,latency_writer,85,1920000000,8480000000,0,46318
7339409538043554,process,-1,process,79,19480000000,64920000000,10441,3
7339409538043554,thread,-1,producer,79,10000000,50000000,10441,3
7339409538043554,thread,-1,sampler,88,10000000,20000000,105,0
7339409538043554,thread,0,account_worker,86,4070000000,6410000000,0,68731
7339409538043554,thread,0,trader_callback,80,2000000000,8540000000,0,84
7339409538043554,thread,0,trace_writer,81,1850000000,8700000000,1,93
7339409538043554,thread,0,latency_writer,82,1710000000,8840000000,0,139
7339409538043554,thread,1,account_worker,87,4120000000,6400000000,0,22850
7339409538043554,thread,1,trader_callback,83,1860000000,8680000000,0,264
7339409538043554,thread,1,trace_writer,84,1870000000,8660000000,1,63
7339409538043554,thread,1,latency_writer,85,1920000000,8580000000,0,46318
7339409638403401,process,-1,process,79,19650000000,65550000000,10542,3
7339409638403401,thread,-1,producer,79,10000000,50000000,10542,3
7339409638403401,thread,-1,sampler,88,10000000,20000000,106,0
7339409638403401,thread,0,account_worker,86,4120000000,6470000000,0,68732
7339409638403401,thread,0,trader_callback,80,2020000000,8630000000,0,84
7339409638403401,thread,0,trace_writer,81,1880000000,8770000000,1,93
7339409638403401,thread,0,latency_writer,82,1720000000,8920000000,0,139
7339409638403401,thread,1,account_worker,87,4150000000,6470000000,0,22850
7339409638403401,thread,1,trader_callback,83,1870000000,8770000000,0,265
7339409638403401,thread,1,trace_writer,84,1880000000,8750000000,1,63
7339409638403401,thread,1,latency_writer,85,1940000000,8660000000,0,46318
7339409738764831,process,-1,process,79,19840000000,66170000000,10642,3
7339409738764831,thread,-1,producer,79,10000000,50000000,10642,3
7339409738764831,thread,-1,sampler,88,10000000,20000000,107,0
7339409738764831,thread,0,account_worker,86,4160000000,6520000000,0,68733
7339409738764831,thread,0,trader_callback,80,2040000000,8700000000,0,84
7339409738764831,thread,0,trace_writer,81,1900000000,8850000000,1,93
7339409738764831,thread,0,latency_writer,82,1740000000,9010000000,0,142
7339409738764831,thread,1,account_worker,87,4200000000,6520000000,0,22850
7339409738764831,thread,1,trader_callback,83,1890000000,8850000000,0,268
7339409738764831,thread,1,trace_writer,84,1900000000,8840000000,1,63
7339409738764831,thread,1,latency_writer,85,1940000000,8760000000,0,46318
7339409839140089,process,-1,process,79,20050000000,66760000000,10742,3
7339409839140089,thread,-1,producer,79,10000000,50000000,10742,3
7339409839140089,thread,-1,sampler,88,10000000,20000000,108,0
7339409839140089,thread,0,account_worker,86,4210000000,6580000000,0,68734
7339409839140089,thread,0,trader_callback,80,2070000000,8770000000,0,84
7339409839140089,thread,0,trace_writer,81,1920000000,8930000000,1,93
7339409839140089,thread,0,latency_writer,82,1760000000,9080000000,0,143
7339409839140089,thread,1,account_worker,87,4240000000,6570000000,0,22850
7339409839140089,thread,1,trader_callback,83,1900000000,8940000000,0,270
7339409839140089,thread,1,trace_writer,84,1920000000,8920000000,1,64
7339409839140089,thread,1,latency_writer,85,1950000000,8850000000,0,46319
7339409939652506,process,-1,process,79,20280000000,67340000000,10842,3
7339409939652506,thread,-1,producer,79,10000000,50000000,10842,3
7339409939652506,thread,-1,sampler,88,10000000,20000000,109,0
7339409939652506,thread,0,account_worker,86,4250000000,6630000000,0,68734
7339409939652506,thread,0,trader_callback,80,2100000000,8840000000,0,87
7339409939652506,thread,0,trace_writer,81,1950000000,9000000000,1,96
7339409939652506,thread,0,latency_writer,82,1790000000,9160000000,0,143
7339409939652506,thread,1,account_worker,87,4280000000,6640000000,0,22850
7339409939652506,thread,1,trader_callback,83,1920000000,9020000000,0,274
7339409939652506,thread,1,trace_writer,84,1950000000,8980000000,1,65
7339409939652506,thread,1,latency_writer,85,1960000000,8940000000,0,46320
7339410040150981,process,-1,process,79,20420000000,68000000000,10941,3
7339410040150981,thread,-1,producer,79,10000000,50000000,10941,3
7339410040150981,thread,-1,sampler,88,10000000,20000000,110,0
7339410040150981,thread,0,account_worker,86,4290000000,6700000000,0,68735
7339410040150981,thread,0,trader_callback,80,2120000000,8930000000,0,88
7339410040150981,thread,0,trace_writer,81,1960000000,9090000000,1,97
7339410040150981,thread,0,latency_writer,82,1810000000,9240000000,0,144
7339410040150981,thread,1,account_worker,87,4280000000,6730000000,0,22851
7339410040150981,thread,1,trader_callback,83,1920000000,9120000000,0,279
7339410040150981,thread,1,trace_writer,84,1980000000,9060000000,1,66
7339410040150981,thread,1,latency_writer,85,1990000000,9010000000,0,46320
7339410140518651,process,-1,process,79,20610000000,68610000000,11041,3
7339410140518651,thread,-1,producer,79,10000000,50000000,11041,3
7339410140518651,thread,-1,sampler,88,10000000,20000000,111,0
7339410140518651,thread,0,account_worker,86,4330000000,6750000000,0,68736
7339410140518651,thread,0,trader_callback,80,2130000000,9010000000,0,88
7339410140518651,thread,0,trace_writer,81,1970000000,9180000000,1,97
7339410140518651,thread,0,latency_writer,82,1840000000,9310000000,0,144
7339410140518651,thread,1,account_worker,87,4310000000,6800000000,0,22851
7339410140518651,thread,1,trader_callback,83,1950000000,9190000000,0,280
7339410140518651,thread,1,trace_writer,84,2000000000,9140000000,1,67
7339410140518651,thread,1,latency_writer,85,2000000000,9100000000,0,46321
7339410240868980,process,-1,process,79,20820000000,69200000000,11141,3
7339410240868980,thread,-1,producer,79,20000000,60000000,11141,3
7339410240868980,thread,-1,sampler,88,10000000,20000000,112,0
7339410240868980,thread,0,account_worker,86,4370000000,6810000000,0,68737
7339410240868980,thread,0,trader_callback,80,2160000000,9090000000,0,88
7339410240868980,thread,0,trace_writer,81,1990000000,9260000000,1,97
7339410240868980,thread,0,latency_writer,82,1860000000,9390000000,0,144
7339410240868980,thread,1,account_worker,87,4370000000,6850000000,0,22851
7339410240868980,thread,1,trader_callback,83,1970000000,9270000000,0,284
7339410240868980,thread,1,trace_writer,84,2020000000,9220000000,1,67
7339410240868980,thread,1,latency_writer,85,2020000000,9190000000,0,46321
7339410341218845,process,-1,process,79,20990000000,69840000000,11242,3
7339410341218845,thread,-1,producer,79,20000000,60000000,11242,3
7339410341218845,thread,-1,sampler,88,10000000,20000000,113,0
7339410341218845,thread,0,account_worker,86,4430000000,6860000000,0,68737
7339410341218845,thread,0,trader_callback,80,2170000000,9180000000,0,88
7339410341218845,thread,0,trace_writer,81,1990000000,9360000000,1,97
7339410341218845,thread,0,latency_writer,82,1870000000,9480000000,0,144
7339410341218845,thread,1,account_worker,87,4410000000,6910000000,0,22851
7339410341218845,thread,1,trader_callback,83,1990000000,9350000000,0,285
7339410341218845,thread,1,trace_writer,84,2030000000,9310000000,1,67
7339410341218845,thread,1,latency_writer,85,2040000000,9260000000,0,46321
7339410441564525,process,-1,process,79,21220000000,70410000000,11342,3
7339410441564525,thread,-1,producer,79,20000000,60000000,11342,3
7339410441564525,thread,-1,sampler,88,10000000,20000000,114,0
7339410441564525,thread,0,account_worker,86,4470000000,6910000000,0,68737
7339410441564525,thread,0,trader_callback,80,2200000000,9250000000,0,88
7339410441564525,thread,0,trace_writer,81,2010000000,9450000000,1,97
7339410441564525,thread,0,latency_writer,82,1890000000,9550000000,0,144
7339410441564525,thread,1,account_worker,87,4450000000,6960000000,0,22851
7339410441564525,thread,1,trader_callback,83,2010000000,9430000000,0,289
7339410441564525,thread,1,trace_writer,84,2040000000,9400000000,1,68
7339410441564525,thread,1,latency_writer,85,2070000000,9340000000,0,46321
7339410541910585,process,-1,process,79,21380000000,71060000000,11442,3
7339410541910585,thread,-1,producer,79,20000000,60000000,11442,3
7339410541910585,thread,-1,sampler,88,10000000,20000000,115,0
7339410541910585,thread,0,account_worker,86,4520000000,6970000000,0,68739
7339410541910585,thread,0,trader_callback,80,2210000000,9340000000,0,88
7339410541910585,thread,0,trace_writer,81,2010000000,9540000000,1,97
7339410541910585,thread,0,latency_writer,82,1900000000,9650000000,0,144
7339410541910585,thread,1,account_worker,87,4490000000,7030000000,0,22851
7339410541910585,thread,1,trader_callback,83,2020000000,9520000000,0,290
7339410541910585,thread,1,trace_writer,84,2060000000,9480000000,1,68
7339410541910585,thread,1,latency_writer,85,2090000000,9410000000,0,46321
7339410642277238,process,-1,process,79,21590000000,71650000000,11540,3
7339410642277238,thread,-1,producer,79,20000000,60000000,11540,3
7339410642277238,thread,-1,sampler,88,10000000,20000000,116,0
7339410642277238,thread,0,account_worker,86,4580000000,7010000000,0,68740
7339410642277238,thread,0,trader_callback,80,2220000000,9430000000,0,88
7339410642277238,thread,0,trace_writer,81,2040000000,9610000000,1,100
7339410642277238,thread,0,latency_writer,82,1940000000,9710000000,0,145
7339410642277238,thread,1,account_worker,87,4520000000,7090000000,0,22851
7339410642277238,thread,1,trader_callback,83,2040000000,9610000000,0,294
7339410642277238,thread,1,trace_writer,84,2070000000,9570000000,1,68
7339410642277238,thread,1,latency_writer,85,2100000000,9500000000,0,46321
7339410742622332,process,-1,process,79,21810000000,72230000000,11640,3
7339410742622332,thread,-1,producer,79,20000000,60000000,11640,3
7339410742622332,thread,-1,sampler,88,10000000,20000000,117,0
7339410742622332,thread,0,account_worker,86,4630000000,7060000000,0,68741
7339410742622332,thread,0,trader_callback,80,2250000000,9500000000,0,88
7339410742622332,thread,0,trace_writer,81,2050000000,9700000000,1,100
7339410742622332,thread,0,latency_writer,82,1960000000,9800000000,0,145
7339410742622332,thread,1,account_worker,87,4580000000,7140000000,0,22851
7339410742622332,thread,1,trader_callback,83,2060000000,9690000000,0,295
7339410742622332,thread,1,trace_writer,84,2110000000,9630000000,1,68
7339410742622332,thread,1,latency_writer,85,2100000000,9600000000,0,46323
7339410842968348,process,-1,process,79,22010000000,72840000000,11740,3
7339410842968348,thread,-1,producer,79,20000000,60000000,11740,3
7339410842968348,thread,-1,sampler,88,10000000,20000000,118,0
7339410842968348,thread,0,account_worker,86,4680000000,7110000000,0,68741
7339410842968348,thread,0,trader_callback,80,2260000000,9590000000,0,88
7339410842968348,thread,0,trace_writer,81,2070000000,9780000000,1,100
7339410842968348,thread,0,latency_writer,82,1970000000,9880000000,0,145
7339410842968348,thread,1,account_worker,87,4610000000,7210000000,0,22851
7339410842968348,thread,1,trader_callback,83,2080000000,9760000000,0,297
7339410842968348,thread,1,trace_writer,84,2140000000,9700000000,1,68
7339410842968348,thread,1,latency_writer,85,2120000000,9690000000,0,46324
7339410943323975,process,-1,process,79,22230000000,73420000000,11839,3
7339410943323975,thread,-1,producer,79,20000000,60000000,11839,3
7339410943323975,thread,-1,sampler,88,10000000,20000000,119,0
7339410943323975,thread,0,account_worker,86,4730000000,7160000000,0,68743
7339410943323975,thread,0,trader_callback,80,2290000000,9660000000,0,88
7339410943323975,thread,0,trace_writer,81,2100000000,9850000000,1,100
7339410943323975,thread,0,latency_writer,82,1980000000,9970000000,0,145
7339410943323975,thread,1,account_worker,87,4650000000,7270000000,0,22851
7339410943323975,thread,1,trader_callback,83,2100000000,9840000000,0,300
7339410943323975,thread,1,trace_writer,84,2150000000,9790000000,1,68
7339410943323975,thread,1,latency_writer,85,2140000000,9770000000,0,46324
7339411043705319,process,-1,process,79,22430000000,74020000000,11938,3
7339411043705319,thread,-1,producer,79,20000000,60000000,11938,3
7339411043705319,thread,-1,sampler,88,10000000,20000000,120,0
7339411043705319,thread,0,account_worker,86,4770000000,7220000000,0,68744
7339411043705319,thread,0,trader_callback,80,2300000000,9750000000,0,89
7339411043705319,thread,0,trace_writer,81,2120000000,9940000000,1,101
7339411043705319,thread,0,latency_writer,82,2010000000,10040000000,0,146
7339411043705319,thread,1,account_worker,87,4690000000,7330000000,0,22852
7339411043705319,thread,1,trader_callback,83,2130000000,9910000000,0,300
7339411043705319,thread,1,trace_writer,84,2170000000,9870000000,1,68
7339411043705319,thread,1,latency_writer,85,2180000000,9830000000,0,46325
7339411144015726,process,-1,process,79,22610000000,74650000000,12038,3
7339411144015726,thread,-1,producer,79,20000000,60000000,12038,3
7339411144015726,thread,-1,sampler,88,10000000,20000000,121,0
7339411144015726,thread,0,account_worker,86,4800000000,7290000000,0,68746
7339411144015726,thread,0,trader_callback,80,2310000000,9840000000,0,89
7339411144015726,thread,0,trace_writer,81,2140000000,10010000000,1,101
7339411144015726,thread,0,latency_writer,82,2020000000,10130000000,0,146
7339411144015726,thread,1,account_worker,87,4730000000,7380000000,0,22853
7339411144015726,thread,1,trader_callback,83,2150000000,9990000000,0,304
7339411144015726,thread,1,trace_writer,84,2190000000,9960000000,1,69
7339411144015726,thread,1,latency_writer,85,2190000000,9920000000,0,46326
7339411244453145,process,-1,process,79,22760000000,75300000000,12137,3
7339411244453145,thread,-1,producer,79,20000000,60000000,12137,3
7339411244453145,thread,-1,sampler,88,10000000,20000000,122,0
7339411244453145,thread,0,account_worker,86,4830000000,7360000000,0,68746
7339411244453145,thread,0,trader_callback,80,2320000000,9930000000,0,89
7339411244453145,thread,0,trace_writer,81,2150000000,10100000000,1,101
7339411244453145,thread,0,latency_writer,82,2040000000,10210000000,0,146
7339411244453145,thread,1,account_worker,87,4760000000,7460000000,0,22853
7339411244453145,thread,1,trader_callback,83,2170000000,10070000000,0,307
7339411244453145,thread,1,trace_writer,84,2190000000,10050000000,1,69
7339411244453145,thread,1,latency_writer,85,2220000000,9990000000,0,46327
7339411344813436,process,-1,process,79,22940000000,75920000000,12237,4
7339411344813436,thread,-1,producer,79,20000000,60000000,12237,4
7339411344813436,thread,-1,sampler,88,10000000,20000000,123,0
7339411344813436,thread,0,account_worker,86,4870000000,7420000000,0,68747
7339411344813436,thread,0,trader_callback,80,2320000000,10030000000,0,89
7339411344813436,thread,0,trace_writer,81,2170000000,10180000000,1,102
7339411344813436,thread,0,latency_writer,82,2070000000,10290000000,0,146
7339411344813436,thread,1,account_worker,87,4800000000,7520000000,0,22854
7339411344813436,thread,1,trader_callback,83,2190000000,10160000000,0,311
7339411344813436,thread,1,trace_writer,84,2210000000,10140000000,1,70
7339411344813436,thread,1,latency_writer,85,2240000000,10060000000,0,46327
7339411447213844,process,-1,process,79,23130000000,76550000000,12339,4
7339411447213844,thread,-1,producer,79,20000000,60000000,12339,4
7339411447213844,thread,-1,sampler,88,10000000,20000000,124,0
7339411447213844,thread,0,account_worker,86,4900000000,7490000000,0,68747
7339411447213844,thread,0,trader_callback,80,2340000000,10120000000,0,89
7339411447213844,thread,0,trace_writer,81,2190000000,10270000000,1,102
7339411447213844,thread,0,latency_writer,82,2080000000,10380000000,0,146
7339411447213844,thread,1,account_worker,87,4860000000,7570000000,0,22854
7339411447213844,thread,1,trader_callback,83,2210000000,10240000000,0,313
7339411447213844,thread,1,trace_writer,84,2220000000,10230000000,1,70
7339411447213844,thread,1,latency_writer,85,2260000000,10140000000,0,46329
7339411547593496,process,-1,process,79,23320000000,77160000000,12439,4
7339411547593496,thread,-1,producer,79,20000000,60000000,12439,4
7339411547593496,thread,-1,sampler,88,10000000,20000000,125,0
7339411547593496,thread,0,account_worker,86,4930000000,7560000000,0,68748
7339411547593496,thread,0,trader_callback,80,2370000000,10180000000,0,89
7339411547593496,thread,0,trace_writer,81,2210000000,10350000000,1,102
7339411547593496,thread,0,latency_writer,82,2090000000,10470000000,0,147
7339411547593496,thread,1,account_worker,87,4900000000,7630000000,0,22854
7339411547593496,thread,1,trader_callback,83,2230000000,10320000000,0,316
7339411547593496,thread,1,trace_writer,84,2240000000,10310000000,1,70
7339411547593496,thread,1,latency_writer,85,2290000000,10220000000,0,46330
7339411647961984,process,-1,process,79,23500000000,77790000000,12539,4
7339411647961984,thread,-1,producer,79,20000000,60000000,12539,4
7339411647961984,thread,-1,sampler,88,10000000,20000000,126,0
7339411647961984,thread,0,account_worker,86,4980000000,7610000000,0,68749
7339411647961984,thread,0,trader_callback,80,2390000000,10260000000,0,89
7339411647961984,thread,0,trace_writer,81,2210000000,10440000000,1,103
7339411647961984,thread,0,latency_writer,82,2110000000,10550000000,0,147
7339411647961984,thread,1,account_worker,87,4930000000,7700000000,0,22854
7339411647961984,thread,1,trader_callback,83,2250000000,10400000000,0,319
7339411647961984,thread,1,trace_writer,84,2260000000,10380000000,1,70
7339411647961984,thread,1,latency_writer,85,2300000000,10310000000,0,46330
7339411748329981,process,-1,process,79,23740000000,78350000000,12640,4
7339411748329981,thread,-1,producer,79,20000000,60000000,12640,4
7339411748329981,thread,-1,sampler,88,10000000,20000000,127,0
7339411748329981,thread,0,account_worker,86,5030000000,7670000000,0,68749
7339411748329981,thread,0,trader_callback,80,2410000000,10350000000,0,89
7339411748329981,thread,0,trace_writer,81,2230000000,10520000000,1,103
7339411748329981,thread,0,latency_writer,82,2130000000,10630000000,0,147
7339411748329981,thread,1,account_worker,87,4970000000,7760000000,0,22855
7339411748329981,thread,1,trader_callback,83,2290000000,10460000000,0,320
7339411748329981,thread,1,trace_writer,84,2300000000,10450000000,1,70
7339411748329981,thread,1,latency_writer,85,2330000000,10380000000,0,46331
7339411848691793,process,-1,process,79,23920000000,78980000000,12740,4
7339411848691793,thread,-1,producer,79,20000000,60000000,12740,4
7339411848691793,thread,-1,sampler,88,10000000,20000000,128,0
7339411848691793,thread,0,account_worker,86,5060000000,7740000000,0,68750
7339411848691793,thread,0,trader_callback,80,2430000000,10430000000,0,89
7339411848691793,thread,0,trace_writer,81,2240000000,10620000000,1,103
7339411848691793,thread,0,latency_writer,82,2150000000,10700000000,0,147
7339411848691793,thread,1,account_worker,87,5010000000,7820000000,0,22855
7339411848691793,thread,1,trader_callback,83,2290000000,10550000000,0,322
7339411848691793,thread,1,trace_writer,84,2320000000,10530000000,1,71
7339411848691793,thread,1,latency_writer,85,2350000000,10460000000,0,46332
7339411949063299,process,-1,process,79,24100000000,79600000000,12839,4
7339411949063299,thread,-1,producer,79,20000000,60000000,12839,4
7339411949063299,thread,-1,sampler,88,10000000,20000000,129,0
7339411949063299,thread,0,account_worker,86,5090000000,7810000000,0,68750
7339411949063299,thread,0,trader_callback,80,2450000000,10510000000,0,90
7339411949063299,thread,0,trace_writer,81,2260000000,10700000000,1,103
7339411949063299,thread,0,latency_writer,82,2170000000,10780000000,0,147
7339411949063299,thread,1,account_worker,87,5040000000,7880000000,0,22855
7339411949063299,thread,1,trader_callback,83,2310000000,10630000000,0,323
7339411949063299,thread,1,trace_writer,84,2330000000,10620000000,1,72
7339411949063299,thread,1,latency_writer,85,2370000000,10540000000,0,46332
7339412049465685,process,-1,process,79,24260000000,80250000000,12940,4
7339412049465685,thread,-1,producer,79,20000000,60000000,12940,4
7339412049465685,thread,-1,sampler,88,10000000,20000000,130,0
7339412049465685,thread,0,account_worker,86,5120000000,7880000000,0,68751
7339412049465685,thread,0,trader_callback,80,2470000000,10590000000,0,90
7339412049465685,thread,0,trace_writer,81,2280000000,10780000000,1,104
7339412049465685,thread,0,latency_writer,82,2190000000,10870000000,0,148
7339412049465685,thread,1,account_worker,87,5070000000,7950000000,0,22856
7339412049465685,thread,1,trader_callback,83,2340000000,10710000000,0,329
7339412049465685,thread,1,trace_writer,84,2330000000,10710000000,1,74
7339412049465685,thread,1,latency_writer,85,2390000000,10620000000,0,46333
7339412149818055,process,-1,process,79,24470000000,80840000000,13040,4
7339412149818055,thread,-1,producer,79,20000000,60000000,13040,4
7339412149818055,thread,-1,sampler,88,10000000,20000000,131,0
7339412149818055,thread,0,account_worker,86,5150000000,7940000000,0,68752
7339412149818055,thread,0,trader_callback,80,2500000000,10660000000,0,90
7339412149818055,thread,0,trace_writer,81,2300000000,10860000000,1,104
7339412149818055,thread,0,latency_writer,82,2210000000,10950000000,0,148
7339412149818055,thread,1,account_worker,87,5120000000,8010000000,0,22856
7339412149818055,thread,1,trader_callback,83,2370000000,10780000000,0,330
7339412149818055,thread,1,trace_writer,84,2350000000,10800000000,1,74
7339412149818055,thread,1,latency_writer,85,2400000000,10710000000,0,46334
7339412250176551,process,-1,process,79,24660000000,81450000000,13140,4
7339412250176551,thread,-1,producer,79,20000000,60000000,13140,4
7339412250176551,thread,-1,sampler,88,10000000,30000000,132,0
7339412250176551,thread,0,account_worker,86,5180000000,8010000000,0,68753
7339412250176551,thread,0,trader_callback,80,2530000000,10730000000,0,90
7339412250176551,thread,0,trace_writer,81,2310000000,10950000000,1,104
7339412250176551,thread,0,latency_writer,82,2220000000,11030000000,0,148
7339412250176551,thread,1,account_worker,87,5140000000,8080000000,0,22856
7339412250176551,thread,1,trader_callback,83,2380000000,10860000000,0,338
7339412250176551,thread,1,trace_writer,84,2390000000,10860000000,1,74
7339412250176551,thread,1,latency_writer,85,2420000000,10790000000,0,46334
7339412350535451,process,-1,process,79,24860000000,82050000000,13232,4
7339412350535451,thread,-1,producer,79,20000000,60000000,13232,4
7339412350535451,thread,-1,sampler,88,10000000,30000000,133,0
7339412350535451,thread,0,account_worker,86,5220000000,8080000000,0,68753
7339412350535451,thread,0,trader_callback,80,2550000000,10800000000,0,90
7339412350535451,thread,0,trace_writer,81,2320000000,11040000000,1,104
7339412350535451,thread,0,latency_writer,82,2250000000,11110000000,0,148
7339412350535451,thread,1,account_worker,87,5180000000,8140000000,0,22856
7339412350535451,thread,1,trader_callback,83,2400000000,10940000000,0,338
7339412350535451,thread,1,trace_writer,84,2400000000,10950000000,1,74
7339412350535451,thread,1,latency_writer,85,2450000000,10860000000,0,46334
7339412450899181,process,-1,process,79,25090000000,82630000000,13317,4
7339412450899181,thread,-1,producer,79,20000000,60000000,13317,4
7339412450899181,thread,-1,sampler,88,10000000,30000000,134,0
7339412450899181,thread,0,account_worker,86,5290000000,8110000000,0,68755
7339412450899181,thread,0,trader_callback,80,2570000000,10880000000,0,90
7339412450899181,thread,0,trace_writer,81,2340000000,11120000000,1,104
7339412450899181,thread,0,latency_writer,82,2260000000,11200000000,0,148
7339412450899181,thread,1,account_worker,87,5240000000,8190000000,0,22856
7339412450899181,thread,1,trader_callback,83,2420000000,11020000000,0,353
7339412450899181,thread,1,trace_writer,84,2410000000,11040000000,1,76
7339412450899181,thread,1,latency_writer,85,2480000000,10940000000,0,46334
7339412551266181,process,-1,process,79,25270000000,83240000000,13416,4
7339412551266181,thread,-1,producer,79,20000000,60000000,13416,4
7339412551266181,thread,-1,sampler,88,10000000,30000000,135,0
7339412551266181,thread,0,account_worker,86,5330000000,8170000000,0,68758
7339412551266181,thread,0,trader_callback,80,2610000000,10950000000,0,91
7339412551266181,thread,0,trace_writer,81,2360000000,11200000000,1,105
7339412551266181,thread,0,latency_writer,82,2280000000,11280000000,0,149
7339412551266181,thread,1,account_worker,87,5260000000,8260000000,0,22857
7339412551266181,thread,1,trader_callback,83,2450000000,11100000000,0,356
7339412551266181,thread,1,trace_writer,84,2430000000,11120000000,1,77
7339412551266181,thread,1,latency_writer,85,2480000000,11030000000,0,46335
7339412651628999,process,-1,process,79,25470000000,83850000000,13516,4
7339412651628999,thread,-1,producer,79,20000000,60000000,13516,4
7339412651628999,thread,-1,sampler,88,10000000,30000000,136,0
7339412651628999,thread,0,account_worker,86,5370000000,8220000000,0,68758
7339412651628999,thread,0,trader_callback,80,2620000000,11040000000,0,91
7339412651628999,thread,0,trace_writer,81,2400000000,11260000000,1,105
7339412651628999,thread,0,latency_writer,82,2300000000,11360000000,0,155
7339412651628999,thread,1,account_worker,87,5300000000,8330000000,0,22857
7339412651628999,thread,1,trader_callback,83,2450000000,11190000000,0,356
7339412651628999,thread,1,trace_writer,84,2440000000,11210000000,1,77
7339412651628999,thread,1,latency_writer,85,2510000000,11100000000,0,46335
7339412751987169,process,-1,process,79,25660000000,84460000000,13614,4
7339412751987169,thread,-1,producer,79,20000000,60000000,13614,4
7339412751987169,thread,-1,sampler,88,20000000,30000000,137,0
7339412751987169,thread,0,account_worker,86,5410000000,8290000000,0,68758
7339412751987169,thread,0,trader_callback,80,2640000000,11120000000,0,91
7339412751987169,thread,0,trace_writer,81,2410000000,11360000000,1,105
7339412751987169,thread,0,latency_writer,82,2320000000,11440000000,0,155
7339412751987169,thread,1,account_worker,87,5340000000,8390000000,0,22857
7339412751987169,thread,1,trader_callback,83,2480000000,11270000000,0,356
7339412751987169,thread,1,trace_writer,84,2460000000,11290000000,1,77
7339412751987169,thread,1,latency_writer,85,2530000000,11180000000,0,46337
7339412852404794,process,-1,process,79,25810000000,85120000000,13713,4
7339412852404794,thread,-1,producer,79,20000000,60000000,13713,4
7339412852404794,thread,-1,sampler,88,20000000,30000000,138,0
7339412852404794,thread,0,account_worker,86,5420000000,8370000000,0,68758
7339412852404794,thread,0,trader_callback,80,2650000000,11210000000,0,91
7339412852404794,thread,0,trace_writer,81,2420000000,11440000000,1,105
7339412852404794,thread,0,latency_writer,82,2340000000,11520000000,0,155
7339412852404794,thread,1,account_worker,87,5370000000,8460000000,0,22857
7339412852404794,thread,1,trader_callback,83,2490000000,11350000000,0,357
7339412852404794,thread,1,trace_writer,84,2470000000,11380000000,1,77
7339412852404794,thread,1,latency_writer,85,2560000000,11250000000,0,46338
7339412960028131,process,-1,process,79,25990000000,85800000000,13813,4
7339412960028131,thread,-1,producer,79,20000000,60000000,13813,4
7339412960028131,thread,-1,sampler,88,20000000,30000000,139,0
7339412960028131,thread,0,account_worker,86,5460000000,8440000000,0,68760
7339412960028131,thread,0,trader_callback,80,2680000000,11280000000,0,91
7339412960028131,thread,0,trace_writer,81,2430000000,11540000000,1,105
7339412960028131,thread,0,latency_writer,82,2370000000,11600000000,0,155
7339412960028131,thread,1,account_worker,87,5410000000,8530000000,0,22857
7339412960028131,thread,1,trader_callback,83,2500000000,11450000000,0,358
7339412960028131,thread,1,trace_writer,84,2480000000,11480000000,1,77
7339412960028131,thread,1,latency_writer,85,2580000000,11340000000,0,46338
7339413060379276,process,-1,process,79,26230000000,86360000000,13913,4
7339413060379276,thread,-1,producer,79,20000000,60000000,13913,4
7339413060379276,thread,-1,sampler,88,20000000,30000000,140,0
7339413060379276,thread,0,account_worker,86,5520000000,8490000000,0,68760
7339413060379276,thread,0,trader_callback,80,2710000000,11360000000,0,91
7339413060379276,thread,0,trace_writer,81,2450000000,11620000000,1,109
7339413060379276,thread,0,latency_writer,82,2390000000,11680000000,0,156
7339413060379276,thread,1,account_worker,87,5450000000,8580000000,0,22858
7339413060379276,thread,1,trader_callback,83,2520000000,11530000000,0,359
7339413060379276,thread,1,trace_writer,84,2500000000,11560000000,1,77
7339413060379276,thread,1,latency_writer,85,2610000000,11410000000,0,46338
7339413160707524,process,-1,process,79,26410000000,86980000000,14012,4
7339413160707524,thread,-1,producer,79,20000000,60000000,14012,4
7339413160707524,thread,-1,sampler,88,20000000,30000000,141,0
7339413160707524,thread,0,account_worker,86,5550000000,8560000000,0,68761
7339413160707524,thread,0,trader_callback,80,2730000000,11440000000,0,91
7339413160707524,thread,0,trace_writer,81,2470000000,11700000000,1,112
7339413160707524,thread,0,latency_writer,82,2400000000,11770000000,0,156
7339413160707524,thread,1,account_worker,87,5500000000,8630000000,0,22859
7339413160707524,thread,1,trader_callback,83,2550000000,11600000000,0,362
7339413160707524,thread,1,trace_writer,84,2520000000,11640000000,1,78
7339413160707524,thread,1,latency_writer,85,2620000000,11500000000,0,46339
7339413261056164,process,-1,process,79,26580000000,87590000000,14107,4
7339413261056164,thread,-1,producer,79,20000000,60000000,14107,4
7339413261056164,thread,-1,sampler,88,20000000,30000000,142,0
7339413261056164,thread,0,account_worker,86,5580000000,8630000000,0,68761
7339413261056164,thread,0,trader_callback,80,2740000000,11530000000,0,92
7339413261056164,thread,0,trace_writer,81,2470000000,11800000000,1,112
7339413261056164,thread,0,latency_writer,82,2410000000,11860000000,0,156
7339413261056164,thread,1,account_worker,87,5550000000,8680000000,0,41504
7339413261056164,thread,1,trader_callback,83,2550000000,11690000000,0,19003
7339413261056164,thread,1,trace_writer,84,2550000000,11710000000,1,78
7339413261056164,thread,1,latency_writer,85,2640000000,11580000000,0,46340
7339413361421427,process,-1,process,79,26800000000,88170000000,14204,4
7339413361421427,thread,-1,producer,79,20000000,60000000,14204,4
7339413361421427,thread,-1,sampler,88,20000000,30000000,143,0
7339413361421427,thread,0,account_worker,86,5620000000,8690000000,0,68762
7339413361421427,thread,0,trader_callback,80,2770000000,11600000000,0,92
7339413361421427,thread,0,trace_writer,81,2490000000,11880000000,1,113
7339413361421427,thread,0,latency_writer,82,2420000000,11950000000,0,156
7339413361421427,thread,1,account_worker,87,5600000000,8720000000,0,41522
7339413361421427,thread,1,trader_callback,83,2570000000,11770000000,0,19004
7339413361421427,thread,1,trace_writer,84,2590000000,11770000000,1,78
7339413361421427,thread,1,latency_writer,85,2660000000,11660000000,0,46341
7339413461830887,process,-1,process,79,27020000000,88750000000,14300,4
7339413461830887,thread,-1,producer,79,20000000,60000000,14300,4
7339413461830887,thread,-1,sampler,88,20000000,30000000,144,0
7339413461830887,thread,0,account_worker,86,5660000000,8750000000,0,68762
7339413461830887,thread,0,trader_callback,80,2790000000,11680000000,0,92
7339413461830887,thread,0,trace_writer,81,2510000000,11960000000,1,113
7339413461830887,thread,0,latency_writer,82,2450000000,12020000000,0,156
7339413461830887,thread,1,account_worker,87,5650000000,8770000000,0,41523
7339413461830887,thread,1,trader_callback,83,2600000000,11840000000,0,19004
7339413461830887,thread,1,trace_writer,84,2610000000,11850000000,1,78
7339413461830887,thread,1,latency_writer,85,2680000000,11740000000,0,46344
7339413562276580,process,-1,process,79,27210000000,89370000000,14395,4
7339413562276580,thread,-1,producer,79,20000000,60000000,14395,4
7339413562276580,thread,-1,sampler,88,20000000,30000000,145,0
7339413562276580,thread,0,account_worker,86,5700000000,8810000000,0,68762
7339413562276580,thread,0,trader_callback,80,2810000000,11750000000,0,92
7339413562276580,thread,0,trace_writer,81,2530000000,12050000000,1,113
7339413562276580,thread,0,latency_writer,82,2460000000,12120000000,0,156
7339413562276580,thread,1,account_worker,87,5680000000,8840000000,0,41523
7339413562276580,thread,1,trader_callback,83,2620000000,11920000000,0,19004
7339413562276580,thread,1,trace_writer,84,2620000000,11940000000,1,78
7339413562276580,thread,1,latency_writer,85,2710000000,11810000000,0,46344
7339413662633922,process,-1,process,79,27380000000,90000000000,14495,4
7339413662633922,thread,-1,producer,79,20000000,60000000,14495,4
7339413662633922,thread,-1,sampler,88,20000000,30000000,146,0
7339413662633922,thread,0,account_worker,86,5730000000,8880000000,0,68763
7339413662633922,thread,0,trader_callback,80,2840000000,11830000000,0,92
7339413662633922,thread,0,trace_writer,81,2540000000,12130000000,1,113
7339413662633922,thread,0,latency_writer,82,2470000000,12200000000,0,156
7339413662633922,thread,1,account_worker,87,5720000000,8900000000,0,41523
7339413662633922,thread,1,trader_callback,83,2650000000,11990000000,0,19004
7339413662633922,thread,1,trace_writer,84,2640000000,12020000000,1,78
7339413662633922,thread,1,latency_writer,85,2720000000,11900000000,0,46344
7339413762967098,process,-1,process,79,27600000000,90580000000,14595,4
7339413762967098,thread,-1,producer,79,20000000,70000000,14595,4
7339413762967098,thread,-1,sampler,88,20000000,30000000,147,0
7339413762967098,thread,0,account_worker,86,5760000000,8950000000,0,68763
7339413762967098,thread,0,trader_callback,80,2870000000,11900000000,0,92
7339413762967098,thread,0,trace_writer,81,2570000000,12200000000,1,113
7339413762967098,thread,0,latency_writer,82,2470000000,12300000000,0,156
7339413762967098,thread,1,account_worker,87,5760000000,8960000000,0,41523
7339413762967098,thread,1,trader_callback,83,2680000000,12060000000,0,19004
7339413762967098,thread,1,trace_writer,84,2670000000,12090000000,1,78
7339413762967098,thread,1,latency_writer,85,2740000000,11980000000,0,46344
7339413863356756,process,-1,process,79,27810000000,91180000000,14696,4
7339413863356756,thread,-1,producer,79,20000000,70000000,14696,4
7339413863356756,thread,-1,sampler,88,20000000,30000000,148,0
7339413863356756,thread,0,account_worker,86,5810000000,9000000000,0,68774
7339413863356756,thread,0,trader_callback,80,2890000000,11980000000,0,103
7339413863356756,thread,0,trace_writer,81,2580000000,12290000000,1,124
7339413863356756,thread,0,latency_writer,82,2500000000,12380000000,0,167
7339413863356756,thread,1,account_worker,87,5800000000,9020000000,0,41534
7339413863356756,thread,1,trader_callback,83,2690000000,12140000000,0,19015
7339413863356756,thread,1,trace_writer,84,2700000000,12160000000,1,90
7339413863356756,thread,1,latency_writer,85,2770000000,12060000000,0,46357
7339413963722923,process,-1,process,79,28020000000,91770000000,14796,4
7339413963722923,thread,-1,producer,79,20000000,70000000,14796,4
7339413963722923,thread,-1,sampler,88,20000000,30000000,149,0
7339413963722923,thread,0,account_worker,86,5850000000,9060000000,0,68774
7339413963722923,thread,0,trader_callback,80,2900000000,12070000000,0,103
7339413963722923,thread,0,trace_writer,81,2600000000,12380000000,1,124
7339413963722923,thread,0,latency_writer,82,2510000000,12460000000,0,167
7339413963722923,thread,1,account_worker,87,5850000000,9080000000,0,41534
7339413963722923,thread,1,trader_callback,83,2730000000,12210000000,0,19015
7339413963722923,thread,1,trace_writer,84,2720000000,12240000000,1,91
7339413963722923,thread,1,latency_writer,85,2780000000,12140000000,0,46358
7339414064464427,process,-1,process,79,28190000000,92410000000,14897,4
7339414064464427,thread,-1,producer,79,20000000,70000000,14897,4
7339414064464427,thread,-1,sampler,88,20000000,30000000,150,1
7339414064464427,thread,0,account_worker,86,5900000000,9110000000,0,68775
7339414064464427,thread,0,trader_callback,80,2910000000,12160000000,0,104
7339414064464427,thread,0,trace_writer,81,2620000000,12450000000,1,128
7339414064464427,thread,0,latency_writer,82,2530000000,12540000000,0,168
7339414064464427,thread,1,account_worker,87,5870000000,9150000000,0,41534
7339414064464427,thread,1,trader_callback,83,2750000000,12290000000,0,19016
7339414064464427,thread,1,trace_writer,84,2730000000,12330000000,1,93
7339414064464427,thread,1,latency_writer,85,2790000000,12230000000,0,46359
7339414164853648,process,-1,process,79,28390000000,93000000000,14997,4
7339414164853648,thread,-1,producer,79,20000000,70000000,14997,4
7339414164853648,thread,-1,sampler,88,20000000,30000000,151,1
7339414164853648,thread,0,account_worker,86,5940000000,9170000000,0,68776
7339414164853648,thread,0,trader_callback,80,2940000000,12230000000,0,104
7339414164853648,thread,0,trace_writer,81,2640000000,12540000000,1,128
7339414164853648,thread,0,latency_writer,82,2540000000,12630000000,0,168
7339414164853648,thread,1,account_worker,87,5920000000,9200000000,0,41537
7339414164853648,thread,1,trader_callback,83,2760000000,12380000000,0,19016
7339414164853648,thread,1,trace_writer,84,2750000000,12410000000,1,93
7339414164853648,thread,1,latency_writer,85,2800000000,12320000000,0,46360
7339414265231258,process,-1,process,79,28570000000,93630000000,15098,4
7339414265231258,thread,-1,producer,79,20000000,70000000,15098,4
7339414265231258,thread,-1,sampler,88,20000000,30000000,152,1
7339414265231258,thread,0,account_worker,86,5980000000,9230000000,0,68776
7339414265231258,thread,0,trader_callback,80,2970000000,12300000000,0,104
7339414265231258,thread,0,trace_writer,81,2660000000,12620000000,1,128
7339414265231258,thread,0,latency_writer,82,2570000000,12710000000,0,168
7339414265231258,thread,1,account_worker,87,5940000000,9280000000,0,41543
7339414265231258,thread,1,trader_callback,83,2770000000,12470000000,0,19016
7339414265231258,thread,1,trace_writer,84,2770000000,12490000000,1,93
7339414265231258,thread,1,latency_writer,85,2830000000,12400000000,0,46360
7339414365593420,process,-1,process,79,28740000000,94270000000,15198,4
7339414365593420,thread,-1,producer,79,20000000,70000000,15198,4
7339414365593420,thread,-1,sampler,88,20000000,30000000,153,1
7339414365593420,thread,0,account_worker,86,6010000000,9300000000,0,68776
7339414365593420,thread,0,trader_callback,80,2990000000,12380000000,0,104
7339414365593420,thread,0,trace_writer,81,2680000000,12700000000,1,128
7339414365593420,thread,0,latency_writer,82,2580000000,12790000000,0,168
7339414365593420,thread,1,account_worker,87,5970000000,9350000000,0,41544
7339414365593420,thread,1,trader_callback,83,2800000000,12540000000,0,19016
7339414365593420,thread,1,trace_writer,84,2770000000,12590000000,1,93
7339414365593420,thread,1,latency_writer,85,2840000000,12480000000,0,46360
7339414465959236,process,-1,process,79,28940000000,94870000000,15298,4
7339414465959236,thread,-1,producer,79,20000000,70000000,15298,4
7339414465959236,thread,-1,sampler,88,20000000,30000000,154,1
7339414465959236,thread,0,account_worker,86,6040000000,9370000000,0,68777
7339414465959236,thread,0,trader_callback,80,3010000000,12470000000,0,104
7339414465959236,thread,0,trace_writer,81,2700000000,12780000000,1,128
7339414465959236,thread,0,latency_writer,82,2610000000,12870000000,0,168
7339414465959236,thread,1,account_worker,87,6020000000,9400000000,0,41561
7339414465959236,thread,1,trader_callback,83,2810000000,12630000000,0,19016
7339414465959236,thread,1,trace_writer,84,2800000000,12660000000,1,94
7339414465959236,thread,1,latency_writer,85,2870000000,12560000000,0,46360
7339414566327995,process,-1,process,79,29130000000,95480000000,15395,6
7339414566327995,thread,-1,producer,79,20000000,70000000,15395,6
7339414566327995,thread,-1,sampler,88,20000000,30000000,155,1
7339414566327995,thread,0,account_worker,86,6070000000,9440000000,0,68778
7339414566327995,thread,0,trader_callback,80,3030000000,12540000000,0,104
7339414566327995,thread,0,trace_writer,81,2730000000,12850000000,1,130
7339414566327995,thread,0,latency_writer,82,2620000000,12950000000,0,168
7339414566327995,thread,1,account_worker,87,6050000000,9470000000,0,41575
7339414566327995,thread,1,trader_callback,83,2830000000,12700000000,0,19019
7339414566327995,thread,1,trace_writer,84,2810000000,12750000000,1,94
7339414566327995,thread,1,latency_writer,85,2890000000,12640000000,0,46360
7339414666709149,process,-1,process,79,29370000000,96040000000,15491,6
7339414666709149,thread,-1,producer,79,20000000,70000000,15491,6
7339414666709149,thread,-1,sampler,88,20000000,30000000,156,1
7339414666709149,thread,0,account_worker,86,6140000000,9470000000,0,68778
7339414666709149,thread,0,trader_callback,80,3050000000,12620000000,0,104
7339414666709149,thread,0,trace_writer,81,2750000000,12920000000,1,131
7339414666709149,thread,0,latency_writer,82,2640000000,13030000000,0,169
7339414666709149,thread,1,account_worker,87,6100000000,9520000000,0,41580
7339414666709149,thread,1,trader_callback,83,2850000000,12790000000,0,19019
7339414666709149,thread,1,trace_writer,84,2840000000,12830000000,1,94
7339414666709149,thread,1,latency_writer,85,2910000000,12720000000,0,46360
7339414767063906,process,-1,process,79,29510000000,96680000000,15591,6
7339414767063906,thread,-1,producer,79,20000000,70000000,15591,6
7339414767063906,thread,-1,sampler,88,20000000,30000000,157,1
7339414767063906,thread,0,account_worker,86,6170000000,9540000000,0,68778
7339414767063906,thread,0,trader_callback,80,3070000000,12710000000,0,104
7339414767063906,thread,0,trace_writer,81,2770000000,13000000000,1,131
7339414767063906,thread,0,latency_writer,82,2660000000,13120000000,0,169
7339414767063906,thread,1,account_worker,87,6110000000,9600000000,0,52864
7339414767063906,thread,1,trader_callback,83,2860000000,12880000000,0,19021
7339414767063906,thread,1,trace_writer,84,2850000000,12910000000,1,94
7339414767063906,thread,1,latency_writer,85,2940000000,12780000000,0,57693
7339414867430579,process,-1,process,79,29690000000,97210000000,15692,6
7339414867430579,thread,-1,producer,79,20000000,70000000,15692,6
7339414867430579,thread,-1,sampler,88,20000000,30000000,158,1
7339414867430579,thread,0,account_worker,86,6210000000,9600000000,0,68778
7339414867430579,thread,0,trader_callback,80,3090000000,12790000000,0,104
7339414867430579,thread,0,trace_writer,81,2810000000,13060000000,1,131
7339414867430579,thread,0,latency_writer,82,2670000000,13210000000,0,169
7339414867430579,thread,1,account_worker,87,6130000000,9630000000,0,125787
7339414867430579,thread,1,trader_callback,83,2870000000,12970000000,0,19021
7339414867430579,thread,1,trace_writer,84,2870000000,12990000000,1,94
7339414867430579,thread,1,latency_writer,85,2950000000,12810000000,0,130614
7339414967857905,process,-1,process,79,29870000000,97810000000,15792,6
7339414967857905,thread,-1,producer,79,20000000,70000000,15792,6
7339414967857905,thread,-1,sampler,88,20000000,30000000,159,1
7339414967857905,thread,0,account_worker,86,6270000000,9650000000,0,68780
7339414967857905,thread,0,trader_callback,80,3100000000,12870000000,0,104
7339414967857905,thread,0,trace_writer,81,2820000000,13160000000,1,132
7339414967857905,thread,0,latency_writer,82,2690000000,13290000000,0,169
7339414967857905,thread,1,account_worker,87,6160000000,9690000000,0,148582
7339414967857905,thread,1,trader_callback,83,2880000000,13060000000,0,19022
7339414967857905,thread,1,trace_writer,84,2900000000,13070000000,1,94
7339414967857905,thread,1,latency_writer,85,2970000000,12890000000,0,153360
7339415068231754,process,-1,process,79,30060000000,98420000000,15892,6
7339415068231754,thread,-1,producer,79,20000000,70000000,15892,6
7339415068231754,thread,-1,sampler,88,20000000,30000000,160,1
7339415068231754,thread,0,account_worker,86,6310000000,9710000000,0,68780
7339415068231754,thread,0,trader_callback,80,3110000000,12970000000,0,105
7339415068231754,thread,0,trace_writer,81,2840000000,13240000000,1,136
7339415068231754,thread,0,latency_writer,82,2720000000,13360000000,0,170
7339415068231754,thread,1,account_worker,87,6200000000,9750000000,0,148585
7339415068231754,thread,1,trader_callback,83,2920000000,13120000000,0,19022
7339415068231754,thread,1,trace_writer,84,2910000000,13150000000,1,95
7339415068231754,thread,1,latency_writer,85,2970000000,12990000000,0,153360
7339415168594046,process,-1,process,79,30290000000,98990000000,15992,6
7339415168594046,thread,-1,producer,79,20000000,70000000,15992,6
7339415168594046,thread,-1,sampler,88,20000000,30000000,161,1
7339415168594046,thread,0,account_worker,86,6340000000,9770000000,0,68782
7339415168594046,thread,0,trader_callback,80,3130000000,13040000000,0,105
7339415168594046,thread,0,trace_writer,81,2870000000,13310000000,1,136
7339415168594046,thread,0,latency_writer,82,2730000000,13440000000,0,170
7339415168594046,thread,1,account_worker,87,6240000000,9800000000,0,148588
7339415168594046,thread,1,trader_callback,83,2940000000,13200000000,0,19022
7339415168594046,thread,1,trace_writer,84,2940000000,13230000000,1,95
7339415168594046,thread,1,latency_writer,85,3000000000,13050000000,0,153362
7339415268978377,process,-1,process,79,30470000000,99600000000,16092,6
7339415268978377,thread,-1,producer,79,20000000,70000000,16092,6
7339415268978377,thread,-1,sampler,88,20000000,30000000,162,1
7339415268978377,thread,0,account_worker,86,6400000000,9810000000,0,68782
7339415268978377,thread,0,trader_callback,80,3140000000,13130000000,0,105
7339415268978377,thread,0,trace_writer,81,2880000000,13400000000,1,141
7339415268978377,thread,0,latency_writer,82,2750000000,13520000000,0,170
7339415268978377,thread,1,account_worker,87,6280000000,9860000000,0,148591
7339415268978377,thread,1,trader_callback,83,2960000000,13280000000,0,19022
7339415268978377,thread,1,trace_writer,84,2970000000,13300000000,1,95
7339415268978377,thread,1,latency_writer,85,3000000000,13150000000,0,153362
7339415369335773,process,-1,process,79,30680000000,100190000000,16193,6
7339415369335773,thread,-1,producer,79,20000000,70000000,16193,6
7339415369335773,thread,-1,sampler,88,20000000,30000000,163,1
7339415369335773,thread,0,account_worker,86,6470000000,9850000000,0,68782
7339415369335773,thread,0,trader_callback,80,3160000000,13220000000,0,105
7339415369335773,thread,0,trace_writer,81,2910000000,13470000000,1,142
7339415369335773,thread,0,latency_writer,82,2770000000,13600000000,0,170
7339415369335773,thread,1,account_worker,87,6320000000,9920000000,0,148594
7339415369335773,thread,1,trader_callback,83,2960000000,13380000000,0,19022
7339415369335773,thread,1,trace_writer,84,3000000000,13370000000,1,96
7339415369335773,thread,1,latency_writer,85,3020000000,13240000000,0,153366
7339415469698514,process,-1,process,79,30900000000,100770000000,16293,6
7339415469698514,thread,-1,producer,79,20000000,70000000,16293,6
7339415469698514,thread,-1,sampler,88,20000000,30000000,164,1
7339415469698514,thread,0,account_worker,86,6510000000,9900000000,0,68782
7339415469698514,thread,0,trader_callback,80,3170000000,13310000000,0,105
7339415469698514,thread,0,trace_writer,81,2930000000,13550000000,1,142
7339415469698514,thread,0,latency_writer,82,2800000000,13680000000,0,170
7339415469698514,thread,1,account_worker,87,6370000000,9970000000,0,148597
7339415469698514,thread,1,trader_callback,83,2990000000,13450000000,0,19022
7339415469698514,thread,1,trace_writer,84,3010000000,13460000000,1,96
7339415469698514,thread,1,latency_writer,85,3040000000,13320000000,0,153371
7339415570053112,process,-1,process,79,31080000000,101400000000,16393,6
7339415570053112,thread,-1,producer,79,20000000,70000000,16393,6
7339415570053112,thread,-1,sampler,88,20000000,30000000,165,1
7339415570053112,thread,0,account_worker,86,6540000000,9970000000,0,68783
7339415570053112,thread,0,trader_callback,80,3190000000,13390000000,0,105
7339415570053112,thread,0,trace_writer,81,2940000000,13640000000,1,142
7339415570053112,thread,0,latency_writer,82,2820000000,13760000000,0,171
7339415570053112,thread,1,account_worker,87,6410000000,10030000000,0,148599
7339415570053112,thread,1,trader_callback,83,3010000000,13530000000,0,19022
7339415570053112,thread,1,trace_writer,84,3030000000,13540000000,1,96
7339415570053112,thread,1,latency_writer,85,3050000000,13400000000,0,153372
7339415670416819,process,-1,process,79,31300000000,101980000000,16490,6
7339415670416819,thread,-1,producer,79,20000000,70000000,16490,6
7339415670416819,thread,-1,sampler,88,20000000,30000000,166,1
7339415670416819,thread,0,account_worker,86,6600000000,10010000000,0,68784
7339415670416819,thread,0,trader_callback,80,3210000000,13470000000,0,105
7339415670416819,thread,0,trace_writer,81,2960000000,13720000000,1,146
7339415670416819,thread,0,latency_writer,82,2850000000,13830000000,0,171
7339415670416819,thread,1,account_worker,87,6440000000,10090000000,0,148609
7339415670416819,thread,1,trader_callback,83,3040000000,13600000000,0,19025
7339415670416819,thread,1,trace_writer,84,3050000000,13620000000,1,96
7339415670416819,thread,1,latency_writer,85,3070000000,13490000000,0,153377
7339415770913878,process,-1,process,79,31490000000,102600000000,16590,6
7339415770913878,thread,-1,producer,79,20000000,70000000,16590,6
7339415770913878,thread,-1,sampler,88,20000000,30000000,167,1
7339415770913878,thread,0,account_worker,86,6650000000,10070000000,0,68785
7339415770913878,thread,0,trader_callback,80,3220000000,13560000000,0,105
7339415770913878,thread,0,trace_writer,81,2990000000,13790000000,1,146
7339415770913878,thread,0,latency_writer,82,2870000000,13910000000,0,171
7339415770913878,thread,1,account_worker,87,6480000000,10150000000,0,148615
7339415770913878,thread,1,trader_callback,83,3060000000,13680000000,0,19025
7339415770913878,thread,1,trace_writer,84,3060000000,13710000000,1,96
7339415770913878,thread,1,latency_writer,85,3080000000,13570000000,0,153378
7339415871370858,process,-1,process,79,31710000000,103180000000,16691,6
7339415871370858,thread,-1,producer,79,20000000,70000000,16691,6
7339415871370858,thread,-1,sampler,88,20000000,30000000,168,1
7339415871370858,thread,0,account_worker,86,6700000000,10120000000,0,68785
7339415871370858,thread,0,trader_callback,80,3240000000,13640000000,0,105
7339415871370858,thread,0,trace_writer,81,3010000000,13870000000,1,148
7339415871370858,thread,0,latency_writer,82,2890000000,13990000000,0,171
7339415871370858,thread,1,account_worker,87,6530000000,10200000000,0,148620
7339415871370858,thread,1,trader_callback,83,3080000000,13770000000,0,19029
7339415871370858,thread,1,trace_writer,84,3080000000,13790000000,1,97
7339415871370858,thread,1,latency_writer,85,3100000000,13650000000,0,153380
7339415971740341,process,-1,process,79,31920000000,103770000000,16791,6
7339415971740341,thread,-1,producer,79,20000000,70000000,16791,6
7339415971740341,thread,-1,sampler,88,20000000,30000000,169,1
7339415971740341,thread,0,account_worker,86,6730000000,10190000000,0,68785
7339415971740341,thread,0,trader_callback,80,3250000000,13730000000,0,106
7339415971740341,thread,0,trace_writer,81,3030000000,13950000000,1,148
7339415971740341,thread,0,latency_writer,82,2910000000,14070000000,0,171
7339415971740341,thread,1,account_worker,87,6590000000,10240000000,0,148626
7339415971740341,thread,1,trader_callback,83,3110000000,13840000000,0,19029
7339415971740341,thread,1,trace_writer,84,3100000000,13870000000,1,98
7339415971740341,thread,1,latency_writer,85,3120000000,13730000000,0,153380
7339416072121960,process,-1,process,79,32100000000,104400000000,16888,6
7339416072121960,thread,-1,producer,79,20000000,70000000,16889,6
7339416072121960,thread,-1,sampler,88,20000000,30000000,170,1
7339416072121960,thread,0,account_worker,86,6760000000,10260000000,0,68786
7339416072121960,thread,0,trader_callback,80,3270000000,13810000000,0,106
7339416072121960,thread,0,trace_writer,81,3050000000,14030000000,1,153
7339416072121960,thread,0,latency_writer,82,2930000000,14150000000,0,172
7339416072121960,thread,1,account_worker,87,6640000000,10300000000,0,148628
7339416072121960,thread,1,trader_callback,83,3130000000,13920000000,0,19031
7339416072121960,thread,1,trace_writer,84,3110000000,13960000000,1,99
7339416072121960,thread,1,latency_writer,85,3130000000,13830000000,0,153381
7339416172475020,process,-1,process,79,32280000000,105010000000,16989,6
7339416172475020,thread,-1,producer,79,20000000,70000000,16989,6
7339416172475020,thread,-1,sampler,88,20000000,30000000,171,1
7339416172475020,thread,0,account_worker,86,6800000000,10310000000,0,68787
7339416172475020,thread,0,trader_callback,80,3290000000,13890000000,0,106
7339416172475020,thread,0,trace_writer,81,3070000000,14110000000,1,153
7339416172475020,thread,0,latency_writer,82,2950000000,14230000000,0,172
7339416172475020,thread,1,account_worker,87,6660000000,10370000000,0,148629
7339416172475020,thread,1,trader_callback,83,3150000000,14000000000,0,19034
7339416172475020,thread,1,trace_writer,84,3130000000,14040000000,1,99
7339416172475020,thread,1,latency_writer,85,3140000000,13920000000,0,153383
7339416272854805,process,-1,process,79,32440000000,105660000000,17089,6
7339416272854805,thread,-1,producer,79,20000000,70000000,17089,6
7339416272854805,thread,-1,sampler,88,20000000,30000000,172,1
7339416272854805,thread,0,account_worker,86,6820000000,10390000000,0,68787
7339416272854805,thread,0,trader_callback,80,3320000000,13960000000,0,106
7339416272854805,thread,0,trace_writer,81,3090000000,14190000000,1,156
7339416272854805,thread,0,latency_writer,82,2960000000,14320000000,0,172
7339416272854805,thread,1,account_worker,87,6700000000,10440000000,0,148629
7339416272854805,thread,1,trader_callback,83,3160000000,14080000000,0,19034
7339416272854805,thread,1,trace_writer,84,3150000000,14120000000,1,99
7339416272854805,thread,1,latency_writer,85,3150000000,14010000000,0,153385
7339416373207657,process,-1,process,79,32600000000,106300000000,17190,6
7339416373207657,thread,-1,producer,79,20000000,70000000,17190,6
7339416373207657,thread,-1,sampler,88,20000000,30000000,173,1
7339416373207657,thread,0,account_worker,86,6850000000,10470000000,0,68787
7339416373207657,thread,0,trader_callback,80,3350000000,14030000000,0,106
7339416373207657,thread,0,trace_writer,81,3110000000,14280000000,1,156
7339416373207657,thread,0,latency_writer,82,2990000000,14390000000,0,172
7339416373207657,thread,1,account_worker,87,6730000000,10500000000,0,148629
7339416373207657,thread,1,trader_callback,83,3170000000,14180000000,0,19034
7339416373207657,thread,1,trace_writer,84,3170000000,14200000000,1,99
7339416373207657,thread,1,latency_writer,85,3160000000,14090000000,0,153385
7339416473570480,process,-1,process,79,32800000000,106910000000,17290,6
7339416473570480,thread,-1,producer,79,20000000,80000000,17290,6
7339416473570480,thread,-1,sampler,88,20000000,30000000,174,1
7339416473570480,thread,0,account_worker,86,6900000000,10520000000,0,68788
7339416473570480,thread,0,trader_callback,80,3370000000,14110000000,0,106
7339416473570480,thread,0,trace_writer,81,3130000000,14350000000,1,156
7339416473570480,thread,0,latency_writer,82,3010000000,14470000000,0,172
7339416473570480,thread,1,account_worker,87,6760000000,10570000000,0,148629
7339416473570480,thread,1,trader_callback,83,3190000000,14260000000,0,19037
7339416473570480,thread,1,trace_writer,84,3170000000,14300000000,1,100
7339416473570480,thread,1,latency_writer,85,3180000000,14180000000,0,153385
7339416573935436,process,-1,process,79,32980000000,107530000000,17390,6
7339416573935436,thread,-1,producer,79,20000000,80000000,17390,6
7339416573935436,thread,-1,sampler,88,20000000,30000000,175,1
7339416573935436,thread,0,account_worker,86,6920000000,10600000000,0,68789
7339416573935436,thread,0,trader_callback,80,3380000000,14200000000,0,106
7339416573935436,thread,0,trace_writer,81,3160000000,14430000000,1,156
7339416573935436,thread,0,latency_writer,82,3030000000,14550000000,0,173
7339416573935436,thread,1,account_worker,87,6810000000,10620000000,0,148629
7339416573935436,thread,1,trader_callback,83,3210000000,14340000000,0,19037
7339416573935436,thread,1,trace_writer,84,3190000000,14380000000,1,101
7339416573935436,thread,1,latency_writer,85,3200000000,14260000000,0,153386
7339416674298612,process,-1,process,79,33200000000,108110000000,17491,6
7339416674298612,thread,-1,producer,79,20000000,80000000,17491,6
7339416674298612,thread,-1,sampler,88,20000000,30000000,176,1
7339416674298612,thread,0,account_worker,86,6990000000,10630000000,0,68789
7339416674298612,thread,0,trader_callback,80,3400000000,14280000000,0,106
7339416674298612,thread,0,trace_writer,81,3180000000,14500000000,1,156
7339416674298612,thread,0,latency_writer,82,3050000000,14630000000,0,173
7339416674298612,thread,1,account_worker,87,6860000000,10670000000,0,148630
7339416674298612,thread,1,trader_callback,83,3220000000,14420000000,0,19040
7339416674298612,thread,1,trace_writer,84,3200000000,14470000000,1,102
7339416674298612,thread,1,latency_writer,85,3230000000,14330000000,0,153387
7339416774663978,process,-1,process,79,33370000000,108750000000,17591,6
7339416774663978,thread,-1,producer,79,20000000,80000000,17591,6
7339416774663978,thread,-1,sampler,88,20000000,30000000,177,1
7339416774663978,thread,0,account_worker,86,7040000000,10680000000,0,68789
7339416774663978,thread,0,trader_callback,80,3420000000,14360000000,0,106
7339416774663978,thread,0,trace_writer,81,3190000000,14590000000,1,156
7339416774663978,thread,0,latency_writer,82,3060000000,14720000000,0,174
7339416774663978,thread,1,account_worker,87,6880000000,10750000000,0,148631
7339416774663978,thread,1,trader_callback,83,3230000000,14510000000,0,19042
7339416774663978,thread,1,trace_writer,84,3210000000,14560000000,1,105
7339416774663978,thread,1,latency_writer,85,3250000000,14410000000,0,153387
7339416875036016,process,-1,process,79,33590000000,109330000000,17691,6
7339416875036016,thread,-1,producer,79,20000000,80000000,17691,6
7339416875036016,thread,-1,sampler,88,20000000,30000000,178,1
7339416875036016,thread,0,account_worker,86,7070000000,10750000000,0,68789
7339416875036016,thread,0,trader_callback,80,3440000000,14440000000,0,106
7339416875036016,thread,0,trace_writer,81,3210000000,14670000000,1,156
7339416875036016,thread,0,latency_writer,82,3090000000,14790000000,0,174
7339416875036016,thread,1,account_worker,87,6920000000,10810000000,0,148632
7339416875036016,thread,1,trader_callback,83,3250000000,14590000000,0,19043
7339416875036016,thread,1,trace_writer,84,3240000000,14630000000,1,107
7339416875036016,thread,1,latency_writer,85,3270000000,14490000000,0,153388
7339416975402563,process,-1,process,79,33750000000,109970000000,17792,6
7339416975402563,thread,-1,producer,79,20000000,80000000,17792,6
7339416975402563,thread,-1,sampler,88,20000000,30000000,179,1
7339416975402563,thread,0,account_worker,86,7120000000,10800000000,0,68791
7339416975402563,thread,0,trader_callback,80,3450000000,14530000000,0,106
7339416975402563,thread,0,trace_writer,81,3230000000,14760000000,1,157
7339416975402563,thread,0,latency_writer,82,3100000000,14880000000,0,174
7339416975402563,thread,1,account_worker,87,6960000000,10880000000,0,148632
7339416975402563,thread,1,trader_callback,83,3280000000,14670000000,0,19046
7339416975402563,thread,1,trace_writer,84,3240000000,14720000000,1,115
7339416975402563,thread,1,latency_writer,85,3280000000,14580000000,0,153388
7339417075789263,process,-1,process,79,33930000000,110590000000,17892,6
7339417075789263,thread,-1,producer,79,20000000,80000000,17892,6
7339417075789263,thread,-1,sampler,88,20000000,30000000,180,1
7339417075789263,thread,0,account_worker,86,7160000000,10860000000,0,68792
7339417075789263,thread,0,trader_callback,80,3470000000,14610000000,0,106
7339417075789263,thread,0,trace_writer,81,3240000000,14840000000,1,158
7339417075789263,thread,0,latency_writer,82,3110000000,14970000000,0,177
7339417075789263,thread,1,account_worker,87,7010000000,10930000000,0,148632
7339417075789263,thread,1,trader_callback,83,3290000000,14760000000,0,19046
7339417075789263,thread,1,trace_writer,84,3260000000,14800000000,1,118
7339417075789263,thread,1,latency_writer,85,3290000000,14670000000,0,153389
7339417176630285,process,-1,process,79,34130000000,111190000000,17993,6
7339417176630285,thread,-1,producer,79,20000000,80000000,17993,6
7339417176630285,thread,-1,sampler,88,20000000,40000000,181,2
7339417176630285,thread,0,account_worker,86,7190000000,10930000000,0,68792
7339417176630285,thread,0,trader_callback,80,3500000000,14690000000,0,106
7339417176630285,thread,0,trace_writer,81,3270000000,14920000000,1,161
7339417176630285,thread,0,latency_writer,82,3130000000,15050000000,0,178
7339417176630285,thread,1,account_worker,87,7050000000,10980000000,0,148634
7339417176630285,thread,1,trader_callback,83,3310000000,14840000000,0,19046
7339417176630285,thread,1,trace_writer,84,3280000000,14880000000,1,122
7339417176630285,thread,1,latency_writer,85,3310000000,14750000000,0,153390
7339417277136775,process,-1,process,79,34350000000,111770000000,18093,6
7339417277136775,thread,-1,producer,79,20000000,80000000,18093,6
7339417277136775,thread,-1,sampler,88,20000000,40000000,182,2
7339417277136775,thread,0,account_worker,86,7250000000,10970000000,0,68792
7339417277136775,thread,0,trader_callback,80,3510000000,14770000000,0,106
7339417277136775,thread,0,trace_writer,81,3280000000,15000000000,1,161
7339417277136775,thread,0,latency_writer,82,3170000000,15120000000,0,178
7339417277136775,thread,1,account_worker,87,7080000000,11060000000,0,148634
7339417277136775,thread,1,trader_callback,83,3330000000,14920000000,0,19052
7339417277136775,thread,1,trace_writer,84,3310000000,14950000000,1,124
7339417277136775,thread,1,latency_writer,85,3340000000,14820000000,0,153390
7339417377607031,process,-1,process,79,34580000000,112350000000,18194,6
7339417377607031,thread,-1,producer,79,20000000,80000000,18194,6
7339417377607031,thread,-1,sampler,88,20000000,40000000,183,2
7339417377607031,thread,0,account_worker,86,7290000000,11030000000,0,68792
7339417377607031,thread,0,trader_callback,80,3550000000,14840000000,0,106
7339417377607031,thread,0,trace_writer,81,3300000000,15090000000,1,163
7339417377607031,thread,0,latency_writer,82,3190000000,15190000000,0,178
7339417377607031,thread,1,account_worker,87,7130000000,11110000000,0,148635
7339417377607031,thread,1,trader_callback,83,3350000000,15000000000,0,19052
7339417377607031,thread,1,trace_writer,84,3330000000,15030000000,1,127
7339417377607031,thread,1,latency_writer,85,3360000000,14900000000,0,153390
7339417478081573,process,-1,process,79,34760000000,112880000000,18294,6
7339417478081573,thread,-1,producer,79,20000000,80000000,18294,6
7339417478081573,thread,-1,sampler,88,20000000,40000000,184,2
7339417478081573,thread,0,account_worker,86,7310000000,11070000000,0,139617
7339417478081573,thread,0,trader_callback,80,3560000000,14920000000,0,106
7339417478081573,thread,0,trace_writer,81,3300000000,15190000000,1,166
7339417478081573,thread,0,latency_writer,82,3210000000,15270000000,0,182
7339417478081573,thread,1,account_worker,87,7180000000,11160000000,0,148636
7339417478081573,thread,1,trader_callback,83,3370000000,15080000000,0,19052
7339417478081573,thread,1,trace_writer,84,3350000000,15050000000,1,70952
7339417478081573,thread,1,latency_writer,85,3390000000,14980000000,0,153390
7339417578482824,process,-1,process,79,34980000000,113450000000,18395,6
7339417578482824,thread,-1,producer,79,20000000,80000000,18395,6
7339417578482824,thread,-1,sampler,88,20000000,40000000,185,2
7339417578482824,thread,0,account_worker,86,7360000000,11120000000,0,140815
7339417578482824,thread,0,trader_callback,80,3590000000,15000000000,0,106
7339417578482824,thread,0,trace_writer,81,3330000000,15250000000,1,166
7339417578482824,thread,0,latency_writer,82,3250000000,15340000000,0,182
7339417578482824,thread,1,account_worker,87,7210000000,11220000000,0,148636
7339417578482824,thread,1,trader_callback,83,3390000000,15160000000,0,19055
7339417578482824,thread,1,trace_writer,84,3370000000,15130000000,1,72147
7339417578482824,thread,1,latency_writer,85,3410000000,15060000000,0,153390
7339417678963107,process,-1,process,79,35220000000,114020000000,18495,6
7339417678963107,thread,-1,producer,79,20000000,80000000,18495,6
7339417678963107,thread,-1,sampler,88,20000000,40000000,186,2
7339417678963107,thread,0,account_worker,86,7400000000,11170000000,0,140816
7339417678963107,thread,0,trader_callback,80,3610000000,15080000000,0,106
7339417678963107,thread,0,trace_writer,81,3340000000,15350000000,1,167
7339417678963107,thread,0,latency_writer,82,3280000000,15410000000,0,182
7339417678963107,thread,1,account_worker,87,7280000000,11260000000,0,148636
7339417678963107,thread,1,trader_callback,83,3400000000,15250000000,0,19055
7339417678963107,thread,1,trace_writer,84,3400000000,15210000000,1,72148
7339417678963107,thread,1,latency_writer,85,3430000000,15130000000,0,153390
7339417779447236,process,-1,process,79,35410000000,114630000000,18594,6
7339417779447236,thread,-1,producer,79,20000000,80000000,18594,6
7339417779447236,thread,-1,sampler,88,20000000,40000000,187,2
7339417779447236,thread,0,account_worker,86,7440000000,11230000000,0,140818
7339417779447236,thread,0,trader_callback,80,3630000000,15150000000,0,106
7339417779447236,thread,0,trace_writer,81,3360000000,15430000000,1,170
7339417779447236,thread,0,latency_writer,82,3290000000,15500000000,0,182
7339417779447236,thread,1,account_worker,87,7320000000,11320000000,0,148637
7339417779447236,thread,1,trader_callback,83,3410000000,15340000000,0,19055
7339417779447236,thread,1,trace_writer,84,3420000000,15290000000,1,72148
7339417779447236,thread,1,latency_writer,85,3450000000,15210000000,0,153390
7339417879814970,process,-1,process,79,35590000000,115260000000,18694,6
7339417879814970,thread,-1,producer,79,20000000,80000000,18694,6
7339417879814970,thread,-1,sampler,88,20000000,40000000,188,2
7339417879814970,thread,0,account_worker,86,7490000000,11280000000,0,140818
7339417879814970,thread,0,trader_callback,80,3650000000,15240000000,0,106
7339417879814970,thread,0,trace_writer,81,3380000000,15510000000,1,170
7339417879814970,thread,0,latency_writer,82,3310000000,15580000000,0,182
7339417879814970,thread,1,account_worker,87,7330000000,11410000000,0,148637
7339417879814970,thread,1,trader_callback,83,3440000000,15410000000,0,19059
7339417879814970,thread,1,trace_writer,84,3440000000,15360000000,1,72148
7339417879814970,thread,1,latency_writer,85,3470000000,15290000000,0,153390
7339417980325300,process,-1,process,79,35800000000,115850000000,18795,6
7339417980325300,thread,-1,producer,79,20000000,80000000,18795,6
7339417980325300,thread,-1,sampler,88,20000000,40000000,189,2
7339417980325300,thread,0,account_worker,86,7550000000,11330000000,0,140819
7339417980325300,thread,0,trader_callback,80,3670000000,15320000000,0,106
7339417980325300,thread,0,trace_writer,81,3400000000,15590000000,1,170
7339417980325300,thread,0,latency_writer,82,3330000000,15660000000,0,185
7339417980325300,thread,1,account_worker,87,7360000000,11480000000,0,148638
7339417980325300,thread,1,trader_callback,83,3450000000,15500000000,0,19060
7339417980325300,thread,1,trace_writer,84,3480000000,15430000000,1,72149
7339417980325300,thread,1,latency_writer,85,3480000000,15390000000,0,153390
7339418080702905,process,-1,process,79,35970000000,116480000000,18895,6
7339418080702905,thread,-1,producer,79,20000000,80000000,18895,6
7339418080702905,thread,-1,sampler,88,20000000,40000000,190,2
7339418080702905,thread,0,account_worker,86,7580000000,11390000000,0,140820
7339418080702905,thread,0,trader_callback,80,3680000000,15410000000,0,106
7339418080702905,thread,0,trace_writer,81,3410000000,15680000000,1,171
7339418080702905,thread,0,latency_writer,82,3350000000,15740000000,0,186
7339418080702905,thread,1,account_worker,87,7400000000,11540000000,0,148641
7339418080702905,thread,1,trader_callback,83,3490000000,15560000000,0,19060
7339418080702905,thread,1,trace_writer,84,3480000000,15520000000,1,72152
7339418080702905,thread,1,latency_writer,85,3500000000,15470000000,0,153391
7339418181076102,process,-1,process,79,36170000000,117080000000,18995,6
7339418181076102,thread,-1,producer,79,20000000,80000000,18995,6
7339418181076102,thread,-1,sampler,88,20000000,40000000,191,2
7339418181076102,thread,0,account_worker,86,7620000000,11450000000,0,140820
7339418181076102,thread,0,trader_callback,80,3710000000,15480000000,0,106
7339418181076102,thread,0,trace_writer,81,3430000000,15760000000,1,171
7339418181076102,thread,0,latency_writer,82,3370000000,15820000000,0,188
7339418181076102,thread,1,account_worker,87,7430000000,11610000000,0,148642
7339418181076102,thread,1,trader_callback,83,3510000000,15640000000,0,19066
7339418181076102,thread,1,trace_writer,84,3500000000,15600000000,1,72154
7339418181076102,thread,1,latency_writer,85,3520000000,15540000000,0,153391
7339418281537351,process,-1,process,79,36370000000,117690000000,19096,6
7339418281537351,thread,-1,producer,79,20000000,80000000,19096,6
7339418281537351,thread,-1,sampler,88,20000000,40000000,192,2
7339418281537351,thread,0,account_worker,86,7650000000,11520000000,0,140820
7339418281537351,thread,0,trader_callback,80,3730000000,15550000000,0,106
7339418281537351,thread,0,trace_writer,81,3450000000,15840000000,1,171
7339418281537351,thread,0,latency_writer,82,3380000000,15910000000,0,189
7339418281537351,thread,1,account_worker,87,7460000000,11680000000,0,148642
7339418281537351,thread,1,trader_callback,83,3530000000,15720000000,0,19066
7339418281537351,thread,1,trace_writer,84,3530000000,15670000000,1,72155
7339418281537351,thread,1,latency_writer,85,3550000000,15610000000,0,153391
7339418382022613,process,-1,process,79,36550000000,118300000000,19196,6
7339418382022613,thread,-1,producer,79,20000000,80000000,19196,6
7339418382022613,thread,-1,sampler,88,20000000,40000000,193,2
7339418382022613,thread,0,account_worker,86,7690000000,11580000000,0,140820
7339418382022613,thread,0,trader_callback,80,3760000000,15630000000,0,106
7339418382022613,thread,0,trace_writer,81,3460000000,15930000000,1,171
7339418382022613,thread,0,latency_writer,82,3400000000,15990000000,0,190
7339418382022613,thread,1,account_worker,87,7500000000,11740000000,0,148642
7339418382022613,thread,1,trader_callback,83,3550000000,15810000000,0,19066
7339418382022613,thread,1,trace_writer,84,3550000000,15750000000,1,72159
7339418382022613,thread,1,latency_writer,85,3570000000,15700000000,0,153391
7339418482392877,process,-1,process,79,36740000000,118920000000,19297,6
7339418482392877,thread,-1,producer,79,20000000,80000000,19297,6
7339418482392877,thread,-1,sampler,88,20000000,40000000,194,2
7339418482392877,thread,0,account_worker,86,7710000000,11670000000,0,140822
7339418482392877,thread,0,trader_callback,80,3780000000,15710000000,0,106
7339418482392877,thread,0,trace_writer,81,3470000000,16020000000,1,171
7339418482392877,thread,0,latency_writer,82,3410000000,16080000000,0,190
7339418482392877,thread,1,account_worker,87,7540000000,11800000000,0,148642
7339418482392877,thread,1,trader_callback,83,3590000000,15870000000,0,19066
7339418482392877,thread,1,trace_writer,84,3560000000,15840000000,1,72164
7339418482392877,thread,1,latency_writer,85,3590000000,15780000000,0,153391
7339418582770712,process,-1,process,79,36920000000,119540000000,19397,6
7339418582770712,thread,-1,producer,79,20000000,80000000,19397,6
7339418582770712,thread,-1,sampler,88,20000000,40000000,195,2
7339418582770712,thread,0,account_worker,86,7750000000,11720000000,0,140822
7339418582770712,thread,0,trader_callback,80,3790000000,15800000000,0,106
7339418582770712,thread,0,trace_writer,81,3480000000,16110000000,1,171
7339418582770712,thread,0,latency_writer,82,3420000000,16160000000,0,191
7339418582770712,thread,1,account_worker,87,7590000000,11850000000,0,148642
7339418582770712,thread,1,trader_callback,83,3600000000,15950000000,0,19066
7339418582770712,thread,1,trace_writer,84,3590000000,15910000000,1,72166
7339418582770712,thread,1,latency_writer,85,3610000000,15850000000,0,153391
7339418683143712,process,-1,process,79,37110000000,120150000000,19498,6
7339418683143712,thread,-1,producer,79,20000000,80000000,19498,6
7339418683143712,thread,-1,sampler,88,20000000,40000000,196,2
7339418683143712,thread,0,account_worker,86,7790000000,11780000000,0,140822
7339418683143712,thread,0,trader_callback,80,3810000000,15880000000,0,107
7339418683143712,thread,0,trace_writer,81,3500000000,16190000000,1,171
7339418683143712,thread,0,latency_writer,82,3430000000,16260000000,0,191
7339418683143712,thread,1,account_worker,87,7640000000,11900000000,0,148643
7339418683143712,thread,1,trader_callback,83,3620000000,16040000000,0,19066
7339418683143712,thread,1,trace_writer,84,3600000000,16000000000,1,72168
7339418683143712,thread,1,latency_writer,85,3640000000,15920000000,0,153391
7339418783511919,process,-1,process,79,37320000000,120750000000,19598,6
7339418783511919,thread,-1,producer,79,20000000,90000000,19598,6
7339418783511919,thread,-1,sampler,88,20000000,40000000,197,2
7339418783511919,thread,0,account_worker,86,7840000000,11840000000,0,140822
7339418783511919,thread,0,trader_callback,80,3830000000,15960000000,0,107
7339418783511919,thread,0,trace_writer,81,3510000000,16280000000,1,171
7339418783511919,thread,0,latency_writer,82,3460000000,16330000000,0,191
7339418783511919,thread,1,account_worker,87,7680000000,11960000000,0,148644
7339418783511919,thread,1,trader_callback,83,3630000000,16120000000,0,19067
7339418783511919,thread,1,trace_writer,84,3620000000,16080000000,1,72170
7339418783511919,thread,1,latency_writer,85,3660000000,16000000000,0,153391
7339418883880180,process,-1,process,79,37500000000,121370000000,19698,6
7339418883880180,thread,-1,producer,79,20000000,90000000,19698,6
7339418883880180,thread,-1,sampler,88,20000000,40000000,198,2
7339418883880180,thread,0,account_worker,86,7870000000,11910000000,0,140834
7339418883880180,thread,0,trader_callback,80,3850000000,16040000000,0,119
7339418883880180,thread,0,trace_writer,81,3540000000,16360000000,1,186
7339418883880180,thread,0,latency_writer,82,3480000000,16410000000,0,203
7339418883880180,thread,1,account_worker,87,7710000000,12030000000,0,148657
7339418883880180,thread,1,trader_callback,83,3660000000,16190000000,0,19080
7339418883880180,thread,1,trace_writer,84,3640000000,16160000000,1,72186
7339418883880180,thread,1,latency_writer,85,3680000000,16090000000,0,153403
7339418984282730,process,-1,process,79,37710000000,121970000000,19799,6
7339418984282730,thread,-1,producer,79,20000000,90000000,19799,6
7339418984282730,thread,-1,sampler,88,20000000,40000000,199,2
7339418984282730,thread,0,account_worker,86,7920000000,11960000000,0,140834
7339418984282730,thread,0,trader_callback,80,3870000000,16120000000,0,119
7339418984282730,thread,0,trace_writer,81,3550000000,16440000000,1,190
7339418984282730,thread,0,latency_writer,82,3500000000,16490000000,0,203
7339418984282730,thread,1,account_worker,87,7730000000,12110000000,0,148658
7339418984282730,thread,1,trader_callback,83,3680000000,16280000000,0,19080
7339418984282730,thread,1,trace_writer,84,3670000000,16230000000,1,72186
7339418984282730,thread,1,latency_writer,85,3710000000,16160000000,0,153403
7339419084666732,process,-1,process,79,37870000000,122610000000,19899,6
7339419084666732,thread,-1,producer,79,20000000,90000000,19899,6
7339419084666732,thread,-1,sampler,88,20000000,40000000,200,2
7339419084666732,thread,0,account_worker,86,7940000000,12040000000,0,140835
7339419084666732,thread,0,trader_callback,80,3890000000,16210000000,0,119
7339419084666732,thread,0,trace_writer,81,3570000000,16530000000,1,194
7339419084666732,thread,0,latency_writer,82,3520000000,16570000000,0,203
7339419084666732,thread,1,account_worker,87,7770000000,12170000000,0,148658
7339419084666732,thread,1,trader_callback,83,3690000000,16370000000,0,19080
7339419084666732,thread,1,trace_writer,84,3690000000,16310000000,1,72189
7339419084666732,thread,1,latency_writer,85,3730000000,16240000000,0,153404
7339419185048772,process,-1,process,79,38040000000,123240000000,19999,6
7339419185048772,thread,-1,producer,79,20000000,90000000,19999,6
7339419185048772,thread,-1,sampler,88,20000000,40000000,201,2
7339419185048772,thread,0,account_worker,86,7990000000,12090000000,0,140835
7339419185048772,thread,0,trader_callback,80,3890000000,16300000000,0,119
7339419185048772,thread,0,trace_writer,81,3590000000,16600000000,1,194
7339419185048772,thread,0,latency_writer,82,3540000000,16650000000,0,204
7339419185048772,thread,1,account_worker,87,7810000000,12240000000,0,148660
7339419185048772,thread,1,trader_callback,83,3710000000,16450000000,0,19080
7339419185048772,thread,1,trace_writer,84,3700000000,16390000000,1,72191
7339419185048772,thread,1,latency_writer,85,3730000000,16330000000,0,153404
7339419285409007,process,-1,process,79,38280000000,123800000000,20100,6
7339419285409007,thread,-1,producer,79,20000000,90000000,20100,6
7339419285409007,thread,-1,sampler,88,20000000,40000000,202,2
7339419285409007,thread,0,account_worker,86,8030000000,12150000000,0,140835
7339419285409007,thread,0,trader_callback,80,3910000000,16380000000,0,119
7339419285409007,thread,0,trace_writer,81,3620000000,16680000000,1,195
7339419285409007,thread,0,latency_writer,82,3560000000,16730000000,0,204
7339419285409007,thread,1,account_worker,87,7840000000,12300000000,0,148660
7339419285409007,thread,1,trader_callback,83,3730000000,16520000000,0,19080
7339419285409007,thread,1,trace_writer,84,3730000000,16470000000,1,72195
7339419285409007,thread,1,latency_writer,85,3770000000,16390000000,0,153404
7339419385787918,process,-1,process,79,38470000000,124410000000,20200,6
7339419385787918,thread,-1,producer,79,20000000,90000000,20200,6
7339419385787918,thread,-1,sampler,88,20000000,40000000,203,2
7339419385787918,thread,0,account_worker,86,8070000000,12210000000,0,140836
7339419385787918,thread,0,trader_callback,80,3920000000,16470000000,0,119
7339419385787918,thread,0,trace_writer,81,3630000000,16760000000,1,196
7339419385787918,thread,0,latency_writer,82,3590000000,16800000000,0,208
7339419385787918,thread,1,account_worker,87,7890000000,12360000000,0,148661
7339419385787918,thread,1,trader_callback,83,3760000000,16600000000,0,19080
7339419385787918,thread,1,trace_writer,84,3740000000,16560000000,1,72197
7339419385787918,thread,1,latency_writer,85,3790000000,16470000000,0,153404
7339419486185471,process,-1,process,79,38620000000,125070000000,20301,6
7339419486185471,thread,-1,producer,79,20000000,90000000,20301,6
7339419486185471,thread,-1,sampler,88,20000000,40000000,204,2
7339419486185471,thread,0,account_worker,86,8110000000,12270000000,0,140836
7339419486185471,thread,0,trader_callback,80,3920000000,16570000000,0,119
7339419486185471,thread,0,trace_writer,81,3660000000,16840000000,1,200
7339419486185471,thread,0,latency_writer,82,3590000000,16900000000,0,217
7339419486185471,thread,1,account_worker,87,7920000000,12430000000,0,148662
7339419486185471,thread,1,trader_callback,83,3770000000,16690000000,0,19080
7339419486185471,thread,1,trace_writer,84,3760000000,16640000000,1,72197
7339419486185471,thread,1,latency_writer,85,3810000000,16560000000,0,153404
7339419586549347,process,-1,process,79,38800000000,125700000000,20401,6
7339419586549347,thread,-1,producer,79,20000000,90000000,20401,6
7339419586549347,thread,-1,sampler,88,20000000,40000000,205,2
7339419586549347,thread,0,account_worker,86,8150000000,12330000000,0,140836
7339419586549347,thread,0,trader_callback,80,3950000000,16650000000,0,119
7339419586549347,thread,0,trace_writer,81,3680000000,16910000000,1,201
7339419586549347,thread,0,latency_writer,82,3600000000,16990000000,0,217
7339419586549347,thread,1,account_worker,87,7950000000,12490000000,0,148662
7339419586549347,thread,1,trader_callback,83,3790000000,16770000000,0,19080
7339419586549347,thread,1,trace_writer,84,3780000000,16720000000,1,72205
7339419586549347,thread,1,latency_writer,85,3810000000,16660000000,0,153404
7339419686917651,process,-1,process,79,39030000000,126270000000,20501,6
7339419686917651,thread,-1,producer,79,20000000,90000000,20501,6
7339419686917651,thread,-1,sampler,88,20000000,40000000,206,2
7339419686917651,thread,0,account_worker,86,8190000000,12390000000,0,140836
7339419686917651,thread,0,trader_callback,80,3970000000,16720000000,0,119
7339419686917651,thread,0,trace_writer,81,3700000000,17000000000,1,202
7339419686917651,thread,0,latency_writer,82,3620000000,17070000000,0,218
7339419686917651,thread,1,account_worker,87,8000000000,12550000000,0,148662
7339419686917651,thread,1,trader_callback,83,3810000000,16840000000,0,19081
7339419686917651,thread,1,trace_writer,84,3810000000,16790000000,1,72206
7339419686917651,thread,1,latency_writer,85,3840000000,16730000000,0,153404
7339419787291147,process,-1,process,79,39210000000,126890000000,20602,6
7339419787291147,thread,-1,producer,79,20000000,90000000,20602,6
7339419787291147,thread,-1,sampler,88,20000000,40000000,207,2
7339419787291147,thread,0,account_worker,86,8230000000,12450000000,0,140836
7339419787291147,thread,0,trader_callback,80,4000000000,16800000000,0,119
7339419787291147,thread,0,trace_writer,81,3710000000,17090000000,1,205
7339419787291147,thread,0,latency_writer,82,3640000000,17150000000,0,218
7339419787291147,thread,1,account_worker,87,8050000000,12600000000,0,148663
7339419787291147,thread,1,trader_callback,83,3830000000,16930000000,0,19081
7339419787291147,thread,1,trace_writer,84,3810000000,16890000000,1,72207
7339419787291147,thread,1,latency_writer,85,3860000000,16810000000,0,153405
7339419887659498,process,-1,process,79,39400000000,127500000000,20702,6
7339419887659498,thread,-1,producer,79,20000000,90000000,20702,6
7339419887659498,thread,-1,sampler,88,20000000,40000000,208,2
7339419887659498,thread,0,account_worker,86,8280000000,12510000000,0,140837
7339419887659498,thread,0,trader_callback,80,4030000000,16870000000,0,119
7339419887659498,thread,0,trace_writer,81,3730000000,17170000000,1,205
7339419887659498,thread,0,latency_writer,82,3650000000,17240000000,0,218
7339419887659498,thread,1,account_worker,87,8080000000,12660000000,0,148663
7339419887659498,thread,1,trader_callback,83,3850000000,17010000000,0,19082
7339419887659498,thread,1,trace_writer,84,3830000000,16970000000,1,72208
7339419887659498,thread,1,latency_writer,85,3870000000,16900000000,0,153405
7339419988022666,process,-1,process,79,39620000000,128080000000,20802,6
7339419988022666,thread,-1,producer,79,20000000,90000000,20802,6
7339419988022666,thread,-1,sampler,88,20000000,50000000,209,2
7339419988022666,thread,0,account_worker,86,8300000000,12580000000,0,140837
7339419988022666,thread,0,trader_callback,80,4050000000,16940000000,0,120
7339419988022666,thread,0,trace_writer,81,3740000000,17260000000,1,205
7339419988022666,thread,0,latency_writer,82,3700000000,17290000000,0,218
7339419988022666,thread,1,account_worker,87,8130000000,12710000000,0,148664
7339419988022666,thread,1,trader_callback,83,3880000000,17080000000,0,19083
7339419988022666,thread,1,trace_writer,84,3840000000,17060000000,2,72213
7339419988022666,thread,1,latency_writer,85,3890000000,16980000000,0,153405
7339420092022999,process,-1,process,79,39780000000,128760000000,20904,6
7339420092022999,thread,-1,producer,79,20000000,90000000,20904,6
7339420092022999,thread,-1,sampler,88,20000000,50000000,210,2
7339420092022999,thread,0,account_worker,86,8340000000,12640000000,0,140838
7339420092022999,thread,0,trader_callback,80,4060000000,17040000000,0,120
7339420092022999,thread,0,trace_writer,81,3760000000,17340000000,1,206
7339420092022999,thread,0,latency_writer,82,3710000000,17380000000,0,220
7339420092022999,thread,1,account_worker,87,8150000000,12790000000,0,148666
7339420092022999,thread,1,trader_callback,83,3890000000,17170000000,0,19083
7339420092022999,thread,1,trace_writer,84,3850000000,17150000000,2,72214
7339420092022999,thread,1,latency_writer,85,3920000000,17050000000,0,153406
7339420192506938,process,-1,process,79,39950000000,129390000000,21005,6
7339420192506938,thread,-1,producer,79,20000000,90000000,21005,6
7339420192506938,thread,-1,sampler,88,20000000,50000000,211,2
7339420192506938,thread,0,account_worker,86,8370000000,12710000000,0,140838
7339420192506938,thread,0,trader_callback,80,4080000000,17120000000,0,120
7339420192506938,thread,0,trace_writer,81,3770000000,17430000000,1,209
7339420192506938,thread,0,latency_writer,82,3740000000,17460000000,0,220
7339420192506938,thread,1,account_worker,87,8190000000,12860000000,0,148667
7339420192506938,thread,1,trader_callback,83,3910000000,17250000000,0,19087
7339420192506938,thread,1,trace_writer,84,3870000000,17240000000,2,72214
7339420192506938,thread,1,latency_writer,85,3940000000,17140000000,0,153406
7339420292993899,process,-1,process,79,40140000000,130010000000,21105,6
7339420292993899,thread,-1,producer,79,20000000,90000000,21105,6
7339420292993899,thread,-1,sampler,88,20000000,50000000,212,2
7339420292993899,thread,0,account_worker,86,8430000000,12760000000,0,140838
7339420292993899,thread,0,trader_callback,80,4110000000,17190000000,0,120
7339420292993899,thread,0,trace_writer,81,3790000000,17510000000,1,209
7339420292993899,thread,0,latency_writer,82,3760000000,17540000000,0,220
7339420292993899,thread,1,account_worker,87,8230000000,12920000000,0,148667
7339420292993899,thread,1,trader_callback,83,3930000000,17340000000,0,19087
7339420292993899,thread,1,trace_writer,84,3880000000,17320000000,2,72214
7339420292993899,thread,1,latency_writer,85,3950000000,17230000000,0,153406
7339420393501962,process,-1,process,79,40340000000,130620000000,21206,6
7339420393501962,thread,-1,producer,79,20000000,90000000,21206,6
7339420393501962,thread,-1,sampler,88,20000000,50000000,213,2
7339420393501962,thread,0,account_worker,86,8470000000,12810000000,0,140838
7339420393501962,thread,0,trader_callback,80,4130000000,17270000000,0,120
7339420393501962,thread,0,trace_writer,81,3810000000,17590000000,1,209
7339420393501962,thread,0,latency_writer,82,3770000000,17630000000,0,220
7339420393501962,thread,1,account_worker,87,8260000000,12990000000,0,148667
7339420393501962,thread,1,trader_callback,83,3940000000,17420000000,0,19087
7339420393501962,thread,1,trace_writer,84,3900000000,17410000000,2,72214
7339420393501962,thread,1,latency_writer,85,3970000000,17310000000,0,153406
7339420493991433,process,-1,process,79,40530000000,131230000000,21306,6
7339420493991433,thread,-1,producer,79,20000000,90000000,21306,6
7339420493991433,thread,-1,sampler,88,20000000,50000000,214,2
7339420493991433,thread,0,account_worker,86,8510000000,12870000000,0,140839
7339420493991433,thread,0,trader_callback,80,4140000000,17360000000,0,120
7339420493991433,thread,0,trace_writer,81,3830000000,17670000000,1,209
7339420493991433,thread,0,latency_writer,82,3790000000,17710000000,0,221
7339420493991433,thread,1,account_worker,87,8300000000,13060000000,0,148667
7339420493991433,thread,1,trader_callback,83,3970000000,17500000000,0,19088
7339420493991433,thread,1,trace_writer,84,3930000000,17480000000,2,72214
7339420493991433,thread,1,latency_writer,85,3980000000,17400000000,0,153406
7339420594478107,process,-1,process,79,40730000000,131830000000,21405,6
7339420594478107,thread,-1,producer,79,20000000,90000000,21405,6
7339420594478107,thread,-1,sampler,88,20000000,50000000,215,2
7339420594478107,thread,0,account_worker,86,8550000000,12940000000,0,140839
7339420594478107,thread,0,trader_callback,80,4170000000,17430000000,0,120
7339420594478107,thread,0,trace_writer,81,3850000000,17750000000,1,210
7339420594478107,thread,0,latency_writer,82,3810000000,17790000000,0,222
7339420594478107,thread,1,account_worker,87,8340000000,13110000000,0,148667
7339420594478107,thread,1,trader_callback,83,3980000000,17580000000,0,19088
7339420594478107,thread,1,trace_writer,84,3940000000,17560000000,2,72215
7339420594478107,thread,1,latency_writer,85,4000000000,17480000000,0,153406
7339420694916431,process,-1,process,79,40940000000,132430000000,21505,6
7339420694916431,thread,-1,producer,79,20000000,90000000,21505,6
7339420694916431,thread,-1,sampler,88,20000000,50000000,216,2
7339420694916431,thread,0,account_worker,86,8580000000,13000000000,0,140839
7339420694916431,thread,0,trader_callback,80,4190000000,17510000000,0,121
7339420694916431,thread,0,trace_writer,81,3870000000,17840000000,1,210
7339420694916431,thread,0,latency_writer,82,3830000000,17870000000,0,222
7339420694916431,thread,1,account_worker,87,8380000000,13170000000,0,148668
7339420694916431,thread,1,trader_callback,83,4010000000,17660000000,0,19088
7339420694916431,thread,1,trace_writer,84,3980000000,17630000000,2,72215
7339420694916431,thread,1,latency_writer,85,4020000000,17560000000,0,153406
7339420795386722,process,-1,process,79,41180000000,132990000000,21603,6
7339420795386722,thread,-1,producer,79,20000000,90000000,21603,6
7339420795386722,thread,-1,sampler,88,20000000,50000000,217,2
7339420795386722,thread,0,account_worker,86,8630000000,13060000000,0,140839
7339420795386722,thread,0,trader_callback,80,4220000000,17580000000,0,121
7339420795386722,thread,0,trace_writer,81,3880000000,17920000000,1,210
7339420795386722,thread,0,latency_writer,82,3870000000,17930000000,0,222
7339420795386722,thread,1,account_worker,87,8430000000,13220000000,0,148671
7339420795386722,thread,1,trader_callback,83,4030000000,17730000000,0,19088
7339420795386722,thread,1,trace_writer,84,4000000000,17710000000,2,72215
7339420795386722,thread,1,latency_writer,85,4030000000,17640000000,0,153406
7339420895841471,process,-1,process,79,41400000000,133570000000,21703,6
7339420895841471,thread,-1,producer,79,20000000,90000000,21703,6
7339420895841471,thread,-1,sampler,88,20000000,50000000,218,2
7339420895841471,thread,0,account_worker,86,8670000000,13120000000,0,140839
7339420895841471,thread,0,trader_callback,80,4240000000,17660000000,0,121
7339420895841471,thread,0,trace_writer,81,3910000000,18000000000,1,210
7339420895841471,thread,0,latency_writer,82,3880000000,18020000000,0,222
7339420895841471,thread,1,account_worker,87,8480000000,13280000000,0,148672
7339420895841471,thread,1,trader_callback,83,4070000000,17800000000,0,19088
7339420895841471,thread,1,trace_writer,84,4020000000,17790000000,2,72215
7339420895841471,thread,1,latency_writer,85,4060000000,17720000000,0,153406
7339420997201704,process,-1,process,79,41560000000,134220000000,21803,6
7339420997201704,thread,-1,producer,79,20000000,90000000,21803,6
7339420997201704,thread,-1,sampler,88,20000000,50000000,219,3
7339420997201704,thread,0,account_worker,86,8700000000,13190000000,0,140839
7339420997201704,thread,0,trader_callback,80,4250000000,17750000000,0,121
7339420997201704,thread,0,trace_writer,81,3930000000,18080000000,1,214
7339420997201704,thread,0,latency_writer,82,3900000000,18100000000,0,222
7339420997201704,thread,1,account_worker,87,8500000000,13360000000,0,148672
7339420997201704,thread,1,trader_callback,83,4080000000,17890000000,0,19088
7339420997201704,thread,1,trace_writer,84,4040000000,17860000000,2,72215
7339420997201704,thread,1,latency_writer,85,4070000000,17810000000,0,153406
7339421097578957,process,-1,process,79,41760000000,134830000000,21901,6
7339421097578957,thread,-1,producer,79,20000000,90000000,21901,6
7339421097578957,thread,-1,sampler,88,20000000,50000000,220,3
7339421097578957,thread,0,account_worker,86,8740000000,13250000000,0,140840
7339421097578957,thread,0,trader_callback,80,4280000000,17830000000,0,121
7339421097578957,thread,0,trace_writer,81,3950000000,18160000000,1,215
7339421097578957,thread,0,latency_writer,82,3930000000,18170000000,0,223
7339421097578957,thread,1,account_worker,87,8540000000,13410000000,0,148672
7339421097578957,thread,1,trader_callback,83,4100000000,17970000000,0,19088
7339421097578957,thread,1,trace_writer,84,4050000000,17960000000,2,72216
7339421097578957,thread,1,latency_writer,85,4080000000,17900000000,0,153407
7339421197932223,process,-1,process,79,41970000000,135430000000,21995,6
7339421197932223,thread,-1,producer,79,20000000,90000000,21995,6
7339421197932223,thread,-1,sampler,88,20000000,50000000,221,3
7339421197932223,thread,0,account_worker,86,8780000000,13310000000,0,140840
7339421197932223,thread,0,trader_callback,80,4310000000,17890000000,0,121
7339421197932223,thread,0,trace_writer,81,3970000000,18230000000,1,215
7339421197932223,thread,0,latency_writer,82,3940000000,18260000000,0,223
7339421197932223,thread,1,account_worker,87,8590000000,13460000000,0,148674
7339421197932223,thread,1,trader_callback,83,4120000000,18050000000,0,19091
7339421197932223,thread,1,trace_writer,84,4070000000,18040000000,2,72216
7339421197932223,thread,1,latency_writer,85,4090000000,17990000000,0,153407
7339421298319830,process,-1,process,79,42170000000,136030000000,22083,6
7339421298319830,thread,-1,producer,79,20000000,90000000,22083,6
7339421298319830,thread,-1,sampler,88,20000000,50000000,222,3
7339421298319830,thread,0,account_worker,86,8830000000,13360000000,0,140840
7339421298319830,thread,0,trader_callback,80,4340000000,17960000000,0,121
7339421298319830,thread,0,trace_writer,81,3990000000,18320000000,1,219
7339421298319830,thread,0,latency_writer,82,3950000000,18350000000,0,223
7339421298319830,thread,1,account_worker,87,8620000000,13540000000,0,148674
7339421298319830,thread,1,trader_callback,83,4130000000,18140000000,0,19091
7339421298319830,thread,1,trace_writer,84,4100000000,18110000000,2,72216
7339421298319830,thread,1,latency_writer,85,4110000000,18070000000,0,153407
7339421398689023,process,-1,process,79,42340000000,136660000000,22183,6
7339421398689023,thread,-1,producer,79,20000000,100000000,22183,6
7339421398689023,thread,-1,sampler,88,20000000,50000000,223,3
7339421398689023,thread,0,account_worker,86,8870000000,13420000000,0,140840
7339421398689023,thread,0,trader_callback,80,4360000000,18050000000,0,121
7339421398689023,thread,0,trace_writer,81,4020000000,18390000000,1,222
7339421398689023,thread,0,latency_writer,82,3970000000,18430000000,0,223
7339421398689023,thread,1,account_worker,87,8650000000,13600000000,0,148675
7339421398689023,thread,1,trader_callback,83,4150000000,18220000000,0,19091
7339421398689023,thread,1,trace_writer,84,4100000000,18210000000,2,72216
7339421398689023,thread,1,latency_writer,85,4130000000,18150000000,0,153407
7339421499117967,process,-1,process,79,42530000000,137280000000,22283,6
7339421499117967,thread,-1,producer,79,20000000,100000000,22284,6
7339421499117967,thread,-1,sampler,88,20000000,50000000,224,3
7339421499117967,thread,0,account_worker,86,8910000000,13480000000,0,140840
7339421499117967,thread,0,trader_callback,80,4370000000,18140000000,0,121
7339421499117967,thread,0,trace_writer,81,4030000000,18470000000,1,226
7339421499117967,thread,0,latency_writer,82,4000000000,18500000000,0,223
7339421499117967,thread,1,account_worker,87,8690000000,13660000000,0,148676
7339421499117967,thread,1,trader_callback,83,4160000000,18310000000,0,19091
7339421499117967,thread,1,trace_writer,84,4120000000,18290000000,2,72216
7339421499117967,thread,1,latency_writer,85,4150000000,18230000000,0,153407
7339421599480177,process,-1,process,79,42740000000,137870000000,22384,6
7339421599480177,thread,-1,producer,79,20000000,100000000,22384,6
7339421599480177,thread,-1,sampler,88,20000000,50000000,225,3
7339421599480177,thread,0,account_worker,86,8940000000,13550000000,0,140840
7339421599480177,thread,0,trader_callback,80,4410000000,18200000000,0,121
7339421599480177,thread,0,trace_writer,81,4060000000,18550000000,1,228
7339421599480177,thread,0,latency_writer,82,4030000000,18570000000,0,223
7339421599480177,thread,1,account_worker,87,8730000000,13730000000,0,148676
7339421599480177,thread,1,trader_callback,83,4180000000,18390000000,0,19091
7339421599480177,thread,1,trace_writer,84,4150000000,18360000000,2,72216
7339421599480177,thread,1,latency_writer,85,4160000000,18320000000,0,153407
7339421699850606,process,-1,process,79,42890000000,138520000000,22484,6
7339421699850606,thread,-1,producer,79,20000000,100000000,22484,6
7339421699850606,thread,-1,sampler,88,20000000,50000000,226,3
7339421699850606,thread,0,account_worker,86,8970000000,13630000000,0,140840
7339421699850606,thread,0,trader_callback,80,4420000000,18280000000,0,121
7339421699850606,thread,0,trace_writer,81,4070000000,18630000000,1,228
7339421699850606,thread,0,latency_writer,82,4040000000,18660000000,0,224
7339421699850606,thread,1,account_worker,87,8760000000,13800000000,0,148676
7339421699850606,thread,1,trader_callback,83,4200000000,18470000000,0,19091
7339421699850606,thread,1,trace_writer,84,4170000000,18440000000,2,72216
7339421699850606,thread,1,latency_writer,85,4170000000,18410000000,0,153407
7339421800227355,process,-1,process,79,43090000000,139120000000,22585,6
7339421800227355,thread,-1,producer,79,20000000,100000000,22585,6
7339421800227355,thread,-1,sampler,88,20000000,50000000,227,3
7339421800227355,thread,0,account_worker,86,9010000000,13680000000,0,140840
7339421800227355,thread,0,trader_callback,80,4440000000,18370000000,0,121
7339421800227355,thread,0,trace_writer,81,4090000000,18720000000,1,228
7339421800227355,thread,0,latency_writer,82,4050000000,18750000000,0,224
7339421800227355,thread,1,account_worker,87,8780000000,13870000000,0,148677
7339421800227355,thread,1,trader_callback,83,4210000000,18560000000,0,19091
7339421800227355,thread,1,trace_writer,84,4190000000,18520000000,2,72216
7339421800227355,thread,1,latency_writer,85,4210000000,18470000000,0,153407
7339421900604916,process,-1,process,79,43300000000,139730000000,22685,6
7339421900604916,thread,-1,producer,79,20000000,100000000,22685,6
7339421900604916,thread,-1,sampler,88,20000000,50000000,228,3
7339421900604916,thread,0,account_worker,86,9050000000,13740000000,0,140841
7339421900604916,thread,0,trader_callback,80,4450000000,18460000000,0,121
7339421900604916,thread,0,trace_writer,81,4130000000,18780000000,1,228
7339421900604916,thread,0,latency_writer,82,4070000000,18830000000,0,224
7339421900604916,thread,1,account_worker,87,8820000000,13930000000,0,148677
7339421900604916,thread,1,trader_callback,83,4230000000,18640000000,0,19091
7339421900604916,thread,1,trace_writer,84,4220000000,18590000000,2,72216
7339421900604916,thread,1,latency_writer,85,4230000000,18560000000,0,153407
7339422000988456,process,-1,process,79,43470000000,140350000000,22785,6
7339422000988456,thread,-1,producer,79,20000000,100000000,22785,6
7339422000988456,thread,-1,sampler,88,30000000,50000000,229,3
7339422000988456,thread,0,account_worker,86,9090000000,13810000000,0,140841
7339422000988456,thread,0,trader_callback,80,4460000000,18550000000,0,121
7339422000988456,thread,0,trace_writer,81,4140000000,18870000000,1,228
7339422000988456,thread,0,latency_writer,82,4090000000,18910000000,0,224
7339422000988456,thread,1,account_worker,87,8860000000,14000000000,0,148679
7339422000988456,thread,1,trader_callback,83,4240000000,18730000000,0,19091
7339422000988456,thread,1,trace_writer,84,4240000000,18670000000,2,72216
7339422000988456,thread,1,latency_writer,85,4250000000,18630000000,0,153408
7339422101361475,process,-1,process,79,43630000000,141000000000,22886,6
7339422101361475,thread,-1,producer,79,20000000,100000000,22886,6
7339422101361475,thread,-1,sampler,88,30000000,50000000,230,3
7339422101361475,thread,0,account_worker,86,9140000000,13850000000,0,140842
7339422101361475,thread,0,trader_callback,80,4470000000,18630000000,0,121
7339422101361475,thread,0,trace_writer,81,4150000000,18960000000,1,229
7339422101361475,thread,0,latency_writer,82,4100000000,19000000000,0,226
7339422101361475,thread,1,account_worker,87,8870000000,14080000000,0,148681
7339422101361475,thread,1,trader_callback,83,4250000000,18820000000,0,19091
7339422101361475,thread,1,trace_writer,84,4260000000,18750000000,2,72217
7339422101361475,thread,1,latency_writer,85,4280000000,18710000000,0,153408
7339422202022169,process,-1,process,79,43790000000,141640000000,22986,6
7339422202022169,thread,-1,producer,79,20000000,100000000,22986,6
7339422202022169,thread,-1,sampler,88,30000000,50000000,231,3
7339422202022169,thread,0,account_worker,86,9170000000,13920000000,0,140842
7339422202022169,thread,0,trader_callback,80,4480000000,18730000000,0,121
7339422202022169,thread,0,trace_writer,81,4170000000,19040000000,1,229
7339422202022169,thread,0,latency_writer,82,4120000000,19090000000,0,226
7339422202022169,thread,1,account_worker,87,8930000000,14130000000,0,148682
7339422202022169,thread,1,trader_callback,83,4260000000,18910000000,0,19092
7339422202022169,thread,1,trace_writer,84,4280000000,18830000000,2,72217
7339422202022169,thread,1,latency_writer,85,4290000000,18800000000,0,153408
7339422302396128,process,-1,process,79,44020000000,142220000000,23087,6
7339422302396128,thread,-1,producer,79,20000000,100000000,23087,6
7339422302396128,thread,-1,sampler,88,30000000,50000000,232,3
7339422302396128,thread,0,account_worker,86,9210000000,13980000000,0,140842
7339422302396128,thread,0,trader_callback,80,4500000000,18810000000,0,121
7339422302396128,thread,0,trace_writer,81,4190000000,19120000000,1,232
7339422302396128,thread,0,latency_writer,82,4150000000,19160000000,0,226
7339422302396128,thread,1,account_worker,87,8980000000,14180000000,0,148682
7339422302396128,thread,1,trader_callback,83,4290000000,18980000000,0,19092
7339422302396128,thread,1,trace_writer,84,4310000000,18910000000,2,72217
7339422302396128,thread,1,latency_writer,85,4310000000,18880000000,0,153408
7339422402749295,process,-1,process,79,44210000000,142830000000,23184,6
7339422402749295,thread,-1,producer,79,20000000,100000000,23184,6
7339422402749295,thread,-1,sampler,88,30000000,50000000,233,3
7339422402749295,thread,0,account_worker,86,9240000000,14050000000,0,140843
7339422402749295,thread,0,trader_callback,80,4510000000,18900000000,0,121
7339422402749295,thread,0,trace_writer,81,4210000000,19200000000,1,233
7339422402749295,thread,0,latency_writer,82,4170000000,19230000000,0,230
7339422402749295,thread,1,account_worker,87,9000000000,14260000000,0,148682
7339422402749295,thread,1,trader_callback,83,4310000000,19060000000,0,19092
7339422402749295,thread,1,trace_writer,84,4330000000,18990000000,2,72217
7339422402749295,thread,1,latency_writer,85,4330000000,18950000000,0,153408
7339422503141535,process,-1,process,79,44400000000,143450000000,23281,6
7339422503141535,thread,-1,producer,79,20000000,100000000,23281,6
7339422503141535,thread,-1,sampler,88,30000000,50000000,234,3
7339422503141535,thread,0,account_worker,86,9290000000,14100000000,0,140844
7339422503141535,thread,0,trader_callback,80,4530000000,18980000000,0,121
7339422503141535,thread,0,trace_writer,81,4240000000,19270000000,1,233
7339422503141535,thread,0,latency_writer,82,4190000000,19320000000,0,233
7339422503141535,thread,1,account_worker,87,9030000000,14330000000,0,148682
7339422503141535,thread,1,trader_callback,83,4330000000,19150000000,0,19093
7339422503141535,thread,1,trace_writer,84,4350000000,19070000000,2,72217
7339422503141535,thread,1,latency_writer,85,4360000000,19030000000,0,153408
7339422603508261,process,-1,process,79,44590000000,144060000000,23381,6
7339422603508261,thread,-1,producer,79,20000000,100000000,23381,6
7339422603508261,thread,-1,sampler,88,30000000,50000000,235,3
7339422603508261,thread,0,account_worker,86,9340000000,14150000000,0,140844
7339422603508261,thread,0,trader_callback,80,4540000000,19070000000,0,121
7339422603508261,thread,0,trace_writer,81,4250000000,19360000000,1,233
7339422603508261,thread,0,latency_writer,82,4200000000,19400000000,0,239
7339422603508261,thread,1,account_worker,87,9070000000,14390000000,0,148682
7339422603508261,thread,1,trader_callback,83,4350000000,19220000000,0,19096
7339422603508261,thread,1,trace_writer,84,4370000000,19150000000,2,72218
7339422603508261,thread,1,latency_writer,85,4370000000,19110000000,0,153408
7339422703891432,process,-1,process,79,44770000000,144680000000,23481,6
7339422703891432,thread,-1,producer,79,20000000,100000000,23481,6
7339422703891432,thread,-1,sampler,88,30000000,50000000,236,3
7339422703891432,thread,0,account_worker,86,9390000000,14200000000,0,140844
7339422703891432,thread,0,trader_callback,80,4550000000,19160000000,0,122
7339422703891432,thread,0,trace_writer,81,4270000000,19440000000,1,236
7339422703891432,thread,0,latency_writer,82,4230000000,19480000000,0,244
7339422703891432,thread,1,account_worker,87,9100000000,14460000000,0,148683
7339422703891432,thread,1,trader_callback,83,4370000000,19310000000,0,19096
7339422703891432,thread,1,trace_writer,84,4380000000,19240000000,2,72218
7339422703891432,thread,1,latency_writer,85,4390000000,19190000000,0,153408
7339422804267661,process,-1,process,79,44920000000,145330000000,23582,6
7339422804267661,thread,-1,producer,79,30000000,100000000,23582,6
7339422804267661,thread,-1,sampler,88,30000000,50000000,237,3
7339422804267661,thread,0,account_worker,86,9420000000,14280000000,0,140845
7339422804267661,thread,0,trader_callback,80,4560000000,19250000000,0,122
7339422804267661,thread,0,trace_writer,81,4270000000,19540000000,1,237
7339422804267661,thread,0,latency_writer,82,4240000000,19560000000,0,251
7339422804267661,thread,1,account_worker,87,9130000000,14530000000,0,148686
7339422804267661,thread,1,trader_callback,83,4390000000,19390000000,0,19097
7339422804267661,thread,1,trace_writer,84,4390000000,19320000000,2,72219
7339422804267661,thread,1,latency_writer,85,4420000000,19270000000,0,153409
7339422904670853,process,-1,process,79,45120000000,145930000000,23681,6
7339422904670853,thread,-1,producer,79,30000000,100000000,23681,6
7339422904670853,thread,-1,sampler,88,30000000,50000000,238,3
7339422904670853,thread,0,account_worker,86,9470000000,14330000000,0,140845
7339422904670853,thread,0,trader_callback,80,4570000000,19340000000,0,122
7339422904670853,thread,0,trace_writer,81,4290000000,19620000000,1,238
7339422904670853,thread,0,latency_writer,82,4260000000,19650000000,0,255
7339422904670853,thread,1,account_worker,87,9170000000,14580000000,0,148690
7339422904670853,thread,1,trader_callback,83,4410000000,19460000000,0,19097
7339422904670853,thread,1,trace_writer,84,4420000000,19400000000,2,72219
7339422904670853,thread,1,latency_writer,85,4430000000,19350000000,0,153409
7339423005049100,process,-1,process,79,45340000000,146510000000,23781,6
7339423005049100,thread,-1,producer,79,30000000,100000000,23781,6
7339423005049100,thread,-1,sampler,88,30000000,50000000,239,3
7339423005049100,thread,0,account_worker,86,9500000000,14400000000,0,140845
7339423005049100,thread,0,trader_callback,80,4600000000,19410000000,0,122
7339423005049100,thread,0,trace_writer,81,4320000000,19690000000,1,245
7339423005049100,thread,0,latency_writer,82,4280000000,19730000000,0,262
7339423005049100,thread,1,account_worker,87,9200000000,14650000000,0,148693
7339423005049100,thread,1,trader_callback,83,4440000000,19540000000,0,19097
7339423005049100,thread,1,trace_writer,84,4440000000,19480000000,2,72219
7339423005049100,thread,1,latency_writer,85,4470000000,19420000000,0,153409
7339423105434929,process,-1,process,79,45560000000,147090000000,23882,6
7339423105434929,thread,-1,producer,79,30000000,100000000,23882,6
7339423105434929,thread,-1,sampler,88,30000000,50000000,240,3
7339423105434929,thread,0,account_worker,86,9540000000,14460000000,0,140846
7339423105434929,thread,0,trader_callback,80,4610000000,19500000000,0,122
7339423105434929,thread,0,trace_writer,81,4330000000,19780000000,1,249
7339423105434929,thread,0,latency_writer,82,4280000000,19820000000,0,269
7339423105434929,thread,1,account_worker,87,9260000000,14680000000,0,148696
7339423105434929,thread,1,trader_callback,83,4470000000,19600000000,0,19100
7339423105434929,thread,1,trace_writer,84,4470000000,19550000000,2,72220
7339423105434929,thread,1,latency_writer,85,4490000000,19500000000,0,153410
7339423205829469,process,-1,process,79,45760000000,147690000000,23982,6
7339423205829469,thread,-1,producer,79,30000000,100000000,23982,6
7339423205829469,thread,-1,sampler,88,30000000,50000000,241,3
7339423205829469,thread,0,account_worker,86,9570000000,14520000000,0,140846
7339423205829469,thread,0,trader_callback,80,4630000000,19590000000,0,122
7339423205829469,thread,0,trace_writer,81,4350000000,19860000000,1,252
7339423205829469,thread,0,latency_writer,82,4310000000,19900000000,0,269
7339423205829469,thread,1,account_worker,87,9300000000,14740000000,0,148700
7339423205829469,thread,1,trader_callback,83,4510000000,19670000000,0,19100
7339423205829469,thread,1,trace_writer,84,4490000000,19630000000,2,72220
7339423205829469,thread,1,latency_writer,85,4510000000,19580000000,0,153410
7339423306207392,process,-1,process,79,45970000000,148290000000,24083,6
7339423306207392,thread,-1,producer,79,30000000,100000000,24083,6
7339423306207392,thread,-1,sampler,88,30000000,50000000,242,3
7339423306207392,thread,0,account_worker,86,9630000000,14570000000,0,140846
7339423306207392,thread,0,trader_callback,80,4630000000,19680000000,0,122
7339423306207392,thread,0,trace_writer,81,4380000000,19930000000,1,254
7339423306207392,thread,0,latency_writer,82,4340000000,19970000000,0,275
7339423306207392,thread,1,account_worker,87,9350000000,14800000000,0,148700
7339423306207392,thread,1,trader_callback,83,4520000000,19760000000,0,19100
7339423306207392,thread,1,trace_writer,84,4500000000,19720000000,2,72220
7339423306207392,thread,1,latency_writer,85,4520000000,19670000000,0,153410
7339423406661319,process,-1,process,79,46180000000,148880000000,24183,6
7339423406661319,thread,-1,producer,79,30000000,100000000,24183,6
7339423406661319,thread,-1,sampler,88,30000000,50000000,243,3
7339423406661319,thread,0,account_worker,86,9690000000,14610000000,0,140847
7339423406661319,thread,0,trader_callback,80,4650000000,19760000000,0,122
7339423406661319,thread,0,trace_writer,81,4410000000,20010000000,1,255
7339423406661319,thread,0,latency_writer,82,4350000000,20060000000,0,284
7339423406661319,thread,1,account_worker,87,9380000000,14860000000,0,148701
7339423406661319,thread,1,trader_callback,83,4550000000,19830000000,0,19100
7339423406661319,thread,1,trace_writer,84,4520000000,19800000000,2,72220
7339423406661319,thread,1,latency_writer,85,4540000000,19750000000,0,153410
7339423507038399,process,-1,process,79,46380000000,149490000000,24283,6
7339423507038399,thread,-1,producer,79,30000000,100000000,24283,6
7339423507038399,thread,-1,sampler,88,30000000,50000000,244,3
7339423507038399,thread,0,account_worker,86,9730000000,14670000000,0,140847
7339423507038399,thread,0,trader_callback,80,4670000000,19840000000,0,122
7339423507038399,thread,0,trace_writer,81,4430000000,20080000000,1,259
7339423507038399,thread,0,latency_writer,82,4370000000,20140000000,0,288
7339423507038399,thread,1,account_worker,87,9430000000,14920000000,0,148702
7339423507038399,thread,1,trader_callback,83,4560000000,19920000000,0,19102
7339423507038399,thread,1,trace_writer,84,4540000000,19870000000,2,72220
7339423507038399,thread,1,latency_writer,85,4550000000,19840000000,0,153410
7339423607411119,process,-1,process,79,46590000000,150080000000,24384,6
7339423607411119,thread,-1,producer,79,30000000,100000000,24384,6
7339423607411119,thread,-1,sampler,88,30000000,50000000,245,3
7339423607411119,thread,0,account_worker,86,9760000000,14740000000,0,140847
7339423607411119,thread,0,trader_callback,80,4710000000,19910000000,0,122
7339423607411119,thread,0,trace_writer,81,4460000000,20150000000,1,259
7339423607411119,thread,0,latency_writer,82,4380000000,20230000000,0,294
7339423607411119,thread,1,account_worker,87,9460000000,14980000000,0,148702
7339423607411119,thread,1,trader_callback,83,4580000000,20000000000,0,19102
7339423607411119,thread,1,trace_writer,84,4560000000,19950000000,2,72221
7339423607411119,thread,1,latency_writer,85,4570000000,19920000000,0,153410
7339423707779559,process,-1,process,79,46820000000,150650000000,24484,6
7339423707779559,thread,-1,producer,79,30000000,100000000,24484,6
7339423707779559,thread,-1,sampler,88,30000000,50000000,246,3
7339423707779559,thread,0,account_worker,86,9790000000,14810000000,0,140847
7339423707779559,thread,0,trader_callback,80,4740000000,19970000000,0,122
7339423707779559,thread,0,trace_writer,81,4480000000,20230000000,1,263
7339423707779559,thread,0,latency_writer,82,4400000000,20310000000,0,301
7339423707779559,thread,1,account_worker,87,9530000000,15020000000,0,148702
7339423707779559,thread,1,trader_callback,83,4610000000,20070000000,0,19105
7339423707779559,thread,1,trace_writer,84,4570000000,20040000000,2,72221
7339423707779559,thread,1,latency_writer,85,4590000000,20000000000,0,153410
7339423808161377,process,-1,process,79,47040000000,151240000000,24585,6
7339423808161377,thread,-1,producer,79,30000000,100000000,24585,6
7339423808161377,thread,-1,sampler,88,30000000,50000000,247,3
7339423808161377,thread,0,account_worker,86,9820000000,14880000000,0,140848
7339423808161377,thread,0,trader_callback,80,4760000000,20050000000,0,122
7339423808161377,thread,0,trace_writer,81,4500000000,20310000000,1,266
7339423808161377,thread,0,latency_writer,82,4410000000,20400000000,0,303
7339423808161377,thread,1,account_worker,87,9580000000,15070000000,0,148703
7339423808161377,thread,1,trader_callback,83,4650000000,20130000000,0,19105
7339423808161377,thread,1,trace_writer,84,4610000000,20110000000,2,72221
7339423808161377,thread,1,latency_writer,85,4620000000,20070000000,0,153411
7339423908628136,process,-1,process,79,47260000000,151820000000,24684,6
7339423908628136,thread,-1,producer,79,30000000,100000000,24684,6
7339423908628136,thread,-1,sampler,88,30000000,50000000,248,3
7339423908628136,thread,0,account_worker,86,9860000000,14940000000,0,140859
7339423908628136,thread,0,trader_callback,80,4790000000,20130000000,0,133
7339423908628136,thread,0,trace_writer,81,4530000000,20390000000,1,280
7339423908628136,thread,0,latency_writer,82,4420000000,20490000000,0,318
7339423908628136,thread,1,account_worker,87,9610000000,15130000000,0,148714
7339423908628136,thread,1,trader_callback,83,4690000000,20190000000,0,19120
7339423908628136,thread,1,trace_writer,84,4620000000,20200000000,2,72232
7339423908628136,thread,1,latency_writer,85,4650000000,20150000000,0,153422
7339424008993682,process,-1,process,79,47420000000,152470000000,24784,6
7339424008993682,thread,-1,producer,79,30000000,110000000,24784,6
7339424008993682,thread,-1,sampler,88,30000000,50000000,249,3
7339424008993682,thread,0,account_worker,86,9890000000,15010000000,0,140859
7339424008993682,thread,0,trader_callback,80,4800000000,20220000000,0,134
7339424008993682,thread,0,trace_writer,81,4540000000,20480000000,1,280
7339424008993682,thread,0,latency_writer,82,4430000000,20580000000,0,322
7339424008993682,thread,1,account_worker,87,9640000000,15200000000,0,148715
7339424008993682,thread,1,trader_callback,83,4720000000,20260000000,0,19120
7339424008993682,thread,1,trace_writer,84,4630000000,20280000000,2,72232
7339424008993682,thread,1,latency_writer,85,4660000000,20230000000,0,153422
7339424109369733,process,-1,process,79,47610000000,153070000000,24885,6
7339424109369733,thread,-1,producer,79,30000000,110000000,24885,6
7339424109369733,thread,-1,sampler,88,30000000,50000000,250,3
7339424109369733,thread,0,account_worker,86,9940000000,15060000000,0,140860
7339424109369733,thread,0,trader_callback,80,4810000000,20300000000,0,134
7339424109369733,thread,0,trace_writer,81,4560000000,20560000000,1,284
7339424109369733,thread,0,latency_writer,82,4460000000,20650000000,0,325
7339424109369733,thread,1,account_worker,87,9680000000,15260000000,0,148718
7339424109369733,thread,1,trader_callback,83,4730000000,20350000000,0,19123
7339424109369733,thread,1,trace_writer,84,4650000000,20370000000,2,72233
7339424109369733,thread,1,latency_writer,85,4680000000,20310000000,0,153423
7339424209825625,process,-1,process,79,47810000000,153680000000,24985,6
7339424209825625,thread,-1,producer,79,30000000,110000000,24985,6
7339424209825625,thread,-1,sampler,88,30000000,50000000,251,3
7339424209825625,thread,0,account_worker,86,9990000000,15120000000,0,140860
7339424209825625,thread,0,trader_callback,80,4850000000,20370000000,0,134
7339424209825625,thread,0,trace_writer,81,4570000000,20650000000,1,284
7339424209825625,thread,0,latency_writer,82,4470000000,20740000000,0,327
7339424209825625,thread,1,account_worker,87,9710000000,15340000000,0,148719
7339424209825625,thread,1,trader_callback,83,4750000000,20430000000,0,19124
7339424209825625,thread,1,trace_writer,84,4670000000,20450000000,2,72233
7339424209825625,thread,1,latency_writer,85,4700000000,20390000000,0,153423
7339424310279935,process,-1,process,79,47980000000,154310000000,25086,6
7339424310279935,thread,-1,producer,79,30000000,110000000,25086,6
7339424310279935,thread,-1,sampler,88,30000000,50000000,252,3
7339424310279935,thread,0,account_worker,86,10020000000,15180000000,0,140860
7339424310279935,thread,0,trader_callback,80,4870000000,20450000000,0,134
7339424310279935,thread,0,trace_writer,81,4570000000,20740000000,1,289
7339424310279935,thread,0,latency_writer,82,4490000000,20820000000,0,331
7339424310279935,thread,1,account_worker,87,9740000000,15410000000,0,148719
7339424310279935,thread,1,trader_callback,83,4780000000,20500000000,0,19127
7339424310279935,thread,1,trace_writer,84,4700000000,20530000000,2,72233
7339424310279935,thread,1,latency_writer,85,4720000000,20470000000,0,153423
7339424410598951,process,-1,process,79,48150000000,154940000000,25186,6
7339424410598951,thread,-1,producer,79,30000000,110000000,25186,6
7339424410598951,thread,-1,sampler,88,30000000,50000000,253,3
7339424410598951,thread,0,account_worker,86,10050000000,15250000000,0,140861
7339424410598951,thread,0,trader_callback,80,4880000000,20530000000,0,134
7339424410598951,thread,0,trace_writer,81,4590000000,20820000000,1,289
7339424410598951,thread,0,latency_writer,82,4500000000,20910000000,0,333
7339424410598951,thread,1,account_worker,87,9780000000,15470000000,0,148719
7339424410598951,thread,1,trader_callback,83,4810000000,20580000000,0,19127
7339424410598951,thread,1,trace_writer,84,4710000000,20610000000,2,72233
7339424410598951,thread,1,latency_writer,85,4740000000,20560000000,0,153423
7339424510962777,process,-1,process,79,48320000000,155570000000,25286,7
7339424510962777,thread,-1,producer,79,30000000,110000000,25286,7
7339424510962777,thread,-1,sampler,88,30000000,50000000,254,3
7339424510962777,thread,0,account_worker,86,10070000000,15330000000,0,140862
7339424510962777,thread,0,trader_callback,80,4900000000,20620000000,0,134
7339424510962777,thread,0,trace_writer,81,4620000000,20900000000,1,292
7339424510962777,thread,0,latency_writer,82,4520000000,20980000000,0,341
7339424510962777,thread,1,account_worker,87,9800000000,15540000000,0,148719
7339424510962777,thread,1,trader_callback,83,4830000000,20650000000,0,19131
7339424510962777,thread,1,trace_writer,84,4730000000,20690000000,2,72233
7339424510962777,thread,1,latency_writer,85,4750000000,20650000000,0,153423
7339424611360164,process,-1,process,79,48510000000,156180000000,25387,7
7339424611360164,thread,-1,producer,79,30000000,110000000,25387,7
7339424611360164,thread,-1,sampler,88,30000000,50000000,255,3
7339424611360164,thread,0,account_worker,86,10120000000,15380000000,0,140862
7339424611360164,thread,0,trader_callback,80,4930000000,20690000000,0,134
7339424611360164,thread,0,trace_writer,81,4650000000,20970000000,1,293
7339424611360164,thread,0,latency_writer,82,4530000000,21080000000,0,345
7339424611360164,thread,1,account_worker,87,9840000000,15610000000,0,148719
7339424611360164,thread,1,trader_callback,83,4840000000,20740000000,0,19132
7339424611360164,thread,1,trace_writer,84,4760000000,20760000000,2,72234
7339424611360164,thread,1,latency_writer,85,4760000000,20740000000,0,153423
7339424711723840,process,-1,process,79,48740000000,156760000000,25487,7
7339424711723840,thread,-1,producer,79,30000000,110000000,25487,7
7339424711723840,thread,-1,sampler,88,30000000,50000000,256,3
7339424711723840,thread,0,account_worker,86,10160000000,15450000000,0,140862
7339424711723840,thread,0,trader_callback,80,4950000000,20760000000,0,135
7339424711723840,thread,0,trace_writer,81,4670000000,21050000000,1,293
7339424711723840,thread,0,latency_writer,82,4540000000,21160000000,0,350
7339424711723840,thread,1,account_worker,87,9900000000,15650000000,0,148720
7339424711723840,thread,1,trader_callback,83,4850000000,20830000000,0,19135
7339424711723840,thread,1,trace_writer,84,4780000000,20840000000,2,72234
7339424711723840,thread,1,latency_writer,85,4790000000,20800000000,0,153423
7339424812086426,process,-1,process,79,48900000000,157400000000,25587,7
7339424812086426,thread,-1,producer,79,30000000,110000000,25587,7
7339424812086426,thread,-1,sampler,88,30000000,50000000,257,3
7339424812086426,thread,0,account_worker,86,10190000000,15510000000,0,140862
7339424812086426,thread,0,trader_callback,80,4980000000,20840000000,0,135
7339424812086426,thread,0,trace_writer,81,4690000000,21130000000,1,298
7339424812086426,thread,0,latency_writer,82,4560000000,21240000000,0,354
7339424812086426,thread,1,account_worker,87,9930000000,15720000000,0,148722
7339424812086426,thread,1,trader_callback,83,4860000000,20920000000,0,19135
7339424812086426,thread,1,trace_writer,84,4790000000,20940000000,2,72234
7339424812086426,thread,1,latency_writer,85,4800000000,20900000000,0,153423
7339424912443495,process,-1,process,79,49060000000,158030000000,25688,7
7339424912443495,thread,-1,producer,79,30000000,110000000,25688,7
7339424912443495,thread,-1,sampler,88,30000000,50000000,258,3
7339424912443495,thread,0,account_worker,86,10220000000,15580000000,0,140862
7339424912443495,thread,0,trader_callback,80,5010000000,20910000000,0,135
7339424912443495,thread,0,trace_writer,81,4700000000,21220000000,1,302
7339424912443495,thread,0,latency_writer,82,4560000000,21330000000,0,356
7339424912443495,thread,1,account_worker,87,9980000000,15770000000,0,148723
7339424912443495,thread,1,trader_callback,83,4880000000,21010000000,0,19135
7339424912443495,thread,1,trace_writer,84,4790000000,21030000000,2,72234
7339424912443495,thread,1,latency_writer,85,4810000000,20980000000,0,153423
7339425012817087,process,-1,process,79,49240000000,158660000000,25788,7
7339425012817087,thread,-1,producer,79,30000000,110000000,25788,7
7339425012817087,thread,-1,sampler,88,30000000,50000000,259,3
7339425012817087,thread,0,account_worker,86,10270000000,15640000000,0,140862
7339425012817087,thread,0,trader_callback,80,5020000000,21000000000,0,135
7339425012817087,thread,0,trace_writer,81,4720000000,21300000000,1,303
7339425012817087,thread,0,latency_writer,82,4570000000,21420000000,0,360
7339425012817087,thread,1,account_worker,87,10030000000,15820000000,0,148724
7339425012817087,thread,1,trader_callback,83,4910000000,21080000000,0,19135
7339425012817087,thread,1,trace_writer,84,4810000000,21120000000,2,72234
7339425012817087,thread,1,latency_writer,85,4820000000,21070000000,0,153424
7339425113169428,process,-1,process,79,49430000000,159270000000,25889,7
7339425113169428,thread,-1,producer,79,30000000,110000000,25889,7
7339425113169428,thread,-1,sampler,88,30000000,50000000,260,3
7339425113169428,thread,0,account_worker,86,10310000000,15700000000,0,140863
7339425113169428,thread,0,trader_callback,80,5050000000,21070000000,0,135
7339425113169428,thread,0,trace_writer,81,4730000000,21390000000,1,303
7339425113169428,thread,0,latency_writer,82,4580000000,21510000000,0,371
7339425113169428,thread,1,account_worker,87,10070000000,15870000000,0,148725
7339425113169428,thread,1,trader_callback,83,4930000000,21160000000,0,19138
7339425113169428,thread,1,trace_writer,84,4830000000,21200000000,2,72235
7339425113169428,thread,1,latency_writer,85,4840000000,21160000000,0,153425
7339425213528269,process,-1,process,79,49640000000,159860000000,25989,7
7339425213528269,thread,-1,producer,79,30000000,110000000,25989,7
7339425213528269,thread,-1,sampler,88,30000000,50000000,261,3
7339425213528269,thread,0,account_worker,86,10340000000,15760000000,0,140863
7339425213528269,thread,0,trader_callback,80,5070000000,21150000000,0,135
7339425213528269,thread,0,trace_writer,81,4750000000,21470000000,1,306
7339425213528269,thread,0,latency_writer,82,4600000000,21590000000,0,373
7339425213528269,thread,1,account_worker,87,10120000000,15930000000,0,148725
7339425213528269,thread,1,trader_callback,83,4950000000,21240000000,0,19138
7339425213528269,thread,1,trace_writer,84,4850000000,21280000000,2,72235
7339425213528269,thread,1,latency_writer,85,4860000000,21240000000,0,153425
7339425313904530,process,-1,process,79,49850000000,160450000000,26089,7
7339425313904530,thread,-1,producer,79,30000000,110000000,26089,7
7339425313904530,thread,-1,sampler,88,30000000,50000000,262,3
7339425313904530,thread,0,account_worker,86,10390000000,15820000000,0,140863
7339425313904530,thread,0,trader_callback,80,5090000000,21230000000,0,135
7339425313904530,thread,0,trace_writer,81,4770000000,21550000000,1,306
7339425313904530,thread,0,latency_writer,82,4630000000,21660000000,0,373
7339425313904530,thread,1,account_worker,87,10170000000,15980000000,0,148726
7339425313904530,thread,1,trader_callback,83,4960000000,21320000000,0,19138
7339425313904530,thread,1,trace_writer,84,4860000000,21370000000,2,72235
7339425313904530,thread,1,latency_writer,85,4880000000,21320000000,0,153425
7339425414201616,process,-1,process,79,50050000000,161060000000,26189,7
7339425414201616,thread,-1,producer,79,30000000,110000000,26189,7
7339425414201616,thread,-1,sampler,88,30000000,50000000,263,3
7339425414201616,thread,0,account_worker,86,10410000000,15890000000,0,140863
7339425414201616,thread,0,trader_callback,80,5110000000,21310000000,0,135
7339425414201616,thread,0,trace_writer,81,4790000000,21630000000,1,310
7339425414201616,thread,0,latency_writer,82,4640000000,21750000000,0,373
7339425414201616,thread,1,account_worker,87,10210000000,16040000000,0,148728
7339425414201616,thread,1,trader_callback,83,4980000000,21400000000,0,19138
7339425414201616,thread,1,trace_writer,84,4890000000,21440000000,2,72235
7339425414201616,thread,1,latency_writer,85,4900000000,21400000000,0,153425
7339425514683116,process,-1,process,79,50230000000,161680000000,26290,7
7339425514683116,thread,-1,producer,79,30000000,110000000,26290,7
7339425514683116,thread,-1,sampler,88,30000000,50000000,264,3
7339425514683116,thread,0,account_worker,86,10450000000,15960000000,0,140865
7339425514683116,thread,0,trader_callback,80,5130000000,21400000000,0,135
7339425514683116,thread,0,trace_writer,81,4810000000,21710000000,1,311
7339425514683116,thread,0,latency_writer,82,4670000000,21820000000,0,373
7339425514683116,thread,1,account_worker,87,10270000000,16080000000,0,148730
7339425514683116,thread,1,trader_callback,83,5000000000,21490000000,0,19141
7339425514683116,thread,1,trace_writer,84,4890000000,21530000000,2,72235
7339425514683116,thread,1,latency_writer,85,4910000000,21480000000,0,153425
7339425615067306,process,-1,process,79,50390000000,162330000000,26390,7
7339425615067306,thread,-1,producer,79,30000000,110000000,26390,7
7339425615067306,thread,-1,sampler,88,30000000,50000000,265,3
7339425615067306,thread,0,account_worker,86,10480000000,16020000000,0,140865
7339425615067306,thread,0,trader_callback,80,5140000000,21480000000,0,135
7339425615067306,thread,0,trace_writer,81,4830000000,21790000000,1,314
7339425615067306,thread,0,latency_writer,82,4690000000,21900000000,0,373
7339425615067306,thread,1,account_worker,87,10290000000,16160000000,0,148731
7339425615067306,thread,1,trader_callback,83,5010000000,21580000000,0,19141
7339425615067306,thread,1,trace_writer,84,4910000000,21610000000,2,72235
7339425615067306,thread,1,latency_writer,85,4930000000,21570000000,0,153425
7339425715437304,process,-1,process,79,50590000000,162930000000,26491,7
7339425715437304,thread,-1,producer,79,30000000,110000000,26491,7
7339425715437304,thread,-1,sampler,88,30000000,50000000,266,3
7339425715437304,thread,0,account_worker,86,10510000000,16090000000,0,140865
7339425715437304,thread,0,trader_callback,80,5170000000,21550000000,0,135
7339425715437304,thread,0,trace_writer,81,4850000000,21870000000,1,314
7339425715437304,thread,0,latency_writer,82,4710000000,21980000000,0,373
7339425715437304,thread,1,account_worker,87,10340000000,16210000000,0,148732
7339425715437304,thread,1,trader_callback,83,5030000000,21650000000,0,19144
7339425715437304,thread,1,trace_writer,84,4930000000,21700000000,2,72235
7339425715437304,thread,1,latency_writer,85,4940000000,21660000000,0,153425
7339425815821118,process,-1,process,79,50780000000,163540000000,26591,7
7339425815821118,thread,-1,producer,79,30000000,110000000,26591,7
7339425815821118,thread,-1,sampler,88,30000000,50000000,267,3
7339425815821118,thread,0,account_worker,86,10540000000,16170000000,0,140866
7339425815821118,thread,0,trader_callback,80,5210000000,21620000000,0,135
7339425815821118,thread,0,trace_writer,81,4860000000,21970000000,1,317
7339425815821118,thread,0,latency_writer,82,4740000000,22060000000,0,373
7339425815821118,thread,1,account_worker,87,10370000000,16290000000,0,148733
7339425815821118,thread,1,trader_callback,83,5060000000,21730000000,0,19144
7339425815821118,thread,1,trace_writer,84,4950000000,21780000000,2,72235
7339425815821118,thread,1,latency_writer,85,4970000000,21730000000,0,153425
7339425916205275,process,-1,process,79,50970000000,164160000000,26691,7
7339425916205275,thread,-1,producer,79,30000000,110000000,26691,7
7339425916205275,thread,-1,sampler,88,30000000,50000000,268,3
7339425916205275,thread,0,account_worker,86,10580000000,16230000000,0,140866
7339425916205275,thread,0,trader_callback,80,5230000000,21690000000,0,135
7339425916205275,thread,0,trace_writer,81,4880000000,22040000000,1,320
7339425916205275,thread,0,latency_writer,82,4760000000,22140000000,0,373
7339425916205275,thread,1,account_worker,87,10410000000,16350000000,0,148733
7339425916205275,thread,1,trader_callback,83,5070000000,21820000000,0,19144
7339425916205275,thread,1,trace_writer,84,4960000000,21870000000,2,72235
7339425916205275,thread,1,latency_writer,85,4990000000,21810000000,0,153425
7339426016559713,process,-1,process,79,51130000000,164800000000,26791,7
7339426016559713,thread,-1,producer,79,30000000,110000000,26791,7
7339426016559713,thread,-1,sampler,88,30000000,50000000,269,3
7339426016559713,thread,0,account_worker,86,10610000000,16300000000,0,140866
7339426016559713,thread,0,trader_callback,80,5250000000,21780000000,0,135
7339426016559713,thread,0,trace_writer,81,4890000000,22130000000,1,323
7339426016559713,thread,0,latency_writer,82,4780000000,22220000000,0,373
7339426016559713,thread,1,account_worker,87,10450000000,16410000000,0,148734
7339426016559713,thread,1,trader_callback,83,5080000000,21910000000,0,19147
7339426016559713,thread,1,trace_writer,84,4970000000,21950000000,2,72235
7339426016559713,thread,1,latency_writer,85,5000000000,21900000000,0,153426
7339426116910921,process,-1,process,79,51310000000,165420000000,26891,7
7339426116910921,thread,-1,producer,79,30000000,110000000,26891,7
7339426116910921,thread,-1,sampler,88,30000000,50000000,270,3
7339426116910921,thread,0,account_worker,86,10640000000,16370000000,0,140867
7339426116910921,thread,0,trader_callback,80,5260000000,21870000000,0,135
7339426116910921,thread,0,trace_writer,81,4910000000,22210000000,1,324
7339426116910921,thread,0,latency_writer,82,4790000000,22300000000,0,375
7339426116910921,thread,1,account_worker,87,10500000000,16450000000,0,148737
7339426116910921,thread,1,trader_callback,83,5090000000,22000000000,0,19147
7339426116910921,thread,1,trace_writer,84,4990000000,22030000000,2,72236
7339426116910921,thread,1,latency_writer,85,5020000000,21980000000,0,153426
7339426217277450,process,-1,process,79,51530000000,166010000000,26992,7
7339426217277450,thread,-1,producer,79,30000000,110000000,26992,7
7339426217277450,thread,-1,sampler,88,30000000,60000000,271,3
7339426217277450,thread,0,account_worker,86,10670000000,16440000000,0,140867
7339426217277450,thread,0,trader_callback,80,5280000000,21950000000,0,138
7339426217277450,thread,0,trace_writer,81,4930000000,22290000000,1,328
7339426217277450,thread,0,latency_writer,82,4800000000,22390000000,0,375
7339426217277450,thread,1,account_worker,87,10560000000,16490000000,0,148737
7339426217277450,thread,1,trader_callback,83,5120000000,22070000000,0,19148
7339426217277450,thread,1,trace_writer,84,5020000000,22110000000,2,72236
7339426217277450,thread,1,latency_writer,85,5050000000,22050000000,0,153426
7339426317636292,process,-1,process,79,51660000000,166690000000,27092,7
7339426317636292,thread,-1,producer,79,30000000,110000000,27092,7
7339426317636292,thread,-1,sampler,88,30000000,60000000,272,3
7339426317636292,thread,0,account_worker,86,10710000000,16500000000,0,140867
7339426317636292,thread,0,trader_callback,80,5290000000,22040000000,0,138
7339426317636292,thread,0,trace_writer,81,4950000000,22380000000,1,328
7339426317636292,thread,0,latency_writer,82,4820000000,22480000000,0,375
7339426317636292,thread,1,account_worker,87,10570000000,16580000000,0,148737
7339426317636292,thread,1,trader_callback,83,5130000000,22160000000,0,19148
7339426317636292,thread,1,trace_writer,84,5040000000,22190000000,2,72236
7339426317636292,thread,1,latency_writer,85,5060000000,22140000000,0,153426
7339426418004738,process,-1,process,79,51830000000,167320000000,27191,7
7339426418004738,thread,-1,producer,79,30000000,110000000,27191,7
7339426418004738,thread,-1,sampler,88,30000000,60000000,273,3
7339426418004738,thread,0,account_worker,86,10730000000,16580000000,0,140868
7339426418004738,thread,0,trader_callback,80,5310000000,22110000000,0,138
7339426418004738,thread,0,trace_writer,81,4970000000,22460000000,1,329
7339426418004738,thread,0,latency_writer,82,4830000000,22570000000,0,375
7339426418004738,thread,1,account_worker,87,10620000000,16630000000,0,148737
7339426418004738,thread,1,trader_callback,83,5140000000,22250000000,0,19148
7339426418004738,thread,1,trace_writer,84,5050000000,22280000000,2,72236
7339426418004738,thread,1,latency_writer,85,5070000000,22230000000,0,153426
7339426518366342,process,-1,process,79,52020000000,167930000000,27292,7
7339426518366342,thread,-1,producer,79,30000000,110000000,27292,7
7339426518366342,thread,-1,sampler,88,30000000,60000000,274,3
7339426518366342,thread,0,account_worker,86,10780000000,16630000000,0,140868
7339426518366342,thread,0,trader_callback,80,5330000000,22200000000,0,138
7339426518366342,thread,0,trace_writer,81,4990000000,22530000000,1,329
7339426518366342,thread,0,latency_writer,82,4840000000,22650000000,0,376
7339426518366342,thread,1,account_worker,87,10640000000,16710000000,0,148737
7339426518366342,thread,1,trader_callback,83,5160000000,22330000000,0,19149
7339426518366342,thread,1,trace_writer,84,5060000000,22370000000,2,72236
7339426518366342,thread,1,latency_writer,85,5110000000,22300000000,0,153426
7339426618744439,process,-1,process,79,52270000000,168480000000,27390,7
7339426618744439,thread,-1,producer,79,30000000,110000000,27390,7
7339426618744439,thread,-1,sampler,88,30000000,60000000,275,3
7339426618744439,thread,0,account_worker,86,10830000000,16680000000,0,140868
7339426618744439,thread,0,trader_callback,80,5360000000,22270000000,0,138
7339426618744439,thread,0,trace_writer,81,5010000000,22610000000,1,332
7339426618744439,thread,0,latency_writer,82,4860000000,22730000000,0,377
7339426618744439,thread,1,account_worker,87,10680000000,16770000000,0,148737
7339426618744439,thread,1,trader_callback,83,5210000000,22380000000,0,19149
7339426618744439,thread,1,trace_writer,84,5090000000,22440000000,2,72237
7339426618744439,thread,1,latency_writer,85,5120000000,22380000000,0,153426
7339426719099971,process,-1,process,79,52470000000,169090000000,27490,7
7339426719099971,thread,-1,producer,79,30000000,110000000,27490,7
7339426719099971,thread,-1,sampler,88,30000000,60000000,276,3
7339426719099971,thread,0,account_worker,86,10860000000,16750000000,0,140868
7339426719099971,thread,0,trader_callback,80,5390000000,22340000000,0,139
7339426719099971,thread,0,trace_writer,81,5040000000,22690000000,1,337
7339426719099971,thread,0,latency_writer,82,4880000000,22820000000,0,377
7339426719099971,thread,1,account_worker,87,10730000000,16830000000,0,148739
7339426719099971,thread,1,trader_callback,83,5220000000,22470000000,0,19152
7339426719099971,thread,1,trace_writer,84,5100000000,22530000000,2,72237
7339426719099971,thread,1,latency_writer,85,5150000000,22450000000,0,153426
7339426819459746,process,-1,process,79,52650000000,169710000000,27591,7
7339426819459746,thread,-1,producer,79,30000000,110000000,27591,7
7339426819459746,thread,-1,sampler,88,30000000,60000000,277,3
7339426819459746,thread,0,account_worker,86,10910000000,16800000000,0,140868
7339426819459746,thread,0,trader_callback,80,5390000000,22430000000,0,139
7339426819459746,thread,0,trace_writer,81,5050000000,22780000000,1,340
7339426819459746,thread,0,latency_writer,82,4900000000,22900000000,0,377
7339426819459746,thread,1,account_worker,87,10780000000,16880000000,0,148740
7339426819459746,thread,1,trader_callback,83,5230000000,22560000000,0,19152
7339426819459746,thread,1,trace_writer,84,5120000000,22610000000,2,72237
7339426819459746,thread,1,latency_writer,85,5180000000,22520000000,0,153426
7339426919847889,process,-1,process,79,52840000000,170330000000,27688,7
7339426919847889,thread,-1,producer,79,30000000,110000000,27688,7
7339426919847889,thread,-1,sampler,88,30000000,60000000,278,3
7339426919847889,thread,0,account_worker,86,10940000000,16870000000,0,140868
7339426919847889,thread,0,trader_callback,80,5410000000,22510000000,0,139
7339426919847889,thread,0,trace_writer,81,5070000000,22850000000,1,340
7339426919847889,thread,0,latency_writer,82,4910000000,22980000000,0,377
7339426919847889,thread,1,account_worker,87,10820000000,16940000000,0,148741
7339426919847889,thread,1,trader_callback,83,5260000000,22630000000,0,19152
7339426919847889,thread,1,trace_writer,84,5130000000,22700000000,2,72237
7339426919847889,thread,1,latency_writer,85,5190000000,22620000000,0,153426
7339427020278642,process,-1,process,79,53020000000,170940000000,27789,7
7339427020278642,thread,-1,producer,79,30000000,110000000,27789,7
7339427020278642,thread,-1,sampler,88,30000000,60000000,279,3
7339427020278642,thread,0,account_worker,86,10990000000,16920000000,0,140868
7339427020278642,thread,0,trader_callback,80,5430000000,22590000000,0,139
7339427020278642,thread,0,trace_writer,81,5090000000,22930000000,1,345
7339427020278642,thread,0,latency_writer,82,4920000000,23080000000,0,377
7339427020278642,thread,1,account_worker,87,10870000000,16990000000,0,148742
7339427020278642,thread,1,trader_callback,83,5280000000,22710000000,0,19155
7339427020278642,thread,1,trace_writer,84,5150000000,22780000000,2,72238
7339427020278642,thread,1,latency_writer,85,5190000000,22710000000,0,153426
7339427120648535,process,-1,process,79,53260000000,171510000000,27889,7
7339427120648535,thread,-1,producer,79,30000000,120000000,27889,7
7339427120648535,thread,-1,sampler,88,30000000,60000000,280,3
7339427120648535,thread,0,account_worker,86,11050000000,16970000000,0,140869
7339427120648535,thread,0,trader_callback,80,5450000000,22680000000,0,139
7339427120648535,thread,0,trace_writer,81,5110000000,23010000000,1,349
7339427120648535,thread,0,latency_writer,82,4940000000,23160000000,0,378
7339427120648535,thread,1,account_worker,87,10930000000,17020000000,0,148743
7339427120648535,thread,1,trader_callback,83,5300000000,22790000000,0,19155
7339427120648535,thread,1,trace_writer,84,5160000000,22870000000,2,72238
7339427120648535,thread,1,latency_writer,85,5210000000,22790000000,0,153427
7339427221011673,process,-1,process,79,53430000000,172150000000,27989,7
7339427221011673,thread,-1,producer,79,30000000,120000000,27989,7
7339427221011673,thread,-1,sampler,88,30000000,60000000,281,3
7339427221011673,thread,0,account_worker,86,11090000000,17030000000,0,140869
7339427221011673,thread,0,trader_callback,80,5460000000,22770000000,0,139
7339427221011673,thread,0,trace_writer,81,5120000000,23110000000,1,350
7339427221011673,thread,0,latency_writer,82,4960000000,23240000000,0,379
7339427221011673,thread,1,account_worker,87,10970000000,17080000000,0,148743
7339427221011673,thread,1,trader_callback,83,5330000000,22860000000,0,19159
7339427221011673,thread,1,trace_writer,84,5170000000,22960000000,2,72238
7339427221011673,thread,1,latency_writer,85,5230000000,22880000000,0,153427
7339427321406428,process,-1,process,79,53640000000,172740000000,28090,7
7339427321406428,thread,-1,producer,79,30000000,120000000,28090,7
7339427321406428,thread,-1,sampler,88,30000000,60000000,282,3
7339427321406428,thread,0,account_worker,86,11130000000,17090000000,0,140869
7339427321406428,thread,0,trader_callback,80,5470000000,22850000000,0,139
7339427321406428,thread,0,trace_writer,81,5150000000,23180000000,1,359
7339427321406428,thread,0,latency_writer,82,4970000000,23330000000,0,379
7339427321406428,thread,1,account_worker,87,11010000000,17150000000,0,148744
7339427321406428,thread,1,trader_callback,83,5360000000,22930000000,0,19162
7339427321406428,thread,1,trace_writer,84,5190000000,23040000000,2,72238
7339427321406428,thread,1,latency_writer,85,5250000000,22950000000,0,153427
7339427421773513,process,-1,process,79,53830000000,173350000000,28186,8
7339427421773513,thread,-1,producer,79,30000000,120000000,28186,8
7339427421773513,thread,-1,sampler,88,30000000,60000000,283,3
7339427421773513,thread,0,account_worker,86,11150000000,17170000000,0,140870
7339427421773513,thread,0,trader_callback,80,5490000000,22930000000,0,139
7339427421773513,thread,0,trace_writer,81,5180000000,23240000000,1,367
7339427421773513,thread,0,latency_writer,82,4980000000,23410000000,0,379
7339427421773513,thread,1,account_worker,87,11050000000,17210000000,0,148745
7339427421773513,thread,1,trader_callback,83,5370000000,23010000000,0,19254
7339427421773513,thread,1,trace_writer,84,5230000000,23110000000,2,72238
7339427421773513,thread,1,latency_writer,85,5270000000,23040000000,0,153427
7339427522190822,process,-1,process,79,53980000000,173990000000,28286,8
7339427522190822,thread,-1,producer,79,30000000,120000000,28286,8
7339427522190822,thread,-1,sampler,88,30000000,60000000,284,3
7339427522190822,thread,0,account_worker,86,11170000000,17240000000,0,140870
7339427522190822,thread,0,trader_callback,80,5510000000,23020000000,0,139
7339427522190822,thread,0,trace_writer,81,5200000000,23320000000,1,375
7339427522190822,thread,0,latency_writer,82,5000000000,23500000000,0,379
7339427522190822,thread,1,account_worker,87,11090000000,17270000000,0,148746
7339427522190822,thread,1,trader_callback,83,5380000000,23100000000,0,19358
7339427522190822,thread,1,trace_writer,84,5240000000,23200000000,2,72238
7339427522190822,thread,1,latency_writer,85,5290000000,23120000000,0,153427
7339427622569288,process,-1,process,79,54170000000,174600000000,28387,8
7339427622569288,thread,-1,producer,79,30000000,120000000,28387,8
7339427622569288,thread,-1,sampler,88,30000000,60000000,285,3
7339427622569288,thread,0,account_worker,86,11210000000,17300000000,0,140870
7339427622569288,thread,0,trader_callback,80,5510000000,23110000000,0,139
7339427622569288,thread,0,trace_writer,81,5230000000,23400000000,1,380
7339427622569288,thread,0,latency_writer,82,5020000000,23580000000,0,379
7339427622569288,thread,1,account_worker,87,11130000000,17320000000,0,148746
7339427622569288,thread,1,trader_callback,83,5410000000,23170000000,0,19459
7339427622569288,thread,1,trace_writer,84,5250000000,23280000000,2,72239
7339427622569288,thread,1,latency_writer,85,5300000000,23200000000,0,153427
7339427723089165,process,-1,process,79,54370000000,175210000000,28487,8
7339427723089165,thread,-1,producer,79,30000000,120000000,28487,8
7339427723089165,thread,-1,sampler,88,30000000,60000000,286,3
7339427723089165,thread,0,account_worker,86,11240000000,17370000000,0,140870
7339427723089165,thread,0,trader_callback,80,5530000000,23200000000,0,139
7339427723089165,thread,0,trace_writer,81,5240000000,23480000000,1,383
7339427723089165,thread,0,latency_writer,82,5040000000,23660000000,0,379
7339427723089165,thread,1,account_worker,87,11190000000,17370000000,0,148746
7339427723089165,thread,1,trader_callback,83,5420000000,23260000000,0,19561
7339427723089165,thread,1,trace_writer,84,5270000000,23360000000,2,72239
7339427723089165,thread,1,latency_writer,85,5330000000,23280000000,0,153427
7339427823447526,process,-1,process,79,54510000000,175870000000,28588,8
7339427823447526,thread,-1,producer,79,30000000,120000000,28588,8
7339427823447526,thread,-1,sampler,88,30000000,60000000,287,3
7339427823447526,thread,0,account_worker,86,11280000000,17430000000,0,140870
7339427823447526,thread,0,trader_callback,80,5530000000,23300000000,0,139
7339427823447526,thread,0,trace_writer,81,5240000000,23580000000,1,388
7339427823447526,thread,0,latency_writer,82,5040000000,23760000000,0,379
7339427823447526,thread,1,account_worker,87,11220000000,17440000000,0,148747
7339427823447526,thread,1,trader_callback,83,5440000000,23340000000,0,19664
7339427823447526,thread,1,trace_writer,84,5290000000,23450000000,2,72239
7339427823447526,thread,1,latency_writer,85,5350000000,23360000000,0,153428
7339427923799719,process,-1,process,79,54730000000,176450000000,28688,8
7339427923799719,thread,-1,producer,79,30000000,120000000,28688,8
7339427923799719,thread,-1,sampler,88,30000000,60000000,288,3
7339427923799719,thread,0,account_worker,86,11330000000,17490000000,0,140871
7339427923799719,thread,0,trader_callback,80,5540000000,23390000000,0,140
7339427923799719,thread,0,trace_writer,81,5260000000,23660000000,1,393
7339427923799719,thread,0,latency_writer,82,5080000000,23820000000,0,379
7339427923799719,thread,1,account_worker,87,11270000000,17490000000,0,148747
7339427923799719,thread,1,trader_callback,83,5470000000,23410000000,0,19765
7339427923799719,thread,1,trace_writer,84,5310000000,23530000000,2,72239
7339427923799719,thread,1,latency_writer,85,5370000000,23440000000,0,153428
7339428024153511,process,-1,process,79,54910000000,177070000000,28788,8
7339428024153511,thread,-1,producer,79,30000000,120000000,28788,8
7339428024153511,thread,-1,sampler,88,30000000,60000000,289,3
7339428024153511,thread,0,account_worker,86,11360000000,17560000000,0,140871
7339428024153511,thread,0,trader_callback,80,5550000000,23480000000,0,140
7339428024153511,thread,0,trace_writer,81,5280000000,23740000000,1,397
7339428024153511,thread,0,latency_writer,82,5100000000,23900000000,0,379
7339428024153511,thread,1,account_worker,87,11320000000,17540000000,0,148749
7339428024153511,thread,1,trader_callback,83,5490000000,23490000000,0,19867
7339428024153511,thread,1,trace_writer,84,5330000000,23610000000,2,72239
7339428024153511,thread,1,latency_writer,85,5380000000,23530000000,0,153429
7339428124496940,process,-1,process,79,55120000000,177660000000,28889,8
7339428124496940,thread,-1,producer,79,30000000,120000000,28889,8
7339428124496940,thread,-1,sampler,88,30000000,60000000,290,3
7339428124496940,thread,0,account_worker,86,11400000000,17620000000,0,140872
7339428124496940,thread,0,trader_callback,80,5570000000,23560000000,0,140
7339428124496940,thread,0,trace_writer,81,5290000000,23830000000,1,400
7339428124496940,thread,0,latency_writer,82,5100000000,24000000000,0,381
7339428124496940,thread,1,account_worker,87,11370000000,17590000000,0,148751
7339428124496940,thread,1,trader_callback,83,5520000000,23560000000,0,19968
7339428124496940,thread,1,trace_writer,84,5350000000,23690000000,2,72240
7339428124496940,thread,1,latency_writer,85,5410000000,23600000000,0,153429
7339428224845116,process,-1,process,79,55280000000,178310000000,28989,8
7339428224845116,thread,-1,producer,79,30000000,120000000,28989,8
7339428224845116,thread,-1,sampler,88,30000000,60000000,291,3
7339428224845116,thread,0,account_worker,86,11430000000,17690000000,0,140872
7339428224845116,thread,0,trader_callback,80,5590000000,23640000000,0,140
7339428224845116,thread,0,trace_writer,81,5300000000,23920000000,1,403
7339428224845116,thread,0,latency_writer,82,5120000000,24080000000,0,381
7339428224845116,thread,1,account_worker,87,11410000000,17650000000,0,148751
7339428224845116,thread,1,trader_callback,83,5540000000,23640000000,0,20071
7339428224845116,thread,1,trace_writer,84,5360000000,23780000000,2,72240
7339428224845116,thread,1,latency_writer,85,5420000000,23690000000,0,153429
7339428325195082,process,-1,process,79,55480000000,178910000000,29089,8
7339428325195082,thread,-1,producer,79,30000000,120000000,29089,8
7339428325195082,thread,-1,sampler,88,30000000,60000000,292,3
7339428325195082,thread,0,account_worker,86,11470000000,17750000000,0,140872
7339428325195082,thread,0,trader_callback,80,5600000000,23730000000,0,140
7339428325195082,thread,0,trace_writer,81,5320000000,24000000000,1,407
7339428325195082,thread,0,latency_writer,82,5150000000,24150000000,0,381
7339428325195082,thread,1,account_worker,87,11450000000,17710000000,0,148751
7339428325195082,thread,1,trader_callback,83,5570000000,23710000000,0,20172
7339428325195082,thread,1,trace_writer,84,5370000000,23860000000,2,72240
7339428325195082,thread,1,latency_writer,85,5440000000,23770000000,0,153429
7339428425550570,process,-1,process,79,55680000000,179510000000,29190,8
7339428425550570,thread,-1,producer,79,30000000,120000000,29190,8
7339428425550570,thread,-1,sampler,88,30000000,60000000,293,3
7339428425550570,thread,0,account_worker,86,11510000000,17810000000,0,140873
7339428425550570,thread,0,trader_callback,80,5640000000,23790000000,0,140
7339428425550570,thread,0,trace_writer,81,5330000000,24090000000,1,411
7339428425550570,thread,0,latency_writer,82,5160000000,24240000000,0,381
7339428425550570,thread,1,account_worker,87,11490000000,17770000000,0,148751
7339428425550570,thread,1,trader_callback,83,5590000000,23790000000,0,20273
7339428425550570,thread,1,trace_writer,84,5390000000,23940000000,2,72240
7339428425550570,thread,1,latency_writer,85,5450000000,23850000000,0,153429
7339428525966705,process,-1,process,79,55880000000,180110000000,29290,8
7339428525966705,thread,-1,producer,79,30000000,120000000,29290,8
7339428525966705,thread,-1,sampler,88,30000000,60000000,294,3
7339428525966705,thread,0,account_worker,86,11540000000,17880000000,0,140874
7339428525966705,thread,0,trader_callback,80,5650000000,23890000000,0,140
7339428525966705,thread,0,trace_writer,81,5340000000,24170000000,1,429
7339428525966705,thread,0,latency_writer,82,5190000000,24310000000,0,383
7339428525966705,thread,1,account_worker,87,11530000000,17830000000,0,148751
7339428525966705,thread,1,trader_callback,83,5620000000,23860000000,0,20378
7339428525966705,thread,1,trace_writer,84,5430000000,24010000000,2,72240
7339428525966705,thread,1,latency_writer,85,5470000000,23930000000,0,153429
7339428626326718,process,-1,process,79,56150000000,180640000000,29388,9
7339428626326718,thread,-1,producer,79,30000000,120000000,29388,9
7339428626326718,thread,-1,sampler,88,30000000,60000000,295,3
7339428626326718,thread,0,account_worker,86,11590000000,17920000000,0,140874
7339428626326718,thread,0,trader_callback,80,5670000000,23960000000,0,140
7339428626326718,thread,0,trace_writer,81,5350000000,24260000000,1,438
7339428626326718,thread,0,latency_writer,82,5210000000,24390000000,0,383
7339428626326718,thread,1,account_worker,87,11590000000,17870000000,0,148751
7339428626326718,thread,1,trader_callback,83,5640000000,23930000000,0,20478
7339428626326718,thread,1,trace_writer,84,5470000000,24070000000,2,72241
7339428626326718,thread,1,latency_writer,85,5510000000,24000000000,0,153429
7339428726735029,process,-1,process,79,56380000000,181210000000,29488,9
7339428726735029,thread,-1,producer,79,30000000,120000000,29488,9
7339428726735029,thread,-1,sampler,88,30000000,60000000,296,3
7339428726735029,thread,0,account_worker,86,11650000000,17970000000,0,140874
7339428726735029,thread,0,trader_callback,80,5690000000,24050000000,0,141
7339428726735029,thread,0,trace_writer,81,5370000000,24340000000,1,441
7339428726735029,thread,0,latency_writer,82,5260000000,24450000000,0,383
7339428726735029,thread,1,account_worker,87,11620000000,17940000000,0,148753
7339428726735029,thread,1,trader_callback,83,5670000000,24000000000,0,20579
7339428726735029,thread,1,trace_writer,84,5490000000,24150000000,2,72241
7339428726735029,thread,1,latency_writer,85,5540000000,24070000000,0,153429
7339428827078497,process,-1,process,79,56560000000,181830000000,29588,9
7339428827078497,thread,-1,producer,79,30000000,120000000,29588,9
7339428827078497,thread,-1,sampler,88,30000000,60000000,297,4
7339428827078497,thread,0,account_worker,86,11680000000,18040000000,0,140876
7339428827078497,thread,0,trader_callback,80,5710000000,24130000000,0,143
7339428827078497,thread,0,trace_writer,81,5390000000,24430000000,1,447
7339428827078497,thread,0,latency_writer,82,5280000000,24530000000,0,385
7339428827078497,thread,1,account_worker,87,11670000000,18000000000,0,148756
7339428827078497,thread,1,trader_callback,83,5670000000,24100000000,0,20682
7339428827078497,thread,1,trace_writer,84,5500000000,24230000000,2,72243
7339428827078497,thread,1,latency_writer,85,5570000000,24140000000,0,153431
7339428927922662,process,-1,process,79,56740000000,182450000000,29688,10
7339428927922662,thread,-1,producer,79,30000000,120000000,29688,10
7339428927922662,thread,-1,sampler,88,30000000,60000000,298,4
7339428927922662,thread,0,account_worker,86,11720000000,18100000000,0,140883
7339428927922662,thread,0,trader_callback,80,5730000000,24200000000,0,150
7339428927922662,thread,0,trace_writer,81,5400000000,24510000000,1,454
7339428927922662,thread,0,latency_writer,82,5290000000,24610000000,0,392
7339428927922662,thread,1,account_worker,87,11710000000,18060000000,0,148764
7339428927922662,thread,1,trader_callback,83,5700000000,24180000000,0,20695
7339428927922662,thread,1,trace_writer,84,5510000000,24330000000,2,72250
7339428927922662,thread,1,latency_writer,85,5580000000,24230000000,0,153438
7339429028282734,process,-1,process,79,56900000000,183100000000,29789,10
7339429028282734,thread,-1,producer,79,30000000,120000000,29789,10
7339429028282734,thread,-1,sampler,88,30000000,60000000,299,4
7339429028282734,thread,0,account_worker,86,11740000000,18180000000,0,140883
7339429028282734,thread,0,trader_callback,80,5740000000,24290000000,0,150
7339429028282734,thread,0,trace_writer,81,5440000000,24580000000,1,456
7339429028282734,thread,0,latency_writer,82,5310000000,24700000000,0,392
7339429028282734,thread,1,account_worker,87,11750000000,18120000000,0,148765
7339429028282734,thread,1,trader_callback,83,5710000000,24260000000,0,20700
7339429028282734,thread,1,trace_writer,84,5520000000,24420000000,2,72250
7339429028282734,thread,1,latency_writer,85,5590000000,24330000000,0,153439
7339429128629476,process,-1,process,79,57090000000,183720000000,29885,10
7339429128629476,thread,-1,producer,79,30000000,120000000,29885,10
7339429128629476,thread,-1,sampler,88,30000000,60000000,300,4
7339429128629476,thread,0,account_worker,86,11800000000,18220000000,0,140884
7339429128629476,thread,0,trader_callback,80,5750000000,24390000000,0,150
7339429128629476,thread,0,trace_writer,81,5450000000,24670000000,1,456
7339429128629476,thread,0,latency_writer,82,5320000000,24780000000,0,393
7339429128629476,thread,1,account_worker,87,11780000000,18180000000,0,148766
7339429128629476,thread,1,trader_callback,83,5730000000,24340000000,0,20704
7339429128629476,thread,1,trace_writer,84,5550000000,24490000000,2,72251
7339429128629476,thread,1,latency_writer,85,5600000000,24410000000,0,153440
7339429228980074,process,-1,process,79,57300000000,184300000000,29980,10
7339429228980074,thread,-1,producer,79,30000000,120000000,29980,10
7339429228980074,thread,-1,sampler,88,30000000,60000000,301,4
7339429228980074,thread,0,account_worker,86,11840000000,18280000000,0,140884
7339429228980074,thread,0,trader_callback,80,5760000000,24480000000,0,150
7339429228980074,thread,0,trace_writer,81,5480000000,24740000000,1,459
7339429228980074,thread,0,latency_writer,82,5350000000,24850000000,0,393
7339429228980074,thread,1,account_worker,87,11810000000,18250000000,0,148766
7339429228980074,thread,1,trader_callback,83,5760000000,24420000000,0,20707
7339429228980074,thread,1,trace_writer,84,5570000000,24570000000,2,72251
7339429228980074,thread,1,latency_writer,85,5630000000,24480000000,0,153440
7339429329610178,process,-1,process,79,57500000000,184900000000,30080,10
7339429329610178,thread,-1,producer,79,30000000,120000000,30080,10
7339429329610178,thread,-1,sampler,88,30000000,60000000,302,4
7339429329610178,thread,0,account_worker,86,11870000000,18350000000,0,140884
7339429329610178,thread,0,trader_callback,80,5770000000,24570000000,0,150
7339429329610178,thread,0,trace_writer,81,5500000000,24820000000,1,460
7339429329610178,thread,0,latency_writer,82,5360000000,24950000000,0,393
7339429329610178,thread,1,account_worker,87,11860000000,18310000000,0,148766
7339429329610178,thread,1,trader_callback,83,5790000000,24480000000,0,20714
7339429329610178,thread,1,trace_writer,84,5590000000,24650000000,2,72251
7339429329610178,thread,1,latency_writer,85,5660000000,24550000000,0,153440
7339429429937171,process,-1,process,79,57690000000,185510000000,30176,10
7339429429937171,thread,-1,producer,79,30000000,120000000,30176,10
7339429429937171,thread,-1,sampler,88,30000000,60000000,303,4
7339429429937171,thread,0,account_worker,86,11910000000,18410000000,0,140884
7339429429937171,thread,0,trader_callback,80,5780000000,24650000000,0,150
7339429429937171,thread,0,trace_writer,81,5520000000,24900000000,1,460
7339429429937171,thread,0,latency_writer,82,5390000000,25020000000,0,393
7339429429937171,thread,1,account_worker,87,11890000000,18370000000,0,148769
7339429429937171,thread,1,trader_callback,83,5800000000,24560000000,0,20724
7339429429937171,thread,1,trace_writer,84,5620000000,24720000000,2,72251
7339429429937171,thread,1,latency_writer,85,5670000000,24640000000,0,153440
7339429530296153,process,-1,process,79,57900000000,186100000000,30277,10
7339429530296153,thread,-1,producer,79,30000000,120000000,30277,10
7339429530296153,thread,-1,sampler,88,30000000,60000000,304,4
7339429530296153,thread,0,account_worker,86,11960000000,18460000000,0,140884
7339429530296153,thread,0,trader_callback,80,5800000000,24740000000,0,150
7339429530296153,thread,0,trace_writer,81,5540000000,24980000000,1,461
7339429530296153,thread,0,latency_writer,82,5400000000,25110000000,0,393
7339429530296153,thread,1,account_worker,87,11930000000,18430000000,0,148770
7339429530296153,thread,1,trader_callback,83,5820000000,24650000000,0,20734
7339429530296153,thread,1,trace_writer,84,5640000000,24800000000,2,72251
7339429530296153,thread,1,latency_writer,85,5700000000,24710000000,0,153440
7339429632024323,process,-1,process,79,58100000000,186730000000,30378,10
7339429632024323,thread,-1,producer,79,30000000,120000000,30378,10
7339429632024323,thread,-1,sampler,88,30000000,60000000,305,4
7339429632024323,thread,0,account_worker,86,12000000000,18520000000,0,140884
7339429632024323,thread,0,trader_callback,80,5810000000,24820000000,0,150
7339429632024323,thread,0,trace_writer,81,5570000000,25050000000,1,464
7339429632024323,thread,0,latency_writer,82,5410000000,25200000000,0,393
7339429632024323,thread,1,account_worker,87,11980000000,18490000000,0,148771
7339429632024323,thread,1,trader_callback,83,5830000000,24740000000,0,20738
7339429632024323,thread,1,trace_writer,84,5660000000,24880000000,2,72251
7339429632024323,thread,1,latency_writer,85,5720000000,24800000000,0,153440
7339429732523411,process,-1,process,79,58310000000,187310000000,30479,10
7339429732523411,thread,-1,producer,79,30000000,120000000,30479,10
7339429732523411,thread,-1,sampler,88,30000000,60000000,306,4
7339429732523411,thread,0,account_worker,86,12040000000,18580000000,0,140884
7339429732523411,thread,0,trader_callback,80,5830000000,24910000000,0,150
7339429732523411,thread,0,trace_writer,81,5600000000,25120000000,1,464
7339429732523411,thread,0,latency_writer,82,5440000000,25270000000,0,393
7339429732523411,thread,1,account_worker,87,12010000000,18560000000,0,148771
7339429732523411,thread,1,trader_callback,83,5860000000,24810000000,0,20746
7339429732523411,thread,1,trace_writer,84,5690000000,24950000000,2,72251
7339429732523411,thread,1,latency_writer,85,5740000000,24870000000,0,153440
7339429832942698,process,-1,process,79,58500000000,187920000000,30575,10
7339429832942698,thread,-1,producer,79,30000000,120000000,30576,10
7339429832942698,thread,-1,sampler,88,30000000,60000000,307,4
7339429832942698,thread,0,account_worker,86,12080000000,18650000000,0,140885
7339429832942698,thread,0,trader_callback,80,5850000000,24990000000,0,150
7339429832942698,thread,0,trace_writer,81,5610000000,25210000000,1,464
7339429832942698,thread,0,latency_writer,82,5450000000,25360000000,0,393
7339429832942698,thread,1,account_worker,87,12050000000,18610000000,0,148772
7339429832942698,thread,1,trader_callback,83,5880000000,24880000000,0,20752
7339429832942698,thread,1,trace_writer,84,5710000000,25030000000,2,72251
7339429832942698,thread,1,latency_writer,85,5760000000,24960000000,0,153440
7339429933920680,process,-1,process,79,58690000000,188540000000,30676,10
7339429933920680,thread,-1,producer,79,30000000,120000000,30676,10
7339429933920680,thread,-1,sampler,88,40000000,60000000,308,4
7339429933920680,thread,0,account_worker,86,12120000000,18710000000,0,140885
7339429933920680,thread,0,trader_callback,80,5860000000,25080000000,0,150
7339429933920680,thread,0,trace_writer,81,5620000000,25300000000,1,464
7339429933920680,thread,0,latency_writer,82,5470000000,25450000000,0,393
7339429933920680,thread,1,account_worker,87,12090000000,18680000000,0,148772
7339429933920680,thread,1,trader_callback,83,5900000000,24970000000,0,20752
7339429933920680,thread,1,trace_writer,84,5740000000,25110000000,2,72251
7339429933920680,thread,1,latency_writer,85,5790000000,25030000000,0,153440
7339430034395128,process,-1,process,79,58880000000,189160000000,30777,10
7339430034395128,thread,-1,producer,79,30000000,120000000,30777,10
7339430034395128,thread,-1,sampler,88,40000000,60000000,309,4
7339430034395128,thread,0,account_worker,86,12150000000,18770000000,0,140885
7339430034395128,thread,0,trader_callback,80,5870000000,25170000000,0,150
7339430034395128,thread,0,trace_writer,81,5650000000,25380000000,1,465
7339430034395128,thread,0,latency_writer,82,5500000000,25510000000,0,394
7339430034395128,thread,1,account_worker,87,12130000000,18740000000,0,148774
7339430034395128,thread,1,trader_callback,83,5910000000,25050000000,0,20753
7339430034395128,thread,1,trace_writer,84,5750000000,25200000000,2,72252
7339430034395128,thread,1,latency_writer,85,5810000000,25110000000,0,153441
7339430134836389,process,-1,process,79,59100000000,189740000000,30877,11
7339430134836389,thread,-1,producer,79,30000000,120000000,30877,11
7339430134836389,thread,-1,sampler,88,40000000,70000000,310,4
7339430134836389,thread,0,account_worker,86,12200000000,18820000000,0,140886
7339430134836389,thread,0,trader_callback,80,5880000000,25260000000,0,150
7339430134836389,thread,0,trace_writer,81,5670000000,25460000000,1,465
7339430134836389,thread,0,latency_writer,82,5520000000,25590000000,0,395
7339430134836389,thread,1,account_worker,87,12180000000,18790000000,0,148776
7339430134836389,thread,1,trader_callback,83,5940000000,25120000000,0,20754
7339430134836389,thread,1,trace_writer,84,5780000000,25270000000,2,72252
7339430134836389,thread,1,latency_writer,85,5820000000,25200000000,0,153441
7339430235273553,process,-1,process,79,59330000000,190310000000,30977,11
7339430235273553,thread,-1,producer,79,30000000,120000000,30977,11
7339430235273553,thread,-1,sampler,88,40000000,70000000,311,4
7339430235273553,thread,0,account_worker,86,12250000000,18870000000,0,140886
7339430235273553,thread,0,trader_callback,80,5910000000,25340000000,0,150
7339430235273553,thread,0,trace_writer,81,5690000000,25530000000,1,465
7339430235273553,thread,0,latency_writer,82,5540000000,25670000000,0,395
7339430235273553,thread,1,account_worker,87,12230000000,18840000000,0,148776
7339430235273553,thread,1,trader_callback,83,5970000000,25200000000,0,20755
7339430235273553,thread,1,trace_writer,84,5790000000,25350000000,2,72252
7339430235273553,thread,1,latency_writer,85,5840000000,25280000000,0,153441
7339430335634219,process,-1,process,79,59520000000,190930000000,31077,11
7339430335634219,thread,-1,producer,79,30000000,120000000,31077,11
7339430335634219,thread,-1,sampler,88,40000000,70000000,312,4
7339430335634219,thread,0,account_worker,86,12290000000,18930000000,0,140886
7339430335634219,thread,0,trader_callback,80,5920000000,25420000000,0,150
7339430335634219,thread,0,trace_writer,81,5730000000,25600000000,1,465
7339430335634219,thread,0,latency_writer,82,5560000000,25750000000,0,395
7339430335634219,thread,1,account_worker,87,12250000000,18920000000,0,148777
7339430335634219,thread,1,trader_callback,83,5990000000,25280000000,0,20756
7339430335634219,thread,1,trace_writer,84,5820000000,25430000000,2,72252
7339430335634219,thread,1,latency_writer,85,5850000000,25360000000,0,153441
7339430435977931,process,-1,process,79,59710000000,191540000000,31177,12
7339430435977931,thread,-1,producer,79,30000000,120000000,31177,12
7339430435977931,thread,-1,sampler,88,40000000,70000000,313,4
7339430435977931,thread,0,account_worker,86,12330000000,18990000000,0,140887
7339430435977931,thread,0,trader_callback,80,5930000000,25510000000,0,150
7339430435977931,thread,0,trace_writer,81,5750000000,25670000000,1,465
7339430435977931,thread,0,latency_writer,82,5560000000,25850000000,0,395
7339430435977931,thread,1,account_worker,87,12290000000,18980000000,0,148777
7339430435977931,thread,1,trader_callback,83,6010000000,25360000000,0,20756
7339430435977931,thread,1,trace_writer,84,5840000000,25510000000,2,72252
7339430435977931,thread,1,latency_writer,85,5890000000,25430000000,0,153441
7339430536467273,process,-1,process,79,59940000000,192120000000,31278,12
7339430536467273,thread,-1,producer,79,30000000,130000000,31278,12
7339430536467273,thread,-1,sampler,88,40000000,70000000,314,4
7339430536467273,thread,0,account_worker,86,12370000000,19050000000,0,140887
7339430536467273,thread,0,trader_callback,80,5940000000,25600000000,0,150
7339430536467273,thread,0,trace_writer,81,5780000000,25740000000,1,465
7339430536467273,thread,0,latency_writer,82,5590000000,25920000000,0,396
7339430536467273,thread,1,account_worker,87,12350000000,19020000000,0,148777
7339430536467273,thread,1,trader_callback,83,6030000000,25440000000,0,20757
7339430536467273,thread,1,trace_writer,84,5850000000,25600000000,2,72252
7339430536467273,thread,1,latency_writer,85,5910000000,25510000000,0,153441
7339430636977399,process,-1,process,79,60140000000,192720000000,31376,12
7339430636977399,thread,-1,producer,79,30000000,130000000,31376,12
7339430636977399,thread,-1,sampler,88,40000000,70000000,315,4
7339430636977399,thread,0,account_worker,86,12410000000,19120000000,0,140887
7339430636977399,thread,0,trader_callback,80,5950000000,25690000000,0,150
7339430636977399,thread,0,trace_writer,81,5810000000,25820000000,1,468
7339430636977399,thread,0,latency_writer,82,5610000000,26010000000,0,397
7339430636977399,thread,1,account_worker,87,12410000000,19060000000,0,148777
7339430636977399,thread,1,trader_callback,83,6040000000,25520000000,0,20759
7339430636977399,thread,1,trace_writer,84,5890000000,25660000000,2,72253
7339430636977399,thread,1,latency_writer,85,5920000000,25600000000,0,153441
7339430737494645,process,-1,process,79,60330000000,193340000000,31474,12
7339430737494645,thread,-1,producer,79,30000000,130000000,31474,12
7339430737494645,thread,-1,sampler,88,40000000,70000000,316,4
7339430737494645,thread,0,account_worker,86,12450000000,19180000000,0,140887
7339430737494645,thread,0,trader_callback,80,5980000000,25770000000,0,151
7339430737494645,thread,0,trace_writer,81,5830000000,25900000000,1,468
7339430737494645,thread,0,latency_writer,82,5620000000,26100000000,0,397
7339430737494645,thread,1,account_worker,87,12440000000,19130000000,0,148778
7339430737494645,thread,1,trader_callback,83,6060000000,25600000000,0,20760
7339430737494645,thread,1,trace_writer,84,5900000000,25750000000,2,72253
7339430737494645,thread,1,latency_writer,85,5930000000,25690000000,0,153441
7339430837845150,process,-1,process,79,60540000000,193930000000,31563,12
7339430837845150,thread,-1,producer,79,30000000,130000000,31563,12
7339430837845150,thread,-1,sampler,88,40000000,70000000,317,4
7339430837845150,thread,0,account_worker,86,12490000000,19240000000,0,140887
7339430837845150,thread,0,trader_callback,80,6000000000,25850000000,0,151
7339430837845150,thread,0,trace_writer,81,5840000000,25990000000,1,474
7339430837845150,thread,0,latency_writer,82,5660000000,26160000000,0,397
7339430837845150,thread,1,account_worker,87,12490000000,19190000000,0,148780
7339430837845150,thread,1,trader_callback,83,6100000000,25670000000,0,20767
7339430837845150,thread,1,trace_writer,84,5910000000,25830000000,2,72253
7339430837845150,thread,1,latency_writer,85,5950000000,25770000000,0,153441
7339430938201726,process,-1,process,79,60730000000,194550000000,31660,13
7339430938201726,thread,-1,producer,79,30000000,130000000,31660,13
7339430938201726,thread,-1,sampler,88,40000000,70000000,318,4
7339430938201726,thread,0,account_worker,86,12520000000,19310000000,0,140887
7339430938201726,thread,0,trader_callback,80,6010000000,25930000000,0,151
7339430938201726,thread,0,trace_writer,81,5870000000,26050000000,1,478
7339430938201726,thread,0,latency_writer,82,5670000000,26240000000,0,397
7339430938201726,thread,1,account_worker,87,12530000000,19250000000,0,148780
7339430938201726,thread,1,trader_callback,83,6110000000,25760000000,0,20770
7339430938201726,thread,1,trace_writer,84,5930000000,25920000000,2,72253
7339430938201726,thread,1,latency_writer,85,5970000000,25850000000,0,153441
7339431038562982,process,-1,process,79,60910000000,195160000000,31761,14
7339431038562982,thread,-1,producer,79,30000000,130000000,31761,14
7339431038562982,thread,-1,sampler,88,40000000,70000000,319,4
7339431038562982,thread,0,account_worker,86,12550000000,19380000000,0,140887
7339431038562982,thread,0,trader_callback,80,6040000000,26010000000,0,151
7339431038562982,thread,0,trace_writer,81,5900000000,26130000000,1,480
7339431038562982,thread,0,latency_writer,82,5690000000,26330000000,0,397
7339431038562982,thread,1,account_worker,87,12570000000,19300000000,0,148781
7339431038562982,thread,1,trader_callback,83,6120000000,25840000000,0,20770
7339431038562982,thread,1,trace_writer,84,5950000000,26000000000,2,72254
7339431038562982,thread,1,latency_writer,85,5980000000,25940000000,0,153442
7339431138930786,process,-1,process,79,61110000000,195770000000,31860,14
7339431138930786,thread,-1,producer,79,30000000,130000000,31860,14
7339431138930786,thread,-1,sampler,88,40000000,70000000,320,4
7339431138930786,thread,0,account_worker,86,12600000000,19430000000,0,140888
7339431138930786,thread,0,trader_callback,80,6060000000,26080000000,0,151
7339431138930786,thread,0,trace_writer,81,5910000000,26210000000,1,480
7339431138930786,thread,0,latency_writer,82,5710000000,26410000000,0,398
7339431138930786,thread,1,account_worker,87,12610000000,19370000000,0,148782
7339431138930786,thread,1,trader_callback,83,6150000000,25920000000,0,20772
7339431138930786,thread,1,trace_writer,84,5970000000,26080000000,2,72254
7339431138930786,thread,1,latency_writer,85,5990000000,26030000000,0,153443
7339431239439857,process,-1,process,79,61310000000,196370000000,31961,14
7339431239439857,thread,-1,producer,79,30000000,130000000,31961,14
7339431239439857,thread,-1,sampler,88,40000000,70000000,321,4
7339431239439857,thread,0,account_worker,86,12650000000,19480000000,0,140888
7339431239439857,thread,0,trader_callback,80,6070000000,26180000000,0,151
7339431239439857,thread,0,trace_writer,81,5920000000,26310000000,1,480
7339431239439857,thread,0,latency_writer,82,5740000000,26480000000,0,399
7339431239439857,thread,1,account_worker,87,12650000000,19420000000,0,148782
7339431239439857,thread,1,trader_callback,83,6160000000,26010000000,0,20773
7339431239439857,thread,1,trace_writer,84,5990000000,26160000000,2,72254
7339431239439857,thread,1,latency_writer,85,6030000000,26100000000,0,153443
7339431340237603,process,-1,process,79,61490000000,197000000000,32052,14
7339431340237603,thread,-1,producer,79,30000000,130000000,32052,14
7339431340237603,thread,-1,sampler,88,40000000,70000000,322,4
7339431340237603,thread,0,account_worker,86,12690000000,19540000000,0,140889
7339431340237603,thread,0,trader_callback,80,6090000000,26260000000,0,151
7339431340237603,thread,0,trace_writer,81,5950000000,26370000000,1,481
7339431340237603,thread,0,latency_writer,82,5740000000,26570000000,0,399
7339431340237603,thread,1,account_worker,87,12690000000,19480000000,0,148782
7339431340237603,thread,1,trader_callback,83,6170000000,26100000000,0,20774
7339431340237603,thread,1,trace_writer,84,5990000000,26260000000,2,72254
7339431340237603,thread,1,latency_writer,85,6050000000,26180000000,0,153443
7339431440597963,process,-1,process,79,61730000000,197560000000,32152,14
7339431440597963,thread,-1,producer,79,30000000,130000000,32152,14
7339431440597963,thread,-1,sampler,88,40000000,70000000,323,4
7339431440597963,thread,0,account_worker,86,12740000000,19590000000,0,140889
7339431440597963,thread,0,trader_callback,80,6110000000,26330000000,0,151
7339431440597963,thread,0,trace_writer,81,5980000000,26450000000,1,482
7339431440597963,thread,0,latency_writer,82,5760000000,26650000000,0,399
7339431440597963,thread,1,account_worker,87,12730000000,19540000000,0,148784
7339431440597963,thread,1,trader_callback,83,6190000000,26170000000,0,20776
7339431440597963,thread,1,trace_writer,84,6020000000,26330000000,2,72254
7339431440597963,thread,1,latency_writer,85,6070000000,26250000000,0,153443
7339431540963576,process,-1,process,79,61920000000,198170000000,32252,14
7339431540963576,thread,-1,producer,79,30000000,130000000,32252,14
7339431540963576,thread,-1,sampler,88,40000000,70000000,324,4
7339431540963576,thread,0,account_worker,86,12780000000,19660000000,0,140889
7339431540963576,thread,0,trader_callback,80,6140000000,26410000000,0,151
7339431540963576,thread,0,trace_writer,81,5980000000,26540000000,1,483
7339431540963576,thread,0,latency_writer,82,5790000000,26730000000,0,399
7339431540963576,thread,1,account_worker,87,12770000000,19610000000,0,148784
7339431540963576,thread,1,trader_callback,83,6220000000,26250000000,0,20777
7339431540963576,thread,1,trace_writer,84,6030000000,26420000000,2,72255
7339431540963576,thread,1,latency_writer,85,6100000000,26330000000,0,153443
7339431641319770,process,-1,process,79,62110000000,198790000000,32353,14
7339431641319770,thread,-1,producer,79,30000000,130000000,32353,14
7339431641319770,thread,-1,sampler,88,40000000,70000000,325,4
7339431641319770,thread,0,account_worker,86,12820000000,19720000000,0,140889
7339431641319770,thread,0,trader_callback,80,6150000000,26490000000,0,151
7339431641319770,thread,0,trace_writer,81,6000000000,26630000000,1,484
7339431641319770,thread,0,latency_writer,82,5800000000,26820000000,0,399
7339431641319770,thread,1,account_worker,87,12810000000,19670000000,0,148784
7339431641319770,thread,1,trader_callback,83,6240000000,26320000000,0,20780
7339431641319770,thread,1,trace_writer,84,6050000000,26500000000,2,72255
7339431641319770,thread,1,latency_writer,85,6120000000,26400000000,0,153443
7339431741698505,process,-1,process,79,62290000000,199420000000,32453,14
7339431741698505,thread,-1,producer,79,30000000,130000000,32453,14
7339431741698505,thread,-1,sampler,88,40000000,70000000,326,4
7339431741698505,thread,0,account_worker,86,12870000000,19760000000,0,140889
7339431741698505,thread,0,trader_callback,80,6170000000,26580000000,0,151
7339431741698505,thread,0,trace_writer,81,6010000000,26720000000,1,487
7339431741698505,thread,0,latency_writer,82,5830000000,26890000000,0,399
7339431741698505,thread,1,account_worker,87,12830000000,19750000000,0,148784
7339431741698505,thread,1,trader_callback,83,6260000000,26410000000,0,20780
7339431741698505,thread,1,trace_writer,84,6060000000,26590000000,2,72255
7339431741698505,thread,1,latency_writer,85,6140000000,26480000000,0,153444
7339431842108281,process,-1,process,79,62490000000,200010000000,32553,14
7339431842108281,thread,-1,producer,79,30000000,130000000,32553,14
7339431842108281,thread,-1,sampler,88,40000000,70000000,327,5
7339431842108281,thread,0,account_worker,86,12900000000,19830000000,0,140890
7339431842108281,thread,0,trader_callback,80,6190000000,26660000000,0,151
7339431842108281,thread,0,trace_writer,81,6030000000,26800000000,1,488
7339431842108281,thread,0,latency_writer,82,5870000000,26950000000,0,399
7339431842108281,thread,1,account_worker,87,12870000000,19800000000,0,148785
7339431842108281,thread,1,trader_callback,83,6280000000,26480000000,0,20781
7339431842108281,thread,1,trace_writer,84,6090000000,26670000000,2,72255
7339431842108281,thread,1,latency_writer,85,6150000000,26580000000,0,153444
7339431942573043,process,-1,process,79,62660000000,200650000000,32654,14
7339431942573043,thread,-1,producer,79,30000000,130000000,32654,14
7339431942573043,thread,-1,sampler,88,40000000,70000000,328,5
7339431942573043,thread,0,account_worker,86,12930000000,19910000000,0,140890
7339431942573043,thread,0,trader_callback,80,6210000000,26740000000,0,152
7339431942573043,thread,0,trace_writer,81,6040000000,26890000000,1,488
7339431942573043,thread,0,latency_writer,82,5890000000,27030000000,0,399
7339431942573043,thread,1,account_worker,87,12910000000,19870000000,0,148785
7339431942573043,thread,1,trader_callback,83,6290000000,26580000000,0,20783
7339431942573043,thread,1,trace_writer,84,6100000000,26750000000,2,72255
7339431942573043,thread,1,latency_writer,85,6170000000,26650000000,0,153444
7339432042956642,process,-1,process,79,62870000000,201240000000,32753,14
7339432042956642,thread,-1,producer,79,30000000,130000000,32753,14
7339432042956642,thread,-1,sampler,88,40000000,70000000,329,5
7339432042956642,thread,0,account_worker,86,12970000000,19960000000,0,140890
7339432042956642,thread,0,trader_callback,80,6230000000,26820000000,0,152
7339432042956642,thread,0,trace_writer,81,6070000000,26960000000,1,490
7339432042956642,thread,0,latency_writer,82,5910000000,27110000000,0,399
7339432042956642,thread,1,account_worker,87,12970000000,19910000000,0,148786
7339432042956642,thread,1,trader_callback,83,6300000000,26660000000,0,20791
7339432042956642,thread,1,trace_writer,84,6120000000,26830000000,2,72255
7339432042956642,thread,1,latency_writer,85,6180000000,26740000000,0,153445
7339432143329621,process,-1,process,79,63080000000,201840000000,32854,14
7339432143329621,thread,-1,producer,79,30000000,130000000,32854,14
7339432143329621,thread,-1,sampler,88,40000000,70000000,330,5
7339432143329621,thread,0,account_worker,86,13020000000,20020000000,0,140891
7339432143329621,thread,0,trader_callback,80,6240000000,26910000000,0,152
7339432143329621,thread,0,trace_writer,81,6080000000,27050000000,1,490
7339432143329621,thread,0,latency_writer,82,5930000000,27190000000,0,401
7339432143329621,thread,1,account_worker,87,13020000000,19960000000,0,148788
7339432143329621,thread,1,trader_callback,83,6320000000,26740000000,0,20792
7339432143329621,thread,1,trace_writer,84,6140000000,26910000000,2,72256
7339432143329621,thread,1,latency_writer,85,6210000000,26820000000,0,153445
7339432243695413,process,-1,process,79,63270000000,202450000000,32954,14
7339432243695413,thread,-1,producer,79,30000000,130000000,32954,14
7339432243695413,thread,-1,sampler,88,40000000,70000000,331,5
7339432243695413,thread,0,account_worker,86,13060000000,20070000000,0,140891
7339432243695413,thread,0,trader_callback,80,6250000000,27000000000,0,152
7339432243695413,thread,0,trace_writer,81,6090000000,27140000000,1,490
7339432243695413,thread,0,latency_writer,82,5950000000,27270000000,0,401
7339432243695413,thread,1,account_worker,87,13060000000,20020000000,0,148788
7339432243695413,thread,1,trader_callback,83,6340000000,26830000000,0,20795
7339432243695413,thread,1,trace_writer,84,6160000000,26990000000,2,72256
7339432243695413,thread,1,latency_writer,85,6240000000,26890000000,0,153445
7339432344024171,process,-1,process,79,63470000000,203050000000,33054,14
7339432344024171,thread,-1,producer,79,30000000,130000000,33054,14
7339432344024171,thread,-1,sampler,88,40000000,70000000,332,5
7339432344024171,thread,0,account_worker,86,13130000000,20100000000,0,140891
7339432344024171,thread,0,trader_callback,80,6260000000,27090000000,0,152
7339432344024171,thread,0,trace_writer,81,6110000000,27220000000,1,491
7339432344024171,thread,0,latency_writer,82,5970000000,27350000000,0,401
7339432344024171,thread,1,account_worker,87,13080000000,20100000000,0,148788
7339432344024171,thread,1,trader_callback,83,6360000000,26900000000,0,20795
7339432344024171,thread,1,trace_writer,84,6180000000,27080000000,2,72256
7339432344024171,thread,1,latency_writer,85,6260000000,26970000000,0,153445
7339432444409884,process,-1,process,79,63680000000,203650000000,33155,14
7339432444409884,thread,-1,producer,79,30000000,130000000,33155,14
7339432444409884,thread,-1,sampler,88,40000000,70000000,333,5
7339432444409884,thread,0,account_worker,86,13190000000,20150000000,0,140892
7339432444409884,thread,0,trader_callback,80,6280000000,27170000000,0,152
7339432444409884,thread,0,trace_writer,81,6130000000,27300000000,1,494
7339432444409884,thread,0,latency_writer,82,5990000000,27430000000,0,401
7339432444409884,thread,1,account_worker,87,13130000000,20150000000,0,148788
7339432444409884,thread,1,trader_callback,83,6380000000,26990000000,0,20796
7339432444409884,thread,1,trace_writer,84,6200000000,27150000000,2,72256
7339432444409884,thread,1,latency_writer,85,6270000000,27050000000,0,153445
7339432544765492,process,-1,process,79,63880000000,204250000000,33254,14
7339432544765492,thread,-1,producer,79,30000000,130000000,33254,14
7339432544765492,thread,-1,sampler,88,40000000,70000000,334,5
7339432544765492,thread,0,account_worker,86,13230000000,20210000000,0,140892
7339432544765492,thread,0,trader_callback,80,6290000000,27260000000,0,152
7339432544765492,thread,0,trace_writer,81,6140000000,27390000000,1,495
7339432544765492,thread,0,latency_writer,82,6000000000,27520000000,0,402
7339432544765492,thread,1,account_worker,87,13180000000,20200000000,0,148788
7339432544765492,thread,1,trader_callback,83,6390000000,27070000000,0,20797
7339432544765492,thread,1,trace_writer,84,6210000000,27240000000,2,72256
7339432544765492,thread,1,latency_writer,85,6310000000,27110000000,0,153445
7339432645147130,process,-1,process,79,64070000000,204860000000,33355,14
7339432645147130,thread,-1,producer,79,30000000,130000000,33355,14
7339432645147130,thread,-1,sampler,88,40000000,70000000,335,5
7339432645147130,thread,0,account_worker,86,13270000000,20270000000,0,140892
7339432645147130,thread,0,trader_callback,80,6320000000,27330000000,0,152
7339432645147130,thread,0,trace_writer,81,6140000000,27490000000,1,495
7339432645147130,thread,0,latency_writer,82,6030000000,27590000000,0,403
7339432645147130,thread,1,account_worker,87,13220000000,20260000000,0,148788
7339432645147130,thread,1,trader_callback,83,6420000000,27150000000,0,20800
7339432645147130,thread,1,trace_writer,84,6230000000,27320000000,2,72257
7339432645147130,thread,1,latency_writer,85,6330000000,27190000000,0,153445
7339432745506261,process,-1,process,79,64290000000,205450000000,33455,15
7339432745506261,thread,-1,producer,79,30000000,130000000,33455,15
7339432745506261,thread,-1,sampler,88,40000000,70000000,336,5
7339432745506261,thread,0,account_worker,86,13290000000,20340000000,0,140892
7339432745506261,thread,0,trader_callback,80,6340000000,27410000000,0,153
7339432745506261,thread,0,trace_writer,81,6160000000,27570000000,1,495
7339432745506261,thread,0,latency_writer,82,6050000000,27670000000,0,403
7339432745506261,thread,1,account_worker,87,13260000000,20320000000,0,148790
7339432745506261,thread,1,trader_callback,83,6440000000,27220000000,0,20801
7339432745506261,thread,1,trace_writer,84,6250000000,27400000000,2,72257
7339432745506261,thread,1,latency_writer,85,6370000000,27260000000,0,153445
7339432845871995,process,-1,process,79,64460000000,206080000000,33548,16
7339432845871995,thread,-1,producer,79,30000000,130000000,33548,16
7339432845871995,thread,-1,sampler,88,40000000,70000000,337,5
7339432845871995,thread,0,account_worker,86,13330000000,20410000000,0,140892
7339432845871995,thread,0,trader_callback,80,6350000000,27500000000,0,153
7339432845871995,thread,0,trace_writer,81,6170000000,27660000000,1,495
7339432845871995,thread,0,latency_writer,82,6070000000,27760000000,0,403
7339432845871995,thread,1,account_worker,87,13290000000,20390000000,0,148792
7339432845871995,thread,1,trader_callback,83,6470000000,27290000000,0,20801
7339432845871995,thread,1,trace_writer,84,6270000000,27490000000,2,72257
7339432845871995,thread,1,latency_writer,85,6380000000,27350000000,0,153445
7339432946201425,process,-1,process,79,64640000000,206710000000,33648,16
7339432946201425,thread,-1,producer,79,30000000,130000000,33648,16
7339432946201425,thread,-1,sampler,88,40000000,70000000,338,5
7339432946201425,thread,0,account_worker,86,13370000000,20470000000,0,140892
7339432946201425,thread,0,trader_callback,80,6380000000,27570000000,0,153
7339432946201425,thread,0,trace_writer,81,6180000000,27750000000,1,496
7339432946201425,thread,0,latency_writer,82,6070000000,27850000000,0,403
7339432946201425,thread,1,account_worker,87,13330000000,20450000000,0,148792
7339432946201425,thread,1,trader_callback,83,6500000000,27370000000,0,20803
7339432946201425,thread,1,trace_writer,84,6290000000,27570000000,2,72257
7339432946201425,thread,1,latency_writer,85,6390000000,27440000000,0,153445
7339433046586090,process,-1,process,79,64820000000,207330000000,33749,16
7339433046586090,thread,-1,producer,79,30000000,130000000,33749,16
7339433046586090,thread,-1,sampler,88,40000000,70000000,339,5
7339433046586090,thread,0,account_worker,86,13410000000,20530000000,0,140893
7339433046586090,thread,0,trader_callback,80,6400000000,27650000000,0,153
7339433046586090,thread,0,trace_writer,81,6210000000,27820000000,1,498
7339433046586090,thread,0,latency_writer,82,6090000000,27940000000,0,404
7339433046586090,thread,1,account_worker,87,13370000000,20510000000,0,148797
7339433046586090,thread,1,trader_callback,83,6520000000,27450000000,0,20804
7339433046586090,thread,1,trace_writer,84,6310000000,27650000000,2,72259
7339433046586090,thread,1,latency_writer,85,6410000000,27520000000,0,153448
7339433147435103,process,-1,process,79,65020000000,207930000000,33836,16
7339433147435103,thread,-1,producer,79,40000000,140000000,33836,16
7339433147435103,thread,-1,sampler,88,40000000,70000000,340,5
7339433147435103,thread,0,account_worker,86,13460000000,20580000000,0,140894
7339433147435103,thread,0,trader_callback,80,6410000000,27740000000,0,153
7339433147435103,thread,0,trace_writer,81,6230000000,27910000000,1,498
7339433147435103,thread,0,latency_writer,82,6100000000,28020000000,0,405
7339433147435103,thread,1,account_worker,87,13400000000,20580000000,0,148798
7339433147435103,thread,1,trader_callback,83,6550000000,27520000000,0,20811
7339433147435103,thread,1,trace_writer,84,6320000000,27740000000,2,72259
7339433147435103,thread,1,latency_writer,85,6430000000,27600000000,0,153448
7339433248335306,process,-1,process,79,65190000000,208570000000,33934,17
7339433248335306,thread,-1,producer,79,40000000,140000000,33934,17
7339433248335306,thread,-1,sampler,88,40000000,70000000,341,5
7339433248335306,thread,0,account_worker,86,13490000000,20650000000,0,140894
7339433248335306,thread,0,trader_callback,80,6430000000,27830000000,0,153
7339433248335306,thread,0,trace_writer,81,6240000000,27990000000,1,500
7339433248335306,thread,0,latency_writer,82,6110000000,28110000000,0,405
7339433248335306,thread,1,account_worker,87,13450000000,20640000000,0,148798
7339433248335306,thread,1,trader_callback,83,6560000000,27600000000,0,20816
7339433248335306,thread,1,trace_writer,84,6340000000,27820000000,2,72259
7339433248335306,thread,1,latency_writer,85,6450000000,27680000000,0,153448
7339433348684870,process,-1,process,79,65390000000,209180000000,34033,17
7339433348684870,thread,-1,producer,79,40000000,140000000,34033,17
7339433348684870,thread,-1,sampler,88,40000000,70000000,342,5
7339433348684870,thread,0,account_worker,86,13540000000,20700000000,0,140894
7339433348684870,thread,0,trader_callback,80,6440000000,27910000000,0,153
7339433348684870,thread,0,trace_writer,81,6260000000,28080000000,1,501
7339433348684870,thread,0,latency_writer,82,6140000000,28190000000,0,405
7339433348684870,thread,1,account_worker,87,13470000000,20710000000,0,148798
7339433348684870,thread,1,trader_callback,83,6590000000,27680000000,0,20818
7339433348684870,thread,1,trace_writer,84,6360000000,27900000000,2,72259
7339433348684870,thread,1,latency_writer,85,6470000000,27760000000,0,153448
7339433449041362,process,-1,process,79,65490000000,209880000000,34124,17
7339433449041362,thread,-1,producer,79,40000000,140000000,34124,17
7339433449041362,thread,-1,sampler,88,40000000,70000000,343,5
7339433449041362,thread,0,account_worker,86,13560000000,20780000000,0,140894
7339433449041362,thread,0,trader_callback,80,6460000000,28000000000,0,153
7339433449041362,thread,0,trace_writer,81,6270000000,28170000000,1,504
7339433449041362,thread,0,latency_writer,82,6150000000,28280000000,0,405
7339433449041362,thread,1,account_worker,87,13510000000,20780000000,0,148799
7339433449041362,thread,1,trader_callback,83,6590000000,27770000000,0,20820
7339433449041362,thread,1,trace_writer,84,6360000000,28000000000,2,72259
7339433449041362,thread,1,latency_writer,85,6480000000,27850000000,0,153448
7339433549411680,process,-1,process,79,65650000000,210520000000,34223,17
7339433549411680,thread,-1,producer,79,40000000,140000000,34223,17
7339433549411680,thread,-1,sampler,88,40000000,70000000,344,5
7339433549411680,thread,0,account_worker,86,13590000000,20860000000,0,140894
7339433549411680,thread,0,trader_callback,80,6470000000,28080000000,0,153
7339433549411680,thread,0,trace_writer,81,6280000000,28260000000,1,504
7339433549411680,thread,0,latency_writer,82,6160000000,28370000000,0,405
7339433549411680,thread,1,account_worker,87,13540000000,20850000000,0,148800
7339433549411680,thread,1,trader_callback,83,6610000000,27850000000,0,20821
7339433549411680,thread,1,trace_writer,84,6380000000,28080000000,2,72259
7339433549411680,thread,1,latency_writer,85,6510000000,27930000000,0,153448
7339433649787900,process,-1,process,79,65860000000,211120000000,34301,17
7339433649787900,thread,-1,producer,79,40000000,140000000,34301,17
7339433649787900,thread,-1,sampler,88,40000000,70000000,345,5
7339433649787900,thread,0,account_worker,86,13620000000,20920000000,0,140894
7339433649787900,thread,0,trader_callback,80,6500000000,28160000000,0,155
7339433649787900,thread,0,trace_writer,81,6320000000,28320000000,1,509
7339433649787900,thread,0,latency_writer,82,6180000000,28450000000,0,405
7339433649787900,thread,1,account_worker,87,13590000000,20900000000,0,148800
7339433649787900,thread,1,trader_callback,83,6620000000,27940000000,0,20821
7339433649787900,thread,1,trace_writer,84,6390000000,28170000000,2,72259
7339433649787900,thread,1,latency_writer,85,6530000000,28000000000,0,153448
7339433750158313,process,-1,process,79,66050000000,211730000000,34398,18
7339433750158313,thread,-1,producer,79,40000000,140000000,34398,18
7339433750158313,thread,-1,sampler,88,40000000,70000000,346,5
7339433750158313,thread,0,account_worker,86,13670000000,20980000000,0,140894
7339433750158313,thread,0,trader_callback,80,6510000000,28250000000,0,155
7339433750158313,thread,0,trace_writer,81,6320000000,28410000000,1,512
7339433750158313,thread,0,latency_writer,82,6190000000,28530000000,0,405
7339433750158313,thread,1,account_worker,87,13630000000,20960000000,0,148800
7339433750158313,thread,1,trader_callback,83,6650000000,28010000000,0,20821
7339433750158313,thread,1,trace_writer,84,6400000000,28260000000,2,72259
7339433750158313,thread,1,latency_writer,85,6550000000,28080000000,0,153448
7339433850540348,process,-1,process,79,66240000000,212340000000,34499,18
7339433850540348,thread,-1,producer,79,40000000,140000000,34499,18
7339433850540348,thread,-1,sampler,88,40000000,70000000,347,5
7339433850540348,thread,0,account_worker,86,13700000000,21040000000,0,140911
7339433850540348,thread,0,trader_callback,80,6520000000,28330000000,0,171
7339433850540348,thread,0,trace_writer,81,6340000000,28500000000,1,528
7339433850540348,thread,0,latency_writer,82,6230000000,28600000000,0,421
7339433850540348,thread,1,account_worker,87,13670000000,21020000000,0,148817
7339433850540348,thread,1,trader_callback,83,6680000000,28090000000,0,20837
7339433850540348,thread,1,trace_writer,84,6430000000,28330000000,2,72275
7339433850540348,thread,1,latency_writer,85,6570000000,28160000000,0,153464
7339433950900045,process,-1,process,79,66430000000,212960000000,34599,18
7339433950900045,thread,-1,producer,79,40000000,140000000,34599,18
7339433950900045,thread,-1,sampler,88,40000000,70000000,348,5
7339433950900045,thread,0,account_worker,86,13720000000,21120000000,0,140911
7339433950900045,thread,0,trader_callback,80,6540000000,28420000000,0,171
7339433950900045,thread,0,trace_writer,81,6350000000,28590000000,1,531
7339433950900045,thread,0,latency_writer,82,6240000000,28690000000,0,421
7339433950900045,thread,1,account_worker,87,13720000000,21070000000,0,148817
7339433950900045,thread,1,trader_callback,83,6700000000,28160000000,0,20837
7339433950900045,thread,1,trace_writer,84,6440000000,28420000000,2,72275
7339433950900045,thread,1,latency_writer,85,6590000000,28240000000,0,153464
7339434051294284,process,-1,process,79,66580000000,213600000000,34700,18
7339434051294284,thread,-1,producer,79,40000000,140000000,34700,18
7339434051294284,thread,-1,sampler,88,40000000,70000000,349,5
7339434051294284,thread,0,account_worker,86,13750000000,21190000000,0,140911
7339434051294284,thread,0,trader_callback,80,6560000000,28500000000,0,171
7339434051294284,thread,0,trace_writer,81,6360000000,28680000000,1,534
7339434051294284,thread,0,latency_writer,82,6260000000,28770000000,0,421
7339434051294284,thread,1,account_worker,87,13750000000,21140000000,0,148819
7339434051294284,thread,1,trader_callback,83,6720000000,28250000000,0,20839
7339434051294284,thread,1,trace_writer,84,6460000000,28510000000,2,72276
7339434051294284,thread,1,latency_writer,85,6610000000,28320000000,0,153465
7339434151669592,process,-1,process,79,66770000000,214220000000,34797,19
7339434151669592,thread,-1,producer,79,40000000,140000000,34797,19
7339434151669592,thread,-1,sampler,88,40000000,70000000,350,5
7339434151669592,thread,0,account_worker,86,13810000000,21240000000,0,140912
7339434151669592,thread,0,trader_callback,80,6570000000,28580000000,0,171
7339434151669592,thread,0,trace_writer,81,6370000000,28760000000,1,534
7339434151669592,thread,0,latency_writer,82,6270000000,28860000000,0,423
7339434151669592,thread,1,account_worker,87,13790000000,21200000000,0,148821
7339434151669592,thread,1,trader_callback,83,6740000000,28330000000,0,20841
7339434151669592,thread,1,trace_writer,84,6460000000,28600000000,2,72276
7339434151669592,thread,1,latency_writer,85,6630000000,28400000000,0,153465
7339434252094699,process,-1,process,79,66970000000,214830000000,34889,19
7339434252094699,thread,-1,producer,79,40000000,140000000,34889,19
7339434252094699,thread,-1,sampler,88,40000000,70000000,351,5
7339434252094699,thread,0,account_worker,86,13850000000,21290000000,0,140912
7339434252094699,thread,0,trader_callback,80,6600000000,28660000000,0,171
7339434252094699,thread,0,trace_writer,81,6400000000,28840000000,1,534
7339434252094699,thread,0,latency_writer,82,6290000000,28940000000,0,423
7339434252094699,thread,1,account_worker,87,13820000000,21260000000,0,148821
7339434252094699,thread,1,trader_callback,83,6750000000,28410000000,0,20843
7339434252094699,thread,1,trace_writer,84,6480000000,28680000000,2,72276
7339434252094699,thread,1,latency_writer,85,6650000000,28490000000,0,153465
7339434352468821,process,-1,process,79,67130000000,215470000000,34990,19
7339434352468821,thread,-1,producer,79,40000000,140000000,34990,19
7339434352468821,thread,-1,sampler,88,40000000,70000000,352,5
7339434352468821,thread,0,account_worker,86,13890000000,21350000000,0,140912
7339434352468821,thread,0,trader_callback,80,6610000000,28750000000,0,171
7339434352468821,thread,0,trace_writer,81,6400000000,28930000000,1,535
7339434352468821,thread,0,latency_writer,82,6310000000,29020000000,0,423
7339434352468821,thread,1,account_worker,87,13860000000,21320000000,0,148821
7339434352468821,thread,1,trader_callback,83,6780000000,28490000000,0,20848
7339434352468821,thread,1,trace_writer,84,6500000000,28760000000,2,72276
7339434352468821,thread,1,latency_writer,85,6660000000,28580000000,0,153465
7339434452821627,process,-1,process,79,67330000000,216080000000,35090,19
7339434452821627,thread,-1,producer,79,40000000,140000000,35090,19
7339434452821627,thread,-1,sampler,88,40000000,70000000,353,5
7339434452821627,thread,0,account_worker,86,13950000000,21390000000,0,140914
7339434452821627,thread,0,trader_callback,80,6620000000,28840000000,0,171
7339434452821627,thread,0,trace_writer,81,6420000000,29020000000,1,536
7339434452821627,thread,0,latency_writer,82,6320000000,29110000000,0,423
7339434452821627,thread,1,account_worker,87,13900000000,21380000000,0,148821
7339434452821627,thread,1,trader_callback,83,6800000000,28570000000,0,20851
7339434452821627,thread,1,trace_writer,84,6530000000,28840000000,2,72276
7339434452821627,thread,1,latency_writer,85,6670000000,28660000000,0,153465
7339434553202572,process,-1,process,79,67540000000,216660000000,35190,19
7339434553202572,thread,-1,producer,79,40000000,140000000,35190,19
7339434553202572,thread,-1,sampler,88,40000000,70000000,354,5
7339434553202572,thread,0,account_worker,86,14010000000,21440000000,0,140914
7339434553202572,thread,0,trader_callback,80,6640000000,28920000000,0,171
7339434553202572,thread,0,trace_writer,81,6440000000,29100000000,1,541
7339434553202572,thread,0,latency_writer,82,6330000000,29200000000,0,425
7339434553202572,thread,1,account_worker,87,13940000000,21450000000,0,148821
7339434553202572,thread,1,trader_callback,83,6820000000,28650000000,0,20852
7339434553202572,thread,1,trace_writer,84,6550000000,28910000000,2,72276
7339434553202572,thread,1,latency_writer,85,6690000000,28750000000,0,153465
7339434653563939,process,-1,process,79,67740000000,217270000000,35291,19
7339434653563939,thread,-1,producer,79,40000000,140000000,35291,19
7339434653563939,thread,-1,sampler,88,40000000,70000000,355,5
7339434653563939,thread,0,account_worker,86,14040000000,21500000000,0,140914
7339434653563939,thread,0,trader_callback,80,6660000000,29000000000,0,171
7339434653563939,thread,0,trace_writer,81,6460000000,29180000000,1,547
7339434653563939,thread,0,latency_writer,82,6360000000,29270000000,0,425
7339434653563939,thread,1,account_worker,87,13970000000,21510000000,0,148821
7339434653563939,thread,1,trader_callback,83,6850000000,28720000000,0,20853
7339434653563939,thread,1,trace_writer,84,6570000000,28990000000,2,72277
7339434653563939,thread,1,latency_writer,85,6710000000,28830000000,0,153465
7339434753917780,process,-1,process,79,67970000000,217840000000,35391,19
7339434753917780,thread,-1,producer,79,40000000,140000000,35391,19
7339434753917780,thread,-1,sampler,88,40000000,70000000,356,5
7339434753917780,thread,0,account_worker,86,14090000000,21560000000,0,140914
7339434753917780,thread,0,trader_callback,80,6680000000,29080000000,0,172
7339434753917780,thread,0,trace_writer,81,6470000000,29270000000,1,552
7339434753917780,thread,0,latency_writer,82,6390000000,29340000000,0,425
7339434753917780,thread,1,account_worker,87,14030000000,21560000000,0,148822
7339434753917780,thread,1,trader_callback,83,6870000000,28800000000,0,20854
7339434753917780,thread,1,trace_writer,84,6590000000,29070000000,2,72277
7339434753917780,thread,1,latency_writer,85,6730000000,28910000000,0,153465
7339434854300892,process,-1,process,79,68150000000,218470000000,35492,19
7339434854300892,thread,-1,producer,79,40000000,140000000,35492,19
7339434854300892,thread,-1,sampler,88,40000000,70000000,357,5
7339434854300892,thread,0,account_worker,86,14120000000,21620000000,0,140914
7339434854300892,thread,0,trader_callback,80,6710000000,29150000000,0,172
7339434854300892,thread,0,trace_writer,81,6480000000,29360000000,1,555
7339434854300892,thread,0,latency_writer,82,6400000000,29430000000,0,425
7339434854300892,thread,1,account_worker,87,14080000000,21610000000,0,148823
7339434854300892,thread,1,trader_callback,83,6890000000,28880000000,0,20855
7339434854300892,thread,1,trace_writer,84,6610000000,29160000000,2,72277
7339434854300892,thread,1,latency_writer,85,6750000000,28990000000,0,153465
7339434954646074,process,-1,process,79,68340000000,219080000000,35592,19
7339434954646074,thread,-1,producer,79,40000000,140000000,35592,19
7339434954646074,thread,-1,sampler,88,40000000,80000000,358,5
7339434954646074,thread,0,account_worker,86,14160000000,21690000000,0,140914
7339434954646074,thread,0,trader_callback,80,6720000000,29240000000,0,172
7339434954646074,thread,0,trace_writer,81,6500000000,29440000000,1,560
7339434954646074,thread,0,latency_writer,82,6420000000,29510000000,0,425
7339434954646074,thread,1,account_worker,87,14130000000,21660000000,0,148825
7339434954646074,thread,1,trader_callback,83,6900000000,28960000000,0,20859
7339434954646074,thread,1,trace_writer,84,6630000000,29230000000,2,72277
7339434954646074,thread,1,latency_writer,85,6750000000,29080000000,0,153465
7339435055074743,process,-1,process,79,68560000000,219660000000,35692,19
7339435055074743,thread,-1,producer,79,40000000,140000000,35692,19
7339435055074743,thread,-1,sampler,88,40000000,80000000,359,5
7339435055074743,thread,0,account_worker,86,14190000000,21760000000,0,140914
7339435055074743,thread,0,trader_callback,80,6750000000,29310000000,0,172
7339435055074743,thread,0,trace_writer,81,6520000000,29520000000,1,561
7339435055074743,thread,0,latency_writer,82,6450000000,29590000000,0,425
7339435055074743,thread,1,account_worker,87,14170000000,21710000000,0,148825
7339435055074743,thread,1,trader_callback,83,6930000000,29040000000,0,20865
7339435055074743,thread,1,trace_writer,84,6650000000,29310000000,2,72278
7339435055074743,thread,1,latency_writer,85,6780000000,29160000000,0,153466
7339435155439415,process,-1,process,79,68710000000,220310000000,35793,19
7339435155439415,thread,-1,producer,79,40000000,140000000,35793,19
7339435155439415,thread,-1,sampler,88,40000000,80000000,360,5
7339435155439415,thread,0,account_worker,86,14220000000,21820000000,0,140915
7339435155439415,thread,0,trader_callback,80,6760000000,29400000000,0,172
7339435155439415,thread,0,trace_writer,81,6530000000,29610000000,1,562
7339435155439415,thread,0,latency_writer,82,6470000000,29660000000,0,427
7339435155439415,thread,1,account_worker,87,14200000000,21790000000,0,148826
7339435155439415,thread,1,trader_callback,83,6940000000,29130000000,0,20875
7339435155439415,thread,1,trace_writer,84,6660000000,29410000000,2,72278
7339435155439415,thread,1,latency_writer,85,6800000000,29240000000,0,153467
7339435255800269,process,-1,process,79,68880000000,220950000000,35893,19
7339435255800269,thread,-1,producer,79,40000000,140000000,35893,19
7339435255800269,thread,-1,sampler,88,40000000,80000000,361,5
7339435255800269,thread,0,account_worker,86,14260000000,21890000000,0,140915
7339435255800269,thread,0,trader_callback,80,6770000000,29500000000,0,172
7339435255800269,thread,0,trace_writer,81,6550000000,29690000000,1,562
7339435255800269,thread,0,latency_writer,82,6490000000,29740000000,0,427
7339435255800269,thread,1,account_worker,87,14230000000,21860000000,0,148826
7339435255800269,thread,1,trader_callback,83,6960000000,29210000000,0,20882
7339435255800269,thread,1,trace_writer,84,6680000000,29490000000,2,72278
7339435255800269,thread,1,latency_writer,85,6830000000,29310000000,0,153467
7339435360023982,process,-1,process,79,69080000000,221580000000,35997,19
7339435360023982,thread,-1,producer,79,40000000,140000000,35997,19
7339435360023982,thread,-1,sampler,88,40000000,80000000,362,5
7339435360023982,thread,0,account_worker,86,14290000000,21960000000,0,140916
7339435360023982,thread,0,trader_callback,80,6770000000,29590000000,0,172
7339435360023982,thread,0,trace_writer,81,6570000000,29770000000,1,569
7339435360023982,thread,0,latency_writer,82,6520000000,29820000000,0,427
7339435360023982,thread,1,account_worker,87,14280000000,21920000000,0,148826
7339435360023982,thread,1,trader_callback,83,6980000000,29290000000,0,20886
7339435360023982,thread,1,trace_writer,84,6690000000,29580000000,2,72278
7339435360023982,thread,1,latency_writer,85,6850000000,29390000000,0,153467
7339435460478094,process,-1,process,79,69290000000,222180000000,36098,19
7339435460478094,thread,-1,producer,79,40000000,140000000,36098,19
7339435460478094,thread,-1,sampler,88,40000000,80000000,363,5
7339435460478094,thread,0,account_worker,86,14350000000,22000000000,0,140916
7339435460478094,thread,0,trader_callback,80,6790000000,29680000000,0,172
7339435460478094,thread,0,trace_writer,81,6580000000,29860000000,1,573
7339435460478094,thread,0,latency_writer,82,6530000000,29900000000,0,427
7339435460478094,thread,1,account_worker,87,14330000000,21960000000,0,148828
7339435460478094,thread,1,trader_callback,83,6990000000,29380000000,0,20894
7339435460478094,thread,1,trace_writer,84,6710000000,29660000000,2,72278
7339435460478094,thread,1,latency_writer,85,6870000000,29480000000,0,153467
7339435560835308,process,-1,process,79,69480000000,222790000000,36198,19
7339435560835308,thread,-1,producer,79,40000000,140000000,36198,19
7339435560835308,thread,-1,sampler,88,40000000,80000000,364,5
7339435560835308,thread,0,account_worker,86,14390000000,22070000000,0,140916
7339435560835308,thread,0,trader_callback,80,6810000000,29760000000,0,172
7339435560835308,thread,0,trace_writer,81,6600000000,29940000000,1,574
7339435560835308,thread,0,latency_writer,82,6540000000,29990000000,0,427
7339435560835308,thread,1,account_worker,87,14380000000,22020000000,0,148828
7339435560835308,thread,1,trader_callback,83,7010000000,29460000000,0,20909
7339435560835308,thread,1,trace_writer,84,6740000000,29730000000,2,72279
7339435560835308,thread,1,latency_writer,85,6890000000,29560000000,0,153467
7339435661186284,process,-1,process,79,69700000000,223370000000,36299,19
7339435661186284,thread,-1,producer,79,40000000,140000000,36299,19
7339435661186284,thread,-1,sampler,88,40000000,80000000,365,5
7339435661186284,thread,0,account_worker,86,14440000000,22110000000,0,140916
7339435661186284,thread,0,trader_callback,80,6850000000,29820000000,0,172
7339435661186284,thread,0,trace_writer,81,6610000000,30030000000,1,574
7339435661186284,thread,0,latency_writer,82,6570000000,30070000000,0,427
7339435661186284,thread,1,account_worker,87,14430000000,22060000000,0,148828
7339435661186284,thread,1,trader_callback,83,7020000000,29550000000,0,20912
7339435661186284,thread,1,trace_writer,84,6760000000,29810000000,2,72279
7339435661186284,thread,1,latency_writer,85,6890000000,29650000000,0,153467
7339435761550846,process,-1,process,79,69900000000,223980000000,36399,19
7339435761550846,thread,-1,producer,79,40000000,150000000,36399,19
7339435761550846,thread,-1,sampler,88,40000000,80000000,366,5
7339435761550846,thread,0,account_worker,86,14470000000,22180000000,0,140916
7339435761550846,thread,0,trader_callback,80,6860000000,29910000000,0,172
7339435761550846,thread,0,trace_writer,81,6630000000,30110000000,1,575
7339435761550846,thread,0,latency_writer,82,6590000000,30150000000,0,427
7339435761550846,thread,1,account_worker,87,14470000000,22130000000,0,148828
7339435761550846,thread,1,trader_callback,83,7050000000,29620000000,0,20915
7339435761550846,thread,1,trace_writer,84,6780000000,29890000000,2,72279
7339435761550846,thread,1,latency_writer,85,6930000000,29720000000,0,153468
7339435861911259,process,-1,process,79,70090000000,224590000000,36499,19
7339435861911259,thread,-1,producer,79,40000000,150000000,36499,19
7339435861911259,thread,-1,sampler,88,40000000,80000000,367,5
7339435861911259,thread,0,account_worker,86,14510000000,22250000000,0,140917
7339435861911259,thread,0,trader_callback,80,6870000000,29990000000,0,172
7339435861911259,thread,0,trace_writer,81,6640000000,30200000000,1,582
7339435861911259,thread,0,latency_writer,82,6620000000,30220000000,0,427
7339435861911259,thread,1,account_worker,87,14500000000,22190000000,0,148829
7339435861911259,thread,1,trader_callback,83,7070000000,29700000000,0,20919
7339435861911259,thread,1,trace_writer,84,6810000000,29960000000,2,72279
7339435861911259,thread,1,latency_writer,85,6930000000,29810000000,0,153468
7339435962300146,process,-1,process,79,70260000000,225220000000,36600,19
7339435962300146,thread,-1,producer,79,40000000,150000000,36600,19
7339435962300146,thread,-1,sampler,88,40000000,80000000,368,5
7339435962300146,thread,0,account_worker,86,14550000000,22310000000,0,140917
7339435962300146,thread,0,trader_callback,80,6890000000,30070000000,0,173
7339435962300146,thread,0,trace_writer,81,6660000000,30280000000,1,585
7339435962300146,thread,0,latency_writer,82,6640000000,30300000000,0,427
7339435962300146,thread,1,account_worker,87,14540000000,22260000000,0,148829
7339435962300146,thread,1,trader_callback,83,7080000000,29790000000,0,20924
7339435962300146,thread,1,trace_writer,84,6820000000,30050000000,2,72279
7339435962300146,thread,1,latency_writer,85,6950000000,29890000000,0,153468
7339436062665258,process,-1,process,79,70470000000,225820000000,36700,19
7339436062665258,thread,-1,producer,79,40000000,150000000,36700,19
7339436062665258,thread,-1,sampler,88,40000000,80000000,369,5
7339436062665258,thread,0,account_worker,86,14580000000,22370000000,0,140918
7339436062665258,thread,0,trader_callback,80,6910000000,30150000000,0,173
7339436062665258,thread,0,trace_writer,81,6680000000,30370000000,1,589
7339436062665258,thread,0,latency_writer,82,6650000000,30390000000,0,428
7339436062665258,thread,1,account_worker,87,14590000000,22300000000,0,148831
7339436062665258,thread,1,trader_callback,83,7110000000,29860000000,0,20928
7339436062665258,thread,1,trace_writer,84,6840000000,30130000000,2,72280
7339436062665258,thread,1,latency_writer,85,6970000000,29980000000,0,153469
7339436163132664,process,-1,process,79,70680000000,226410000000,36801,19
7339436163132664,thread,-1,producer,79,40000000,150000000,36801,19
7339436163132664,thread,-1,sampler,88,40000000,80000000,370,5
7339436163132664,thread,0,account_worker,86,14630000000,22430000000,0,140918
7339436163132664,thread,0,trader_callback,80,6940000000,30230000000,0,173
7339436163132664,thread,0,trace_writer,81,6700000000,30450000000,1,589
7339436163132664,thread,0,latency_writer,82,6680000000,30460000000,0,429
7339436163132664,thread,1,account_worker,87,14640000000,22350000000,0,148832
7339436163132664,thread,1,trader_callback,83,7130000000,29940000000,0,20932
7339436163132664,thread,1,trace_writer,84,6850000000,30220000000,2,72280
7339436163132664,thread,1,latency_writer,85,6980000000,30060000000,0,153469
7339436263568056,process,-1,process,79,70860000000,227030000000,36901,19
7339436263568056,thread,-1,producer,79,40000000,150000000,36901,19
7339436263568056,thread,-1,sampler,88,40000000,80000000,371,5
7339436263568056,thread,0,account_worker,86,14660000000,22490000000,0,140918
7339436263568056,thread,0,trader_callback,80,6960000000,30310000000,0,173
7339436263568056,thread,0,trace_writer,81,6720000000,30520000000,1,593
7339436263568056,thread,0,latency_writer,82,6700000000,30540000000,0,429
7339436263568056,thread,1,account_worker,87,14680000000,22410000000,0,148832
7339436263568056,thread,1,trader_callback,83,7140000000,30020000000,0,20935
7339436263568056,thread,1,trace_writer,84,6870000000,30310000000,2,72280
7339436263568056,thread,1,latency_writer,85,6990000000,30150000000,0,153469
7339436363970320,process,-1,process,79,71040000000,227660000000,37001,19
7339436363970320,thread,-1,producer,79,40000000,150000000,37001,19
7339436363970320,thread,-1,sampler,88,50000000,80000000,372,5
7339436363970320,thread,0,account_worker,86,14690000000,22570000000,0,140918
7339436363970320,thread,0,trader_callback,80,6980000000,30390000000,0,173
7339436363970320,thread,0,trace_writer,81,6740000000,30610000000,1,594
7339436363970320,thread,0,latency_writer,82,6720000000,30620000000,0,429
7339436363970320,thread,1,account_worker,87,14720000000,22480000000,0,148832
7339436363970320,thread,1,trader_callback,83,7160000000,30100000000,0,20938
7339436363970320,thread,1,trace_writer,84,6880000000,30390000000,2,72280
7339436363970320,thread,1,latency_writer,85,7010000000,30240000000,0,153469
7339436464349206,process,-1,process,79,71250000000,228250000000,37102,19
7339436464349206,thread,-1,producer,79,40000000,150000000,37102,19
7339436464349206,thread,-1,sampler,88,50000000,80000000,373,5
7339436464349206,thread,0,account_worker,86,14730000000,22630000000,0,140919
7339436464349206,thread,0,trader_callback,80,7000000000,30470000000,0,173
7339436464349206,thread,0,trace_writer,81,6760000000,30680000000,1,598
7339436464349206,thread,0,latency_writer,82,6760000000,30680000000,0,429
7339436464349206,thread,1,account_worker,87,14760000000,22540000000,0,148832
7339436464349206,thread,1,trader_callback,83,7190000000,30170000000,0,20942
7339436464349206,thread,1,trace_writer,84,6900000000,30470000000,2,72280
7339436464349206,thread,1,latency_writer,85,7010000000,30340000000,0,153469
7339436564708939,process,-1,process,79,71420000000,228880000000,37202,20
7339436564708939,thread,-1,producer,79,40000000,150000000,37202,20
7339436564708939,thread,-1,sampler,88,50000000,80000000,374,5
7339436564708939,thread,0,account_worker,86,14760000000,22700000000,0,140919
7339436564708939,thread,0,trader_callback,80,7010000000,30560000000,0,173
7339436564708939,thread,0,trace_writer,81,6790000000,30760000000,1,599
7339436564708939,thread,0,latency_writer,82,6790000000,30750000000,0,431
7339436564708939,thread,1,account_worker,87,14800000000,22600000000,0,148832
7339436564708939,thread,1,trader_callback,83,7200000000,30260000000,0,20954
7339436564708939,thread,1,trace_writer,84,6910000000,30560000000,2,72280
7339436564708939,thread,1,latency_writer,85,7030000000,30420000000,0,153469
7339436665068741,process,-1,process,79,71590000000,229510000000,37298,20
7339436665068741,thread,-1,producer,79,40000000,150000000,37298,20
7339436665068741,thread,-1,sampler,88,50000000,80000000,375,5
7339436665068741,thread,0,account_worker,86,14790000000,22770000000,0,140919
7339436665068741,thread,0,trader_callback,80,7030000000,30640000000,0,174
7339436665068741,thread,0,trace_writer,81,6800000000,30850000000,1,602
7339436665068741,thread,0,latency_writer,82,6820000000,30820000000,0,431
7339436665068741,thread,1,account_worker,87,14850000000,22650000000,0,148832
7339436665068741,thread,1,trader_callback,83,7200000000,30360000000,0,20972
7339436665068741,thread,1,trace_writer,84,6930000000,30640000000,2,72281
7339436665068741,thread,1,latency_writer,85,7040000000,30510000000,0,153469
7339436765439248,process,-1,process,79,71830000000,230080000000,37399,20
7339436765439248,thread,-1,producer,79,40000000,150000000,37399,20
7339436765439248,thread,-1,sampler,88,50000000,80000000,376,5
7339436765439248,thread,0,account_worker,86,14850000000,22810000000,0,140919
7339436765439248,thread,0,trader_callback,80,7050000000,30720000000,0,174
7339436765439248,thread,0,trace_writer,81,6830000000,30920000000,1,603
7339436765439248,thread,0,latency_writer,82,6830000000,30910000000,0,431
7339436765439248,thread,1,account_worker,87,14890000000,22710000000,0,148833
7339436765439248,thread,1,trader_callback,83,7220000000,30450000000,0,20977
7339436765439248,thread,1,trace_writer,84,6950000000,30720000000,2,72281
7339436765439248,thread,1,latency_writer,85,7070000000,30570000000,0,153469
7339436865787648,process,-1,process,79,72030000000,230670000000,37499,20
7339436865787648,thread,-1,producer,79,40000000,150000000,37499,20
7339436865787648,thread,-1,sampler,88,50000000,80000000,377,5
7339436865787648,thread,0,account_worker,86,14890000000,22870000000,0,140919
7339436865787648,thread,0,trader_callback,80,7060000000,30810000000,0,174
7339436865787648,thread,0,trace_writer,81,6840000000,31010000000,1,607
7339436865787648,thread,0,latency_writer,82,6870000000,30980000000,0,431
7339436865787648,thread,1,account_worker,87,14940000000,22760000000,0,148835
7339436865787648,thread,1,trader_callback,83,7240000000,30530000000,0,20980
7339436865787648,thread,1,trace_writer,84,6980000000,30790000000,2,72281
7339436865787648,thread,1,latency_writer,85,7090000000,30650000000,0,153469
7339436966166582,process,-1,process,79,72250000000,231260000000,37600,20
7339436966166582,thread,-1,producer,79,40000000,150000000,37600,20
7339436966166582,thread,-1,sampler,88,50000000,80000000,378,5
7339436966166582,thread,0,account_worker,86,14940000000,22920000000,0,140919
7339436966166582,thread,0,trader_callback,80,7090000000,30880000000,0,174
7339436966166582,thread,0,trace_writer,81,6860000000,31090000000,1,608
7339436966166582,thread,0,latency_writer,82,6890000000,31060000000,0,431
7339436966166582,thread,1,account_worker,87,14970000000,22830000000,0,148835
7339436966166582,thread,1,trader_callback,83,7260000000,30600000000,0,20984
7339436966166582,thread,1,trace_writer,84,7000000000,30870000000,2,72281
7339436966166582,thread,1,latency_writer,85,7110000000,30740000000,0,153469
7339437066560498,process,-1,process,79,72440000000,231870000000,37700,20
7339437066560498,thread,-1,producer,79,40000000,150000000,37700,20
7339437066560498,thread,-1,sampler,88,50000000,80000000,379,5
7339437066560498,thread,0,account_worker,86,14990000000,22970000000,0,140919
7339437066560498,thread,0,trader_callback,80,7110000000,30960000000,0,174
7339437066560498,thread,0,trace_writer,81,6860000000,31190000000,1,613
7339437066560498,thread,0,latency_writer,82,6910000000,31140000000,0,431
7339437066560498,thread,1,account_worker,87,15010000000,22890000000,0,148835
7339437066560498,thread,1,trader_callback,83,7270000000,30690000000,0,20989
7339437066560498,thread,1,trace_writer,84,7020000000,30950000000,2,72282
7339437066560498,thread,1,latency_writer,85,7140000000,30810000000,0,153471
