mono_ns,account_index,queue,depth,capacity,high_watermark,oldest_age_ns,dropped
7339398991338844,0,market_ingress,0,1024,0,0,0
7339398991338844,0,trader_request,0,1024,0,0,0
7339398991338844,0,trading_callback,0,1024,0,0,0
7339398991338844,0,trace,0,8192,0,0,0
7339398991338844,0,latency,0,4096,0,0,0
7339398991338844,1,market_ingress,0,1024,0,0,0
7339398991338844,1,trader_request,0,1024,0,0,0
7339398991338844,1,trading_callback,0,1024,0,0,0
7339398991338844,1,trace,0,8192,0,0,0
7339398991338844,1,latency,0,4096,0,0,0
7339399091811668,0,market_ingress,0,1024,0,0,0
7339399091811668,0,trader_request,0,1024,0,0,0
7339399091811668,0,trading_callback,0,1024,0,0,0
7339399091811668,0,trace,0,8192,0,0,0
7339399091811668,0,latency,0,4096,0,0,0
7339399091811668,1,market_ingress,0,1024,0,0,0
7339399091811668,1,trader_request,0,1024,0,0,0
7339399091811668,1,trading_callback,0,1024,0,0,0
7339399091811668,1,trace,0,8192,0,0,0
7339399091811668,1,latency,0,4096,0,0,0
7339399192186357,0,market_ingress,0,1024,2,0,0
7339399192186357,0,trader_request,0,1024,1,0,0
7339399192186357,0,trading_callback,0,1024,2,0,0
7339399192186357,0,trace,0,8192,3,0,0
7339399192186357,0,latency,0,4096,0,0,0
7339399192186357,1,market_ingress,0,1024,2,0,0
7339399192186357,1,trader_request,0,1024,1,0,0
7339399192186357,1,trading_callback,0,1024,2,0,0
7339399192186357,1,trace,0,8192,12,0,0
7339399192186357,1,latency,0,4096,0,0,0
7339399292543732,0,market_ingress,0,1024,2,0,0
7339399292543732,0,trader_request,0,1024,1,0,0
7339399292543732,0,trading_callback,0,1024,2,0,0
7339399292543732,0,trace,0,8192,3,0,0
7339399292543732,0,latency,0,4096,0,0,0
7339399292543732,1,market_ingress,0,1024,2,0,0
7339399292543732,1,trader_request,0,1024,1,0,0
7339399292543732,1,trading_callback,0,1024,2,0,0
7339399292543732,1,trace,0,8192,12,0,0
7339399292543732,1,latency,0,4096,0,0,0
7339399392913356,0,market_ingress,0,1024,2,0,0
7339399392913356,0,trader_request,0,1024,1,0,0
7339399392913356,0,trading_callback,0,1024,2,0,0
7339399392913356,0,trace,0,8192,3,0,0
7339399392913356,0,latency,0,4096,0,0,0
7339399392913356,1,market_ingress,0,1024,2,0,0
7339399392913356,1,trader_request,0,1024,1,0,0
7339399392913356,1,trading_callback,0,1024,2,0,0
7339399392913356,1,trace,0,8192,12,0,0
7339399392913356,1,latency,0,4096,0,0,0
7339399493285169,0,market_ingress,0,1024,2,0,0
7339399493285169,0,trader_request,0,1024,1,0,0
7339399493285169,0,trading_callback,0,1024,2,0,0
7339399493285169,0,trace,0,8192,3,0,0
7339399493285169,0,latency,0,4096,0,0,0
7339399493285169,1,market_ingress,0,1024,2,0,0
7339399493285169,1,trader_request,0,1024,1,0,0
7339399493285169,1,trading_callback,0,1024,2,0,0
7339399493285169,1,trace,0,8192,12,0,0
7339399493285169,1,latency,0,4096,0,0,0
7339399593646455,0,market_ingress,0,1024,2,0,0
7339399593646455,0,trader_request,0,1024,1,0,0
7339399593646455,0,trading_callback,0,1024,2,0,0
7339399593646455,0,trace,0,8192,3,0,0
7339399593646455,0,latency,0,4096,0,0,0
7339399593646455,1,market_ingress,0,1024,2,0,0
7339399593646455,1,trader_request,0,1024,1,0,0
7339399593646455,1,trading_callback,0,1024,2,0,0
7339399593646455,1,trace,0,8192,12,0,0
7339399593646455,1,latency,0,4096,0,0,0
7339399694037037,0,market_ingress,0,1024,2,0,0
7339399694037037,0,trader_request,0,1024,1,0,0
7339399694037037,0,trading_callback,0,1024,2,0,0
7339399694037037,0,trace,0,8192,5,0,0
7339399694037037,0,latency,0,4096,0,0,0
7339399694037037,1,market_ingress,0,1024,3,0,0
7339399694037037,1,trader_request,0,1024,1,0,0
7339399694037037,1,trading_callback,0,1024,2,0,0
7339399694037037,1,trace,0,8192,12,0,0
7339399694037037,1,latency,0,4096,0,0,0
7339399794404512,0,market_ingress,0,1024,2,0,0
7339399794404512,0,trader_request,0,1024,1,0,0
7339399794404512,0,trading_callback,0,1024,2,0,0
7339399794404512,0,trace,0,8192,5,0,0
7339399794404512,0,latency,0,4096,0,0,0
7339399794404512,1,market_ingress,0,1024,3,0,0
7339399794404512,1,trader_request,0,1024,1,0,0
7339399794404512,1,trading_callback,0,1024,2,0,0
7339399794404512,1,trace,0,8192,12,0,0
7339399794404512,1,latency,0,4096,0,0,0
7339399894773229,0,market_ingress,0,1024,2,0,0
7339399894773229,0,trader_request,0,1024,1,0,0
7339399894773229,0,trading_callback,0,1024,2,0,0
7339399894773229,0,trace,0,8192,5,0,0
7339399894773229,0,latency,0,4096,0,0,0
7339399894773229,1,market_ingress,0,1024,3,0,0
7339399894773229,1,trader_request,0,1024,1,0,0
7339399894773229,1,trading_callback,0,1024,2,0,0
7339399894773229,1,trace,0,8192,12,0,0
7339399894773229,1,latency,0,4096,0,0,0
7339399995145230,0,market_ingress,0,1024,7,0,0
7339399995145230,0,trader_request,0,1024,1,0,0
7339399995145230,0,trading_callback,0,1024,3,0,0
7339399995145230,0,trace,0,8192,5,0,0
7339399995145230,0,latency,0,4096,0,0,0
7339399995145230,1,market_ingress,0,1024,6,0,0
7339399995145230,1,trader_request,0,1024,1,0,0
7339399995145230,1,trading_callback,0,1024,3,0,0
7339399995145230,1,trace,0,8192,12,0,0
7339399995145230,1,latency,0,4096,0,0,0
7339400095528728,0,market_ingress,0,1024,7,0,0
7339400095528728,0,trader_request,0,1024,1,0,0
7339400095528728,0,trading_callback,0,1024,3,0,0
7339400095528728,0,trace,0,8192,5,0,0
7339400095528728,0,latency,0,4096,0,0,0
7339400095528728,1,market_ingress,0,1024,6,0,0
7339400095528728,1,trader_request,0,1024,1,0,0
7339400095528728,1,trading_callback,0,1024,3,0,0
7339400095528728,1,trace,0,8192,12,0,0
7339400095528728,1,latency,0,4096,0,0,0
7339400195922482,0,market_ingress,0,1024,7,0,0
7339400195922482,0,trader_request,0,1024,1,0,0
7339400195922482,0,trading_callback,0,1024,3,0,0
7339400195922482,0,trace,0,8192,5,0,0
7339400195922482,0,latency,0,4096,0,0,0
7339400195922482,1,market_ingress,0,1024,6,0,0
7339400195922482,1,trader_request,0,1024,1,0,0
7339400195922482,1,trading_callback,0,1024,3,0,0
7339400195922482,1,trace,0,8192,12,0,0
7339400195922482,1,latency,0,4096,0,0,0
7339400296306456,0,market_ingress,0,1024,7,0,0
7339400296306456,0,trader_request,0,1024,1,0,0
7339400296306456,0,trading_callback,0,1024,3,0,0
7339400296306456,0,trace,0,8192,5,0,0
7339400296306456,0,latency,0,4096,0,0,0
7339400296306456,1,market_ingress,0,1024,6,0,0
7339400296306456,1,trader_request,0,1024,1,0,0
7339400296306456,1,trading_callback,0,1024,3,0,0
7339400296306456,1,trace,0,8192,12,0,0
7339400296306456,1,latency,0,4096,0,0,0
7339400396650550,0,market_ingress,0,1024,7,0,0
7339400396650550,0,trader_request,0,1024,1,0,0
7339400396650550,0,trading_callback,0,1024,3,0,0
7339400396650550,0,trace,0,8192,5,0,0
7339400396650550,0,latency,0,4096,0,0,0
7339400396650550,1,market_ingress,0,1024,6,0,0
7339400396650550,1,trader_request,0,1024,1,0,0
7339400396650550,1,trading_callback,0,1024,3,0,0
7339400396650550,1,trace,0,8192,12,0,0
7339400396650550,1,latency,0,4096,0,0,0
7339400497135274,0,market_ingress,0,1024,7,0,0
7339400497135274,0,trader_request,0,1024,1,0,0
7339400497135274,0,trading_callback,0,1024,3,0,0
7339400497135274,0,trace,0,8192,5,0,0
7339400497135274,0,latency,0,4096,0,0,0
7339400497135274,1,market_ingress,0,1024,6,0,0
7339400497135274,1,trader_request,0,1024,1,0,0
7339400497135274,1,trading_callback,0,1024,3,0,0
7339400497135274,1,trace,0,8192,12,0,0
7339400497135274,1,latency,0,4096,0,0,0
7339400597491741,0,market_ingress,0,1024,7,0,0
7339400597491741,0,trader_request,0,1024,1,0,0
7339400597491741,0,trading_callback,0,1024,3,0,0
7339400597491741,0,trace,0,8192,5,0,0
7339400597491741,0,latency,0,4096,0,0,0
7339400597491741,1,market_ingress,0,1024,6,0,0
7339400597491741,1,trader_request,0,1024,1,0,0
7339400597491741,1,trading_callback,0,1024,3,0,0
7339400597491741,1,trace,0,8192,12,0,0
7339400597491741,1,latency,0,4096,0,0,0
7339400697856968,0,market_ingress,0,1024,7,0,0
7339400697856968,0,trader_request,0,1024,1,0,0
7339400697856968,0,trading_callback,0,1024,3,0,0
7339400697856968,0,trace,0,8192,5,0,0
7339400697856968,0,latency,0,4096,0,0,0
7339400697856968,1,market_ingress,0,1024,6,0,0
7339400697856968,1,trader_request,0,1024,1,0,0
7339400697856968,1,trading_callback,0,1024,3,0,0
7339400697856968,1,trace,0,8192,12,0,0
7339400697856968,1,latency,0,4096,0,0,0
7339400798221518,0,market_ingress,0,1024,7,0,0
7339400798221518,0,trader_request,0,1024,1,0,0
7339400798221518,0,trading_callback,0,1024,3,0,0
7339400798221518,0,trace,0,8192,5,0,0
7339400798221518,0,latency,0,4096,0,0,0
7339400798221518,1,market_ingress,0,1024,6,0,0
7339400798221518,1,trader_request,0,1024,1,0,0
7339400798221518,1,trading_callback,0,1024,3,0,0
7339400798221518,1,trace,0,8192,12,0,0
7339400798221518,1,latency,0,4096,0,0,0
7339400898622610,0,market_ingress,0,1024,7,0,0
7339400898622610,0,trader_request,0,1024,1,0,0
7339400898622610,0,trading_callback,0,1024,3,0,0
7339400898622610,0,trace,0,8192,5,0,0
7339400898622610,0,latency,0,4096,0,0,0
7339400898622610,1,market_ingress,0,1024,6,0,0
7339400898622610,1,trader_request,0,1024,1,0,0
7339400898622610,1,trading_callback,0,1024,3,0,0
7339400898622610,1,trace,0,8192,12,0,0
7339400898622610,1,latency,0,4096,0,0,0
7339400999215787,0,market_ingress,0,1024,7,0,0
7339400999215787,0,trader_request,0,1024,1,0,0
7339400999215787,0,trading_callback,0,1024,3,0,0
7339400999215787,0,trace,0,8192,5,0,0
7339400999215787,0,latency,0,4096,0,0,0
7339400999215787,1,market_ingress,0,1024,6,0,0
7339400999215787,1,trader_request,0,1024,1,0,0
7339400999215787,1,trading_callback,0,1024,3,0,0
7339400999215787,1,trace,0,8192,12,0,0
7339400999215787,1,latency,0,4096,0,0,0
7339401099681616,0,market_ingress,0,1024,7,0,0
7339401099681616,0,trader_request,0,1024,1,0,0
7339401099681616,0,trading_callback,0,1024,3,0,0
7339401099681616,0,trace,0,8192,5,0,0
7339401099681616,0,latency,0,4096,2,0,0
7339401099681616,1,market_ingress,0,1024,6,0,0
7339401099681616,1,trader_request,0,1024,1,0,0
7339401099681616,1,trading_callback,0,1024,3,0,0
7339401099681616,1,trace,0,8192,12,0,0
7339401099681616,1,latency,0,4096,2,0,0
7339401200170763,0,market_ingress,0,1024,7,0,0
7339401200170763,0,trader_request,0,1024,1,0,0
7339401200170763,0,trading_callback,0,1024,3,0,0
7339401200170763,0,trace,0,8192,5,0,0
7339401200170763,0,latency,0,4096,2,0,0
7339401200170763,1,market_ingress,0,1024,6,0,0
7339401200170763,1,trader_request,0,1024,1,0,0
7339401200170763,1,trading_callback,0,1024,3,0,0
7339401200170763,1,trace,0,8192,12,0,0
7339401200170763,1,latency,0,4096,2,0,0
7339401300665900,0,market_ingress,0,1024,7,0,0
7339401300665900,0,trader_request,0,1024,1,0,0
7339401300665900,0,trading_callback,0,1024,3,0,0
7339401300665900,0,trace,0,8192,5,0,0
7339401300665900,0,latency,0,4096,2,0,0
7339401300665900,1,market_ingress,0,1024,6,0,0
7339401300665900,1,trader_request,0,1024,1,0,0
7339401300665900,1,trading_callback,0,1024,3,0,0
7339401300665900,1,trace,0,8192,12,0,0
7339401300665900,1,latency,0,4096,2,0,0
7339401401152605,0,market_ingress,0,1024,7,0,0
7339401401152605,0,trader_request,0,1024,1,0,0
7339401401152605,0,trading_callback,0,1024,3,0,0
7339401401152605,0,trace,0,8192,5,0,0
7339401401152605,0,latency,0,4096,2,0,0
7339401401152605,1,market_ingress,0,1024,6,0,0
7339401401152605,1,trader_request,0,1024,1,0,0
7339401401152605,1,trading_callback,0,1024,3,0,0
7339401401152605,1,trace,0,8192,12,0,0
7339401401152605,1,latency,0,4096,2,0,0
7339401501621537,0,market_ingress,0,1024,7,0,0
7339401501621537,0,trader_request,0,1024,1,0,0
7339401501621537,0,trading_callback,0,1024,3,0,0
7339401501621537,0,trace,0,8192,5,0,0
7339401501621537,0,latency,0,4096,2,0,0
7339401501621537,1,market_ingress,0,1024,6,0,0
7339401501621537,1,trader_request,0,1024,1,0,0
7339401501621537,1,trading_callback,0,1024,3,0,0
7339401501621537,1,trace,0,8192,12,0,0
7339401501621537,1,latency,0,4096,2,0,0
7339401601982216,0,market_ingress,0,1024,7,0,0
7339401601982216,0,trader_request,0,1024,1,0,0
7339401601982216,0,trading_callback,0,1024,3,0,0
7339401601982216,0,trace,0,8192,5,0,0
7339401601982216,0,latency,0,4096,3,0,0
7339401601982216,1,market_ingress,0,1024,6,0,0
7339401601982216,1,trader_request,0,1024,1,0,0
7339401601982216,1,trading_callback,0,1024,3,0,0
7339401601982216,1,trace,0,8192,12,0,0
7339401601982216,1,latency,0,4096,3,0,0
7339401702347724,0,market_ingress,0,1024,7,0,0
7339401702347724,0,trader_request,0,1024,1,0,0
7339401702347724,0,trading_callback,0,1024,3,0,0
7339401702347724,0,trace,0,8192,5,0,0
7339401702347724,0,latency,0,4096,3,0,0
7339401702347724,1,market_ingress,0,1024,6,0,0
7339401702347724,1,trader_request,0,1024,1,0,0
7339401702347724,1,trading_callback,0,1024,3,0,0
7339401702347724,1,trace,0,8192,12,0,0
7339401702347724,1,latency,0,4096,3,0,0
7339401802701154,0,market_ingress,0,1024,7,0,0
7339401802701154,0,trader_request,0,1024,1,0,0
7339401802701154,0,trading_callback,0,1024,3,0,0
7339401802701154,0,trace,0,8192,5,0,0
7339401802701154,0,latency,0,4096,3,0,0
7339401802701154,1,market_ingress,0,1024,6,0,0
7339401802701154,1,trader_request,0,1024,1,0,0
7339401802701154,1,trading_callback,0,1024,3,0,0
7339401802701154,1,trace,0,8192,12,0,0
7339401802701154,1,latency,0,4096,3,0,0
7339401903047276,0,market_ingress,0,1024,7,0,0
7339401903047276,0,trader_request,0,1024,1,0,0
7339401903047276,0,trading_callback,0,1024,3,0,0
7339401903047276,0,trace,0,8192,5,0,0
7339401903047276,0,latency,0,4096,3,0,0
7339401903047276,1,market_ingress,0,1024,6,0,0
7339401903047276,1,trader_request,0,1024,1,0,0
7339401903047276,1,trading_callback,0,1024,3,0,0
7339401903047276,1,trace,0,8192,12,0,0
7339401903047276,1,latency,0,4096,3,0,0
7339402003390949,0,market_ingress,0,1024,7,0,0
7339402003390949,0,trader_request,0,1024,1,0,0
7339402003390949,0,trading_callback,0,1024,3,0,0
7339402003390949,0,trace,0,8192,5,0,0
7339402003390949,0,latency,0,4096,3,0,0
7339402003390949,1,market_ingress,0,1024,6,0,0
7339402003390949,1,trader_request,0,1024,1,0,0
7339402003390949,1,trading_callback,0,1024,3,0,0
7339402003390949,1,trace,0,8192,12,0,0
7339402003390949,1,latency,0,4096,3,0,0
7339402103750200,0,market_ingress,0,1024,7,0,0
7339402103750200,0,trader_request,0,1024,1,0,0
7339402103750200,0,trading_callback,0,1024,3,0,0
7339402103750200,0,trace,0,8192,5,0,0
7339402103750200,0,latency,0,4096,3,0,0
7339402103750200,1,market_ingress,0,1024,6,0,0
7339402103750200,1,trader_request,0,1024,1,0,0
7339402103750200,1,trading_callback,0,1024,3,0,0
7339402103750200,1,trace,0,8192,12,0,0
7339402103750200,1,latency,0,4096,3,0,0
7339402204189490,0,market_ingress,0,1024,7,0,0
7339402204189490,0,trader_request,0,1024,1,0,0
7339402204189490,0,trading_callback,0,1024,3,0,0
7339402204189490,0,trace,0,8192,5,0,0
7339402204189490,0,latency,0,4096,3,0,0
7339402204189490,1,market_ingress,0,1024,6,0,0
7339402204189490,1,trader_request,0,1024,1,0,0
7339402204189490,1,trading_callback,0,1024,3,0,0
7339402204189490,1,trace,0,8192,12,0,0
7339402204189490,1,latency,0,4096,3,0,0
7339402304536108,0,market_ingress,0,1024,7,0,0
7339402304536108,0,trader_request,0,1024,1,0,0
7339402304536108,0,trading_callback,0,1024,3,0,0
7339402304536108,0,trace,0,8192,5,0,0
7339402304536108,0,latency,0,4096,8,0,0
7339402304536108,1,market_ingress,0,1024,6,0,0
7339402304536108,1,trader_request,0,1024,1,0,0
7339402304536108,1,trading_callback,0,1024,3,0,0
7339402304536108,1,trace,0,8192,12,0,0
7339402304536108,1,latency,0,4096,3,0,0
7339402405036803,0,market_ingress,0,1024,7,0,0
7339402405036803,0,trader_request,0,1024,1,0,0
7339402405036803,0,trading_callback,0,1024,3,0,0
7339402405036803,0,trace,0,8192,5,0,0
7339402405036803,0,latency,0,4096,8,0,0
7339402405036803,1,market_ingress,0,1024,6,0,0
7339402405036803,1,trader_request,0,1024,1,0,0
7339402405036803,1,trading_callback,0,1024,3,0,0
7339402405036803,1,trace,0,8192,12,0,0
7339402405036803,1,latency,0,4096,3,0,0
7339402505571846,0,market_ingress,0,1024,7,0,0
7339402505571846,0,trader_request,0,1024,1,0,0
7339402505571846,0,trading_callback,0,1024,3,0,0
7339402505571846,0,trace,0,8192,5,0,0
7339402505571846,0,latency,0,4096,8,0,0
7339402505571846,1,market_ingress,0,1024,6,0,0
7339402505571846,1,trader_request,0,1024,1,0,0
7339402505571846,1,trading_callback,0,1024,3,0,0
7339402505571846,1,trace,0,8192,12,0,0
7339402505571846,1,latency,0,4096,3,0,0
7339402606055147,0,market_ingress,0,1024,7,0,0
7339402606055147,0,trader_request,0,1024,1,0,0
7339402606055147,0,trading_callback,0,1024,3,0,0
7339402606055147,0,trace,0,8192,5,0,0
7339402606055147,0,latency,0,4096,8,0,0
7339402606055147,1,market_ingress,0,1024,6,0,0
7339402606055147,1,trader_request,0,1024,1,0,0
7339402606055147,1,trading_callback,0,1024,3,0,0
7339402606055147,1,trace,0,8192,12,0,0
7339402606055147,1,latency,0,4096,3,0,0
7339402706572307,0,market_ingress,0,1024,7,0,0
7339402706572307,0,trader_request,0,1024,1,0,0
7339402706572307,0,trading_callback,0,1024,3,0,0
7339402706572307,0,trace,0,8192,5,0,0
7339402706572307,0,latency,0,4096,8,0,0
7339402706572307,1,market_ingress,0,1024,6,0,0
7339402706572307,1,trader_request,0,1024,1,0,0
7339402706572307,1,trading_callback,0,1024,3,0,0
7339402706572307,1,trace,0,8192,12,0,0
7339402706572307,1,latency,0,4096,3,0,0
7339402807022151,0,market_ingress,0,1024,7,0,0
7339402807022151,0,trader_request,0,1024,1,0,0
7339402807022151,0,trading_callback,0,1024,3,0,0
7339402807022151,0,trace,0,8192,5,0,0
7339402807022151,0,latency,0,4096,8,0,0
7339402807022151,1,market_ingress,0,1024,6,0,0
7339402807022151,1,trader_request,0,1024,1,0,0
7339402807022151,1,trading_callback,0,1024,3,0,0
7339402807022151,1,trace,0,8192,12,0,0
7339402807022151,1,latency,0,4096,3,0,0
7339402907526505,0,market_ingress,0,1024,7,0,0
7339402907526505,0,trader_request,0,1024,1,0,0
7339402907526505,0,trading_callback,0,1024,3,0,0
7339402907526505,0,trace,0,8192,5,0,0
7339402907526505,0,latency,0,4096,8,0,0
7339402907526505,1,market_ingress,0,1024,6,0,0
7339402907526505,1,trader_request,0,1024,1,0,0
7339402907526505,1,trading_callback,0,1024,3,0,0
7339402907526505,1,trace,0,8192,12,0,0
7339402907526505,1,latency,0,4096,3,0,0
7339403008023803,0,market_ingress,0,1024,7,0,0
7339403008023803,0,trader_request,0,1024,1,0,0
7339403008023803,0,trading_callback,0,1024,3,0,0
7339403008023803,0,trace,0,8192,5,0,0
7339403008023803,0,latency,0,4096,8,0,0
7339403008023803,1,market_ingress,0,1024,6,0,0
7339403008023803,1,trader_request,0,1024,1,0,0
7339403008023803,1,trading_callback,0,1024,3,0,0
7339403008023803,1,trace,0,8192,12,0,0
7339403008023803,1,latency,0,4096,3,0,0
7339403108508991,0,market_ingress,0,1024,7,0,0
7339403108508991,0,trader_request,0,1024,1,0,0
7339403108508991,0,trading_callback,0,1024,3,0,0
7339403108508991,0,trace,0,8192,5,0,0
7339403108508991,0,latency,0,4096,8,0,0
7339403108508991,1,market_ingress,0,1024,6,0,0
7339403108508991,1,trader_request,0,1024,1,0,0
7339403108508991,1,trading_callback,0,1024,3,0,0
7339403108508991,1,trace,0,8192,12,0,0
7339403108508991,1,latency,0,4096,3,0,0
7339403208896851,0,market_ingress,0,1024,7,0,0
7339403208896851,0,trader_request,0,1024,1,0,0
7339403208896851,0,trading_callback,0,1024,3,0,0
7339403208896851,0,trace,1,8192,5,437,0
7339403208896851,0,latency,0,4096,8,0,0
7339403208896851,1,market_ingress,0,1024,6,0,0
7339403208896851,1,trader_request,0,1024,1,0,0
7339403208896851,1,trading_callback,0,1024,3,0,0
7339403208896851,1,trace,0,8192,12,0,0
7339403208896851,1,latency,0,4096,3,0,0
7339403309273124,0,market_ingress,0,1024,7,0,0
7339403309273124,0,trader_request,0,1024,1,0,0
7339403309273124,0,trading_callback,0,1024,3,0,0
7339403309273124,0,trace,0,8192,5,0,0
7339403309273124,0,latency,0,4096,8,0,0
7339403309273124,1,market_ingress,0,1024,6,0,0
7339403309273124,1,trader_request,0,1024,1,0,0
7339403309273124,1,trading_callback,0,1024,3,0,0
7339403309273124,1,trace,0,8192,12,0,0
7339403309273124,1,latency,0,4096,3,0,0
7339403409603773,0,market_ingress,0,1024,7,0,0
7339403409603773,0,trader_request,0,1024,1,0,0
7339403409603773,0,trading_callback,0,1024,3,0,0
7339403409603773,0,trace,0,8192,5,0,0
7339403409603773,0,latency,0,4096,8,0,0
7339403409603773,1,market_ingress,0,1024,6,0,0
7339403409603773,1,trader_request,0,1024,1,0,0
7339403409603773,1,trading_callback,0,1024,3,0,0
7339403409603773,1,trace,0,8192,12,0,0
7339403409603773,1,latency,0,4096,3,0,0
7339403509994050,0,market_ingress,0,1024,7,0,0
7339403509994050,0,trader_request,0,1024,1,0,0
7339403509994050,0,trading_callback,0,1024,3,0,0
7339403509994050,0,trace,0,8192,5,0,0
7339403509994050,0,latency,0,4096,8,0,0
7339403509994050,1,market_ingress,0,1024,6,0,0
7339403509994050,1,trader_request,0,1024,1,0,0
7339403509994050,1,trading_callback,0,1024,3,0,0
7339403509994050,1,trace,0,8192,12,0,0
7339403509994050,1,latency,0,4096,3,0,0
7339403610355858,0,market_ingress,0,1024,7,0,0
7339403610355858,0,trader_request,0,1024,1,0,0
7339403610355858,0,trading_callback,0,1024,3,0,0
7339403610355858,0,trace,0,8192,5,0,0
7339403610355858,0,latency,0,4096,8,0,0
7339403610355858,1,market_ingress,0,1024,6,0,0
7339403610355858,1,trader_request,0,1024,1,0,0
7339403610355858,1,trading_callback,0,1024,3,0,0
7339403610355858,1,trace,0,8192,12,0,0
7339403610355858,1,latency,0,4096,3,0,0
7339403710773770,0,market_ingress,0,1024,7,0,0
7339403710773770,0,trader_request,0,1024,1,0,0
7339403710773770,0,trading_callback,0,1024,3,0,0
7339403710773770,0,trace,0,8192,5,0,0
7339403710773770,0,latency,0,4096,8,0,0
7339403710773770,1,market_ingress,0,1024,6,0,0
7339403710773770,1,trader_request,0,1024,1,0,0
7339403710773770,1,trading_callback,0,1024,3,0,0
7339403710773770,1,trace,0,8192,12,0,0
7339403710773770,1,latency,0,4096,3,0,0
7339403811135556,0,market_ingress,0,1024,7,0,0
7339403811135556,0,trader_request,0,1024,1,0,0
7339403811135556,0,trading_callback,0,1024,3,0,0
7339403811135556,0,trace,0,8192,5,0,0
7339403811135556,0,latency,0,4096,8,0,0
7339403811135556,1,market_ingress,0,1024,6,0,0
7339403811135556,1,trader_request,0,1024,1,0,0
7339403811135556,1,trading_callback,0,1024,3,0,0
7339403811135556,1,trace,0,8192,12,0,0
7339403811135556,1,latency,0,4096,3,0,0
7339403911510132,0,market_ingress,0,1024,7,0,0
7339403911510132,0,trader_request,0,1024,1,0,0
7339403911510132,0,trading_callback,0,1024,3,0,0
7339403911510132,0,trace,0,8192,5,0,0
7339403911510132,0,latency,0,4096,8,0,0
7339403911510132,1,market_ingress,0,1024,6,0,0
7339403911510132,1,trader_request,0,1024,1,0,0
7339403911510132,1,trading_callback,0,1024,3,0,0
7339403911510132,1,trace,0,8192,12,0,0
7339403911510132,1,latency,0,4096,3,0,0
7339404011877056,0,market_ingress,0,1024,7,0,0
7339404011877056,0,trader_request,0,1024,1,0,0
7339404011877056,0,trading_callback,0,1024,3,0,0
7339404011877056,0,trace,0,8192,5,0,0
7339404011877056,0,latency,0,4096,8,0,0
7339404011877056,1,market_ingress,0,1024,6,0,0
7339404011877056,1,trader_request,0,1024,1,0,0
7339404011877056,1,trading_callback,0,1024,3,0,0
7339404011877056,1,trace,0,8192,12,0,0
7339404011877056,1,latency,0,4096,3,0,0
7339404112257860,0,market_ingress,0,1024,7,0,0
7339404112257860,0,trader_request,0,1024,1,0,0
7339404112257860,0,trading_callback,0,1024,3,0,0
7339404112257860,0,trace,0,8192,5,0,0
7339404112257860,0,latency,0,4096,8,0,0
7339404112257860,1,market_ingress,0,1024,6,0,0
7339404112257860,1,trader_request,0,1024,1,0,0
7339404112257860,1,trading_callback,0,1024,3,0,0
7339404112257860,1,trace,0,8192,12,0,0
7339404112257860,1,latency,0,4096,3,0,0
7339404212635199,0,market_ingress,0,1024,7,0,0
7339404212635199,0,trader_request,0,1024,1,0,0
7339404212635199,0,trading_callback,0,1024,3,0,0
7339404212635199,0,trace,0,8192,5,0,0
7339404212635199,0,latency,0,4096,8,0,0
7339404212635199,1,market_ingress,0,1024,6,0,0
7339404212635199,1,trader_request,0,1024,1,0,0
7339404212635199,1,trading_callback,0,1024,3,0,0
7339404212635199,1,trace,0,8192,12,0,0
7339404212635199,1,latency,0,4096,3,0,0
7339404313048490,0,market_ingress,0,1024,7,0,0
7339404313048490,0,trader_request,0,1024,1,0,0
7339404313048490,0,trading_callback,0,1024,3,0,0
7339404313048490,0,trace,0,8192,5,0,0
7339404313048490,0,latency,0,4096,8,0,0
7339404313048490,1,market_ingress,0,1024,6,0,0
7339404313048490,1,trader_request,0,1024,1,0,0
7339404313048490,1,trading_callback,0,1024,3,0,0
7339404313048490,1,trace,0,8192,12,0,0
7339404313048490,1,latency,0,4096,3,0,0
7339404413418442,0,market_ingress,0,1024,7,0,0
7339404413418442,0,trader_request,0,1024,1,0,0
7339404413418442,0,trading_callback,0,1024,3,0,0
7339404413418442,0,trace,0,8192,5,0,0
7339404413418442,0,latency,0,4096,8,0,0
7339404413418442,1,market_ingress,0,1024,6,0,0
7339404413418442,1,trader_request,0,1024,1,0,0
7339404413418442,1,trading_callback,0,1024,3,0,0
7339404413418442,1,trace,0,8192,12,0,0
7339404413418442,1,latency,0,4096,3,0,0
7339404513797930,0,market_ingress,0,1024,7,0,0
7339404513797930,0,trader_request,0,1024,1,0,0
7339404513797930,0,trading_callback,0,1024,3,0,0
7339404513797930,0,trace,0,8192,5,0,0
7339404513797930,0,latency,0,4096,8,0,0
7339404513797930,1,market_ingress,0,1024,6,0,0
7339404513797930,1,trader_request,0,1024,1,0,0
7339404513797930,1,trading_callback,0,1024,3,0,0
7339404513797930,1,trace,0,8192,12,0,0
7339404513797930,1,latency,0,4096,3,0,0
7339404614214231,0,market_ingress,0,1024,7,0,0
7339404614214231,0,trader_request,0,1024,1,0,0
7339404614214231,0,trading_callback,0,1024,3,0,0
7339404614214231,0,trace,0,8192,5,0,0
7339404614214231,0,latency,0,4096,8,0,0
7339404614214231,1,market_ingress,0,1024,6,0,0
7339404614214231,1,trader_request,0,1024,1,0,0
7339404614214231,1,trading_callback,0,1024,3,0,0
7339404614214231,1,trace,0,8192,12,0,0
7339404614214231,1,latency,0,4096,3,0,0
7339404714579390,0,market_ingress,0,1024,7,0,0
7339404714579390,0,trader_request,0,1024,1,0,0
7339404714579390,0,trading_callback,0,1024,3,0,0
7339404714579390,0,trace,0,8192,5,0,0
7339404714579390,0,latency,0,4096,8,0,0
7339404714579390,1,market_ingress,0,1024,6,0,0
7339404714579390,1,trader_request,0,1024,1,0,0
7339404714579390,1,trading_callback,0,1024,3,0,0
7339404714579390,1,trace,0,8192,12,0,0
7339404714579390,1,latency,0,4096,3,0,0
7339404814949602,0,market_ingress,0,1024,7,0,0
7339404814949602,0,trader_request,0,1024,1,0,0
7339404814949602,0,trading_callback,0,1024,3,0,0
7339404814949602,0,trace,0,8192,5,0,0
7339404814949602,0,latency,0,4096,8,0,0
7339404814949602,1,market_ingress,0,1024,6,0,0
7339404814949602,1,trader_request,0,1024,1,0,0
7339404814949602,1,trading_callback,0,1024,3,0,0
7339404814949602,1,trace,0,8192,12,0,0
7339404814949602,1,latency,0,4096,3,0,0
7339404915367546,0,market_ingress,0,1024,7,0,0
7339404915367546,0,trader_request,0,1024,1,0,0
7339404915367546,0,trading_callback,0,1024,3,0,0
7339404915367546,0,trace,0,8192,5,0,0
7339404915367546,0,latency,0,4096,8,0,0
7339404915367546,1,market_ingress,0,1024,6,0,0
7339404915367546,1,trader_request,0,1024,1,0,0
7339404915367546,1,trading_callback,0,1024,3,0,0
7339404915367546,1,trace,0,8192,12,0,0
7339404915367546,1,latency,0,4096,3,0,0
7339405015885227,0,market_ingress,0,1024,7,0,0
7339405015885227,0,trader_request,0,1024,1,0,0
7339405015885227,0,trading_callback,0,1024,3,0,0
7339405015885227,0,trace,0,8192,5,0,0
7339405015885227,0,latency,0,4096,8,0,0
7339405015885227,1,market_ingress,0,1024,6,0,0
7339405015885227,1,trader_request,0,1024,1,0,0
7339405015885227,1,trading_callback,0,1024,3,0,0
7339405015885227,1,trace,0,8192,12,0,0
7339405015885227,1,latency,0,4096,3,0,0
7339405116439592,0,market_ingress,0,1024,7,0,0
7339405116439592,0,trader_request,0,1024,1,0,0
7339405116439592,0,trading_callback,0,1024,3,0,0
7339405116439592,0,trace,0,8192,5,0,0
7339405116439592,0,latency,0,4096,8,0,0
7339405116439592,1,market_ingress,0,1024,6,0,0
7339405116439592,1,trader_request,0,1024,1,0,0
7339405116439592,1,trading_callback,0,1024,3,0,0
7339405116439592,1,trace,0,8192,12,0,0
7339405116439592,1,latency,0,4096,3,0,0
7339405216811208,0,market_ingress,0,1024,7,0,0
7339405216811208,0,trader_request,0,1024,1,0,0
7339405216811208,0,trading_callback,0,1024,3,0,0
7339405216811208,0,trace,0,8192,5,0,0
7339405216811208,0,latency,0,4096,8,0,0
7339405216811208,1,market_ingress,0,1024,6,0,0
7339405216811208,1,trader_request,0,1024,1,0,0
7339405216811208,1,trading_callback,0,1024,3,0,0
7339405216811208,1,trace,0,8192,12,0,0
7339405216811208,1,latency,0,4096,3,0,0
7339405317178661,0,market_ingress,0,1024,7,0,0
7339405317178661,0,trader_request,0,1024,1,0,0
7339405317178661,0,trading_callback,0,1024,3,0,0
7339405317178661,0,trace,0,8192,5,0,0
7339405317178661,0,latency,0,4096,8,0,0
7339405317178661,1,market_ingress,0,1024,6,0,0
7339405317178661,1,trader_request,0,1024,1,0,0
7339405317178661,1,trading_callback,0,1024,3,0,0
7339405317178661,1,trace,0,8192,12,0,0
7339405317178661,1,latency,0,4096,3,0,0
7339405417537851,0,market_ingress,0,1024,7,0,0
7339405417537851,0,trader_request,0,1024,1,0,0
7339405417537851,0,trading_callback,0,1024,3,0,0
7339405417537851,0,trace,0,8192,5,0,0
7339405417537851,0,latency,0,4096,8,0,0
7339405417537851,1,market_ingress,0,1024,6,0,0
7339405417537851,1,trader_request,0,1024,1,0,0
7339405417537851,1,trading_callback,0,1024,3,0,0
7339405417537851,1,trace,0,8192,12,0,0
7339405417537851,1,latency,0,4096,3,0,0
7339405517902943,0,market_ingress,0,1024,7,0,0
7339405517902943,0,trader_request,0,1024,1,0,0
7339405517902943,0,trading_callback,0,1024,3,0,0
7339405517902943,0,trace,0,8192,5,0,0
7339405517902943,0,latency,0,4096,8,0,0
7339405517902943,1,market_ingress,0,1024,6,0,0
7339405517902943,1,trader_request,0,1024,1,0,0
7339405517902943,1,trading_callback,0,1024,3,0,0
7339405517902943,1,trace,0,8192,12,0,0
7339405517902943,1,latency,0,4096,3,0,0
7339405618270259,0,market_ingress,0,1024,7,0,0
7339405618270259,0,trader_request,0,1024,1,0,0
7339405618270259,0,trading_callback,0,1024,3,0,0
7339405618270259,0,trace,0,8192,5,0,0
7339405618270259,0,latency,0,4096,8,0,0
7339405618270259,1,market_ingress,0,1024,6,0,0
7339405618270259,1,trader_request,0,1024,1,0,0
7339405618270259,1,trading_callback,0,1024,3,0,0
7339405618270259,1,trace,0,8192,12,0,0
7339405618270259,1,latency,0,4096,3,0,0
7339405718673148,0,market_ingress,0,1024,7,0,0
7339405718673148,0,trader_request,0,1024,1,0,0
7339405718673148,0,trading_callback,0,1024,3,0,0
7339405718673148,0,trace,0,8192,5,0,0
7339405718673148,0,latency,0,4096,8,0,0
7339405718673148,1,market_ingress,0,1024,6,0,0
7339405718673148,1,trader_request,0,1024,1,0,0
7339405718673148,1,trading_callback,0,1024,3,0,0
7339405718673148,1,trace,0,8192,12,0,0
7339405718673148,1,latency,0,4096,3,0,0
7339405819046380,0,market_ingress,0,1024,7,0,0
7339405819046380,0,trader_request,0,1024,1,0,0
7339405819046380,0,trading_callback,0,1024,3,0,0
7339405819046380,0,trace,0,8192,5,0,0
7339405819046380,0,latency,0,4096,8,0,0
7339405819046380,1,market_ingress,0,1024,6,0,0
7339405819046380,1,trader_request,0,1024,1,0,0
7339405819046380,1,trading_callback,0,1024,3,0,0
7339405819046380,1,trace,0,8192,12,0,0
7339405819046380,1,latency,0,4096,3,0,0
7339405919411220,0,market_ingress,0,1024,7,0,0
7339405919411220,0,trader_request,0,1024,1,0,0
7339405919411220,0,trading_callback,0,1024,3,0,0
7339405919411220,0,trace,0,8192,5,0,0
7339405919411220,0,latency,0,4096,8,0,0
7339405919411220,1,market_ingress,0,1024,6,0,0
7339405919411220,1,trader_request,0,1024,1,0,0
7339405919411220,1,trading_callback,0,1024,3,0,0
7339405919411220,1,trace,0,8192,12,0,0
7339405919411220,1,latency,0,4096,3,0,0
7339406019769869,0,market_ingress,0,1024,7,0,0
7339406019769869,0,trader_request,0,1024,1,0,0
7339406019769869,0,trading_callback,0,1024,3,0,0
7339406019769869,0,trace,0,8192,5,0,0
7339406019769869,0,latency,0,4096,8,0,0
7339406019769869,1,market_ingress,0,1024,6,0,0
7339406019769869,1,trader_request,0,1024,1,0,0
7339406019769869,1,trading_callback,0,1024,3,0,0
7339406019769869,1,trace,0,8192,12,0,0
7339406019769869,1,latency,0,4096,3,0,0
7339406120132331,0,market_ingress,0,1024,7,0,0
7339406120132331,0,trader_request,0,1024,1,0,0
7339406120132331,0,trading_callback,0,1024,3,0,0
7339406120132331,0,trace,0,8192,5,0,0
7339406120132331,0,latency,0,4096,8,0,0
7339406120132331,1,market_ingress,0,1024,6,0,0
7339406120132331,1,trader_request,0,1024,1,0,0
7339406120132331,1,trading_callback,0,1024,3,0,0
7339406120132331,1,trace,0,8192,12,0,0
7339406120132331,1,latency,0,4096,3,0,0
7339406220502429,0,market_ingress,0,1024,7,0,0
7339406220502429,0,trader_request,0,1024,1,0,0
7339406220502429,0,trading_callback,0,1024,3,0,0
7339406220502429,0,trace,0,8192,5,0,0
7339406220502429,0,latency,0,4096,8,0,0
7339406220502429,1,market_ingress,0,1024,6,0,0
7339406220502429,1,trader_request,0,1024,1,0,0
7339406220502429,1,trading_callback,0,1024,3,0,0
7339406220502429,1,trace,0,8192,12,0,0
7339406220502429,1,latency,0,4096,3,0,0
7339406320943630,0,market_ingress,0,1024,7,0,0
7339406320943630,0,trader_request,0,1024,1,0,0
7339406320943630,0,trading_callback,0,1024,3,0,0
7339406320943630,0,trace,0,8192,5,0,0
7339406320943630,0,latency,0,4096,8,0,0
7339406320943630,1,market_ingress,0,1024,6,0,0
7339406320943630,1,trader_request,0,1024,1,0,0
7339406320943630,1,trading_callback,0,1024,3,0,0
7339406320943630,1,trace,0,8192,12,0,0
7339406320943630,1,latency,0,4096,3,0,0
7339406421397343,0,market_ingress,0,1024,7,0,0
7339406421397343,0,trader_request,0,1024,1,0,0
7339406421397343,0,trading_callback,0,1024,3,0,0
7339406421397343,0,trace,0,8192,5,0,0
7339406421397343,0,latency,0,4096,8,0,0
7339406421397343,1,market_ingress,0,1024,6,0,0
7339406421397343,1,trader_request,0,1024,1,0,0
7339406421397343,1,trading_callback,0,1024,3,0,0
7339406421397343,1,trace,0,8192,12,0,0
7339406421397343,1,latency,0,4096,3,0,0
7339406521790382,0,market_ingress,0,1024,7,0,0
7339406521790382,0,trader_request,0,1024,1,0,0
7339406521790382,0,trading_callback,0,1024,3,0,0
7339406521790382,0,trace,0,8192,5,0,0
7339406521790382,0,latency,0,4096,8,0,0
7339406521790382,1,market_ingress,0,1024,6,0,0
7339406521790382,1,trader_request,0,1024,1,0,0
7339406521790382,1,trading_callback,0,1024,3,0,0
7339406521790382,1,trace,0,8192,12,0,0
7339406521790382,1,latency,0,4096,3,0,0
7339406622186950,0,market_ingress,0,1024,7,0,0
7339406622186950,0,trader_request,0,1024,1,0,0
7339406622186950,0,trading_callback,0,1024,3,0,0
7339406622186950,0,trace,0,8192,5,0,0
7339406622186950,0,latency,0,4096,8,0,0
7339406622186950,1,market_ingress,0,1024,6,0,0
7339406622186950,1,trader_request,0,1024,1,0,0
7339406622186950,1,trading_callback,0,1024,3,0,0
7339406622186950,1,trace,0,8192,12,0,0
7339406622186950,1,latency,0,4096,3,0,0
7339406722574398,0,market_ingress,0,1024,7,0,0
7339406722574398,0,trader_request,0,1024,1,0,0
7339406722574398,0,trading_callback,0,1024,3,0,0
7339406722574398,0,trace,0,8192,5,0,0
7339406722574398,0,latency,0,4096,8,0,0
7339406722574398,1,market_ingress,0,1024,6,0,0
7339406722574398,1,trader_request,0,1024,1,0,0
7339406722574398,1,trading_callback,0,1024,3,0,0
7339406722574398,1,trace,0,8192,12,0,0
7339406722574398,1,latency,0,4096,3,0,0
7339406822943359,0,market_ingress,0,1024,7,0,0
7339406822943359,0,trader_request,0,1024,1,0,0
7339406822943359,0,trading_callback,0,1024,3,0,0
7339406822943359,0,trace,0,8192,5,0,0
7339406822943359,0,latency,0,4096,8,0,0
7339406822943359,1,market_ingress,0,1024,6,0,0
7339406822943359,1,trader_request,0,1024,1,0,0
7339406822943359,1,trading_callback,0,1024,3,0,0
7339406822943359,1,trace,0,8192,12,0,0
7339406822943359,1,latency,0,4096,3,0,0
7339406923309898,0,market_ingress,0,1024,7,0,0
7339406923309898,0,trader_request,0,1024,1,0,0
7339406923309898,0,trading_callback,0,1024,3,0,0
7339406923309898,0,trace,0,8192,5,0,0
7339406923309898,0,latency,0,4096,8,0,0
7339406923309898,1,market_ingress,0,1024,6,0,0
7339406923309898,1,trader_request,0,1024,1,0,0
7339406923309898,1,trading_callback,0,1024,3,0,0
7339406923309898,1,trace,0,8192,12,0,0
7339406923309898,1,latency,0,4096,3,0,0
7339407023671985,0,market_ingress,0,1024,7,0,0
7339407023671985,0,trader_request,0,1024,1,0,0
7339407023671985,0,trading_callback,0,1024,3,0,0
7339407023671985,0,trace,0,8192,5,0,0
7339407023671985,0,latency,0,4096,8,0,0
7339407023671985,1,market_ingress,0,1024,6,0,0
7339407023671985,1,trader_request,0,1024,1,0,0
7339407023671985,1,trading_callback,0,1024,3,0,0
7339407023671985,1,trace,0,8192,12,0,0
7339407023671985,1,latency,0,4096,3,0,0
7339407124164670,0,market_ingress,0,1024,7,0,0
7339407124164670,0,trader_request,0,1024,1,0,0
7339407124164670,0,trading_callback,0,1024,3,0,0
7339407124164670,0,trace,0,8192,5,0,0
7339407124164670,0,latency,0,4096,8,0,0
7339407124164670,1,market_ingress,0,1024,6,0,0
7339407124164670,1,trader_request,0,1024,1,0,0
7339407124164670,1,trading_callback,0,1024,3,0,0
7339407124164670,1,trace,0,8192,12,0,0
7339407124164670,1,latency,0,4096,3,0,0
7339407224537781,0,market_ingress,0,1024,7,0,0
7339407224537781,0,trader_request,0,1024,1,0,0
7339407224537781,0,trading_callback,0,1024,3,0,0
7339407224537781,0,trace,0,8192,5,0,0
7339407224537781,0,latency,0,4096,8,0,0
7339407224537781,1,market_ingress,0,1024,6,0,0
7339407224537781,1,trader_request,0,1024,1,0,0
7339407224537781,1,trading_callback,0,1024,3,0,0
7339407224537781,1,trace,0,8192,12,0,0
7339407224537781,1,latency,0,4096,3,0,0
7339407324911734,0,market_ingress,0,1024,7,0,0
7339407324911734,0,trader_request,0,1024,1,0,0
7339407324911734,0,trading_callback,0,1024,3,0,0
7339407324911734,0,trace,0,8192,5,0,0
7339407324911734,0,latency,0,4096,8,0,0
7339407324911734,1,market_ingress,0,1024,6,0,0
7339407324911734,1,trader_request,0,1024,1,0,0
7339407324911734,1,trading_callback,0,1024,3,0,0
7339407324911734,1,trace,0,8192,12,0,0
7339407324911734,1,latency,0,4096,3,0,0
7339407425419620,0,market_ingress,0,1024,7,0,0
7339407425419620,0,trader_request,0,1024,1,0,0
7339407425419620,0,trading_callback,0,1024,3,0,0
7339407425419620,0,trace,0,8192,5,0,0
7339407425419620,0,latency,0,4096,8,0,0
7339407425419620,1,market_ingress,0,1024,6,0,0
7339407425419620,1,trader_request,0,1024,1,0,0
7339407425419620,1,trading_callback,0,1024,3,0,0
7339407425419620,1,trace,0,8192,12,0,0
7339407425419620,1,latency,0,4096,3,0,0
7339407525896955,0,market_ingress,0,1024,7,0,0
7339407525896955,0,trader_request,0,1024,1,0,0
7339407525896955,0,trading_callback,0,1024,3,0,0
7339407525896955,0,trace,0,8192,5,0,0
7339407525896955,0,latency,0,4096,8,0,0
7339407525896955,1,market_ingress,0,1024,6,0,0
7339407525896955,1,trader_request,0,1024,1,0,0
7339407525896955,1,trading_callback,0,1024,3,0,0
7339407525896955,1,trace,0,8192,12,0,0
7339407525896955,1,latency,0,4096,3,0,0
7339407626329238,0,market_ingress,0,1024,7,0,0
7339407626329238,0,trader_request,0,1024,1,0,0
7339407626329238,0,trading_callback,0,1024,3,0,0
7339407626329238,0,trace,0,8192,5,0,0
7339407626329238,0,latency,0,4096,8,0,0
7339407626329238,1,market_ingress,0,1024,6,0,0
7339407626329238,1,trader_request,0,1024,1,0,0
7339407626329238,1,trading_callback,0,1024,3,0,0
7339407626329238,1,trace,0,8192,12,0,0
7339407626329238,1,latency,0,4096,3,0,0
7339407726730931,0,market_ingress,0,1024,7,0,0
7339407726730931,0,trader_request,0,1024,1,0,0
7339407726730931,0,trading_callback,0,1024,3,0,0
7339407726730931,0,trace,0,8192,5,0,0
7339407726730931,0,latency,0,4096,8,0,0
7339407726730931,1,market_ingress,0,1024,6,0,0
7339407726730931,1,trader_request,0,1024,1,0,0
7339407726730931,1,trading_callback,0,1024,3,0,0
7339407726730931,1,trace,0,8192,12,0,0
7339407726730931,1,latency,0,4096,3,0,0
7339407827203464,0,market_ingress,0,1024,7,0,0
7339407827203464,0,trader_request,0,1024,1,0,0
7339407827203464,0,trading_callback,0,1024,3,0,0
7339407827203464,0,trace,0,8192,5,0,0
7339407827203464,0,latency,0,4096,8,0,0
7339407827203464,1,market_ingress,0,1024,6,0,0
7339407827203464,1,trader_request,0,1024,1,0,0
7339407827203464,1,trading_callback,0,1024,3,0,0
7339407827203464,1,trace,0,8192,12,0,0
7339407827203464,1,latency,0,4096,3,0,0
7339407927571806,0,market_ingress,0,1024,7,0,0
7339407927571806,0,trader_request,0,1024,1,0,0
7339407927571806,0,trading_callback,0,1024,3,0,0
7339407927571806,0,trace,0,8192,5,0,0
7339407927571806,0,latency,0,4096,8,0,0
7339407927571806,1,market_ingress,0,1024,6,0,0
7339407927571806,1,trader_request,0,1024,1,0,0
7339407927571806,1,trading_callback,0,1024,3,0,0
7339407927571806,1,trace,0,8192,12,0,0
7339407927571806,1,latency,0,4096,3,0,0
7339408027946808,0,market_ingress,0,1024,7,0,0
7339408027946808,0,trader_request,0,1024,1,0,0
7339408027946808,0,trading_callback,0,1024,3,0,0
7339408027946808,0,trace,0,8192,5,0,0
7339408027946808,0,latency,0,4096,8,0,0
7339408027946808,1,market_ingress,0,1024,6,0,0
7339408027946808,1,trader_request,0,1024,1,0,0
7339408027946808,1,trading_callback,0,1024,3,0,0
7339408027946808,1,trace,0,8192,12,0,0
7339408027946808,1,latency,0,4096,3,0,0
7339408128467620,0,market_ingress,0,1024,7,0,0
7339408128467620,0,trader_request,0,1024,1,0,0
7339408128467620,0,trading_callback,0,1024,3,0,0
7339408128467620,0,trace,0,8192,5,0,0
7339408128467620,0,latency,0,4096,8,0,0
7339408128467620,1,market_ingress,0,1024,6,0,0
7339408128467620,1,trader_request,0,1024,1,0,0
7339408128467620,1,trading_callback,0,1024,3,0,0
7339408128467620,1,trace,0,8192,12,0,0
7339408128467620,1,latency,0,4096,3,0,0
7339408228955530,0,market_ingress,0,1024,7,0,0
7339408228955530,0,trader_request,0,1024,1,0,0
7339408228955530,0,trading_callback,0,1024,3,0,0
7339408228955530,0,trace,0,8192,5,0,0
7339408228955530,0,latency,0,4096,8,0,0
7339408228955530,1,market_ingress,0,1024,6,0,0
7339408228955530,1,trader_request,0,1024,1,0,0
7339408228955530,1,trading_callback,0,1024,3,0,0
7339408228955530,1,trace,0,8192,12,0,0
7339408228955530,1,latency,0,4096,3,0,0
7339408333349528,0,market_ingress,0,1024,7,0,0
7339408333349528,0,trader_request,0,1024,1,0,0
7339408333349528,0,trading_callback,0,1024,3,0,0
7339408333349528,0,trace,0,8192,5,0,0
7339408333349528,0,latency,0,4096,8,0,0
7339408333349528,1,market_ingress,0,1024,6,0,0
7339408333349528,1,trader_request,0,1024,1,0,0
7339408333349528,1,trading_callback,0,1024,3,0,0
7339408333349528,1,trace,0,8192,12,0,0
7339408333349528,1,latency,0,4096,3,0,0
7339408433718424,0,market_ingress,0,1024,7,0,0
7339408433718424,0,trader_request,0,1024,1,0,0
7339408433718424,0,trading_callback,0,1024,3,0,0
7339408433718424,0,trace,0,8192,5,0,0
7339408433718424,0,latency,0,4096,8,0,0
7339408433718424,1,market_ingress,0,1024,6,0,0
7339408433718424,1,trader_request,0,1024,1,0,0
7339408433718424,1,trading_callback,0,1024,3,0,0
7339408433718424,1,trace,0,8192,12,0,0
7339408433718424,1,latency,0,4096,3,0,0
7339408534081923,0,market_ingress,0,1024,7,0,0
7339408534081923,0,trader_request,0,1024,1,0,0
7339408534081923,0,trading_callback,0,1024,3,0,0
7339408534081923,0,trace,0,8192,5,0,0
7339408534081923,0,latency,0,4096,8,0,0
7339408534081923,1,market_ingress,0,1024,6,0,0
7339408534081923,1,trader_request,0,1024,1,0,0
7339408534081923,1,trading_callback,0,1024,3,0,0
7339408534081923,1,trace,0,8192,12,0,0
7339408534081923,1,latency,0,4096,3,0,0
7339408634466468,0,market_ingress,0,1024,7,0,0
7339408634466468,0,trader_request,0,1024,1,0,0
7339408634466468,0,trading_callback,0,1024,3,0,0
7339408634466468,0,trace,0,8192,5,0,0
7339408634466468,0,latency,0,4096,8,0,0
7339408634466468,1,market_ingress,0,1024,6,0,0
7339408634466468,1,trader_request,0,1024,1,0,0
7339408634466468,1,trading_callback,0,1024,3,0,0
7339408634466468,1,trace,0,8192,12,0,0
7339408634466468,1,latency,0,4096,3,0,0
7339408734871551,0,market_ingress,0,1024,7,0,0
7339408734871551,0,trader_request,0,1024,1,0,0
7339408734871551,0,trading_callback,0,1024,3,0,0
7339408734871551,0,trace,0,8192,5,0,0
7339408734871551,0,latency,0,4096,8,0,0
7339408734871551,1,market_ingress,0,1024,6,0,0
7339408734871551,1,trader_request,0,1024,1,0,0
7339408734871551,1,trading_callback,0,1024,3,0,0
7339408734871551,1,trace,0,8192,12,0,0
7339408734871551,1,latency,0,4096,3,0,0
7339408835363883,0,market_ingress,0,1024,7,0,0
7339408835363883,0,trader_request,0,1024,1,0,0
7339408835363883,0,trading_callback,0,1024,3,0,0
7339408835363883,0,trace,0,8192,5,0,0
7339408835363883,0,latency,0,4096,8,0,0
7339408835363883,1,market_ingress,0,1024,6,0,0
7339408835363883,1,trader_request,0,1024,1,0,0
7339408835363883,1,trading_callback,0,1024,3,0,0
7339408835363883,1,trace,0,8192,12,0,0
7339408835363883,1,latency,0,4096,3,0,0
7339408935754338,0,market_ingress,0,1024,7,0,0
7339408935754338,0,trader_request,0,1024,1,0,0
7339408935754338,0,trading_callback,0,1024,3,0,0
7339408935754338,0,trace,0,8192,5,0,0
7339408935754338,0,latency,0,4096,8,0,0
7339408935754338,1,market_ingress,0,1024,6,0,0
7339408935754338,1,trader_request,0,1024,1,0,0
7339408935754338,1,trading_callback,0,1024,3,0,0
7339408935754338,1,trace,0,8192,12,0,0
7339408935754338,1,latency,0,4096,5,0,0
7339409036128553,0,market_ingress,0,1024,7,0,0
7339409036128553,0,trader_request,0,1024,1,0,0
7339409036128553,0,trading_callback,0,1024,3,0,0
7339409036128553,0,trace,0,8192,5,0,0
7339409036128553,0,latency,0,4096,8,0,0
7339409036128553,1,market_ingress,0,1024,6,0,0
7339409036128553,1,trader_request,0,1024,1,0,0
7339409036128553,1,trading_callback,0,1024,3,0,0
7339409036128553,1,trace,0,8192,12,0,0
7339409036128553,1,latency,0,4096,5,0,0
7339409136503835,0,market_ingress,0,1024,7,0,0
7339409136503835,0,trader_request,0,1024,1,0,0
7339409136503835,0,trading_callback,0,1024,3,0,0
7339409136503835,0,trace,0,8192,5,0,0
7339409136503835,0,latency,0,4096,8,0,0
7339409136503835,1,market_ingress,0,1024,6,0,0
7339409136503835,1,trader_request,0,1024,1,0,0
7339409136503835,1,trading_callback,0,1024,3,0,0
7339409136503835,1,trace,0,8192,12,0,0
7339409136503835,1,latency,0,4096,5,0,0
7339409236864362,0,market_ingress,0,1024,7,0,0
7339409236864362,0,trader_request,0,1024,1,0,0
7339409236864362,0,trading_callback,0,1024,3,0,0
7339409236864362,0,trace,0,8192,5,0,0
7339409236864362,0,latency,0,4096,8,0,0
7339409236864362,1,market_ingress,0,1024,6,0,0
7339409236864362,1,trader_request,0,1024,1,0,0
7339409236864362,1,trading_callback,0,1024,3,0,0
7339409236864362,1,trace,0,8192,12,0,0
7339409236864362,1,latency,0,4096,5,0,0
7339409337208805,0,market_ingress,0,1024,7,0,0
7339409337208805,0,trader_request,0,1024,1,0,0
7339409337208805,0,trading_callback,0,1024,3,0,0
7339409337208805,0,trace,0,8192,5,0,0
7339409337208805,0,latency,0,4096,8,0,0
7339409337208805,1,market_ingress,0,1024,6,0,0
7339409337208805,1,trader_request,0,1024,1,0,0
7339409337208805,1,trading_callback,0,1024,3,0,0
7339409337208805,1,trace,0,8192,12,0,0
7339409337208805,1,latency,0,4096,5,0,0
7339409437670932,0,market_ingress,0,1024,7,0,0
7339409437670932,0,trader_request,0,1024,1,0,0
7339409437670932,0,trading_callback,0,1024,3,0,0
7339409437670932,0,trace,0,8192,5,0,0
7339409437670932,0,latency,0,4096,8,0,0
7339409437670932,1,market_ingress,0,1024,6,0,0
7339409437670932,1,trader_request,0,1024,1,0,0
7339409437670932,1,trading_callback,0,1024,3,0,0
7339409437670932,1,trace,0,8192,12,0,0
7339409437670932,1,latency,0,4096,5,0,0
7339409538043554,0,market_ingress,0,1024,7,0,0
7339409538043554,0,trader_request,0,1024,1,0,0
7339409538043554,0,trading_callback,0,1024,3,0,0
7339409538043554,0,trace,0,8192,5,0,0
7339409538043554,0,latency,0,4096,8,0,0
7339409538043554,1,market_ingress,0,1024,6,0,0
7339409538043554,1,trader_request,0,1024,1,0,0
7339409538043554,1,trading_callback,0,1024,3,0,0
7339409538043554,1,trace,0,8192,12,0,0
7339409538043554,1,latency,0,4096,5,0,0
7339409638403401,0,market_ingress,0,1024,7,0,0
7339409638403401,0,trader_request,0,1024,1,0,0
7339409638403401,0,trading_callback,0,1024,3,0,0
7339409638403401,0,trace,0,8192,5,0,0
7339409638403401,0,latency,0,4096,8,0,0
7339409638403401,1,market_ingress,0,1024,6,0,0
7339409638403401,1,trader_request,0,1024,1,0,0
7339409638403401,1,trading_callback,0,1024,3,0,0
7339409638403401,1,trace,0,8192,12,0,0
7339409638403401,1,latency,0,4096,5,0,0
7339409738764831,0,market_ingress,0,1024,7,0,0
7339409738764831,0,trader_request,0,1024,1,0,0
7339409738764831,0,trading_callback,0,1024,3,0,0
7339409738764831,0,trace,0,8192,5,0,0
7339409738764831,0,latency,0,4096,8,0,0
7339409738764831,1,market_ingress,0,1024,6,0,0
7339409738764831,1,trader_request,0,1024,1,0,0
7339409738764831,1,trading_callback,0,1024,3,0,0
7339409738764831,1,trace,0,8192,12,0,0
7339409738764831,1,latency,0,4096,5,0,0
7339409839140089,0,market_ingress,0,1024,7,0,0
7339409839140089,0,trader_request,0,1024,1,0,0
7339409839140089,0,trading_callback,0,1024,3,0,0
7339409839140089,0,trace,0,8192,5,0,0
7339409839140089,0,latency,0,4096,8,0,0
7339409839140089,1,market_ingress,0,1024,6,0,0
7339409839140089,1,trader_request,0,1024,1,0,0
7339409839140089,1,trading_callback,0,1024,3,0,0
7339409839140089,1,trace,0,8192,12,0,0
7339409839140089,1,latency,0,4096,5,0,0
7339409939652506,0,market_ingress,0,1024,7,0,0
7339409939652506,0,trader_request,0,1024,1,0,0
7339409939652506,0,trading_callback,0,1024,3,0,0
7339409939652506,0,trace,0,8192,5,0,0
7339409939652506,0,latency,0,4096,8,0,0
7339409939652506,1,market_ingress,0,1024,6,0,0
7339409939652506,1,trader_request,0,1024,1,0,0
7339409939652506,1,trading_callback,0,1024,3,0,0
7339409939652506,1,trace,0,8192,12,0,0
7339409939652506,1,latency,0,4096,5,0,0
7339410040150981,0,market_ingress,0,1024,7,0,0
7339410040150981,0,trader_request,0,1024,1,0,0
7339410040150981,0,trading_callback,0,1024,3,0,0
7339410040150981,0,trace,0,8192,5,0,0
7339410040150981,0,latency,0,4096,8,0,0
7339410040150981,1,market_ingress,0,1024,6,0,0
7339410040150981,1,trader_request,0,1024,1,0,0
7339410040150981,1,trading_callback,0,1024,3,0,0
7339410040150981,1,trace,0,8192,12,0,0
7339410040150981,1,latency,0,4096,5,0,0
7339410140518651,0,market_ingress,0,1024,7,0,0
7339410140518651,0,trader_request,0,1024,1,0,0
7339410140518651,0,trading_callback,0,1024,3,0,0
7339410140518651,0,trace,0,8192,5,0,0
7339410140518651,0,latency,0,4096,8,0,0
7339410140518651,1,market_ingress,0,1024,6,0,0
7339410140518651,1,trader_request,0,1024,1,0,0
7339410140518651,1,trading_callback,0,1024,3,0,0
7339410140518651,1,trace,0,8192,12,0,0
7339410140518651,1,latency,0,4096,5,0,0
7339410240868980,0,market_ingress,0,1024,7,0,0
7339410240868980,0,trader_request,0,1024,1,0,0
7339410240868980,0,trading_callback,0,1024,3,0,0
7339410240868980,0,trace,0,8192,5,0,0
7339410240868980,0,latency,0,4096,8,0,0
7339410240868980,1,market_ingress,0,1024,6,0,0
7339410240868980,1,trader_request,0,1024,1,0,0
7339410240868980,1,trading_callback,0,1024,3,0,0
7339410240868980,1,trace,0,8192,12,0,0
7339410240868980,1,latency,0,4096,5,0,0
7339410341218845,0,market_ingress,0,1024,7,0,0
7339410341218845,0,trader_request,0,1024,1,0,0
7339410341218845,0,trading_callback,0,1024,3,0,0
7339410341218845,0,trace,0,8192,5,0,0
7339410341218845,0,latency,0,4096,8,0,0
7339410341218845,1,market_ingress,0,1024,6,0,0
7339410341218845,1,trader_request,0,1024,1,0,0
7339410341218845,1,trading_callback,0,1024,3,0,0
7339410341218845,1,trace,0,8192,12,0,0
7339410341218845,1,latency,0,4096,5,0,0
7339410441564525,0,market_ingress,0,1024,7,0,0
7339410441564525,0,trader_request,0,1024,1,0,0
7339410441564525,0,trading_callback,0,1024,3,0,0
7339410441564525,0,trace,0,8192,5,0,0
7339410441564525,0,latency,0,4096,8,0,0
7339410441564525,1,market_ingress,0,1024,6,0,0
7339410441564525,1,trader_request,0,1024,1,0,0
7339410441564525,1,trading_callback,0,1024,3,0,0
7339410441564525,1,trace,0,8192,12,0,0
7339410441564525,1,latency,0,4096,5,0,0
7339410541910585,0,market_ingress,0,1024,7,0,0
7339410541910585,0,trader_request,0,1024,1,0,0
7339410541910585,0,trading_callback,0,1024,3,0,0
7339410541910585,0,trace,0,8192,5,0,0
7339410541910585,0,latency,0,4096,8,0,0
7339410541910585,1,market_ingress,0,1024,6,0,0
7339410541910585,1,trader_request,0,1024,1,0,0
7339410541910585,1,trading_callback,0,1024,3,0,0
7339410541910585,1,trace,0,8192,12,0,0
7339410541910585,1,latency,0,4096,5,0,0
7339410642277238,0,market_ingress,0,1024,7,0,0
7339410642277238,0,trader_request,0,1024,1,0,0
7339410642277238,0,trading_callback,0,1024,3,0,0
7339410642277238,0,trace,0,8192,5,0,0
7339410642277238,0,latency,0,4096,8,0,0
7339410642277238,1,market_ingress,0,1024,6,0,0
7339410642277238,1,trader_request,0,1024,1,0,0
7339410642277238,1,trading_callback,0,1024,3,0,0
7339410642277238,1,trace,0,8192,12,0,0
7339410642277238,1,latency,0,4096,5,0,0
7339410742622332,0,market_ingress,0,1024,7,0,0
7339410742622332,0,trader_request,0,1024,1,0,0
7339410742622332,0,trading_callback,0,1024,3,0,0
7339410742622332,0,trace,0,8192,5,0,0
7339410742622332,0,latency,0,4096,8,0,0
7339410742622332,1,market_ingress,0,1024,6,0,0
7339410742622332,1,trader_request,0,1024,1,0,0
7339410742622332,1,trading_callback,0,1024,3,0,0
7339410742622332,1,trace,0,8192,12,0,0
7339410742622332,1,latency,0,4096,5,0,0
7339410842968348,0,market_ingress,0,1024,7,0,0
7339410842968348,0,trader_request,0,1024,1,0,0
7339410842968348,0,trading_callback,0,1024,3,0,0
7339410842968348,0,trace,0,8192,5,0,0
7339410842968348,0,latency,0,4096,8,0,0
7339410842968348,1,market_ingress,0,1024,6,0,0
7339410842968348,1,trader_request,0,1024,1,0,0
7339410842968348,1,trading_callback,0,1024,3,0,0
7339410842968348,1,trace,0,8192,12,0,0
7339410842968348,1,latency,0,4096,5,0,0
7339410943323975,0,market_ingress,0,1024,7,0,0
7339410943323975,0,trader_request,0,1024,1,0,0
7339410943323975,0,trading_callback,0,1024,3,0,0
7339410943323975,0,trace,0,8192,5,0,0
7339410943323975,0,latency,0,4096,8,0,0
7339410943323975,1,market_ingress,0,1024,6,0,0
7339410943323975,1,trader_request,0,1024,1,0,0
7339410943323975,1,trading_callback,0,1024,3,0,0
7339410943323975,1,trace,0,8192,12,0,0
7339410943323975,1,latency,0,4096,5,0,0
7339411043705319,0,market_ingress,0,1024,7,0,0
7339411043705319,0,trader_request,0,1024,1,0,0
7339411043705319,0,trading_callback,0,1024,3,0,0
7339411043705319,0,trace,0,8192,5,0,0
7339411043705319,0,latency,0,4096,8,0,0
7339411043705319,1,market_ingress,0,1024,6,0,0
7339411043705319,1,trader_request,0,1024,1,0,0
7339411043705319,1,trading_callback,0,1024,3,0,0
7339411043705319,1,trace,0,8192,12,0,0
7339411043705319,1,latency,0,4096,5,0,0
7339411144015726,0,market_ingress,0,1024,7,0,0
7339411144015726,0,trader_request,0,1024,1,0,0
7339411144015726,0,trading_callback,0,1024,3,0,0
7339411144015726,0,trace,0,8192,5,0,0
7339411144015726,0,latency,0,4096,8,0,0
7339411144015726,1,market_ingress,0,1024,6,0,0
7339411144015726,1,trader_request,0,1024,1,0,0
7339411144015726,1,trading_callback,0,1024,3,0,0
7339411144015726,1,trace,0,8192,12,0,0
7339411144015726,1,latency,0,4096,5,0,0
7339411244453145,0,market_ingress,0,1024,7,0,0
7339411244453145,0,trader_request,0,1024,1,0,0
7339411244453145,0,trading_callback,0,1024,3,0,0
7339411244453145,0,trace,0,8192,5,0,0
7339411244453145,0,latency,0,4096,8,0,0
7339411244453145,1,market_ingress,0,1024,6,0,0
7339411244453145,1,trader_request,0,1024,1,0,0
7339411244453145,1,trading_callback,0,1024,3,0,0
7339411244453145,1,trace,0,8192,12,0,0
7339411244453145,1,latency,0,4096,5,0,0
7339411344813436,0,market_ingress,0,1024,7,0,0
7339411344813436,0,trader_request,0,1024,1,0,0
7339411344813436,0,trading_callback,0,1024,3,0,0
7339411344813436,0,trace,0,8192,5,0,0
7339411344813436,0,latency,0,4096,8,0,0
7339411344813436,1,market_ingress,0,1024,6,0,0
7339411344813436,1,trader_request,0,1024,1,0,0
7339411344813436,1,trading_callback,0,1024,3,0,0
7339411344813436,1,trace,0,8192,12,0,0
7339411344813436,1,latency,0,4096,5,0,0
7339411447213844,0,market_ingress,0,1024,7,0,0
7339411447213844,0,trader_request,0,1024,1,0,0
7339411447213844,0,trading_callback,0,1024,3,0,0
7339411447213844,0,trace,0,8192,5,0,0
7339411447213844,0,latency,0,4096,8,0,0
7339411447213844,1,market_ingress,0,1024,6,0,0
7339411447213844,1,trader_request,0,1024,1,0,0
7339411447213844,1,trading_callback,0,1024,3,0,0
7339411447213844,1,trace,0,8192,12,0,0
7339411447213844,1,latency,0,4096,5,0,0
7339411547593496,0,market_ingress,0,1024,7,0,0
7339411547593496,0,trader_request,0,1024,1,0,0
7339411547593496,0,trading_callback,0,1024,3,0,0
7339411547593496,0,trace,0,8192,5,0,0
7339411547593496,0,latency,0,4096,8,0,0
7339411547593496,1,market_ingress,0,1024,6,0,0
7339411547593496,1,trader_request,0,1024,1,0,0
7339411547593496,1,trading_callback,0,1024,3,0,0
7339411547593496,1,trace,0,8192,12,0,0
7339411547593496,1,latency,0,4096,5,0,0
7339411647961984,0,market_ingress,0,1024,7,0,0
7339411647961984,0,trader_request,0,1024,1,0,0
7339411647961984,0,trading_callback,0,1024,3,0,0
7339411647961984,0,trace,0,8192,5,0,0
7339411647961984,0,latency,0,4096,8,0,0
7339411647961984,1,market_ingress,0,1024,6,0,0
7339411647961984,1,trader_request,0,1024,1,0,0
7339411647961984,1,trading_callback,0,1024,3,0,0
7339411647961984,1,trace,0,8192,12,0,0
7339411647961984,1,latency,0,4096,5,0,0
7339411748329981,0,market_ingress,0,1024,7,0,0
7339411748329981,0,trader_request,0,1024,1,0,0
7339411748329981,0,trading_callback,0,1024,3,0,0
7339411748329981,0,trace,0,8192,5,0,0
7339411748329981,0,latency,0,4096,8,0,0
7339411748329981,1,market_ingress,0,1024,6,0,0
7339411748329981,1,trader_request,0,1024,1,0,0
7339411748329981,1,trading_callback,0,1024,3,0,0
7339411748329981,1,trace,0,8192,12,0,0
7339411748329981,1,latency,0,4096,5,0,0
7339411848691793,0,market_ingress,0,1024,7,0,0
7339411848691793,0,trader_request,0,1024,1,0,0
7339411848691793,0,trading_callback,0,1024,3,0,0
7339411848691793,0,trace,0,8192,5,0,0
7339411848691793,0,latency,0,4096,8,0,0
7339411848691793,1,market_ingress,0,1024,6,0,0
7339411848691793,1,trader_request,0,1024,1,0,0
7339411848691793,1,trading_callback,0,1024,3,0,0
7339411848691793,1,trace,0,8192,12,0,0
7339411848691793,1,latency,0,4096,5,0,0
7339411949063299,0,market_ingress,0,1024,7,0,0
7339411949063299,0,trader_request,0,1024,1,0,0
7339411949063299,0,trading_callback,0,1024,3,0,0
7339411949063299,0,trace,0,8192,5,0,0
7339411949063299,0,latency,0,4096,8,0,0
7339411949063299,1,market_ingress,0,1024,6,0,0
7339411949063299,1,trader_request,0,1024,1,0,0
7339411949063299,1,trading_callback,0,1024,3,0,0
7339411949063299,1,trace,0,8192,12,0,0
7339411949063299,1,latency,0,4096,5,0,0
7339412049465685,0,market_ingress,0,1024,7,0,0
7339412049465685,0,trader_request,0,1024,1,0,0
7339412049465685,0,trading_callback,0,1024,3,0,0
7339412049465685,0,trace,0,8192,5,0,0
7339412049465685,0,latency,0,4096,8,0,0
7339412049465685,1,market_ingress,0,1024,6,0,0
7339412049465685,1,trader_request,0,1024,1,0,0
7339412049465685,1,trading_callback,0,1024,3,0,0
7339412049465685,1,trace,0,8192,12,0,0
7339412049465685,1,latency,0,4096,5,0,0
7339412149818055,0,market_ingress,0,1024,7,0,0
7339412149818055,0,trader_request,0,1024,1,0,0
7339412149818055,0,trading_callback,0,1024,3,0,0
7339412149818055,0,trace,0,8192,5,0,0
7339412149818055,0,latency,0,4096,8,0,0
7339412149818055,1,market_ingress,0,1024,6,0,0
7339412149818055,1,trader_request,0,1024,1,0,0
7339412149818055,1,trading_callback,0,1024,3,0,0
7339412149818055,1,trace,0,8192,12,0,0
7339412149818055,1,latency,0,4096,5,0,0
7339412250176551,0,market_ingress,0,1024,7,0,0
7339412250176551,0,trader_request,0,1024,1,0,0
7339412250176551,0,trading_callback,0,1024,3,0,0
7339412250176551,0,trace,0,8192,5,0,0
7339412250176551,0,latency,0,4096,8,0,0
7339412250176551,1,market_ingress,0,1024,6,0,0
7339412250176551,1,trader_request,0,1024,1,0,0
7339412250176551,1,trading_callback,0,1024,3,0,0
7339412250176551,1,trace,0,8192,12,0,0
7339412250176551,1,latency,0,4096,5,0,0
7339412350535451,0,market_ingress,0,1024,7,0,0
7339412350535451,0,trader_request,0,1024,1,0,0
7339412350535451,0,trading_callback,0,1024,3,0,0
7339412350535451,0,trace,0,8192,5,0,0
7339412350535451,0,latency,0,4096,8,0,0
7339412350535451,1,market_ingress,0,1024,6,0,0
7339412350535451,1,trader_request,0,1024,1,0,0
7339412350535451,1,trading_callback,0,1024,3,0,0
7339412350535451,1,trace,0,8192,12,0,0
7339412350535451,1,latency,0,4096,5,0,0
7339412450899181,0,market_ingress,0,1024,8,0,0
7339412450899181,0,trader_request,0,1024,1,0,0
7339412450899181,0,trading_callback,0,1024,3,0,0
7339412450899181,0,trace,0,8192,5,0,0
7339412450899181,0,latency,0,4096,8,0,0
7339412450899181,1,market_ingress,0,1024,7,0,0
7339412450899181,1,trader_request,0,1024,1,0,0
7339412450899181,1,trading_callback,0,1024,3,0,0
7339412450899181,1,trace,0,8192,12,0,0
7339412450899181,1,latency,0,4096,5,0,0
7339412551266181,0,market_ingress,0,1024,8,0,0
7339412551266181,0,trader_request,0,1024,1,0,0
7339412551266181,0,trading_callback,0,1024,3,0,0
7339412551266181,0,trace,0,8192,5,0,0
7339412551266181,0,latency,0,4096,8,0,0
7339412551266181,1,market_ingress,0,1024,7,0,0
7339412551266181,1,trader_request,0,1024,1,0,0
7339412551266181,1,trading_callback,0,1024,3,0,0
7339412551266181,1,trace,0,8192,12,0,0
7339412551266181,1,latency,0,4096,5,0,0
7339412651628999,0,market_ingress,0,1024,8,0,0
7339412651628999,0,trader_request,0,1024,1,0,0
7339412651628999,0,trading_callback,0,1024,3,0,0
7339412651628999,0,trace,0,8192,5,0,0
7339412651628999,0,latency,0,4096,8,0,0
7339412651628999,1,market_ingress,0,1024,7,0,0
7339412651628999,1,trader_request,0,1024,1,0,0
7339412651628999,1,trading_callback,0,1024,3,0,0
7339412651628999,1,trace,0,8192,12,0,0
7339412651628999,1,latency,0,4096,5,0,0
7339412751987169,0,market_ingress,0,1024,8,0,0
7339412751987169,0,trader_request,0,1024,1,0,0
7339412751987169,0,trading_callback,0,1024,3,0,0
7339412751987169,0,trace,0,8192,5,0,0
7339412751987169,0,latency,0,4096,8,0,0
7339412751987169,1,market_ingress,0,1024,7,0,0
7339412751987169,1,trader_request,0,1024,1,0,0
7339412751987169,1,trading_callback,0,1024,3,0,0
7339412751987169,1,trace,0,8192,12,0,0
7339412751987169,1,latency,0,4096,5,0,0
7339412852404794,0,market_ingress,0,1024,8,0,0
7339412852404794,0,trader_request,0,1024,1,0,0
7339412852404794,0,trading_callback,0,1024,3,0,0
7339412852404794,0,trace,0,8192,5,0,0
7339412852404794,0,latency,0,4096,8,0,0
7339412852404794,1,market_ingress,0,1024,7,0,0
7339412852404794,1,trader_request,0,1024,1,0,0
7339412852404794,1,trading_callback,0,1024,3,0,0
7339412852404794,1,trace,0,8192,12,0,0
7339412852404794,1,latency,0,4096,5,0,0
7339412960028131,0,market_ingress,0,1024,8,0,0
7339412960028131,0,trader_request,0,1024,1,0,0
7339412960028131,0,trading_callback,0,1024,3,0,0
7339412960028131,0,trace,0,8192,5,0,0
7339412960028131,0,latency,0,4096,8,0,0
7339412960028131,1,market_ingress,0,1024,7,0,0
7339412960028131,1,trader_request,0,1024,1,0,0
7339412960028131,1,trading_callback,0,1024,3,0,0
7339412960028131,1,trace,0,8192,12,0,0
7339412960028131,1,latency,0,4096,5,0,0
7339413060379276,0,market_ingress,0,1024,8,0,0
7339413060379276,0,trader_request,0,1024,1,0,0
7339413060379276,0,trading_callback,0,1024,3,0,0
7339413060379276,0,trace,0,8192,5,0,0
7339413060379276,0,latency,0,4096,8,0,0
7339413060379276,1,market_ingress,0,1024,7,0,0
7339413060379276,1,trader_request,0,1024,1,0,0
7339413060379276,1,trading_callback,0,1024,3,0,0
7339413060379276,1,trace,0,8192,12,0,0
7339413060379276,1,latency,0,4096,5,0,0
7339413160707524,0,market_ingress,0,1024,8,0,0
7339413160707524,0,trader_request,0,1024,1,0,0
7339413160707524,0,trading_callback,0,1024,3,0,0
7339413160707524,0,trace,0,8192,5,0,0
7339413160707524,0,latency,0,4096,8,0,0
7339413160707524,1,market_ingress,0,1024,7,0,0
7339413160707524,1,trader_request,0,1024,1,0,0
7339413160707524,1,trading_callback,0,1024,3,0,0
7339413160707524,1,trace,0,8192,12,0,0
7339413160707524,1,latency,0,4096,5,0,0
7339413261056164,0,market_ingress,0,1024,8,0,0
7339413261056164,0,trader_request,0,1024,1,0,0
7339413261056164,0,trading_callback,0,1024,3,0,0
7339413261056164,0,trace,0,8192,5,0,0
7339413261056164,0,latency,0,4096,8,0,0
7339413261056164,1,market_ingress,0,1024,7,0,0
7339413261056164,1,trader_request,0,1024,1,0,0
7339413261056164,1,trading_callback,0,1024,3,0,0
7339413261056164,1,trace,0,8192,12,0,0
7339413261056164,1,latency,0,4096,5,0,0
7339413361421427,0,market_ingress,0,1024,8,0,0
7339413361421427,0,trader_request,0,1024,1,0,0
7339413361421427,0,trading_callback,0,1024,3,0,0
7339413361421427,0,trace,0,8192,5,0,0
7339413361421427,0,latency,0,4096,8,0,0
7339413361421427,1,market_ingress,0,1024,7,0,0
7339413361421427,1,trader_request,0,1024,1,0,0
7339413361421427,1,trading_callback,0,1024,3,0,0
7339413361421427,1,trace,0,8192,12,0,0
7339413361421427,1,latency,0,4096,5,0,0
7339413461830887,0,market_ingress,0,1024,8,0,0
7339413461830887,0,trader_request,0,1024,1,0,0
7339413461830887,0,trading_callback,0,1024,3,0,0
7339413461830887,0,trace,0,8192,5,0,0
7339413461830887,0,latency,0,4096,8,0,0
7339413461830887,1,market_ingress,0,1024,7,0,0
7339413461830887,1,trader_request,0,1024,1,0,0
7339413461830887,1,trading_callback,0,1024,3,0,0
7339413461830887,1,trace,0,8192,12,0,0
7339413461830887,1,latency,0,4096,5,0,0
7339413562276580,0,market_ingress,0,1024,8,0,0
7339413562276580,0,trader_request,0,1024,1,0,0
7339413562276580,0,trading_callback,0,1024,3,0,0
7339413562276580,0,trace,0,8192,5,0,0
7339413562276580,0,latency,0,4096,8,0,0
7339413562276580,1,market_ingress,0,1024,7,0,0
7339413562276580,1,trader_request,0,1024,1,0,0
7339413562276580,1,trading_callback,0,1024,3,0,0
7339413562276580,1,trace,0,8192,12,0,0
7339413562276580,1,latency,0,4096,5,0,0
7339413662633922,0,market_ingress,0,1024,8,0,0
7339413662633922,0,trader_request,0,1024,1,0,0
7339413662633922,0,trading_callback,0,1024,3,0,0
7339413662633922,0,trace,0,8192,5,0,0
7339413662633922,0,latency,0,4096,8,0,0
7339413662633922,1,market_ingress,0,1024,7,0,0
7339413662633922,1,trader_request,0,1024,1,0,0
7339413662633922,1,trading_callback,0,1024,3,0,0
7339413662633922,1,trace,0,8192,12,0,0
7339413662633922,1,latency,0,4096,5,0,0
7339413762967098,0,market_ingress,0,1024,8,0,0
7339413762967098,0,trader_request,0,1024,1,0,0
7339413762967098,0,trading_callback,0,1024,3,0,0
7339413762967098,0,trace,0,8192,5,0,0
7339413762967098,0,latency,0,4096,8,0,0
7339413762967098,1,market_ingress,0,1024,7,0,0
7339413762967098,1,trader_request,0,1024,1,0,0
7339413762967098,1,trading_callback,0,1024,3,0,0
7339413762967098,1,trace,0,8192,12,0,0
7339413762967098,1,latency,0,4096,5,0,0
7339413863356756,0,market_ingress,0,1024,8,0,0
7339413863356756,0,trader_request,0,1024,1,0,0
7339413863356756,0,trading_callback,0,1024,3,0,0
7339413863356756,0,trace,0,8192,5,0,0
7339413863356756,0,latency,0,4096,8,0,0
7339413863356756,1,market_ingress,0,1024,7,0,0
7339413863356756,1,trader_request,0,1024,1,0,0
7339413863356756,1,trading_callback,0,1024,3,0,0
7339413863356756,1,trace,0,8192,12,0,0
7339413863356756,1,latency,0,4096,5,0,0
7339413963722923,0,market_ingress,0,1024,8,0,0
7339413963722923,0,trader_request,0,1024,1,0,0
7339413963722923,0,trading_callback,0,1024,3,0,0
7339413963722923,0,trace,0,8192,5,0,0
7339413963722923,0,latency,0,4096,8,0,0
7339413963722923,1,market_ingress,0,1024,7,0,0
7339413963722923,1,trader_request,0,1024,1,0,0
7339413963722923,1,trading_callback,0,1024,3,0,0
7339413963722923,1,trace,0,8192,12,0,0
7339413963722923,1,latency,0,4096,5,0,0
7339414064464427,0,market_ingress,0,1024,8,0,0
7339414064464427,0,trader_request,0,1024,1,0,0
7339414064464427,0,trading_callback,0,1024,3,0,0
7339414064464427,0,trace,0,8192,5,0,0
7339414064464427,0,latency,0,4096,8,0,0
7339414064464427,1,market_ingress,0,1024,7,0,0
7339414064464427,1,trader_request,0,1024,1,0,0
7339414064464427,1,trading_callback,0,1024,3,0,0
7339414064464427,1,trace,0,8192,12,0,0
7339414064464427,1,latency,0,4096,5,0,0
7339414164853648,0,market_ingress,0,1024,8,0,0
7339414164853648,0,trader_request,0,1024,1,0,0
7339414164853648,0,trading_callback,0,1024,3,0,0
7339414164853648,0,trace,0,8192,5,0,0
7339414164853648,0,latency,0,4096,8,0,0
7339414164853648,1,market_ingress,0,1024,7,0,0
7339414164853648,1,trader_request,0,1024,1,0,0
7339414164853648,1,trading_callback,0,1024,3,0,0
7339414164853648,1,trace,0,8192,12,0,0
7339414164853648,1,latency,0,4096,5,0,0
7339414265231258,0,market_ingress,0,1024,8,0,0
7339414265231258,0,trader_request,0,1024,1,0,0
7339414265231258,0,trading_callback,0,1024,3,0,0
7339414265231258,0,trace,0,8192,5,0,0
7339414265231258,0,latency,0,4096,8,0,0
7339414265231258,1,market_ingress,0,1024,7,0,0
7339414265231258,1,trader_request,0,1024,1,0,0
7339414265231258,1,trading_callback,0,1024,3,0,0
7339414265231258,1,trace,0,8192,12,0,0
7339414265231258,1,latency,0,4096,5,0,0
7339414365593420,0,market_ingress,0,1024,8,0,0
7339414365593420,0,trader_request,0,1024,1,0,0
7339414365593420,0,trading_callback,0,1024,3,0,0
7339414365593420,0,trace,0,8192,5,0,0
7339414365593420,0,latency,0,4096,8,0,0
7339414365593420,1,market_ingress,0,1024,7,0,0
7339414365593420,1,trader_request,0,1024,1,0,0
7339414365593420,1,trading_callback,0,1024,3,0,0
7339414365593420,1,trace,0,8192,12,0,0
7339414365593420,1,latency,0,4096,5,0,0
7339414465959236,0,market_ingress,0,1024,8,0,0
7339414465959236,0,trader_request,0,1024,1,0,0
7339414465959236,0,trading_callback,0,1024,3,0,0
7339414465959236,0,trace,0,8192,5,0,0
7339414465959236,0,latency,0,4096,8,0,0
7339414465959236,1,market_ingress,0,1024,7,0,0
7339414465959236,1,trader_request,0,1024,1,0,0
7339414465959236,1,trading_callback,0,1024,3,0,0
7339414465959236,1,trace,0,8192,12,0,0
7339414465959236,1,latency,0,4096,5,0,0
7339414566327995,0,market_ingress,0,1024,8,0,0
7339414566327995,0,trader_request,0,1024,1,0,0
7339414566327995,0,trading_callback,0,1024,3,0,0
7339414566327995,0,trace,0,8192,6,0,0
7339414566327995,0,latency,0,4096,8,0,0
7339414566327995,1,market_ingress,0,1024,7,0,0
7339414566327995,1,trader_request,0,1024,1,0,0
7339414566327995,1,trading_callback,0,1024,3,0,0
7339414566327995,1,trace,0,8192,12,0,0
7339414566327995,1,latency,0,4096,5,0,0
7339414666709149,0,market_ingress,0,1024,8,0,0
7339414666709149,0,trader_request,0,1024,1,0,0
7339414666709149,0,trading_callback,0,1024,3,0,0
7339414666709149,0,trace,0,8192,6,0,0
7339414666709149,0,latency,0,4096,8,0,0
7339414666709149,1,market_ingress,0,1024,7,0,0
7339414666709149,1,trader_request,0,1024,1,0,0
7339414666709149,1,trading_callback,0,1024,3,0,0
7339414666709149,1,trace,0,8192,12,0,0
7339414666709149,1,latency,0,4096,5,0,0
7339414767063906,0,market_ingress,0,1024,8,0,0
7339414767063906,0,trader_request,0,1024,1,0,0
7339414767063906,0,trading_callback,0,1024,3,0,0
7339414767063906,0,trace,0,8192,6,0,0
7339414767063906,0,latency,0,4096,8,0,0
7339414767063906,1,market_ingress,0,1024,7,0,0
7339414767063906,1,trader_request,0,1024,1,0,0
7339414767063906,1,trading_callback,0,1024,3,0,0
7339414767063906,1,trace,0,8192,12,0,0
7339414767063906,1,latency,0,4096,5,0,0
7339414867430579,0,market_ingress,0,1024,8,0,0
7339414867430579,0,trader_request,0,1024,1,0,0
7339414867430579,0,trading_callback,0,1024,3,0,0
7339414867430579,0,trace,0,8192,6,0,0
7339414867430579,0,latency,0,4096,8,0,0
7339414867430579,1,market_ingress,0,1024,7,0,0
7339414867430579,1,trader_request,0,1024,1,0,0
7339414867430579,1,trading_callback,0,1024,3,0,0
7339414867430579,1,trace,0,8192,12,0,0
7339414867430579,1,latency,0,4096,5,0,0
7339414967857905,0,market_ingress,0,1024,8,0,0
7339414967857905,0,trader_request,0,1024,1,0,0
7339414967857905,0,trading_callback,0,1024,3,0,0
7339414967857905,0,trace,0,8192,6,0,0
7339414967857905,0,latency,0,4096,8,0,0
7339414967857905,1,market_ingress,0,1024,7,0,0
7339414967857905,1,trader_request,0,1024,1,0,0
7339414967857905,1,trading_callback,0,1024,3,0,0
7339414967857905,1,trace,0,8192,12,0,0
7339414967857905,1,latency,0,4096,5,0,0
7339415068231754,0,market_ingress,0,1024,8,0,0
7339415068231754,0,trader_request,0,1024,1,0,0
7339415068231754,0,trading_callback,0,1024,3,0,0
7339415068231754,0,trace,0,8192,6,0,0
7339415068231754,0,latency,0,4096,8,0,0
7339415068231754,1,market_ingress,0,1024,7,0,0
7339415068231754,1,trader_request,0,1024,1,0,0
7339415068231754,1,trading_callback,0,1024,3,0,0
7339415068231754,1,trace,0,8192,12,0,0
7339415068231754,1,latency,0,4096,5,0,0
7339415168594046,0,market_ingress,0,1024,8,0,0
7339415168594046,0,trader_request,0,1024,1,0,0
7339415168594046,0,trading_callback,0,1024,3,0,0
7339415168594046,0,trace,0,8192,6,0,0
7339415168594046,0,latency,0,4096,8,0,0
7339415168594046,1,market_ingress,0,1024,7,0,0
7339415168594046,1,trader_request,0,1024,1,0,0
7339415168594046,1,trading_callback,0,1024,3,0,0
7339415168594046,1,trace,0,8192,12,0,0
7339415168594046,1,latency,0,4096,5,0,0
7339415268978377,0,market_ingress,0,1024,8,0,0
7339415268978377,0,trader_request,0,1024,1,0,0
7339415268978377,0,trading_callback,0,1024,3,0,0
7339415268978377,0,trace,0,8192,6,0,0
7339415268978377,0,latency,0,4096,8,0,0
7339415268978377,1,market_ingress,0,1024,7,0,0
7339415268978377,1,trader_request,0,1024,1,0,0
7339415268978377,1,trading_callback,0,1024,3,0,0
7339415268978377,1,trace,0,8192,12,0,0
7339415268978377,1,latency,0,4096,5,0,0
7339415369335773,0,market_ingress,0,1024,8,0,0
7339415369335773,0,trader_request,0,1024,1,0,0
7339415369335773,0,trading_callback,0,1024,3,0,0
7339415369335773,0,trace,0,8192,6,0,0
7339415369335773,0,latency,0,4096,8,0,0
7339415369335773,1,market_ingress,0,1024,7,0,0
7339415369335773,1,trader_request,0,1024,1,0,0
7339415369335773,1,trading_callback,0,1024,3,0,0
7339415369335773,1,trace,0,8192,12,0,0
7339415369335773,1,latency,0,4096,5,0,0
7339415469698514,0,market_ingress,0,1024,8,0,0
7339415469698514,0,trader_request,0,1024,1,0,0
7339415469698514,0,trading_callback,0,1024,3,0,0
7339415469698514,0,trace,0,8192,6,0,0
7339415469698514,0,latency,0,4096,8,0,0
7339415469698514,1,market_ingress,0,1024,7,0,0
7339415469698514,1,trader_request,0,1024,1,0,0
7339415469698514,1,trading_callback,0,1024,3,0,0
7339415469698514,1,trace,0,8192,12,0,0
7339415469698514,1,latency,0,4096,5,0,0
7339415570053112,0,market_ingress,0,1024,8,0,0
7339415570053112,0,trader_request,0,1024,1,0,0
7339415570053112,0,trading_callback,0,1024,3,0,0
7339415570053112,0,trace,0,8192,6,0,0
7339415570053112,0,latency,0,4096,8,0,0
7339415570053112,1,market_ingress,0,1024,7,0,0
7339415570053112,1,trader_request,0,1024,1,0,0
7339415570053112,1,trading_callback,0,1024,3,0,0
7339415570053112,1,trace,0,8192,12,0,0
7339415570053112,1,latency,0,4096,5,0,0
7339415670416819,0,market_ingress,0,1024,8,0,0
7339415670416819,0,trader_request,0,1024,1,0,0
7339415670416819,0,trading_callback,0,1024,3,0,0
7339415670416819,0,trace,0,8192,6,0,0
7339415670416819,0,latency,0,4096,8,0,0
7339415670416819,1,market_ingress,0,1024,7,0,0
7339415670416819,1,trader_request,0,1024,1,0,0
7339415670416819,1,trading_callback,0,1024,3,0,0
7339415670416819,1,trace,0,8192,12,0,0
7339415670416819,1,latency,0,4096,5,0,0
7339415770913878,0,market_ingress,0,1024,8,0,0
7339415770913878,0,trader_request,0,1024,1,0,0
7339415770913878,0,trading_callback,0,1024,3,0,0
7339415770913878,0,trace,0,8192,6,0,0
7339415770913878,0,latency,0,4096,8,0,0
7339415770913878,1,market_ingress,0,1024,7,0,0
7339415770913878,1,trader_request,0,1024,1,0,0
7339415770913878,1,trading_callback,0,1024,3,0,0
7339415770913878,1,trace,0,8192,12,0,0
7339415770913878,1,latency,0,4096,5,0,0
7339415871370858,0,market_ingress,0,1024,8,0,0
7339415871370858,0,trader_request,0,1024,1,0,0
7339415871370858,0,trading_callback,0,1024,3,0,0
7339415871370858,0,trace,0,8192,6,0,0
7339415871370858,0,latency,0,4096,8,0,0
7339415871370858,1,market_ingress,0,1024,7,0,0
7339415871370858,1,trader_request,0,1024,1,0,0
7339415871370858,1,trading_callback,0,1024,3,0,0
7339415871370858,1,trace,0,8192,12,0,0
7339415871370858,1,latency,0,4096,5,0,0
7339415971740341,0,market_ingress,0,1024,8,0,0
7339415971740341,0,trader_request,0,1024,1,0,0
7339415971740341,0,trading_callback,0,1024,3,0,0
7339415971740341,0,trace,0,8192,6,0,0
7339415971740341,0,latency,0,4096,8,0,0
7339415971740341,1,market_ingress,0,1024,7,0,0
7339415971740341,1,trader_request,0,1024,1,0,0
7339415971740341,1,trading_callback,0,1024,3,0,0
7339415971740341,1,trace,0,8192,12,0,0
7339415971740341,1,latency,0,4096,5,0,0
7339416072121960,0,market_ingress,0,1024,8,0,0
7339416072121960,0,trader_request,0,1024,1,0,0
7339416072121960,0,trading_callback,0,1024,3,0,0
7339416072121960,0,trace,0,8192,6,0,0
7339416072121960,0,latency,0,4096,8,0,0
7339416072121960,1,market_ingress,0,1024,7,0,0
7339416072121960,1,trader_request,0,1024,1,0,0
7339416072121960,1,trading_callback,0,1024,3,0,0
7339416072121960,1,trace,0,8192,12,0,0
7339416072121960,1,latency,0,4096,5,0,0
7339416172475020,0,market_ingress,0,1024,8,0,0
7339416172475020,0,trader_request,0,1024,1,0,0
7339416172475020,0,trading_callback,0,1024,3,0,0
7339416172475020,0,trace,0,8192,6,0,0
7339416172475020,0,latency,0,4096,8,0,0
7339416172475020,1,market_ingress,0,1024,7,0,0
7339416172475020,1,trader_request,0,1024,1,0,0
7339416172475020,1,trading_callback,0,1024,3,0,0
7339416172475020,1,trace,0,8192,12,0,0
7339416172475020,1,latency,0,4096,5,0,0
7339416272854805,0,market_ingress,0,1024,8,0,0
7339416272854805,0,trader_request,0,1024,1,0,0
7339416272854805,0,trading_callback,0,1024,3,0,0
7339416272854805,0,trace,0,8192,6,0,0
7339416272854805,0,latency,0,4096,8,0,0
7339416272854805,1,market_ingress,0,1024,7,0,0
7339416272854805,1,trader_request,0,1024,1,0,0
7339416272854805,1,trading_callback,0,1024,3,0,0
7339416272854805,1,trace,0,8192,12,0,0
7339416272854805,1,latency,0,4096,5,0,0
7339416373207657,0,market_ingress,0,1024,8,0,0
7339416373207657,0,trader_request,0,1024,1,0,0
7339416373207657,0,trading_callback,0,1024,3,0,0
7339416373207657,0,trace,0,8192,6,0,0
7339416373207657,0,latency,0,4096,8,0,0
7339416373207657,1,market_ingress,0,1024,7,0,0
7339416373207657,1,trader_request,0,1024,1,0,0
7339416373207657,1,trading_callback,0,1024,3,0,0
7339416373207657,1,trace,0,8192,12,0,0
7339416373207657,1,latency,0,4096,5,0,0
7339416473570480,0,market_ingress,0,1024,8,0,0
7339416473570480,0,trader_request,0,1024,1,0,0
7339416473570480,0,trading_callback,0,1024,3,0,0
7339416473570480,0,trace,0,8192,6,0,0
7339416473570480,0,latency,0,4096,8,0,0
7339416473570480,1,market_ingress,0,1024,7,0,0
7339416473570480,1,trader_request,0,1024,1,0,0
7339416473570480,1,trading_callback,0,1024,3,0,0
7339416473570480,1,trace,0,8192,12,0,0
7339416473570480,1,latency,0,4096,5,0,0
7339416573935436,0,market_ingress,0,1024,8,0,0
7339416573935436,0,trader_request,0,1024,1,0,0
7339416573935436,0,trading_callback,0,1024,3,0,0
7339416573935436,0,trace,0,8192,6,0,0
7339416573935436,0,latency,0,4096,8,0,0
7339416573935436,1,market_ingress,0,1024,7,0,0
7339416573935436,1,trader_request,0,1024,1,0,0
7339416573935436,1,trading_callback,0,1024,3,0,0
7339416573935436,1,trace,0,8192,12,0,0
7339416573935436,1,latency,0,4096,5,0,0
7339416674298612,0,market_ingress,0,1024,8,0,0
7339416674298612,0,trader_request,0,1024,1,0,0
7339416674298612,0,trading_callback,0,1024,3,0,0
7339416674298612,0,trace,0,8192,6,0,0
7339416674298612,0,latency,0,4096,8,0,0
7339416674298612,1,market_ingress,0,1024,7,0,0
7339416674298612,1,trader_request,0,1024,1,0,0
7339416674298612,1,trading_callback,0,1024,3,0,0
7339416674298612,1,trace,0,8192,12,0,0
7339416674298612,1,latency,0,4096,5,0,0
7339416774663978,0,market_ingress,0,1024,8,0,0
7339416774663978,0,trader_request,0,1024,1,0,0
7339416774663978,0,trading_callback,0,1024,3,0,0
7339416774663978,0,trace,0,8192,6,0,0
7339416774663978,0,latency,0,4096,8,0,0
7339416774663978,1,market_ingress,0,1024,7,0,0
7339416774663978,1,trader_request,0,1024,1,0,0
7339416774663978,1,trading_callback,0,1024,3,0,0
7339416774663978,1,trace,0,8192,12,0,0
7339416774663978,1,latency,0,4096,5,0,0
7339416875036016,0,market_ingress,0,1024,8,0,0
7339416875036016,0,trader_request,0,1024,1,0,0
7339416875036016,0,trading_callback,0,1024,3,0,0
7339416875036016,0,trace,0,8192,6,0,0
7339416875036016,0,latency,0,4096,8,0,0
7339416875036016,1,market_ingress,0,1024,7,0,0
7339416875036016,1,trader_request,0,1024,1,0,0
7339416875036016,1,trading_callback,0,1024,3,0,0
7339416875036016,1,trace,0,8192,12,0,0
7339416875036016,1,latency,0,4096,5,0,0
7339416975402563,0,market_ingress,0,1024,8,0,0
7339416975402563,0,trader_request,0,1024,1,0,0
7339416975402563,0,trading_callback,0,1024,3,0,0
7339416975402563,0,trace,0,8192,6,0,0
7339416975402563,0,latency,0,4096,8,0,0
7339416975402563,1,market_ingress,0,1024,7,0,0
7339416975402563,1,trader_request,0,1024,1,0,0
7339416975402563,1,trading_callback,0,1024,3,0,0
7339416975402563,1,trace,0,8192,12,0,0
7339416975402563,1,latency,0,4096,5,0,0
7339417075789263,0,market_ingress,0,1024,8,0,0
7339417075789263,0,trader_request,0,1024,1,0,0
7339417075789263,0,trading_callback,0,1024,3,0,0
7339417075789263,0,trace,0,8192,6,0,0
7339417075789263,0,latency,0,4096,8,0,0
7339417075789263,1,market_ingress,0,1024,7,0,0
7339417075789263,1,trader_request,0,1024,1,0,0
7339417075789263,1,trading_callback,0,1024,3,0,0
7339417075789263,1,trace,0,8192,12,0,0
7339417075789263,1,latency,0,4096,5,0,0
7339417176630285,0,market_ingress,0,1024,8,0,0
7339417176630285,0,trader_request,0,1024,1,0,0
7339417176630285,0,trading_callback,0,1024,3,0,0
7339417176630285,0,trace,0,8192,6,0,0
7339417176630285,0,latency,0,4096,8,0,0
7339417176630285,1,market_ingress,0,1024,7,0,0
7339417176630285,1,trader_request,0,1024,1,0,0
7339417176630285,1,trading_callback,0,1024,3,0,0
7339417176630285,1,trace,0,8192,22,0,0
7339417176630285,1,latency,0,4096,5,0,0
7339417277136775,0,market_ingress,0,1024,8,0,0
7339417277136775,0,trader_request,0,1024,1,0,0
7339417277136775,0,trading_callback,0,1024,3,0,0
7339417277136775,0,trace,0,8192,6,0,0
7339417277136775,0,latency,0,4096,8,0,0
7339417277136775,1,market_ingress,0,1024,7,0,0
7339417277136775,1,trader_request,0,1024,1,0,0
7339417277136775,1,trading_callback,0,1024,3,0,0
7339417277136775,1,trace,0,8192,22,0,0
7339417277136775,1,latency,0,4096,5,0,0
7339417377607031,0,market_ingress,0,1024,8,0,0
7339417377607031,0,trader_request,0,1024,1,0,0
7339417377607031,0,trading_callback,0,1024,3,0,0
7339417377607031,0,trace,0,8192,6,0,0
7339417377607031,0,latency,0,4096,8,0,0
7339417377607031,1,market_ingress,0,1024,7,0,0
7339417377607031,1,trader_request,0,1024,1,0,0
7339417377607031,1,trading_callback,0,1024,3,0,0
7339417377607031,1,trace,0,8192,22,0,0
7339417377607031,1,latency,0,4096,5,0,0
7339417478081573,0,market_ingress,0,1024,8,0,0
7339417478081573,0,trader_request,0,1024,1,0,0
7339417478081573,0,trading_callback,1,1024,3,79423,0
7339417478081573,0,trace,0,8192,6,0,0
7339417478081573,0,latency,0,4096,8,0,0
7339417478081573,1,market_ingress,0,1024,7,0,0
7339417478081573,1,trader_request,0,1024,1,0,0
7339417478081573,1,trading_callback,0,1024,3,0,0
7339417478081573,1,trace,0,8192,22,0,0
7339417478081573,1,latency,0,4096,5,0,0
7339417578482824,0,market_ingress,0,1024,8,0,0
7339417578482824,0,trader_request,0,1024,1,0,0
7339417578482824,0,trading_callback,0,1024,3,0,0
7339417578482824,0,trace,0,8192,6,0,0
7339417578482824,0,latency,0,4096,8,0,0
7339417578482824,1,market_ingress,0,1024,7,0,0
7339417578482824,1,trader_request,0,1024,1,0,0
7339417578482824,1,trading_callback,0,1024,3,0,0
7339417578482824,1,trace,0,8192,22,0,0
7339417578482824,1,latency,0,4096,5,0,0
7339417678963107,0,market_ingress,0,1024,8,0,0
7339417678963107,0,trader_request,0,1024,1,0,0
7339417678963107,0,trading_callback,0,1024,3,0,0
7339417678963107,0,trace,0,8192,6,0,0
7339417678963107,0,latency,0,4096,8,0,0
7339417678963107,1,market_ingress,0,1024,7,0,0
7339417678963107,1,trader_request,0,1024,1,0,0
7339417678963107,1,trading_callback,0,1024,3,0,0
7339417678963107,1,trace,0,8192,22,0,0
7339417678963107,1,latency,0,4096,5,0,0
7339417779447236,0,market_ingress,0,1024,8,0,0
7339417779447236,0,trader_request,0,1024,1,0,0
7339417779447236,0,trading_callback,0,1024,3,0,0
7339417779447236,0,trace,0,8192,6,0,0
7339417779447236,0,latency,0,4096,8,0,0
7339417779447236,1,market_ingress,0,1024,7,0,0
7339417779447236,1,trader_request,0,1024,1,0,0
7339417779447236,1,trading_callback,0,1024,3,0,0
7339417779447236,1,trace,0,8192,22,0,0
7339417779447236,1,latency,0,4096,5,0,0
7339417879814970,0,market_ingress,0,1024,8,0,0
7339417879814970,0,trader_request,0,1024,1,0,0
7339417879814970,0,trading_callback,0,1024,3,0,0
7339417879814970,0,trace,0,8192,6,0,0
7339417879814970,0,latency,0,4096,8,0,0
7339417879814970,1,market_ingress,0,1024,7,0,0
7339417879814970,1,trader_request,0,1024,1,0,0
7339417879814970,1,trading_callback,0,1024,3,0,0
7339417879814970,1,trace,0,8192,22,0,0
7339417879814970,1,latency,0,4096,5,0,0
7339417980325300,0,market_ingress,0,1024,8,0,0
7339417980325300,0,trader_request,0,1024,1,0,0
7339417980325300,0,trading_callback,0,1024,3,0,0
7339417980325300,0,trace,0,8192,6,0,0
7339417980325300,0,latency,0,4096,8,0,0
7339417980325300,1,market_ingress,0,1024,7,0,0
7339417980325300,1,trader_request,0,1024,1,0,0
7339417980325300,1,trading_callback,0,1024,3,0,0
7339417980325300,1,trace,0,8192,22,0,0
7339417980325300,1,latency,0,4096,5,0,0
7339418080702905,0,market_ingress,0,1024,8,0,0
7339418080702905,0,trader_request,0,1024,1,0,0
7339418080702905,0,trading_callback,0,1024,3,0,0
7339418080702905,0,trace,0,8192,6,0,0
7339418080702905,0,latency,0,4096,8,0,0
7339418080702905,1,market_ingress,0,1024,7,0,0
7339418080702905,1,trader_request,0,1024,1,0,0
7339418080702905,1,trading_callback,0,1024,3,0,0
7339418080702905,1,trace,0,8192,22,0,0
7339418080702905,1,latency,0,4096,5,0,0
7339418181076102,0,market_ingress,0,1024,8,0,0
7339418181076102,0,trader_request,0,1024,1,0,0
7339418181076102,0,trading_callback,0,1024,3,0,0
7339418181076102,0,trace,0,8192,6,0,0
7339418181076102,0,latency,0,4096,8,0,0
7339418181076102,1,market_ingress,0,1024,7,0,0
7339418181076102,1,trader_request,0,1024,1,0,0
7339418181076102,1,trading_callback,0,1024,3,0,0
7339418181076102,1,trace,0,8192,22,0,0
7339418181076102,1,latency,0,4096,5,0,0
7339418281537351,0,market_ingress,0,1024,8,0,0
7339418281537351,0,trader_request,0,1024,1,0,0
7339418281537351,0,trading_callback,0,1024,3,0,0
7339418281537351,0,trace,0,8192,6,0,0
7339418281537351,0,latency,0,4096,8,0,0
7339418281537351,1,market_ingress,0,1024,7,0,0
7339418281537351,1,trader_request,0,1024,1,0,0
7339418281537351,1,trading_callback,0,1024,3,0,0
7339418281537351,1,trace,0,8192,22,0,0
7339418281537351,1,latency,0,4096,5,0,0
7339418382022613,0,market_ingress,0,1024,8,0,0
7339418382022613,0,trader_request,0,1024,1,0,0
7339418382022613,0,trading_callback,0,1024,3,0,0
7339418382022613,0,trace,0,8192,6,0,0
7339418382022613,0,latency,0,4096,8,0,0
7339418382022613,1,market_ingress,0,1024,7,0,0
7339418382022613,1,trader_request,0,1024,1,0,0
7339418382022613,1,trading_callback,0,1024,3,0,0
7339418382022613,1,trace,0,8192,22,0,0
7339418382022613,1,latency,0,4096,5,0,0
7339418482392877,0,market_ingress,0,1024,8,0,0
7339418482392877,0,trader_request,0,1024,1,0,0
7339418482392877,0,trading_callback,0,1024,3,0,0
7339418482392877,0,trace,0,8192,6,0,0
7339418482392877,0,latency,0,4096,8,0,0
7339418482392877,1,market_ingress,0,1024,7,0,0
7339418482392877,1,trader_request,0,1024,1,0,0
7339418482392877,1,trading_callback,0,1024,3,0,0
7339418482392877,1,trace,0,8192,22,0,0
7339418482392877,1,latency,0,4096,5,0,0
7339418582770712,0,market_ingress,0,1024,8,0,0
7339418582770712,0,trader_request,0,1024,1,0,0
7339418582770712,0,trading_callback,0,1024,3,0,0
7339418582770712,0,trace,0,8192,6,0,0
7339418582770712,0,latency,0,4096,8,0,0
7339418582770712,1,market_ingress,0,1024,7,0,0
7339418582770712,1,trader_request,0,1024,1,0,0
7339418582770712,1,trading_callback,0,1024,3,0,0
7339418582770712,1,trace,0,8192,22,0,0
7339418582770712,1,latency,0,4096,5,0,0
7339418683143712,0,market_ingress,0,1024,8,0,0
7339418683143712,0,trader_request,0,1024,1,0,0
7339418683143712,0,trading_callback,0,1024,3,0,0
7339418683143712,0,trace,0,8192,6,0,0
7339418683143712,0,latency,0,4096,8,0,0
7339418683143712,1,market_ingress,0,1024,7,0,0
7339418683143712,1,trader_request,0,1024,1,0,0
7339418683143712,1,trading_callback,0,1024,3,0,0
7339418683143712,1,trace,0,8192,22,0,0
7339418683143712,1,latency,0,4096,5,0,0
7339418783511919,0,market_ingress,0,1024,8,0,0
7339418783511919,0,trader_request,0,1024,1,0,0
7339418783511919,0,trading_callback,0,1024,3,0,0
7339418783511919,0,trace,0,8192,6,0,0
7339418783511919,0,latency,0,4096,8,0,0
7339418783511919,1,market_ingress,0,1024,7,0,0
7339418783511919,1,trader_request,0,1024,1,0,0
7339418783511919,1,trading_callback,0,1024,3,0,0
7339418783511919,1,trace,0,8192,22,0,0
7339418783511919,1,latency,0,4096,5,0,0
7339418883880180,0,market_ingress,0,1024,8,0,0
7339418883880180,0,trader_request,0,1024,1,0,0
7339418883880180,0,trading_callback,0,1024,3,0,0
7339418883880180,0,trace,0,8192,6,0,0
7339418883880180,0,latency,0,4096,8,0,0
7339418883880180,1,market_ingress,0,1024,7,0,0
7339418883880180,1,trader_request,0,1024,1,0,0
7339418883880180,1,trading_callback,0,1024,3,0,0
7339418883880180,1,trace,0,8192,22,0,0
7339418883880180,1,latency,0,4096,5,0,0
7339418984282730,0,market_ingress,0,1024,8,0,0
7339418984282730,0,trader_request,0,1024,1,0,0
7339418984282730,0,trading_callback,0,1024,3,0,0
7339418984282730,0,trace,0,8192,6,0,0
7339418984282730,0,latency,0,4096,8,0,0
7339418984282730,1,market_ingress,0,1024,7,0,0
7339418984282730,1,trader_request,0,1024,1,0,0
7339418984282730,1,trading_callback,0,1024,3,0,0
7339418984282730,1,trace,0,8192,22,0,0
7339418984282730,1,latency,0,4096,5,0,0
7339419084666732,0,market_ingress,0,1024,8,0,0
7339419084666732,0,trader_request,0,1024,1,0,0
7339419084666732,0,trading_callback,0,1024,3,0,0
7339419084666732,0,trace,0,8192,6,0,0
7339419084666732,0,latency,0,4096,8,0,0
7339419084666732,1,market_ingress,0,1024,7,0,0
7339419084666732,1,trader_request,0,1024,1,0,0
7339419084666732,1,trading_callback,0,1024,3,0,0
7339419084666732,1,trace,0,8192,22,0,0
7339419084666732,1,latency,0,4096,5,0,0
7339419185048772,0,market_ingress,0,1024,8,0,0
7339419185048772,0,trader_request,0,1024,1,0,0
7339419185048772,0,trading_callback,0,1024,3,0,0
7339419185048772,0,trace,0,8192,6,0,0
7339419185048772,0,latency,0,4096,8,0,0
7339419185048772,1,market_ingress,0,1024,7,0,0
7339419185048772,1,trader_request,0,1024,1,0,0
7339419185048772,1,trading_callback,0,1024,3,0,0
7339419185048772,1,trace,0,8192,22,0,0
7339419185048772,1,latency,0,4096,5,0,0
7339419285409007,0,market_ingress,0,1024,8,0,0
7339419285409007,0,trader_request,0,1024,1,0,0
7339419285409007,0,trading_callback,0,1024,3,0,0
7339419285409007,0,trace,0,8192,6,0,0
7339419285409007,0,latency,0,4096,8,0,0
7339419285409007,1,market_ingress,0,1024,7,0,0
7339419285409007,1,trader_request,0,1024,1,0,0
7339419285409007,1,trading_callback,0,1024,3,0,0
7339419285409007,1,trace,0,8192,22,0,0
7339419285409007,1,latency,0,4096,5,0,0
7339419385787918,0,market_ingress,0,1024,8,0,0
7339419385787918,0,trader_request,0,1024,1,0,0
7339419385787918,0,trading_callback,0,1024,3,0,0
7339419385787918,0,trace,0,8192,6,0,0
7339419385787918,0,latency,0,4096,8,0,0
7339419385787918,1,market_ingress,0,1024,7,0,0
7339419385787918,1,trader_request,0,1024,1,0,0
7339419385787918,1,trading_callback,0,1024,3,0,0
7339419385787918,1,trace,0,8192,22,0,0
7339419385787918,1,latency,0,4096,5,0,0
7339419486185471,0,market_ingress,0,1024,8,0,0
7339419486185471,0,trader_request,0,1024,1,0,0
7339419486185471,0,trading_callback,0,1024,3,0,0
7339419486185471,0,trace,0,8192,6,0,0
7339419486185471,0,latency,0,4096,8,0,0
7339419486185471,1,market_ingress,0,1024,7,0,0
7339419486185471,1,trader_request,0,1024,1,0,0
7339419486185471,1,trading_callback,0,1024,3,0,0
7339419486185471,1,trace,0,8192,22,0,0
7339419486185471,1,latency,0,4096,5,0,0
7339419586549347,0,market_ingress,0,1024,8,0,0
7339419586549347,0,trader_request,0,1024,1,0,0
7339419586549347,0,trading_callback,0,1024,3,0,0
7339419586549347,0,trace,0,8192,6,0,0
7339419586549347,0,latency,0,4096,8,0,0
7339419586549347,1,market_ingress,0,1024,7,0,0
7339419586549347,1,trader_request,0,1024,1,0,0
7339419586549347,1,trading_callback,0,1024,3,0,0
7339419586549347,1,trace,0,8192,22,0,0
7339419586549347,1,latency,0,4096,5,0,0
7339419686917651,0,market_ingress,0,1024,8,0,0
7339419686917651,0,trader_request,0,1024,1,0,0
7339419686917651,0,trading_callback,0,1024,3,0,0
7339419686917651,0,trace,0,8192,6,0,0
7339419686917651,0,latency,0,4096,8,0,0
7339419686917651,1,market_ingress,0,1024,7,0,0
7339419686917651,1,trader_request,0,1024,1,0,0
7339419686917651,1,trading_callback,0,1024,3,0,0
7339419686917651,1,trace,0,8192,22,0,0
7339419686917651,1,latency,0,4096,5,0,0
7339419787291147,0,market_ingress,0,1024,8,0,0
7339419787291147,0,trader_request,0,1024,1,0,0
7339419787291147,0,trading_callback,0,1024,3,0,0
7339419787291147,0,trace,0,8192,6,0,0
7339419787291147,0,latency,0,4096,8,0,0
7339419787291147,1,market_ingress,0,1024,7,0,0
7339419787291147,1,trader_request,0,1024,1,0,0
7339419787291147,1,trading_callback,0,1024,3,0,0
7339419787291147,1,trace,0,8192,22,0,0
7339419787291147,1,latency,0,4096,5,0,0
7339419887659498,0,market_ingress,0,1024,8,0,0
7339419887659498,0,trader_request,0,1024,1,0,0
7339419887659498,0,trading_callback,0,1024,3,0,0
7339419887659498,0,trace,0,8192,6,0,0
7339419887659498,0,latency,0,4096,8,0,0
7339419887659498,1,market_ingress,0,1024,7,0,0
7339419887659498,1,trader_request,0,1024,1,0,0
7339419887659498,1,trading_callback,0,1024,3,0,0
7339419887659498,1,trace,0,8192,22,0,0
7339419887659498,1,latency,0,4096,5,0,0
7339419988022666,0,market_ingress,0,1024,8,0,0
7339419988022666,0,trader_request,0,1024,1,0,0
7339419988022666,0,trading_callback,0,1024,3,0,0
7339419988022666,0,trace,0,8192,6,0,0
7339419988022666,0,latency,0,4096,8,0,0
7339419988022666,1,market_ingress,0,1024,7,0,0
7339419988022666,1,trader_request,0,1024,1,0,0
7339419988022666,1,trading_callback,0,1024,3,0,0
7339419988022666,1,trace,0,8192,22,0,0
7339419988022666,1,latency,0,4096,5,0,0
7339420092022999,0,market_ingress,0,1024,8,0,0
7339420092022999,0,trader_request,0,1024,1,0,0
7339420092022999,0,trading_callback,0,1024,3,0,0
7339420092022999,0,trace,0,8192,6,0,0
7339420092022999,0,latency,0,4096,8,0,0
7339420092022999,1,market_ingress,0,1024,7,0,0
7339420092022999,1,trader_request,0,1024,1,0,0
7339420092022999,1,trading_callback,0,1024,3,0,0
7339420092022999,1,trace,0,8192,22,0,0
7339420092022999,1,latency,0,4096,5,0,0
7339420192506938,0,market_ingress,0,1024,8,0,0
7339420192506938,0,trader_request,0,1024,1,0,0
7339420192506938,0,trading_callback,0,1024,3,0,0
7339420192506938,0,trace,0,8192,6,0,0
7339420192506938,0,latency,0,4096,8,0,0
7339420192506938,1,market_ingress,0,1024,7,0,0
7339420192506938,1,trader_request,0,1024,1,0,0
7339420192506938,1,trading_callback,0,1024,3,0,0
7339420192506938,1,trace,0,8192,22,0,0
7339420192506938,1,latency,0,4096,5,0,0
7339420292993899,0,market_ingress,0,1024,8,0,0
7339420292993899,0,trader_request,0,1024,1,0,0
7339420292993899,0,trading_callback,0,1024,3,0,0
7339420292993899,0,trace,0,8192,6,0,0
7339420292993899,0,latency,0,4096,8,0,0
7339420292993899,1,market_ingress,0,1024,7,0,0
7339420292993899,1,trader_request,0,1024,1,0,0
7339420292993899,1,trading_callback,0,1024,3,0,0
7339420292993899,1,trace,0,8192,22,0,0
7339420292993899,1,latency,0,4096,5,0,0
7339420393501962,0,market_ingress,0,1024,8,0,0
7339420393501962,0,trader_request,0,1024,1,0,0
7339420393501962,0,trading_callback,0,1024,3,0,0
7339420393501962,0,trace,0,8192,6,0,0
7339420393501962,0,latency,0,4096,8,0,0
7339420393501962,1,market_ingress,0,1024,7,0,0
7339420393501962,1,trader_request,0,1024,1,0,0
7339420393501962,1,trading_callback,0,1024,3,0,0
7339420393501962,1,trace,0,8192,22,0,0
7339420393501962,1,latency,0,4096,5,0,0
7339420493991433,0,market_ingress,0,1024,8,0,0
7339420493991433,0,trader_request,0,1024,1,0,0
7339420493991433,0,trading_callback,0,1024,3,0,0
7339420493991433,0,trace,0,8192,6,0,0
7339420493991433,0,latency,0,4096,8,0,0
7339420493991433,1,market_ingress,0,1024,7,0,0
7339420493991433,1,trader_request,0,1024,1,0,0
7339420493991433,1,trading_callback,0,1024,3,0,0
7339420493991433,1,trace,0,8192,22,0,0
7339420493991433,1,latency,0,4096,5,0,0
7339420594478107,0,market_ingress,0,1024,8,0,0
7339420594478107,0,trader_request,0,1024,1,0,0
7339420594478107,0,trading_callback,0,1024,3,0,0
7339420594478107,0,trace,0,8192,6,0,0
7339420594478107,0,latency,0,4096,8,0,0
7339420594478107,1,market_ingress,0,1024,7,0,0
7339420594478107,1,trader_request,0,1024,1,0,0
7339420594478107,1,trading_callback,0,1024,3,0,0
7339420594478107,1,trace,0,8192,22,0,0
7339420594478107,1,latency,0,4096,5,0,0
7339420694916431,0,market_ingress,0,1024,8,0,0
7339420694916431,0,trader_request,0,1024,1,0,0
7339420694916431,0,trading_callback,0,1024,3,0,0
7339420694916431,0,trace,0,8192,6,0,0
7339420694916431,0,latency,0,4096,8,0,0
7339420694916431,1,market_ingress,0,1024,7,0,0
7339420694916431,1,trader_request,0,1024,1,0,0
7339420694916431,1,trading_callback,0,1024,3,0,0
7339420694916431,1,trace,0,8192,22,0,0
7339420694916431,1,latency,0,4096,5,0,0
7339420795386722,0,market_ingress,0,1024,8,0,0
7339420795386722,0,trader_request,0,1024,1,0,0
7339420795386722,0,trading_callback,0,1024,3,0,0
7339420795386722,0,trace,0,8192,6,0,0
7339420795386722,0,latency,0,4096,8,0,0
7339420795386722,1,market_ingress,0,1024,7,0,0
7339420795386722,1,trader_request,0,1024,1,0,0
7339420795386722,1,trading_callback,0,1024,3,0,0
7339420795386722,1,trace,0,8192,22,0,0
7339420795386722,1,latency,0,4096,5,0,0
7339420895841471,0,market_ingress,0,1024,8,0,0
7339420895841471,0,trader_request,0,1024,1,0,0
7339420895841471,0,trading_callback,0,1024,3,0,0
7339420895841471,0,trace,0,8192,6,0,0
7339420895841471,0,latency,0,4096,8,0,0
7339420895841471,1,market_ingress,0,1024,7,0,0
7339420895841471,1,trader_request,0,1024,1,0,0
7339420895841471,1,trading_callback,0,1024,3,0,0
7339420895841471,1,trace,0,8192,22,0,0
7339420895841471,1,latency,0,4096,5,0,0
7339420997201704,0,market_ingress,0,1024,8,0,0
7339420997201704,0,trader_request,0,1024,1,0,0
7339420997201704,0,trading_callback,0,1024,3,0,0
7339420997201704,0,trace,0,8192,6,0,0
7339420997201704,0,latency,0,4096,8,0,0
7339420997201704,1,market_ingress,0,1024,7,0,0
7339420997201704,1,trader_request,0,1024,1,0,0
7339420997201704,1,trading_callback,0,1024,3,0,0
7339420997201704,1,trace,0,8192,22,0,0
7339420997201704,1,latency,0,4096,5,0,0
7339421097578957,0,market_ingress,0,1024,8,0,0
7339421097578957,0,trader_request,0,1024,1,0,0
7339421097578957,0,trading_callback,0,1024,3,0,0
7339421097578957,0,trace,0,8192,6,0,0
7339421097578957,0,latency,0,4096,8,0,0
7339421097578957,1,market_ingress,0,1024,7,0,0
7339421097578957,1,trader_request,0,1024,1,0,0
7339421097578957,1,trading_callback,0,1024,3,0,0
7339421097578957,1,trace,0,8192,22,0,0
7339421097578957,1,latency,0,4096,5,0,0
7339421197932223,0,market_ingress,0,1024,8,0,0
7339421197932223,0,trader_request,0,1024,1,0,0
7339421197932223,0,trading_callback,0,1024,3,0,0
7339421197932223,0,trace,0,8192,6,0,0
7339421197932223,0,latency,0,4096,8,0,0
7339421197932223,1,market_ingress,0,1024,7,0,0
7339421197932223,1,trader_request,0,1024,1,0,0
7339421197932223,1,trading_callback,0,1024,3,0,0
7339421197932223,1,trace,0,8192,22,0,0
7339421197932223,1,latency,0,4096,5,0,0
7339421298319830,0,market_ingress,0,1024,8,0,0
7339421298319830,0,trader_request,0,1024,1,0,0
7339421298319830,0,trading_callback,0,1024,3,0,0
7339421298319830,0,trace,0,8192,6,0,0
7339421298319830,0,latency,0,4096,8,0,0
7339421298319830,1,market_ingress,0,1024,7,0,0
7339421298319830,1,trader_request,0,1024,1,0,0
7339421298319830,1,trading_callback,0,1024,3,0,0
7339421298319830,1,trace,0,8192,22,0,0
7339421298319830,1,latency,0,4096,5,0,0
7339421398689023,0,market_ingress,0,1024,8,0,0
7339421398689023,0,trader_request,0,1024,1,0,0
7339421398689023,0,trading_callback,0,1024,3,0,0
7339421398689023,0,trace,0,8192,6,0,0
7339421398689023,0,latency,0,4096,8,0,0
7339421398689023,1,market_ingress,0,1024,7,0,0
7339421398689023,1,trader_request,0,1024,1,0,0
7339421398689023,1,trading_callback,0,1024,3,0,0
7339421398689023,1,trace,0,8192,22,0,0
7339421398689023,1,latency,0,4096,5,0,0
7339421499117967,0,market_ingress,0,1024,8,0,0
7339421499117967,0,trader_request,0,1024,1,0,0
7339421499117967,0,trading_callback,0,1024,3,0,0
7339421499117967,0,trace,0,8192,6,0,0
7339421499117967,0,latency,0,4096,8,0,0
7339421499117967,1,market_ingress,0,1024,7,0,0
7339421499117967,1,trader_request,0,1024,1,0,0
7339421499117967,1,trading_callback,0,1024,3,0,0
7339421499117967,1,trace,0,8192,22,0,0
7339421499117967,1,latency,0,4096,5,0,0
7339421599480177,0,market_ingress,0,1024,8,0,0
7339421599480177,0,trader_request,0,1024,1,0,0
7339421599480177,0,trading_callback,0,1024,3,0,0
7339421599480177,0,trace,0,8192,6,0,0
7339421599480177,0,latency,0,4096,8,0,0
7339421599480177,1,market_ingress,0,1024,7,0,0
7339421599480177,1,trader_request,0,1024,1,0,0
7339421599480177,1,trading_callback,0,1024,3,0,0
7339421599480177,1,trace,0,8192,22,0,0
7339421599480177,1,latency,0,4096,5,0,0
7339421699850606,0,market_ingress,0,1024,8,0,0
7339421699850606,0,trader_request,0,1024,1,0,0
7339421699850606,0,trading_callback,0,1024,3,0,0
7339421699850606,0,trace,0,8192,6,0,0
7339421699850606,0,latency,0,4096,8,0,0
7339421699850606,1,market_ingress,0,1024,7,0,0
7339421699850606,1,trader_request,0,1024,1,0,0
7339421699850606,1,trading_callback,0,1024,3,0,0
7339421699850606,1,trace,0,8192,22,0,0
7339421699850606,1,latency,0,4096,5,0,0
7339421800227355,0,market_ingress,0,1024,8,0,0
7339421800227355,0,trader_request,0,1024,1,0,0
7339421800227355,0,trading_callback,0,1024,3,0,0
7339421800227355,0,trace,0,8192,6,0,0
7339421800227355,0,latency,0,4096,8,0,0
7339421800227355,1,market_ingress,0,1024,7,0,0
7339421800227355,1,trader_request,0,1024,1,0,0
7339421800227355,1,trading_callback,0,1024,3,0,0
7339421800227355,1,trace,0,8192,22,0,0
7339421800227355,1,latency,0,4096,5,0,0
7339421900604916,0,market_ingress,0,1024,8,0,0
7339421900604916,0,trader_request,0,1024,1,0,0
7339421900604916,0,trading_callback,0,1024,3,0,0
7339421900604916,0,trace,0,8192,6,0,0
7339421900604916,0,latency,0,4096,8,0,0
7339421900604916,1,market_ingress,0,1024,7,0,0
7339421900604916,1,trader_request,0,1024,1,0,0
7339421900604916,1,trading_callback,0,1024,3,0,0
7339421900604916,1,trace,0,8192,22,0,0
7339421900604916,1,latency,0,4096,5,0,0
7339422000988456,0,market_ingress,0,1024,8,0,0
7339422000988456,0,trader_request,0,1024,1,0,0
7339422000988456,0,trading_callback,0,1024,3,0,0
7339422000988456,0,trace,0,8192,6,0,0
7339422000988456,0,latency,0,4096,8,0,0
7339422000988456,1,market_ingress,0,1024,7,0,0
7339422000988456,1,trader_request,0,1024,1,0,0
7339422000988456,1,trading_callback,0,1024,3,0,0
7339422000988456,1,trace,0,8192,22,0,0
7339422000988456,1,latency,0,4096,5,0,0
7339422101361475,0,market_ingress,0,1024,8,0,0
7339422101361475,0,trader_request,0,1024,1,0,0
7339422101361475,0,trading_callback,0,1024,3,0,0
7339422101361475,0,trace,0,8192,6,0,0
7339422101361475,0,latency,0,4096,8,0,0
7339422101361475,1,market_ingress,0,1024,7,0,0
7339422101361475,1,trader_request,0,1024,1,0,0
7339422101361475,1,trading_callback,0,1024,3,0,0
7339422101361475,1,trace,0,8192,22,0,0
7339422101361475,1,latency,0,4096,5,0,0
7339422202022169,0,market_ingress,0,1024,8,0,0
7339422202022169,0,trader_request,0,1024,1,0,0
7339422202022169,0,trading_callback,0,1024,3,0,0
7339422202022169,0,trace,0,8192,6,0,0
7339422202022169,0,latency,0,4096,8,0,0
7339422202022169,1,market_ingress,0,1024,7,0,0
7339422202022169,1,trader_request,0,1024,1,0,0
7339422202022169,1,trading_callback,0,1024,3,0,0
7339422202022169,1,trace,0,8192,22,0,0
7339422202022169,1,latency,0,4096,5,0,0
7339422302396128,0,market_ingress,0,1024,8,0,0
7339422302396128,0,trader_request,0,1024,1,0,0
7339422302396128,0,trading_callback,0,1024,3,0,0
7339422302396128,0,trace,0,8192,6,0,0
7339422302396128,0,latency,0,4096,8,0,0
7339422302396128,1,market_ingress,0,1024,7,0,0
7339422302396128,1,trader_request,0,1024,1,0,0
7339422302396128,1,trading_callback,0,1024,3,0,0
7339422302396128,1,trace,0,8192,22,0,0
7339422302396128,1,latency,0,4096,5,0,0
7339422402749295,0,market_ingress,0,1024,8,0,0
7339422402749295,0,trader_request,0,1024,1,0,0
7339422402749295,0,trading_callback,0,1024,3,0,0
7339422402749295,0,trace,0,8192,6,0,0
7339422402749295,0,latency,0,4096,8,0,0
7339422402749295,1,market_ingress,0,1024,7,0,0
7339422402749295,1,trader_request,0,1024,1,0,0
7339422402749295,1,trading_callback,0,1024,3,0,0
7339422402749295,1,trace,0,8192,22,0,0
7339422402749295,1,latency,0,4096,5,0,0
7339422503141535,0,market_ingress,0,1024,8,0,0
7339422503141535,0,trader_request,0,1024,1,0,0
7339422503141535,0,trading_callback,0,1024,3,0,0
7339422503141535,0,trace,0,8192,6,0,0
7339422503141535,0,latency,0,4096,8,0,0
7339422503141535,1,market_ingress,0,1024,7,0,0
7339422503141535,1,trader_request,0,1024,1,0,0
7339422503141535,1,trading_callback,0,1024,3,0,0
7339422503141535,1,trace,0,8192,22,0,0
7339422503141535,1,latency,0,4096,5,0,0
7339422603508261,0,market_ingress,0,1024,8,0,0
7339422603508261,0,trader_request,0,1024,1,0,0
7339422603508261,0,trading_callback,0,1024,3,0,0
7339422603508261,0,trace,0,8192,6,0,0
7339422603508261,0,latency,0,4096,8,0,0
7339422603508261,1,market_ingress,0,1024,7,0,0
7339422603508261,1,trader_request,0,1024,1,0,0
7339422603508261,1,trading_callback,0,1024,3,0,0
7339422603508261,1,trace,0,8192,22,0,0
7339422603508261,1,latency,0,4096,5,0,0
7339422703891432,0,market_ingress,0,1024,8,0,0
7339422703891432,0,trader_request,0,1024,1,0,0
7339422703891432,0,trading_callback,0,1024,3,0,0
7339422703891432,0,trace,0,8192,6,0,0
7339422703891432,0,latency,0,4096,8,0,0
7339422703891432,1,market_ingress,0,1024,7,0,0
7339422703891432,1,trader_request,0,1024,1,0,0
7339422703891432,1,trading_callback,0,1024,3,0,0
7339422703891432,1,trace,0,8192,22,0,0
7339422703891432,1,latency,0,4096,5,0,0
7339422804267661,0,market_ingress,0,1024,8,0,0
7339422804267661,0,trader_request,0,1024,1,0,0
7339422804267661,0,trading_callback,0,1024,3,0,0
7339422804267661,0,trace,0,8192,6,0,0
7339422804267661,0,latency,0,4096,8,0,0
7339422804267661,1,market_ingress,0,1024,7,0,0
7339422804267661,1,trader_request,0,1024,1,0,0
7339422804267661,1,trading_callback,0,1024,3,0,0
7339422804267661,1,trace,0,8192,22,0,0
7339422804267661,1,latency,0,4096,5,0,0
7339422904670853,0,market_ingress,0,1024,8,0,0
7339422904670853,0,trader_request,0,1024,1,0,0
7339422904670853,0,trading_callback,0,1024,3,0,0
7339422904670853,0,trace,0,8192,6,0,0
7339422904670853,0,latency,0,4096,8,0,0
7339422904670853,1,market_ingress,0,1024,7,0,0
7339422904670853,1,trader_request,0,1024,1,0,0
7339422904670853,1,trading_callback,0,1024,3,0,0
7339422904670853,1,trace,0,8192,22,0,0
7339422904670853,1,latency,0,4096,5,0,0
7339423005049100,0,market_ingress,0,1024,8,0,0
7339423005049100,0,trader_request,0,1024,1,0,0
7339423005049100,0,trading_callback,0,1024,3,0,0
7339423005049100,0,trace,0,8192,6,0,0
7339423005049100,0,latency,0,4096,8,0,0
7339423005049100,1,market_ingress,0,1024,7,0,0
7339423005049100,1,trader_request,0,1024,1,0,0
7339423005049100,1,trading_callback,0,1024,3,0,0
7339423005049100,1,trace,0,8192,22,0,0
7339423005049100,1,latency,0,4096,5,0,0
7339423105434929,0,market_ingress,0,1024,8,0,0
7339423105434929,0,trader_request,0,1024,1,0,0
7339423105434929,0,trading_callback,0,1024,3,0,0
7339423105434929,0,trace,0,8192,6,0,0
7339423105434929,0,latency,0,4096,8,0,0
7339423105434929,1,market_ingress,0,1024,7,0,0
7339423105434929,1,trader_request,0,1024,1,0,0
7339423105434929,1,trading_callback,0,1024,3,0,0
7339423105434929,1,trace,0,8192,22,0,0
7339423105434929,1,latency,0,4096,5,0,0
7339423205829469,0,market_ingress,0,1024,8,0,0
7339423205829469,0,trader_request,0,1024,1,0,0
7339423205829469,0,trading_callback,0,1024,3,0,0
7339423205829469,0,trace,0,8192,6,0,0
7339423205829469,0,latency,0,4096,8,0,0
7339423205829469,1,market_ingress,0,1024,7,0,0
7339423205829469,1,trader_request,0,1024,1,0,0
7339423205829469,1,trading_callback,0,1024,3,0,0
7339423205829469,1,trace,0,8192,22,0,0
7339423205829469,1,latency,0,4096,5,0,0
7339423306207392,0,market_ingress,0,1024,8,0,0
7339423306207392,0,trader_request,0,1024,1,0,0
7339423306207392,0,trading_callback,0,1024,3,0,0
7339423306207392,0,trace,0,8192,6,0,0
7339423306207392,0,latency,0,4096,8,0,0
7339423306207392,1,market_ingress,0,1024,7,0,0
7339423306207392,1,trader_request,0,1024,1,0,0
7339423306207392,1,trading_callback,0,1024,3,0,0
7339423306207392,1,trace,0,8192,22,0,0
7339423306207392,1,latency,0,4096,5,0,0
7339423406661319,0,market_ingress,0,1024,8,0,0
7339423406661319,0,trader_request,0,1024,1,0,0
7339423406661319,0,trading_callback,0,1024,3,0,0
7339423406661319,0,trace,0,8192,6,0,0
7339423406661319,0,latency,0,4096,8,0,0
7339423406661319,1,market_ingress,0,1024,7,0,0
7339423406661319,1,trader_request,0,1024,1,0,0
7339423406661319,1,trading_callback,0,1024,3,0,0
7339423406661319,1,trace,0,8192,22,0,0
7339423406661319,1,latency,0,4096,5,0,0
7339423507038399,0,market_ingress,0,1024,8,0,0
7339423507038399,0,trader_request,0,1024,1,0,0
7339423507038399,0,trading_callback,0,1024,3,0,0
7339423507038399,0,trace,0,8192,6,0,0
7339423507038399,0,latency,0,4096,8,0,0
7339423507038399,1,market_ingress,0,1024,7,0,0
7339423507038399,1,trader_request,0,1024,1,0,0
7339423507038399,1,trading_callback,0,1024,3,0,0
7339423507038399,1,trace,0,8192,22,0,0
7339423507038399,1,latency,0,4096,5,0,0
7339423607411119,0,market_ingress,0,1024,8,0,0
7339423607411119,0,trader_request,0,1024,1,0,0
7339423607411119,0,trading_callback,0,1024,3,0,0
7339423607411119,0,trace,0,8192,6,0,0
7339423607411119,0,latency,0,4096,8,0,0
7339423607411119,1,market_ingress,0,1024,7,0,0
7339423607411119,1,trader_request,0,1024,1,0,0
7339423607411119,1,trading_callback,0,1024,3,0,0
7339423607411119,1,trace,0,8192,22,0,0
7339423607411119,1,latency,0,4096,5,0,0
7339423707779559,0,market_ingress,0,1024,8,0,0
7339423707779559,0,trader_request,0,1024,1,0,0
7339423707779559,0,trading_callback,0,1024,3,0,0
7339423707779559,0,trace,0,8192,6,0,0
7339423707779559,0,latency,0,4096,8,0,0
7339423707779559,1,market_ingress,0,1024,7,0,0
7339423707779559,1,trader_request,0,1024,1,0,0
7339423707779559,1,trading_callback,0,1024,3,0,0
7339423707779559,1,trace,0,8192,22,0,0
7339423707779559,1,latency,0,4096,5,0,0
7339423808161377,0,market_ingress,0,1024,8,0,0
7339423808161377,0,trader_request,0,1024,1,0,0
7339423808161377,0,trading_callback,0,1024,3,0,0
7339423808161377,0,trace,0,8192,6,0,0
7339423808161377,0,latency,0,4096,8,0,0
7339423808161377,1,market_ingress,0,1024,7,0,0
7339423808161377,1,trader_request,0,1024,1,0,0
7339423808161377,1,trading_callback,0,1024,3,0,0
7339423808161377,1,trace,0,8192,22,0,0
7339423808161377,1,latency,0,4096,5,0,0
7339423908628136,0,market_ingress,0,1024,8,0,0
7339423908628136,0,trader_request,0,1024,1,0,0
7339423908628136,0,trading_callback,0,1024,3,0,0
7339423908628136,0,trace,0,8192,6,0,0
7339423908628136,0,latency,0,4096,8,0,0
7339423908628136,1,market_ingress,0,1024,7,0,0
7339423908628136,1,trader_request,0,1024,1,0,0
7339423908628136,1,trading_callback,0,1024,3,0,0
7339423908628136,1,trace,0,8192,22,0,0
7339423908628136,1,latency,0,4096,5,0,0
7339424008993682,0,market_ingress,0,1024,8,0,0
7339424008993682,0,trader_request,0,1024,1,0,0
7339424008993682,0,trading_callback,0,1024,3,0,0
7339424008993682,0,trace,0,8192,6,0,0
7339424008993682,0,latency,0,4096,8,0,0
7339424008993682,1,market_ingress,0,1024,7,0,0
7339424008993682,1,trader_request,0,1024,1,0,0
7339424008993682,1,trading_callback,1,1024,3,1694,0
7339424008993682,1,trace,0,8192,22,0,0
7339424008993682,1,latency,0,4096,5,0,0
7339424109369733,0,market_ingress,0,1024,8,0,0
7339424109369733,0,trader_request,0,1024,1,0,0
7339424109369733,0,trading_callback,0,1024,3,0,0
7339424109369733,0,trace,0,8192,6,0,0
7339424109369733,0,latency,0,4096,8,0,0
7339424109369733,1,market_ingress,0,1024,7,0,0
7339424109369733,1,trader_request,0,1024,1,0,0
7339424109369733,1,trading_callback,0,1024,3,0,0
7339424109369733,1,trace,0,8192,22,0,0
7339424109369733,1,latency,0,4096,5,0,0
7339424209825625,0,market_ingress,0,1024,8,0,0
7339424209825625,0,trader_request,0,1024,1,0,0
7339424209825625,0,trading_callback,0,1024,3,0,0
7339424209825625,0,trace,0,8192,6,0,0
7339424209825625,0,latency,0,4096,8,0,0
7339424209825625,1,market_ingress,0,1024,7,0,0
7339424209825625,1,trader_request,0,1024,1,0,0
7339424209825625,1,trading_callback,0,1024,3,0,0
7339424209825625,1,trace,0,8192,22,0,0
7339424209825625,1,latency,0,4096,5,0,0
7339424310279935,0,market_ingress,0,1024,8,0,0
7339424310279935,0,trader_request,0,1024,1,0,0
7339424310279935,0,trading_callback,0,1024,3,0,0
7339424310279935,0,trace,0,8192,6,0,0
7339424310279935,0,latency,0,4096,8,0,0
7339424310279935,1,market_ingress,0,1024,7,0,0
7339424310279935,1,trader_request,0,1024,1,0,0
7339424310279935,1,trading_callback,0,1024,3,0,0
7339424310279935,1,trace,0,8192,22,0,0
7339424310279935,1,latency,0,4096,5,0,0
7339424410598951,0,market_ingress,0,1024,8,0,0
7339424410598951,0,trader_request,0,1024,1,0,0
7339424410598951,0,trading_callback,0,1024,3,0,0
7339424410598951,0,trace,0,8192,6,0,0
7339424410598951,0,latency,0,4096,8,0,0
7339424410598951,1,market_ingress,0,1024,7,0,0
7339424410598951,1,trader_request,0,1024,1,0,0
7339424410598951,1,trading_callback,0,1024,3,0,0
7339424410598951,1,trace,0,8192,22,0,0
7339424410598951,1,latency,0,4096,5,0,0
7339424510962777,0,market_ingress,0,1024,8,0,0
7339424510962777,0,trader_request,0,1024,1,0,0
7339424510962777,0,trading_callback,0,1024,3,0,0
7339424510962777,0,trace,0,8192,6,0,0
7339424510962777,0,latency,0,4096,8,0,0
7339424510962777,1,market_ingress,0,1024,7,0,0
7339424510962777,1,trader_request,0,1024,1,0,0
7339424510962777,1,trading_callback,0,1024,3,0,0
7339424510962777,1,trace,0,8192,22,0,0
7339424510962777,1,latency,0,4096,5,0,0
7339424611360164,0,market_ingress,0,1024,8,0,0
7339424611360164,0,trader_request,0,1024,1,0,0
7339424611360164,0,trading_callback,0,1024,3,0,0
7339424611360164,0,trace,0,8192,6,0,0
7339424611360164,0,latency,0,4096,8,0,0
7339424611360164,1,market_ingress,0,1024,7,0,0
7339424611360164,1,trader_request,0,1024,1,0,0
7339424611360164,1,trading_callback,0,1024,3,0,0
7339424611360164,1,trace,0,8192,22,0,0
7339424611360164,1,latency,0,4096,5,0,0
7339424711723840,0,market_ingress,0,1024,8,0,0
7339424711723840,0,trader_request,0,1024,1,0,0
7339424711723840,0,trading_callback,0,1024,3,0,0
7339424711723840,0,trace,0,8192,6,0,0
7339424711723840,0,latency,0,4096,13,0,0
7339424711723840,1,market_ingress,0,1024,7,0,0
7339424711723840,1,trader_request,0,1024,1,0,0
7339424711723840,1,trading_callback,0,1024,3,0,0
7339424711723840,1,trace,0,8192,22,0,0
7339424711723840,1,latency,0,4096,5,0,0
7339424812086426,0,market_ingress,0,1024,8,0,0
7339424812086426,0,trader_request,0,1024,1,0,0
7339424812086426,0,trading_callback,0,1024,3,0,0
7339424812086426,0,trace,0,8192,6,0,0
7339424812086426,0,latency,0,4096,13,0,0
7339424812086426,1,market_ingress,0,1024,7,0,0
7339424812086426,1,trader_request,0,1024,1,0,0
7339424812086426,1,trading_callback,0,1024,3,0,0
7339424812086426,1,trace,0,8192,22,0,0
7339424812086426,1,latency,0,4096,5,0,0
7339424912443495,0,market_ingress,0,1024,8,0,0
7339424912443495,0,trader_request,0,1024,1,0,0
7339424912443495,0,trading_callback,0,1024,3,0,0
7339424912443495,0,trace,0,8192,6,0,0
7339424912443495,0,latency,0,4096,13,0,0
7339424912443495,1,market_ingress,0,1024,7,0,0
7339424912443495,1,trader_request,0,1024,1,0,0
7339424912443495,1,trading_callback,0,1024,3,0,0
7339424912443495,1,trace,0,8192,22,0,0
7339424912443495,1,latency,0,4096,5,0,0
7339425012817087,0,market_ingress,0,1024,8,0,0
7339425012817087,0,trader_request,0,1024,1,0,0
7339425012817087,0,trading_callback,0,1024,3,0,0
7339425012817087,0,trace,0,8192,6,0,0
7339425012817087,0,latency,0,4096,13,0,0
7339425012817087,1,market_ingress,0,1024,7,0,0
7339425012817087,1,trader_request,0,1024,1,0,0
7339425012817087,1,trading_callback,0,1024,3,0,0
7339425012817087,1,trace,0,8192,22,0,0
7339425012817087,1,latency,0,4096,5,0,0
7339425113169428,0,market_ingress,0,1024,8,0,0
7339425113169428,0,trader_request,0,1024,1,0,0
7339425113169428,0,trading_callback,0,1024,3,0,0
7339425113169428,0,trace,0,8192,6,0,0
7339425113169428,0,latency,0,4096,13,0,0
7339425113169428,1,market_ingress,0,1024,7,0,0
7339425113169428,1,trader_request,0,1024,1,0,0
7339425113169428,1,trading_callback,0,1024,3,0,0
7339425113169428,1,trace,0,8192,22,0,0
7339425113169428,1,latency,0,4096,5,0,0
7339425213528269,0,market_ingress,0,1024,8,0,0
7339425213528269,0,trader_request,0,1024,1,0,0
7339425213528269,0,trading_callback,0,1024,3,0,0
7339425213528269,0,trace,0,8192,6,0,0
7339425213528269,0,latency,0,4096,13,0,0
7339425213528269,1,market_ingress,0,1024,7,0,0
7339425213528269,1,trader_request,0,1024,1,0,0
7339425213528269,1,trading_callback,0,1024,3,0,0
7339425213528269,1,trace,0,8192,22,0,0
7339425213528269,1,latency,0,4096,5,0,0
7339425313904530,0,market_ingress,0,1024,8,0,0
7339425313904530,0,trader_request,0,1024,1,0,0
7339425313904530,0,trading_callback,0,1024,3,0,0
7339425313904530,0,trace,0,8192,6,0,0
7339425313904530,0,latency,0,4096,13,0,0
7339425313904530,1,market_ingress,0,1024,7,0,0
7339425313904530,1,trader_request,0,1024,1,0,0
7339425313904530,1,trading_callback,0,1024,3,0,0
7339425313904530,1,trace,0,8192,22,0,0
7339425313904530,1,latency,0,4096,5,0,0
7339425414201616,0,market_ingress,0,1024,8,0,0
7339425414201616,0,trader_request,0,1024,1,0,0
7339425414201616,0,trading_callback,0,1024,3,0,0
7339425414201616,0,trace,0,8192,6,0,0
7339425414201616,0,latency,0,4096,13,0,0
7339425414201616,1,market_ingress,0,1024,7,0,0
7339425414201616,1,trader_request,0,1024,1,0,0
7339425414201616,1,trading_callback,0,1024,3,0,0
7339425414201616,1,trace,0,8192,22,0,0
7339425414201616,1,latency,0,4096,5,0,0
7339425514683116,0,market_ingress,0,1024,8,0,0
7339425514683116,0,trader_request,0,1024,1,0,0
7339425514683116,0,trading_callback,0,1024,3,0,0
7339425514683116,0,trace,0,8192,6,0,0
7339425514683116,0,latency,0,4096,13,0,0
7339425514683116,1,market_ingress,0,1024,7,0,0
7339425514683116,1,trader_request,0,1024,1,0,0
7339425514683116,1,trading_callback,0,1024,3,0,0
7339425514683116,1,trace,0,8192,22,0,0
7339425514683116,1,latency,0,4096,5,0,0
7339425615067306,0,market_ingress,0,1024,8,0,0
7339425615067306,0,trader_request,0,1024,1,0,0
7339425615067306,0,trading_callback,0,1024,3,0,0
7339425615067306,0,trace,0,8192,6,0,0
7339425615067306,0,latency,0,4096,13,0,0
7339425615067306,1,market_ingress,0,1024,7,0,0
7339425615067306,1,trader_request,0,1024,1,0,0
7339425615067306,1,trading_callback,0,1024,3,0,0
7339425615067306,1,trace,0,8192,22,0,0
7339425615067306,1,latency,0,4096,5,0,0
7339425715437304,0,market_ingress,0,1024,8,0,0
7339425715437304,0,trader_request,0,1024,1,0,0
7339425715437304,0,trading_callback,0,1024,3,0,0
7339425715437304,0,trace,0,8192,6,0,0
7339425715437304,0,latency,0,4096,13,0,0
7339425715437304,1,market_ingress,0,1024,7,0,0
7339425715437304,1,trader_request,0,1024,1,0,0
7339425715437304,1,trading_callback,0,1024,3,0,0
7339425715437304,1,trace,0,8192,22,0,0
7339425715437304,1,latency,0,4096,5,0,0
7339425815821118,0,market_ingress,0,1024,8,0,0
7339425815821118,0,trader_request,0,1024,1,0,0
7339425815821118,0,trading_callback,0,1024,3,0,0
7339425815821118,0,trace,0,8192,6,0,0
7339425815821118,0,latency,0,4096,13,0,0
7339425815821118,1,market_ingress,0,1024,7,0,0
7339425815821118,1,trader_request,0,1024,1,0,0
7339425815821118,1,trading_callback,0,1024,3,0,0
7339425815821118,1,trace,0,8192,22,0,0
7339425815821118,1,latency,0,4096,5,0,0
7339425916205275,0,market_ingress,0,1024,8,0,0
7339425916205275,0,trader_request,0,1024,1,0,0
7339425916205275,0,trading_callback,0,1024,3,0,0
7339425916205275,0,trace,0,8192,6,0,0
7339425916205275,0,latency,0,4096,13,0,0
7339425916205275,1,market_ingress,0,1024,7,0,0
7339425916205275,1,trader_request,0,1024,1,0,0
7339425916205275,1,trading_callback,0,1024,3,0,0
7339425916205275,1,trace,0,8192,22,0,0
7339425916205275,1,latency,0,4096,5,0,0
7339426016559713,0,market_ingress,0,1024,8,0,0
7339426016559713,0,trader_request,0,1024,1,0,0
7339426016559713,0,trading_callback,0,1024,3,0,0
7339426016559713,0,trace,0,8192,6,0,0
7339426016559713,0,latency,0,4096,13,0,0
7339426016559713,1,market_ingress,0,1024,7,0,0
7339426016559713,1,trader_request,0,1024,1,0,0
7339426016559713,1,trading_callback,0,1024,3,0,0
7339426016559713,1,trace,0,8192,22,0,0
7339426016559713,1,latency,0,4096,5,0,0
7339426116910921,0,market_ingress,0,1024,8,0,0
7339426116910921,0,trader_request,0,1024,1,0,0
7339426116910921,0,trading_callback,0,1024,3,0,0
7339426116910921,0,trace,0,8192,6,0,0
7339426116910921,0,latency,0,4096,13,0,0
7339426116910921,1,market_ingress,0,1024,7,0,0
7339426116910921,1,trader_request,0,1024,1,0,0
7339426116910921,1,trading_callback,0,1024,3,0,0
7339426116910921,1,trace,0,8192,22,0,0
7339426116910921,1,latency,0,4096,5,0,0
7339426217277450,0,market_ingress,0,1024,8,0,0
7339426217277450,0,trader_request,0,1024,1,0,0
7339426217277450,0,trading_callback,0,1024,3,0,0
7339426217277450,0,trace,0,8192,6,0,0
7339426217277450,0,latency,0,4096,13,0,0
7339426217277450,1,market_ingress,0,1024,7,0,0
7339426217277450,1,trader_request,0,1024,1,0,0
7339426217277450,1,trading_callback,0,1024,3,0,0
7339426217277450,1,trace,0,8192,22,0,0
7339426217277450,1,latency,0,4096,5,0,0
7339426317636292,0,market_ingress,0,1024,8,0,0
7339426317636292,0,trader_request,0,1024,1,0,0
7339426317636292,0,trading_callback,0,1024,3,0,0
7339426317636292,0,trace,0,8192,6,0,0
7339426317636292,0,latency,0,4096,13,0,0
7339426317636292,1,market_ingress,0,1024,7,0,0
7339426317636292,1,trader_request,0,1024,1,0,0
7339426317636292,1,trading_callback,0,1024,3,0,0
7339426317636292,1,trace,0,8192,22,0,0
7339426317636292,1,latency,0,4096,5,0,0
7339426418004738,0,market_ingress,0,1024,8,0,0
7339426418004738,0,trader_request,0,1024,1,0,0
7339426418004738,0,trading_callback,0,1024,3,0,0
7339426418004738,0,trace,0,8192,6,0,0
7339426418004738,0,latency,0,4096,13,0,0
7339426418004738,1,market_ingress,0,1024,7,0,0
7339426418004738,1,trader_request,0,1024,1,0,0
7339426418004738,1,trading_callback,0,1024,3,0,0
7339426418004738,1,trace,0,8192,22,0,0
7339426418004738,1,latency,0,4096,5,0,0
7339426518366342,0,market_ingress,0,1024,8,0,0
7339426518366342,0,trader_request,0,1024,1,0,0
7339426518366342,0,trading_callback,0,1024,3,0,0
7339426518366342,0,trace,0,8192,6,0,0
7339426518366342,0,latency,0,4096,13,0,0
7339426518366342,1,market_ingress,0,1024,7,0,0
7339426518366342,1,trader_request,0,1024,1,0,0
7339426518366342,1,trading_callback,0,1024,3,0,0
7339426518366342,1,trace,0,8192,22,0,0
7339426518366342,1,latency,0,4096,5,0,0
7339426618744439,0,market_ingress,0,1024,8,0,0
7339426618744439,0,trader_request,0,1024,1,0,0
7339426618744439,0,trading_callback,0,1024,3,0,0
7339426618744439,0,trace,0,8192,6,0,0
7339426618744439,0,latency,0,4096,13,0,0
7339426618744439,1,market_ingress,0,1024,7,0,0
7339426618744439,1,trader_request,0,1024,1,0,0
7339426618744439,1,trading_callback,0,1024,3,0,0
7339426618744439,1,trace,0,8192,22,0,0
7339426618744439,1,latency,0,4096,5,0,0
7339426719099971,0,market_ingress,0,1024,8,0,0
7339426719099971,0,trader_request,0,1024,1,0,0
7339426719099971,0,trading_callback,0,1024,3,0,0
7339426719099971,0,trace,0,8192,6,0,0
7339426719099971,0,latency,0,4096,13,0,0
7339426719099971,1,market_ingress,0,1024,7,0,0
7339426719099971,1,trader_request,0,1024,1,0,0
7339426719099971,1,trading_callback,0,1024,3,0,0
7339426719099971,1,trace,0,8192,22,0,0
7339426719099971,1,latency,0,4096,5,0,0
7339426819459746,0,market_ingress,0,1024,8,0,0
7339426819459746,0,trader_request,0,1024,1,0,0
7339426819459746,0,trading_callback,0,1024,3,0,0
7339426819459746,0,trace,0,8192,6,0,0
7339426819459746,0,latency,0,4096,13,0,0
7339426819459746,1,market_ingress,0,1024,7,0,0
7339426819459746,1,trader_request,0,1024,1,0,0
7339426819459746,1,trading_callback,0,1024,3,0,0
7339426819459746,1,trace,0,8192,22,0,0
7339426819459746,1,latency,0,4096,5,0,0
7339426919847889,0,market_ingress,0,1024,8,0,0
7339426919847889,0,trader_request,0,1024,1,0,0
7339426919847889,0,trading_callback,0,1024,3,0,0
7339426919847889,0,trace,0,8192,6,0,0
7339426919847889,0,latency,0,4096,13,0,0
7339426919847889,1,market_ingress,0,1024,7,0,0
7339426919847889,1,trader_request,0,1024,1,0,0
7339426919847889,1,trading_callback,0,1024,3,0,0
7339426919847889,1,trace,0,8192,22,0,0
7339426919847889,1,latency,0,4096,5,0,0
7339427020278642,0,market_ingress,0,1024,8,0,0
7339427020278642,0,trader_request,0,1024,1,0,0
7339427020278642,0,trading_callback,0,1024,3,0,0
7339427020278642,0,trace,0,8192,6,0,0
7339427020278642,0,latency,0,4096,13,0,0
7339427020278642,1,market_ingress,0,1024,7,0,0
7339427020278642,1,trader_request,0,1024,1,0,0
7339427020278642,1,trading_callback,0,1024,3,0,0
7339427020278642,1,trace,0,8192,22,0,0
7339427020278642,1,latency,0,4096,5,0,0
7339427120648535,0,market_ingress,0,1024,8,0,0
7339427120648535,0,trader_request,0,1024,1,0,0
7339427120648535,0,trading_callback,0,1024,3,0,0
7339427120648535,0,trace,0,8192,6,0,0
7339427120648535,0,latency,0,4096,13,0,0
7339427120648535,1,market_ingress,0,1024,7,0,0
7339427120648535,1,trader_request,0,1024,1,0,0
7339427120648535,1,trading_callback,0,1024,3,0,0
7339427120648535,1,trace,0,8192,22,0,0
7339427120648535,1,latency,0,4096,5,0,0
7339427221011673,0,market_ingress,0,1024,8,0,0
7339427221011673,0,trader_request,0,1024,1,0,0
7339427221011673,0,trading_callback,0,1024,3,0,0
7339427221011673,0,trace,0,8192,6,0,0
7339427221011673,0,latency,0,4096,13,0,0
7339427221011673,1,market_ingress,0,1024,7,0,0
7339427221011673,1,trader_request,0,1024,1,0,0
7339427221011673,1,trading_callback,0,1024,3,0,0
7339427221011673,1,trace,0,8192,22,0,0
7339427221011673,1,latency,0,4096,5,0,0
7339427321406428,0,market_ingress,0,1024,8,0,0
7339427321406428,0,trader_request,0,1024,1,0,0
7339427321406428,0,trading_callback,0,1024,3,0,0
7339427321406428,0,trace,0,8192,9,0,0
7339427321406428,0,latency,0,4096,13,0,0
7339427321406428,1,market_ingress,0,1024,7,0,0
7339427321406428,1,trader_request,0,1024,1,0,0
7339427321406428,1,trading_callback,0,1024,3,0,0
7339427321406428,1,trace,0,8192,22,0,0
7339427321406428,1,latency,0,4096,5,0,0
7339427421773513,0,market_ingress,0,1024,8,0,0
7339427421773513,0,trader_request,0,1024,1,0,0
7339427421773513,0,trading_callback,0,1024,3,0,0
7339427421773513,0,trace,0,8192,9,0,0
7339427421773513,0,latency,0,4096,13,0,0
7339427421773513,1,market_ingress,0,1024,7,0,0
7339427421773513,1,trader_request,0,1024,1,0,0
7339427421773513,1,trading_callback,0,1024,3,0,0
7339427421773513,1,trace,0,8192,22,0,0
7339427421773513,1,latency,0,4096,5,0,0
7339427522190822,0,market_ingress,0,1024,8,0,0
7339427522190822,0,trader_request,0,1024,1,0,0
7339427522190822,0,trading_callback,0,1024,3,0,0
7339427522190822,0,trace,0,8192,9,0,0
7339427522190822,0,latency,0,4096,13,0,0
7339427522190822,1,market_ingress,0,1024,7,0,0
7339427522190822,1,trader_request,0,1024,1,0,0
7339427522190822,1,trading_callback,0,1024,3,0,0
7339427522190822,1,trace,0,8192,22,0,0
7339427522190822,1,latency,0,4096,5,0,0
7339427622569288,0,market_ingress,0,1024,8,0,0
7339427622569288,0,trader_request,0,1024,1,0,0
7339427622569288,0,trading_callback,0,1024,3,0,0
7339427622569288,0,trace,0,8192,9,0,0
7339427622569288,0,latency,0,4096,13,0,0
7339427622569288,1,market_ingress,0,1024,7,0,0
7339427622569288,1,trader_request,0,1024,1,0,0
7339427622569288,1,trading_callback,0,1024,3,0,0
7339427622569288,1,trace,0,8192,22,0,0
7339427622569288,1,latency,0,4096,5,0,0
7339427723089165,0,market_ingress,0,1024,8,0,0
7339427723089165,0,trader_request,0,1024,1,0,0
7339427723089165,0,trading_callback,0,1024,3,0,0
7339427723089165,0,trace,0,8192,11,0,0
7339427723089165,0,latency,0,4096,13,0,0
7339427723089165,1,market_ingress,0,1024,7,0,0
7339427723089165,1,trader_request,0,1024,1,0,0
7339427723089165,1,trading_callback,0,1024,3,0,0
7339427723089165,1,trace,0,8192,22,0,0
7339427723089165,1,latency,0,4096,5,0,0
7339427823447526,0,market_ingress,0,1024,8,0,0
7339427823447526,0,trader_request,0,1024,1,0,0
7339427823447526,0,trading_callback,0,1024,3,0,0
7339427823447526,0,trace,0,8192,11,0,0
7339427823447526,0,latency,0,4096,13,0,0
7339427823447526,1,market_ingress,0,1024,7,0,0
7339427823447526,1,trader_request,0,1024,1,0,0
7339427823447526,1,trading_callback,0,1024,3,0,0
7339427823447526,1,trace,0,8192,22,0,0
7339427823447526,1,latency,0,4096,5,0,0
7339427923799719,0,market_ingress,0,1024,8,0,0
7339427923799719,0,trader_request,0,1024,1,0,0
7339427923799719,0,trading_callback,0,1024,3,0,0
7339427923799719,0,trace,0,8192,11,0,0
7339427923799719,0,latency,0,4096,13,0,0
7339427923799719,1,market_ingress,0,1024,7,0,0
7339427923799719,1,trader_request,0,1024,1,0,0
7339427923799719,1,trading_callback,0,1024,3,0,0
7339427923799719,1,trace,0,8192,22,0,0
7339427923799719,1,latency,0,4096,5,0,0
7339428024153511,0,market_ingress,0,1024,8,0,0
7339428024153511,0,trader_request,0,1024,1,0,0
7339428024153511,0,trading_callback,0,1024,3,0,0
7339428024153511,0,trace,0,8192,11,0,0
7339428024153511,0,latency,0,4096,13,0,0
7339428024153511,1,market_ingress,0,1024,7,0,0
7339428024153511,1,trader_request,0,1024,1,0,0
7339428024153511,1,trading_callback,0,1024,3,0,0
7339428024153511,1,trace,0,8192,22,0,0
7339428024153511,1,latency,0,4096,5,0,0
7339428124496940,0,market_ingress,0,1024,8,0,0
7339428124496940,0,trader_request,0,1024,1,0,0
7339428124496940,0,trading_callback,0,1024,3,0,0
7339428124496940,0,trace,0,8192,11,0,0
7339428124496940,0,latency,0,4096,13,0,0
7339428124496940,1,market_ingress,0,1024,7,0,0
7339428124496940,1,trader_request,0,1024,1,0,0
7339428124496940,1,trading_callback,0,1024,3,0,0
7339428124496940,1,trace,0,8192,22,0,0
7339428124496940,1,latency,0,4096,5,0,0
7339428224845116,0,market_ingress,0,1024,8,0,0
7339428224845116,0,trader_request,0,1024,1,0,0
7339428224845116,0,trading_callback,0,1024,3,0,0
7339428224845116,0,trace,0,8192,11,0,0
7339428224845116,0,latency,0,4096,13,0,0
7339428224845116,1,market_ingress,0,1024,7,0,0
7339428224845116,1,trader_request,0,1024,1,0,0
7339428224845116,1,trading_callback,0,1024,3,0,0
7339428224845116,1,trace,0,8192,22,0,0
7339428224845116,1,latency,0,4096,5,0,0
7339428325195082,0,market_ingress,0,1024,8,0,0
7339428325195082,0,trader_request,0,1024,1,0,0
7339428325195082,0,trading_callback,0,1024,3,0,0
7339428325195082,0,trace,0,8192,11,0,0
7339428325195082,0,latency,0,4096,13,0,0
7339428325195082,1,market_ingress,0,1024,7,0,0
7339428325195082,1,trader_request,0,1024,1,0,0
7339428325195082,1,trading_callback,0,1024,3,0,0
7339428325195082,1,trace,0,8192,22,0,0
7339428325195082,1,latency,0,4096,5,0,0
7339428425550570,0,market_ingress,0,1024,8,0,0
7339428425550570,0,trader_request,0,1024,1,0,0
7339428425550570,0,trading_callback,0,1024,3,0,0
7339428425550570,0,trace,0,8192,11,0,0
7339428425550570,0,latency,0,4096,13,0,0
7339428425550570,1,market_ingress,0,1024,7,0,0
7339428425550570,1,trader_request,0,1024,1,0,0
7339428425550570,1,trading_callback,0,1024,3,0,0
7339428425550570,1,trace,0,8192,22,0,0
7339428425550570,1,latency,0,4096,5,0,0
7339428525966705,0,market_ingress,0,1024,8,0,0
7339428525966705,0,trader_request,0,1024,1,0,0
7339428525966705,0,trading_callback,0,1024,3,0,0
7339428525966705,0,trace,0,8192,11,0,0
7339428525966705,0,latency,0,4096,13,0,0
7339428525966705,1,market_ingress,0,1024,7,0,0
7339428525966705,1,trader_request,0,1024,1,0,0
7339428525966705,1,trading_callback,0,1024,3,0,0
7339428525966705,1,trace,0,8192,22,0,0
7339428525966705,1,latency,0,4096,5,0,0
7339428626326718,0,market_ingress,0,1024,8,0,0
7339428626326718,0,trader_request,0,1024,1,0,0
7339428626326718,0,trading_callback,0,1024,3,0,0
7339428626326718,0,trace,0,8192,11,0,0
7339428626326718,0,latency,0,4096,13,0,0
7339428626326718,1,market_ingress,0,1024,7,0,0
7339428626326718,1,trader_request,0,1024,1,0,0
7339428626326718,1,trading_callback,0,1024,3,0,0
7339428626326718,1,trace,0,8192,22,0,0
7339428626326718,1,latency,0,4096,5,0,0
7339428726735029,0,market_ingress,0,1024,8,0,0
7339428726735029,0,trader_request,0,1024,1,0,0
7339428726735029,0,trading_callback,0,1024,3,0,0
7339428726735029,0,trace,0,8192,11,0,0
7339428726735029,0,latency,0,4096,13,0,0
7339428726735029,1,market_ingress,0,1024,7,0,0
7339428726735029,1,trader_request,0,1024,1,0,0
7339428726735029,1,trading_callback,0,1024,3,0,0
7339428726735029,1,trace,0,8192,22,0,0
7339428726735029,1,latency,0,4096,5,0,0
7339428827078497,0,market_ingress,0,1024,8,0,0
7339428827078497,0,trader_request,0,1024,1,0,0
7339428827078497,0,trading_callback,0,1024,3,0,0
7339428827078497,0,trace,1,8192,11,570,0
7339428827078497,0,latency,0,4096,13,0,0
7339428827078497,1,market_ingress,0,1024,7,0,0
7339428827078497,1,trader_request,1,1024,1,9326,0
7339428827078497,1,trading_callback,0,1024,3,0,0
7339428827078497,1,trace,0,8192,22,0,0
7339428827078497,1,latency,0,4096,5,0,0
7339428927922662,0,market_ingress,0,1024,8,0,0
7339428927922662,0,trader_request,0,1024,1,0,0
7339428927922662,0,trading_callback,0,1024,3,0,0
7339428927922662,0,trace,0,8192,11,0,0
7339428927922662,0,latency,0,4096,13,0,0
7339428927922662,1,market_ingress,0,1024,7,0,0
7339428927922662,1,trader_request,0,1024,1,0,0
7339428927922662,1,trading_callback,0,1024,3,0,0
7339428927922662,1,trace,0,8192,22,0,0
7339428927922662,1,latency,0,4096,5,0,0
7339429028282734,0,market_ingress,0,1024,8,0,0
7339429028282734,0,trader_request,0,1024,1,0,0
7339429028282734,0,trading_callback,0,1024,3,0,0
7339429028282734,0,trace,0,8192,11,0,0
7339429028282734,0,latency,0,4096,13,0,0
7339429028282734,1,market_ingress,0,1024,7,0,0
7339429028282734,1,trader_request,0,1024,1,0,0
7339429028282734,1,trading_callback,0,1024,3,0,0
7339429028282734,1,trace,0,8192,22,0,0
7339429028282734,1,latency,0,4096,5,0,0
7339429128629476,0,market_ingress,0,1024,8,0,0
7339429128629476,0,trader_request,0,1024,1,0,0
7339429128629476,0,trading_callback,0,1024,3,0,0
7339429128629476,0,trace,0,8192,11,0,0
7339429128629476,0,latency,0,4096,13,0,0
7339429128629476,1,market_ingress,0,1024,7,0,0
7339429128629476,1,trader_request,0,1024,1,0,0
7339429128629476,1,trading_callback,0,1024,3,0,0
7339429128629476,1,trace,0,8192,22,0,0
7339429128629476,1,latency,0,4096,5,0,0
7339429228980074,0,market_ingress,0,1024,8,0,0
7339429228980074,0,trader_request,0,1024,1,0,0
7339429228980074,0,trading_callback,0,1024,3,0,0
7339429228980074,0,trace,0,8192,11,0,0
7339429228980074,0,latency,0,4096,13,0,0
7339429228980074,1,market_ingress,0,1024,7,0,0
7339429228980074,1,trader_request,0,1024,1,0,0
7339429228980074,1,trading_callback,0,1024,3,0,0
7339429228980074,1,trace,0,8192,22,0,0
7339429228980074,1,latency,0,4096,5,0,0
7339429329610178,0,market_ingress,0,1024,8,0,0
7339429329610178,0,trader_request,0,1024,1,0,0
7339429329610178,0,trading_callback,0,1024,3,0,0
7339429329610178,0,trace,0,8192,11,0,0
7339429329610178,0,latency,0,4096,13,0,0
7339429329610178,1,market_ingress,0,1024,7,0,0
7339429329610178,1,trader_request,0,1024,2,0,0
7339429329610178,1,trading_callback,0,1024,3,0,0
7339429329610178,1,trace,0,8192,22,0,0
7339429329610178,1,latency,0,4096,5,0,0
7339429429937171,0,market_ingress,0,1024,8,0,0
7339429429937171,0,trader_request,0,1024,1,0,0
7339429429937171,0,trading_callback,0,1024,3,0,0
7339429429937171,0,trace,0,8192,11,0,0
7339429429937171,0,latency,0,4096,13,0,0
7339429429937171,1,market_ingress,0,1024,7,0,0
7339429429937171,1,trader_request,0,1024,2,0,0
7339429429937171,1,trading_callback,0,1024,3,0,0
7339429429937171,1,trace,0,8192,22,0,0
7339429429937171,1,latency,0,4096,5,0,0
7339429530296153,0,market_ingress,0,1024,8,0,0
7339429530296153,0,trader_request,0,1024,1,0,0
7339429530296153,0,trading_callback,0,1024,3,0,0
7339429530296153,0,trace,0,8192,11,0,0
7339429530296153,0,latency,0,4096,13,0,0
7339429530296153,1,market_ingress,0,1024,7,0,0
7339429530296153,1,trader_request,0,1024,2,0,0
7339429530296153,1,trading_callback,0,1024,3,0,0
7339429530296153,1,trace,0,8192,22,0,0
7339429530296153,1,latency,0,4096,5,0,0
7339429632024323,0,market_ingress,0,1024,8,0,0
7339429632024323,0,trader_request,0,1024,1,0,0
7339429632024323,0,trading_callback,0,1024,3,0,0
7339429632024323,0,trace,0,8192,11,0,0
7339429632024323,0,latency,0,4096,13,0,0
7339429632024323,1,market_ingress,0,1024,7,0,0
7339429632024323,1,trader_request,0,1024,2,0,0
7339429632024323,1,trading_callback,0,1024,3,0,0
7339429632024323,1,trace,0,8192,22,0,0
7339429632024323,1,latency,0,4096,5,0,0
7339429732523411,0,market_ingress,0,1024,8,0,0
7339429732523411,0,trader_request,0,1024,1,0,0
7339429732523411,0,trading_callback,0,1024,3,0,0
7339429732523411,0,trace,0,8192,11,0,0
7339429732523411,0,latency,0,4096,13,0,0
7339429732523411,1,market_ingress,0,1024,7,0,0
7339429732523411,1,trader_request,0,1024,2,0,0
7339429732523411,1,trading_callback,0,1024,3,0,0
7339429732523411,1,trace,0,8192,22,0,0
7339429732523411,1,latency,0,4096,5,0,0
7339429832942698,0,market_ingress,0,1024,8,0,0
7339429832942698,0,trader_request,0,1024,1,0,0
7339429832942698,0,trading_callback,0,1024,3,0,0
7339429832942698,0,trace,0,8192,11,0,0
7339429832942698,0,latency,0,4096,13,0,0
7339429832942698,1,market_ingress,0,1024,7,0,0
7339429832942698,1,trader_request,0,1024,2,0,0
7339429832942698,1,trading_callback,0,1024,3,0,0
7339429832942698,1,trace,0,8192,22,0,0
7339429832942698,1,latency,0,4096,5,0,0
7339429933920680,0,market_ingress,0,1024,8,0,0
7339429933920680,0,trader_request,0,1024,1,0,0
7339429933920680,0,trading_callback,1,1024,3,6422,0
7339429933920680,0,trace,0,8192,11,0,0
7339429933920680,0,latency,0,4096,13,0,0
7339429933920680,1,market_ingress,0,1024,7,0,0
7339429933920680,1,trader_request,0,1024,2,0,0
7339429933920680,1,trading_callback,1,1024,3,9148,0
7339429933920680,1,trace,0,8192,22,0,0
7339429933920680,1,latency,0,4096,5,0,0
7339430034395128,0,market_ingress,0,1024,8,0,0
7339430034395128,0,trader_request,0,1024,1,0,0
7339430034395128,0,trading_callback,0,1024,3,0,0
7339430034395128,0,trace,0,8192,11,0,0
7339430034395128,0,latency,0,4096,13,0,0
7339430034395128,1,market_ingress,0,1024,7,0,0
7339430034395128,1,trader_request,0,1024,2,0,0
7339430034395128,1,trading_callback,0,1024,3,0,0
7339430034395128,1,trace,0,8192,22,0,0
7339430034395128,1,latency,0,4096,5,0,0
7339430134836389,0,market_ingress,0,1024,8,0,0
7339430134836389,0,trader_request,0,1024,1,0,0
7339430134836389,0,trading_callback,0,1024,3,0,0
7339430134836389,0,trace,0,8192,11,0,0
7339430134836389,0,latency,0,4096,13,0,0
7339430134836389,1,market_ingress,0,1024,7,0,0
7339430134836389,1,trader_request,0,1024,2,0,0
7339430134836389,1,trading_callback,0,1024,3,0,0
7339430134836389,1,trace,0,8192,22,0,0
7339430134836389,1,latency,0,4096,5,0,0
7339430235273553,0,market_ingress,0,1024,8,0,0
7339430235273553,0,trader_request,0,1024,1,0,0
7339430235273553,0,trading_callback,0,1024,3,0,0
7339430235273553,0,trace,0,8192,11,0,0
7339430235273553,0,latency,0,4096,13,0,0
7339430235273553,1,market_ingress,0,1024,7,0,0
7339430235273553,1,trader_request,0,1024,2,0,0
7339430235273553,1,trading_callback,0,1024,3,0,0
7339430235273553,1,trace,0,8192,22,0,0
7339430235273553,1,latency,0,4096,5,0,0
7339430335634219,0,market_ingress,0,1024,8,0,0
7339430335634219,0,trader_request,0,1024,1,0,0
7339430335634219,0,trading_callback,0,1024,3,0,0
7339430335634219,0,trace,0,8192,11,0,0
7339430335634219,0,latency,0,4096,13,0,0
7339430335634219,1,market_ingress,0,1024,7,0,0
7339430335634219,1,trader_request,0,1024,2,0,0
7339430335634219,1,trading_callback,0,1024,3,0,0
7339430335634219,1,trace,0,8192,22,0,0
7339430335634219,1,latency,0,4096,5,0,0
7339430435977931,0,market_ingress,0,1024,8,0,0
7339430435977931,0,trader_request,0,1024,1,0,0
7339430435977931,0,trading_callback,0,1024,3,0,0
7339430435977931,0,trace,0,8192,13,0,0
7339430435977931,0,latency,0,4096,13,0,0
7339430435977931,1,market_ingress,0,1024,7,0,0
7339430435977931,1,trader_request,0,1024,2,0,0
7339430435977931,1,trading_callback,0,1024,3,0,0
7339430435977931,1,trace,0,8192,22,0,0
7339430435977931,1,latency,0,4096,5,0,0
7339430536467273,0,market_ingress,0,1024,8,0,0
7339430536467273,0,trader_request,0,1024,1,0,0
7339430536467273,0,trading_callback,0,1024,3,0,0
7339430536467273,0,trace,0,8192,13,0,0
7339430536467273,0,latency,0,4096,13,0,0
7339430536467273,1,market_ingress,0,1024,7,0,0
7339430536467273,1,trader_request,0,1024,2,0,0
7339430536467273,1,trading_callback,0,1024,3,0,0
7339430536467273,1,trace,0,8192,22,0,0
7339430536467273,1,latency,0,4096,5,0,0
7339430636977399,0,market_ingress,0,1024,8,0,0
7339430636977399,0,trader_request,0,1024,1,0,0
7339430636977399,0,trading_callback,0,1024,3,0,0
7339430636977399,0,trace,0,8192,13,0,0
7339430636977399,0,latency,0,4096,13,0,0
7339430636977399,1,market_ingress,0,1024,7,0,0
7339430636977399,1,trader_request,0,1024,2,0,0
7339430636977399,1,trading_callback,0,1024,3,0,0
7339430636977399,1,trace,0,8192,22,0,0
7339430636977399,1,latency,0,4096,5,0,0
7339430737494645,0,market_ingress,0,1024,8,0,0
7339430737494645,0,trader_request,0,1024,1,0,0
7339430737494645,0,trading_callback,0,1024,3,0,0
7339430737494645,0,trace,0,8192,13,0,0
7339430737494645,0,latency,0,4096,13,0,0
7339430737494645,1,market_ingress,0,1024,7,0,0
7339430737494645,1,trader_request,0,1024,2,0,0
7339430737494645,1,trading_callback,0,1024,3,0,0
7339430737494645,1,trace,0,8192,22,0,0
7339430737494645,1,latency,0,4096,5,0,0
7339430837845150,0,market_ingress,0,1024,8,0,0
7339430837845150,0,trader_request,0,1024,1,0,0
7339430837845150,0,trading_callback,0,1024,3,0,0
7339430837845150,0,trace,0,8192,13,0,0
7339430837845150,0,latency,0,4096,13,0,0
7339430837845150,1,market_ingress,0,1024,7,0,0
7339430837845150,1,trader_request,0,1024,2,0,0
7339430837845150,1,trading_callback,0,1024,3,0,0
7339430837845150,1,trace,0,8192,22,0,0
7339430837845150,1,latency,0,4096,5,0,0
7339430938201726,0,market_ingress,0,1024,8,0,0
7339430938201726,0,trader_request,0,1024,1,0,0
7339430938201726,0,trading_callback,0,1024,3,0,0
7339430938201726,0,trace,0,8192,13,0,0
7339430938201726,0,latency,0,4096,13,0,0
7339430938201726,1,market_ingress,0,1024,7,0,0
7339430938201726,1,trader_request,0,1024,2,0,0
7339430938201726,1,trading_callback,0,1024,3,0,0
7339430938201726,1,trace,0,8192,22,0,0
7339430938201726,1,latency,0,4096,5,0,0
7339431038562982,0,market_ingress,0,1024,8,0,0
7339431038562982,0,trader_request,0,1024,1,0,0
7339431038562982,0,trading_callback,0,1024,3,0,0
7339431038562982,0,trace,0,8192,13,0,0
7339431038562982,0,latency,0,4096,13,0,0
7339431038562982,1,market_ingress,0,1024,7,0,0
7339431038562982,1,trader_request,0,1024,2,0,0
7339431038562982,1,trading_callback,0,1024,3,0,0
7339431038562982,1,trace,0,8192,22,0,0
7339431038562982,1,latency,0,4096,5,0,0
7339431138930786,0,market_ingress,0,1024,8,0,0
7339431138930786,0,trader_request,0,1024,1,0,0
7339431138930786,0,trading_callback,0,1024,3,0,0
7339431138930786,0,trace,0,8192,13,0,0
7339431138930786,0,latency,0,4096,13,0,0
7339431138930786,1,market_ingress,0,1024,7,0,0
7339431138930786,1,trader_request,0,1024,2,0,0
7339431138930786,1,trading_callback,0,1024,3,0,0
7339431138930786,1,trace,0,8192,22,0,0
7339431138930786,1,latency,0,4096,5,0,0
7339431239439857,0,market_ingress,0,1024,8,0,0
7339431239439857,0,trader_request,0,1024,1,0,0
7339431239439857,0,trading_callback,0,1024,3,0,0
7339431239439857,0,trace,0,8192,13,0,0
7339431239439857,0,latency,0,4096,13,0,0
7339431239439857,1,market_ingress,0,1024,7,0,0
7339431239439857,1,trader_request,0,1024,2,0,0
7339431239439857,1,trading_callback,0,1024,3,0,0
7339431239439857,1,trace,0,8192,22,0,0
7339431239439857,1,latency,0,4096,5,0,0
7339431340237603,0,market_ingress,0,1024,9,0,0
7339431340237603,0,trader_request,0,1024,1,0,0
7339431340237603,0,trading_callback,0,1024,3,0,0
7339431340237603,0,trace,0,8192,13,0,0
7339431340237603,0,latency,0,4096,13,0,0
7339431340237603,1,market_ingress,0,1024,9,0,0
7339431340237603,1,trader_request,0,1024,2,0,0
7339431340237603,1,trading_callback,0,1024,3,0,0
7339431340237603,1,trace,0,8192,22,0,0
7339431340237603,1,latency,0,4096,5,0,0
7339431440597963,0,market_ingress,0,1024,9,0,0
7339431440597963,0,trader_request,0,1024,1,0,0
7339431440597963,0,trading_callback,0,1024,3,0,0
7339431440597963,0,trace,0,8192,13,0,0
7339431440597963,0,latency,0,4096,13,0,0
7339431440597963,1,market_ingress,0,1024,9,0,0
7339431440597963,1,trader_request,0,1024,2,0,0
7339431440597963,1,trading_callback,0,1024,3,0,0
7339431440597963,1,trace,0,8192,22,0,0
7339431440597963,1,latency,0,4096,5,0,0
7339431540963576,0,market_ingress,0,1024,9,0,0
7339431540963576,0,trader_request,0,1024,1,0,0
7339431540963576,0,trading_callback,0,1024,3,0,0
7339431540963576,0,trace,0,8192,13,0,0
7339431540963576,0,latency,0,4096,13,0,0
7339431540963576,1,market_ingress,0,1024,9,0,0
7339431540963576,1,trader_request,0,1024,2,0,0
7339431540963576,1,trading_callback,0,1024,3,0,0
7339431540963576,1,trace,0,8192,22,0,0
7339431540963576,1,latency,0,4096,5,0,0
7339431641319770,0,market_ingress,0,1024,9,0,0
7339431641319770,0,trader_request,0,1024,1,0,0
7339431641319770,0,trading_callback,0,1024,3,0,0
7339431641319770,0,trace,0,8192,13,0,0
7339431641319770,0,latency,0,4096,13,0,0
7339431641319770,1,market_ingress,0,1024,9,0,0
7339431641319770,1,trader_request,0,1024,2,0,0
7339431641319770,1,trading_callback,0,1024,3,0,0
7339431641319770,1,trace,0,8192,22,0,0
7339431641319770,1,latency,0,4096,5,0,0
7339431741698505,0,market_ingress,0,1024,9,0,0
7339431741698505,0,trader_request,0,1024,1,0,0
7339431741698505,0,trading_callback,0,1024,3,0,0
7339431741698505,0,trace,0,8192,13,0,0
7339431741698505,0,latency,0,4096,13,0,0
7339431741698505,1,market_ingress,0,1024,9,0,0
7339431741698505,1,trader_request,0,1024,2,0,0
7339431741698505,1,trading_callback,0,1024,3,0,0
7339431741698505,1,trace,0,8192,22,0,0
7339431741698505,1,latency,0,4096,5,0,0
7339431842108281,0,market_ingress,0,1024,9,0,0
7339431842108281,0,trader_request,0,1024,1,0,0
7339431842108281,0,trading_callback,0,1024,3,0,0
7339431842108281,0,trace,0,8192,13,0,0
7339431842108281,0,latency,0,4096,13,0,0
7339431842108281,1,market_ingress,0,1024,9,0,0
7339431842108281,1,trader_request,0,1024,2,0,0
7339431842108281,1,trading_callback,0,1024,3,0,0
7339431842108281,1,trace,0,8192,22,0,0
7339431842108281,1,latency,0,4096,5,0,0
7339431942573043,0,market_ingress,0,1024,9,0,0
7339431942573043,0,trader_request,0,1024,1,0,0
7339431942573043,0,trading_callback,0,1024,3,0,0
7339431942573043,0,trace,0,8192,13,0,0
7339431942573043,0,latency,0,4096,13,0,0
7339431942573043,1,market_ingress,0,1024,9,0,0
7339431942573043,1,trader_request,0,1024,2,0,0
7339431942573043,1,trading_callback,0,1024,3,0,0
7339431942573043,1,trace,0,8192,22,0,0
7339431942573043,1,latency,0,4096,5,0,0
7339432042956642,0,market_ingress,0,1024,9,0,0
7339432042956642,0,trader_request,0,1024,1,0,0
7339432042956642,0,trading_callback,0,1024,3,0,0
7339432042956642,0,trace,0,8192,13,0,0
7339432042956642,0,latency,0,4096,13,0,0
7339432042956642,1,market_ingress,0,1024,9,0,0
7339432042956642,1,trader_request,0,1024,2,0,0
7339432042956642,1,trading_callback,0,1024,3,0,0
7339432042956642,1,trace,0,8192,22,0,0
7339432042956642,1,latency,0,4096,5,0,0
7339432143329621,0,market_ingress,0,1024,9,0,0
7339432143329621,0,trader_request,0,1024,1,0,0
7339432143329621,0,trading_callback,0,1024,3,0,0
7339432143329621,0,trace,0,8192,13,0,0
7339432143329621,0,latency,0,4096,13,0,0
7339432143329621,1,market_ingress,0,1024,9,0,0
7339432143329621,1,trader_request,0,1024,2,0,0
7339432143329621,1,trading_callback,0,1024,3,0,0
7339432143329621,1,trace,0,8192,22,0,0
7339432143329621,1,latency,0,4096,5,0,0
7339432243695413,0,market_ingress,0,1024,9,0,0
7339432243695413,0,trader_request,0,1024,1,0,0
7339432243695413,0,trading_callback,0,1024,3,0,0
7339432243695413,0,trace,0,8192,13,0,0
7339432243695413,0,latency,0,4096,13,0,0
7339432243695413,1,market_ingress,0,1024,9,0,0
7339432243695413,1,trader_request,0,1024,2,0,0
7339432243695413,1,trading_callback,0,1024,3,0,0
7339432243695413,1,trace,0,8192,22,0,0
7339432243695413,1,latency,0,4096,5,0,0
7339432344024171,0,market_ingress,0,1024,9,0,0
7339432344024171,0,trader_request,0,1024,1,0,0
7339432344024171,0,trading_callback,0,1024,3,0,0
7339432344024171,0,trace,0,8192,13,0,0
7339432344024171,0,latency,0,4096,13,0,0
7339432344024171,1,market_ingress,0,1024,9,0,0
7339432344024171,1,trader_request,0,1024,2,0,0
7339432344024171,1,trading_callback,0,1024,3,0,0
7339432344024171,1,trace,0,8192,22,0,0
7339432344024171,1,latency,0,4096,5,0,0
7339432444409884,0,market_ingress,0,1024,9,0,0
7339432444409884,0,trader_request,0,1024,1,0,0
7339432444409884,0,trading_callback,0,1024,3,0,0
7339432444409884,0,trace,0,8192,13,0,0
7339432444409884,0,latency,0,4096,13,0,0
7339432444409884,1,market_ingress,0,1024,9,0,0
7339432444409884,1,trader_request,0,1024,2,0,0
7339432444409884,1,trading_callback,0,1024,3,0,0
7339432444409884,1,trace,0,8192,22,0,0
7339432444409884,1,latency,0,4096,5,0,0
7339432544765492,0,market_ingress,0,1024,9,0,0
7339432544765492,0,trader_request,0,1024,1,0,0
7339432544765492,0,trading_callback,0,1024,3,0,0
7339432544765492,0,trace,0,8192,13,0,0
7339432544765492,0,latency,0,4096,13,0,0
7339432544765492,1,market_ingress,0,1024,9,0,0
7339432544765492,1,trader_request,0,1024,2,0,0
7339432544765492,1,trading_callback,0,1024,3,0,0
7339432544765492,1,trace,0,8192,22,0,0
7339432544765492,1,latency,0,4096,5,0,0
7339432645147130,0,market_ingress,0,1024,9,0,0
7339432645147130,0,trader_request,0,1024,1,0,0
7339432645147130,0,trading_callback,0,1024,3,0,0
7339432645147130,0,trace,0,8192,13,0,0
7339432645147130,0,latency,0,4096,13,0,0
7339432645147130,1,market_ingress,0,1024,9,0,0
7339432645147130,1,trader_request,0,1024,2,0,0
7339432645147130,1,trading_callback,0,1024,3,0,0
7339432645147130,1,trace,0,8192,22,0,0
7339432645147130,1,latency,0,4096,5,0,0
7339432745506261,0,market_ingress,0,1024,9,0,0
7339432745506261,0,trader_request,0,1024,1,0,0
7339432745506261,0,trading_callback,0,1024,3,0,0
7339432745506261,0,trace,0,8192,13,0,0
7339432745506261,0,latency,0,4096,13,0,0
7339432745506261,1,market_ingress,0,1024,9,0,0
7339432745506261,1,trader_request,0,1024,2,0,0
7339432745506261,1,trading_callback,0,1024,3,0,0
7339432745506261,1,trace,0,8192,22,0,0
7339432745506261,1,latency,0,4096,5,0,0
7339432845871995,0,market_ingress,0,1024,9,0,0
7339432845871995,0,trader_request,0,1024,1,0,0
7339432845871995,0,trading_callback,0,1024,3,0,0
7339432845871995,0,trace,0,8192,13,0,0
7339432845871995,0,latency,0,4096,13,0,0
7339432845871995,1,market_ingress,0,1024,9,0,0
7339432845871995,1,trader_request,0,1024,2,0,0
7339432845871995,1,trading_callback,0,1024,3,0,0
7339432845871995,1,trace,0,8192,22,0,0
7339432845871995,1,latency,0,4096,5,0,0
7339432946201425,0,market_ingress,0,1024,9,0,0
7339432946201425,0,trader_request,0,1024,1,0,0
7339432946201425,0,trading_callback,0,1024,3,0,0
7339432946201425,0,trace,0,8192,13,0,0
7339432946201425,0,latency,0,4096,13,0,0
7339432946201425,1,market_ingress,0,1024,9,0,0
7339432946201425,1,trader_request,0,1024,2,0,0
7339432946201425,1,trading_callback,0,1024,3,0,0
7339432946201425,1,trace,0,8192,22,0,0
7339432946201425,1,latency,0,4096,5,0,0
7339433046586090,0,market_ingress,0,1024,9,0,0
7339433046586090,0,trader_request,0,1024,1,0,0
7339433046586090,0,trading_callback,0,1024,3,0,0
7339433046586090,0,trace,0,8192,13,0,0
7339433046586090,0,latency,0,4096,13,0,0
7339433046586090,1,market_ingress,0,1024,9,0,0
7339433046586090,1,trader_request,0,1024,2,0,0
7339433046586090,1,trading_callback,0,1024,3,0,0
7339433046586090,1,trace,0,8192,22,0,0
7339433046586090,1,latency,0,4096,5,0,0
7339433147435103,0,market_ingress,0,1024,9,0,0
7339433147435103,0,trader_request,0,1024,1,0,0
7339433147435103,0,trading_callback,0,1024,3,0,0
7339433147435103,0,trace,0,8192,13,0,0
7339433147435103,0,latency,0,4096,13,0,0
7339433147435103,1,market_ingress,0,1024,9,0,0
7339433147435103,1,trader_request,0,1024,2,0,0
7339433147435103,1,trading_callback,0,1024,3,0,0
7339433147435103,1,trace,0,8192,22,0,0
7339433147435103,1,latency,0,4096,5,0,0
7339433248335306,0,market_ingress,0,1024,9,0,0
7339433248335306,0,trader_request,0,1024,1,0,0
7339433248335306,0,trading_callback,0,1024,3,0,0
7339433248335306,0,trace,0,8192,13,0,0
7339433248335306,0,latency,0,4096,13,0,0
7339433248335306,1,market_ingress,0,1024,9,0,0
7339433248335306,1,trader_request,0,1024,2,0,0
7339433248335306,1,trading_callback,0,1024,3,0,0
7339433248335306,1,trace,0,8192,22,0,0
7339433248335306,1,latency,0,4096,5,0,0
7339433348684870,0,market_ingress,0,1024,9,0,0
7339433348684870,0,trader_request,0,1024,1,0,0
7339433348684870,0,trading_callback,0,1024,3,0,0
7339433348684870,0,trace,0,8192,13,0,0
7339433348684870,0,latency,0,4096,13,0,0
7339433348684870,1,market_ingress,0,1024,9,0,0
7339433348684870,1,trader_request,0,1024,2,0,0
7339433348684870,1,trading_callback,0,1024,3,0,0
7339433348684870,1,trace,0,8192,22,0,0
7339433348684870,1,latency,0,4096,5,0,0
7339433449041362,0,market_ingress,0,1024,9,0,0
7339433449041362,0,trader_request,0,1024,1,0,0
7339433449041362,0,trading_callback,0,1024,3,0,0
7339433449041362,0,trace,0,8192,13,0,0
7339433449041362,0,latency,0,4096,13,0,0
7339433449041362,1,market_ingress,0,1024,9,0,0
7339433449041362,1,trader_request,0,1024,2,0,0
7339433449041362,1,trading_callback,0,1024,3,0,0
7339433449041362,1,trace,0,8192,22,0,0
7339433449041362,1,latency,0,4096,5,0,0
7339433549411680,0,market_ingress,0,1024,9,0,0
7339433549411680,0,trader_request,0,1024,1,0,0
7339433549411680,0,trading_callback,0,1024,3,0,0
7339433549411680,0,trace,0,8192,13,0,0
7339433549411680,0,latency,0,4096,13,0,0
7339433549411680,1,market_ingress,0,1024,9,0,0
7339433549411680,1,trader_request,0,1024,2,0,0
7339433549411680,1,trading_callback,0,1024,3,0,0
7339433549411680,1,trace,0,8192,22,0,0
7339433549411680,1,latency,0,4096,5,0,0
7339433649787900,0,market_ingress,0,1024,9,0,0
7339433649787900,0,trader_request,0,1024,1,0,0
7339433649787900,0,trading_callback,0,1024,3,0,0
7339433649787900,0,trace,0,8192,13,0,0
7339433649787900,0,latency,0,4096,13,0,0
7339433649787900,1,market_ingress,0,1024,9,0,0
7339433649787900,1,trader_request,0,1024,2,0,0
7339433649787900,1,trading_callback,0,1024,3,0,0
7339433649787900,1,trace,0,8192,22,0,0
7339433649787900,1,latency,0,4096,5,0,0
7339433750158313,0,market_ingress,0,1024,9,0,0
7339433750158313,0,trader_request,0,1024,1,0,0
7339433750158313,0,trading_callback,0,1024,3,0,0
7339433750158313,0,trace,0,8192,13,0,0
7339433750158313,0,latency,0,4096,13,0,0
7339433750158313,1,market_ingress,0,1024,9,0,0
7339433750158313,1,trader_request,0,1024,2,0,0
7339433750158313,1,trading_callback,0,1024,3,0,0
7339433750158313,1,trace,0,8192,22,0,0
7339433750158313,1,latency,0,4096,5,0,0
7339433850540348,0,market_ingress,0,1024,9,0,0
7339433850540348,0,trader_request,0,1024,1,0,0
7339433850540348,0,trading_callback,0,1024,3,0,0
7339433850540348,0,trace,0,8192,13,0,0
7339433850540348,0,latency,0,4096,13,0,0
7339433850540348,1,market_ingress,0,1024,9,0,0
7339433850540348,1,trader_request,0,1024,2,0,0
7339433850540348,1,trading_callback,0,1024,3,0,0
7339433850540348,1,trace,0,8192,22,0,0
7339433850540348,1,latency,0,4096,5,0,0
7339433950900045,0,market_ingress,0,1024,9,0,0
7339433950900045,0,trader_request,0,1024,1,0,0
7339433950900045,0,trading_callback,0,1024,3,0,0
7339433950900045,0,trace,0,8192,13,0,0
7339433950900045,0,latency,0,4096,13,0,0
7339433950900045,1,market_ingress,0,1024,9,0,0
7339433950900045,1,trader_request,0,1024,2,0,0
7339433950900045,1,trading_callback,0,1024,3,0,0
7339433950900045,1,trace,0,8192,22,0,0
7339433950900045,1,latency,0,4096,5,0,0
7339434051294284,0,market_ingress,0,1024,9,0,0
7339434051294284,0,trader_request,0,1024,1,0,0
7339434051294284,0,trading_callback,0,1024,3,0,0
7339434051294284,0,trace,0,8192,13,0,0
7339434051294284,0,latency,0,4096,13,0,0
7339434051294284,1,market_ingress,0,1024,9,0,0
7339434051294284,1,trader_request,0,1024,2,0,0
7339434051294284,1,trading_callback,0,1024,3,0,0
7339434051294284,1,trace,0,8192,22,0,0
7339434051294284,1,latency,0,4096,5,0,0
7339434151669592,0,market_ingress,0,1024,9,0,0
7339434151669592,0,trader_request,0,1024,1,0,0
7339434151669592,0,trading_callback,0,1024,3,0,0
7339434151669592,0,trace,0,8192,13,0,0
7339434151669592,0,latency,0,4096,13,0,0
7339434151669592,1,market_ingress,0,1024,9,0,0
7339434151669592,1,trader_request,0,1024,2,0,0
7339434151669592,1,trading_callback,0,1024,3,0,0
7339434151669592,1,trace,0,8192,22,0,0
7339434151669592,1,latency,0,4096,5,0,0
7339434252094699,0,market_ingress,0,1024,9,0,0
7339434252094699,0,trader_request,0,1024,1,0,0
7339434252094699,0,trading_callback,0,1024,3,0,0
7339434252094699,0,trace,0,8192,13,0,0
7339434252094699,0,latency,0,4096,13,0,0
7339434252094699,1,market_ingress,0,1024,9,0,0
7339434252094699,1,trader_request,0,1024,2,0,0
7339434252094699,1,trading_callback,0,1024,3,0,0
7339434252094699,1,trace,0,8192,22,0,0
7339434252094699,1,latency,0,4096,5,0,0
7339434352468821,0,market_ingress,0,1024,9,0,0
7339434352468821,0,trader_request,0,1024,1,0,0
7339434352468821,0,trading_callback,0,1024,3,0,0
7339434352468821,0,trace,0,8192,13,0,0
7339434352468821,0,latency,0,4096,13,0,0
7339434352468821,1,market_ingress,0,1024,9,0,0
7339434352468821,1,trader_request,0,1024,2,0,0
7339434352468821,1,trading_callback,0,1024,3,0,0
7339434352468821,1,trace,0,8192,22,0,0
7339434352468821,1,latency,0,4096,5,0,0
7339434452821627,0,market_ingress,0,1024,9,0,0
7339434452821627,0,trader_request,0,1024,1,0,0
7339434452821627,0,trading_callback,0,1024,3,0,0
7339434452821627,0,trace,0,8192,13,0,0
7339434452821627,0,latency,0,4096,13,0,0
7339434452821627,1,market_ingress,0,1024,9,0,0
7339434452821627,1,trader_request,0,1024,2,0,0
7339434452821627,1,trading_callback,0,1024,3,0,0
7339434452821627,1,trace,0,8192,22,0,0
7339434452821627,1,latency,0,4096,5,0,0
7339434553202572,0,market_ingress,0,1024,9,0,0
7339434553202572,0,trader_request,0,1024,1,0,0
7339434553202572,0,trading_callback,0,1024,3,0,0
7339434553202572,0,trace,0,8192,13,0,0
7339434553202572,0,latency,0,4096,13,0,0
7339434553202572,1,market_ingress,0,1024,9,0,0
7339434553202572,1,trader_request,0,1024,2,0,0
7339434553202572,1,trading_callback,0,1024,3,0,0
7339434553202572,1,trace,0,8192,22,0,0
7339434553202572,1,latency,0,4096,5,0,0
7339434653563939,0,market_ingress,0,1024,9,0,0
7339434653563939,0,trader_request,0,1024,1,0,0
7339434653563939,0,trading_callback,0,1024,3,0,0
7339434653563939,0,trace,0,8192,13,0,0
7339434653563939,0,latency,0,4096,13,0,0
7339434653563939,1,market_ingress,0,1024,9,0,0
7339434653563939,1,trader_request,0,1024,2,0,0
7339434653563939,1,trading_callback,0,1024,3,0,0
7339434653563939,1,trace,0,8192,22,0,0
7339434653563939,1,latency,0,4096,5,0,0
7339434753917780,0,market_ingress,0,1024,9,0,0
7339434753917780,0,trader_request,0,1024,1,0,0
7339434753917780,0,trading_callback,0,1024,3,0,0
7339434753917780,0,trace,0,8192,13,0,0
7339434753917780,0,latency,0,4096,13,0,0
7339434753917780,1,market_ingress,0,1024,9,0,0
7339434753917780,1,trader_request,0,1024,2,0,0
7339434753917780,1,trading_callback,0,1024,3,0,0
7339434753917780,1,trace,0,8192,22,0,0
7339434753917780,1,latency,0,4096,5,0,0
7339434854300892,0,market_ingress,0,1024,9,0,0
7339434854300892,0,trader_request,0,1024,1,0,0
7339434854300892,0,trading_callback,0,1024,3,0,0
7339434854300892,0,trace,0,8192,13,0,0
7339434854300892,0,latency,0,4096,13,0,0
7339434854300892,1,market_ingress,0,1024,9,0,0
7339434854300892,1,trader_request,0,1024,2,0,0
7339434854300892,1,trading_callback,0,1024,3,0,0
7339434854300892,1,trace,0,8192,22,0,0
7339434854300892,1,latency,0,4096,5,0,0
7339434954646074,0,market_ingress,0,1024,9,0,0
7339434954646074,0,trader_request,0,1024,1,0,0
7339434954646074,0,trading_callback,0,1024,3,0,0
7339434954646074,0,trace,0,8192,13,0,0
7339434954646074,0,latency,0,4096,13,0,0
7339434954646074,1,market_ingress,0,1024,9,0,0
7339434954646074,1,trader_request,0,1024,2,0,0
7339434954646074,1,trading_callback,0,1024,3,0,0
7339434954646074,1,trace,0,8192,22,0,0
7339434954646074,1,latency,0,4096,5,0,0
7339435055074743,0,market_ingress,0,1024,9,0,0
7339435055074743,0,trader_request,0,1024,1,0,0
7339435055074743,0,trading_callback,0,1024,3,0,0
7339435055074743,0,trace,0,8192,13,0,0
7339435055074743,0,latency,0,4096,13,0,0
7339435055074743,1,market_ingress,0,1024,9,0,0
7339435055074743,1,trader_request,0,1024,2,0,0
7339435055074743,1,trading_callback,0,1024,3,0,0
7339435055074743,1,trace,0,8192,22,0,0
7339435055074743,1,latency,0,4096,5,0,0
7339435155439415,0,market_ingress,0,1024,9,0,0
7339435155439415,0,trader_request,0,1024,1,0,0
7339435155439415,0,trading_callback,0,1024,3,0,0
7339435155439415,0,trace,0,8192,13,0,0
7339435155439415,0,latency,0,4096,13,0,0
7339435155439415,1,market_ingress,0,1024,9,0,0
7339435155439415,1,trader_request,0,1024,2,0,0
7339435155439415,1,trading_callback,0,1024,3,0,0
7339435155439415,1,trace,0,8192,22,0,0
7339435155439415,1,latency,0,4096,5,0,0
7339435255800269,0,market_ingress,0,1024,9,0,0
7339435255800269,0,trader_request,0,1024,1,0,0
7339435255800269,0,trading_callback,0,1024,3,0,0
7339435255800269,0,trace,0,8192,13,0,0
7339435255800269,0,latency,0,4096,13,0,0
7339435255800269,1,market_ingress,0,1024,9,0,0
7339435255800269,1,trader_request,0,1024,2,0,0
7339435255800269,1,trading_callback,0,1024,3,0,0
7339435255800269,1,trace,0,8192,22,0,0
7339435255800269,1,latency,0,4096,5,0,0
7339435360023982,0,market_ingress,0,1024,9,0,0
7339435360023982,0,trader_request,0,1024,1,0,0
7339435360023982,0,trading_callback,0,1024,3,0,0
7339435360023982,0,trace,0,8192,13,0,0
7339435360023982,0,latency,0,4096,13,0,0
7339435360023982,1,market_ingress,0,1024,9,0,0
7339435360023982,1,trader_request,0,1024,2,0,0
7339435360023982,1,trading_callback,0,1024,3,0,0
7339435360023982,1,trace,0,8192,22,0,0
7339435360023982,1,latency,0,4096,5,0,0
7339435460478094,0,market_ingress,0,1024,9,0,0
7339435460478094,0,trader_request,0,1024,1,0,0
7339435460478094,0,trading_callback,0,1024,3,0,0
7339435460478094,0,trace,0,8192,13,0,0
7339435460478094,0,latency,0,4096,13,0,0
7339435460478094,1,market_ingress,0,1024,9,0,0
7339435460478094,1,trader_request,0,1024,2,0,0
7339435460478094,1,trading_callback,0,1024,3,0,0
7339435460478094,1,trace,0,8192,22,0,0
7339435460478094,1,latency,0,4096,5,0,0
7339435560835308,0,market_ingress,0,1024,9,0,0
7339435560835308,0,trader_request,0,1024,1,0,0
7339435560835308,0,trading_callback,0,1024,3,0,0
7339435560835308,0,trace,0,8192,13,0,0
7339435560835308,0,latency,0,4096,13,0,0
7339435560835308,1,market_ingress,0,1024,9,0,0
7339435560835308,1,trader_request,0,1024,2,0,0
7339435560835308,1,trading_callback,0,1024,3,0,0
7339435560835308,1,trace,0,8192,22,0,0
7339435560835308,1,latency,0,4096,5,0,0
7339435661186284,0,market_ingress,0,1024,9,0,0
7339435661186284,0,trader_request,0,1024,1,0,0
7339435661186284,0,trading_callback,0,1024,3,0,0
7339435661186284,0,trace,0,8192,13,0,0
7339435661186284,0,latency,0,4096,13,0,0
7339435661186284,1,market_ingress,0,1024,9,0,0
7339435661186284,1,trader_request,0,1024,2,0,0
7339435661186284,1,trading_callback,0,1024,3,0,0
7339435661186284,1,trace,0,8192,22,0,0
7339435661186284,1,latency,0,4096,5,0,0
7339435761550846,0,market_ingress,0,1024,9,0,0
7339435761550846,0,trader_request,0,1024,1,0,0
7339435761550846,0,trading_callback,0,1024,3,0,0
7339435761550846,0,trace,0,8192,13,0,0
7339435761550846,0,latency,0,4096,13,0,0
7339435761550846,1,market_ingress,0,1024,9,0,0
7339435761550846,1,trader_request,0,1024,2,0,0
7339435761550846,1,trading_callback,0,1024,3,0,0
7339435761550846,1,trace,0,8192,22,0,0
7339435761550846,1,latency,0,4096,5,0,0
7339435861911259,0,market_ingress,0,1024,9,0,0
7339435861911259,0,trader_request,0,1024,1,0,0
7339435861911259,0,trading_callback,0,1024,3,0,0
7339435861911259,0,trace,0,8192,13,0,0
7339435861911259,0,latency,0,4096,13,0,0
7339435861911259,1,market_ingress,0,1024,9,0,0
7339435861911259,1,trader_request,0,1024,2,0,0
7339435861911259,1,trading_callback,0,1024,3,0,0
7339435861911259,1,trace,0,8192,22,0,0
7339435861911259,1,latency,0,4096,5,0,0
7339435962300146,0,market_ingress,0,1024,9,0,0
7339435962300146,0,trader_request,0,1024,1,0,0
7339435962300146,0,trading_callback,0,1024,3,0,0
7339435962300146,0,trace,0,8192,13,0,0
7339435962300146,0,latency,0,4096,13,0,0
7339435962300146,1,market_ingress,0,1024,9,0,0
7339435962300146,1,trader_request,0,1024,2,0,0
7339435962300146,1,trading_callback,0,1024,3,0,0
7339435962300146,1,trace,0,8192,22,0,0
7339435962300146,1,latency,0,4096,5,0,0
7339436062665258,0,market_ingress,0,1024,9,0,0
7339436062665258,0,trader_request,0,1024,1,0,0
7339436062665258,0,trading_callback,0,1024,3,0,0
7339436062665258,0,trace,0,8192,13,0,0
7339436062665258,0,latency,0,4096,13,0,0
7339436062665258,1,market_ingress,0,1024,9,0,0
7339436062665258,1,trader_request,0,1024,2,0,0
7339436062665258,1,trading_callback,0,1024,3,0,0
7339436062665258,1,trace,0,8192,22,0,0
7339436062665258,1,latency,0,4096,5,0,0
7339436163132664,0,market_ingress,0,1024,9,0,0
7339436163132664,0,trader_request,0,1024,1,0,0
7339436163132664,0,trading_callback,0,1024,3,0,0
7339436163132664,0,trace,0,8192,13,0,0
7339436163132664,0,latency,0,4096,13,0,0
7339436163132664,1,market_ingress,0,1024,9,0,0
7339436163132664,1,trader_request,0,1024,2,0,0
7339436163132664,1,trading_callback,0,1024,3,0,0
7339436163132664,1,trace,0,8192,22,0,0
7339436163132664,1,latency,0,4096,5,0,0
7339436263568056,0,market_ingress,0,1024,9,0,0
7339436263568056,0,trader_request,0,1024,1,0,0
7339436263568056,0,trading_callback,0,1024,3,0,0
7339436263568056,0,trace,0,8192,13,0,0
7339436263568056,0,latency,0,4096,13,0,0
7339436263568056,1,market_ingress,0,1024,9,0,0
7339436263568056,1,trader_request,0,1024,2,0,0
7339436263568056,1,trading_callback,0,1024,3,0,0
7339436263568056,1,trace,0,8192,22,0,0
7339436263568056,1,latency,0,4096,5,0,0
7339436363970320,0,market_ingress,0,1024,9,0,0
7339436363970320,0,trader_request,0,1024,1,0,0
7339436363970320,0,trading_callback,0,1024,3,0,0
7339436363970320,0,trace,0,8192,13,0,0
7339436363970320,0,latency,0,4096,13,0,0
7339436363970320,1,market_ingress,0,1024,9,0,0
7339436363970320,1,trader_request,0,1024,2,0,0
7339436363970320,1,trading_callback,0,1024,3,0,0
7339436363970320,1,trace,0,8192,22,0,0
7339436363970320,1,latency,0,4096,5,0,0
7339436464349206,0,market_ingress,0,1024,9,0,0
7339436464349206,0,trader_request,0,1024,1,0,0
7339436464349206,0,trading_callback,0,1024,3,0,0
7339436464349206,0,trace,0,8192,13,0,0
7339436464349206,0,latency,0,4096,13,0,0
7339436464349206,1,market_ingress,0,1024,9,0,0
7339436464349206,1,trader_request,0,1024,2,0,0
7339436464349206,1,trading_callback,0,1024,3,0,0
7339436464349206,1,trace,0,8192,22,0,0
7339436464349206,1,latency,0,4096,5,0,0
7339436564708939,0,market_ingress,0,1024,9,0,0
7339436564708939,0,trader_request,0,1024,1,0,0
7339436564708939,0,trading_callback,0,1024,3,0,0
7339436564708939,0,trace,0,8192,13,0,0
7339436564708939,0,latency,0,4096,13,0,0
7339436564708939,1,market_ingress,0,1024,9,0,0
7339436564708939,1,trader_request,0,1024,2,0,0
7339436564708939,1,trading_callback,0,1024,3,0,0
7339436564708939,1,trace,0,8192,22,0,0
7339436564708939,1,latency,0,4096,5,0,0
7339436665068741,0,market_ingress,0,1024,9,0,0
7339436665068741,0,trader_request,0,1024,1,0,0
7339436665068741,0,trading_callback,0,1024,3,0,0
7339436665068741,0,trace,0,8192,13,0,0
7339436665068741,0,latency,0,4096,13,0,0
7339436665068741,1,market_ingress,0,1024,9,0,0
7339436665068741,1,trader_request,0,1024,2,0,0
7339436665068741,1,trading_callback,0,1024,3,0,0
7339436665068741,1,trace,0,8192,22,0,0
7339436665068741,1,latency,0,4096,5,0,0
7339436765439248,0,market_ingress,0,1024,9,0,0
7339436765439248,0,trader_request,0,1024,1,0,0
7339436765439248,0,trading_callback,0,1024,3,0,0
7339436765439248,0,trace,0,8192,13,0,0
7339436765439248,0,latency,0,4096,13,0,0
7339436765439248,1,market_ingress,0,1024,9,0,0
7339436765439248,1,trader_request,0,1024,2,0,0
7339436765439248,1,trading_callback,0,1024,3,0,0
7339436765439248,1,trace,0,8192,22,0,0
7339436765439248,1,latency,0,4096,5,0,0
7339436865787648,0,market_ingress,0,1024,9,0,0
7339436865787648,0,trader_request,0,1024,1,0,0
7339436865787648,0,trading_callback,0,1024,3,0,0
7339436865787648,0,trace,0,8192,13,0,0
7339436865787648,0,latency,0,4096,13,0,0
7339436865787648,1,market_ingress,0,1024,9,0,0
7339436865787648,1,trader_request,0,1024,2,0,0
7339436865787648,1,trading_callback,0,1024,3,0,0
7339436865787648,1,trace,0,8192,22,0,0
7339436865787648,1,latency,0,4096,5,0,0
7339436966166582,0,market_ingress,0,1024,9,0,0
7339436966166582,0,trader_request,0,1024,1,0,0
7339436966166582,0,trading_callback,0,1024,3,0,0
7339436966166582,0,trace,0,8192,13,0,0
7339436966166582,0,latency,0,4096,13,0,0
7339436966166582,1,market_ingress,0,1024,9,0,0
7339436966166582,1,trader_request,0,1024,2,0,0
7339436966166582,1,trading_callback,0,1024,3,0,0
7339436966166582,1,trace,0,8192,22,0,0
7339436966166582,1,latency,0,4096,5,0,0
7339437066560498,0,market_ingress,0,1024,9,0,0
7339437066560498,0,trader_request,0,1024,1,0,0
7339437066560498,0,trading_callback,0,1024,3,0,0
7339437066560498,0,trace,0,8192,13,0,0
7339437066560498,0,latency,0,4096,13,0,0
7339437066560498,1,market_ingress,0,1024,9,0,0
7339437066560498,1,trader_request,0,1024,2,0,0
7339437066560498,1,trading_callback,0,1024,3,0,0
7339437066560498,1,trace,0,8192,22,0,0
7339437066560498,1,latency,0,4096,5,0,0
