sample_mono_ns,scope,account_index,role,tid,user_cpu_ns,system_cpu_ns,voluntary_context_switches,nonvoluntary_context_switches
7349998830265479,process,-1,process,70,0,20000000,1,2
7349998830265479,thread,-1,producer,70,0,10000000,1,2
7349998830265479,thread,-1,sampler,75,0,0,0,0
7349998830265479,thread,0,account_worker,74,0,0,0,0
7349998830265479,thread,0,trader_callback,71,0,10000000,0,0
7349998830265479,thread,0,trace_writer,72,0,0,0,0
7349998830265479,thread,0,latency_writer,73,0,0,0,0
7349998930633059,process,-1,process,70,90000000,330000000,2,2
7349998930633059,thread,-1,producer,70,0,10000000,2,2
7349998930633059,thread,-1,sampler,75,0,0,1,0
7349998930633059,thread,0,account_worker,74,40000000,60000000,0,2
7349998930633059,thread,0,trader_callback,71,10000000,100000000,0,0
7349998930633059,thread,0,trace_writer,72,30000000,60000000,0,0
7349998930633059,thread,0,latency_writer,73,0,90000000,0,2
7349999030966964,process,-1,process,70,200000000,620000000,103,2
7349999030966964,thread,-1,producer,70,0,10000000,103,2
7349999030966964,thread,-1,sampler,75,0,0,2,0
7349999030966964,thread,0,account_worker,74,90000000,100000000,0,3
7349999030966964,thread,0,trader_callback,71,30000000,180000000,0,1
7349999030966964,thread,0,trace_writer,72,40000000,150000000,0,0
7349999030966964,thread,0,latency_writer,73,20000000,170000000,0,3
7349999131232352,process,-1,process,70,350000000,880000000,203,2
7349999131232352,thread,-1,producer,70,0,10000000,203,2
7349999131232352,thread,-1,sampler,75,0,0,3,0
7349999131232352,thread,0,account_worker,74,160000000,130000000,0,4
7349999131232352,thread,0,trader_callback,71,50000000,260000000,0,1
7349999131232352,thread,0,trace_writer,72,70000000,220000000,0,1
7349999131232352,thread,0,latency_writer,73,40000000,250000000,0,4
7349999231557971,process,-1,process,70,450000000,1180000000,303,2
7349999231557971,thread,-1,producer,70,0,10000000,303,2
7349999231557971,thread,-1,sampler,75,0,0,4,0
7349999231557971,thread,0,account_worker,74,210000000,180000000,0,4
7349999231557971,thread,0,trader_callback,71,60000000,340000000,0,1
7349999231557971,thread,0,trace_writer,72,90000000,300000000,0,1
7349999231557971,thread,0,latency_writer,73,70000000,310000000,0,5
7349999331830429,process,-1,process,70,570000000,1450000000,403,2
7349999331830429,thread,-1,producer,70,0,10000000,403,2
7349999331830429,thread,-1,sampler,75,0,0,5,0
7349999331830429,thread,0,account_worker,74,260000000,230000000,0,4
7349999331830429,thread,0,trader_callback,71,90000000,410000000,0,1
7349999331830429,thread,0,trace_writer,72,100000000,390000000,0,1
7349999331830429,thread,0,latency_writer,73,90000000,400000000,0,6
7349999432182058,process,-1,process,70,670000000,1760000000,504,2
7349999432182058,thread,-1,producer,70,0,10000000,504,2
7349999432182058,thread,-1,sampler,75,0,0,6,0
7349999432182058,thread,0,account_worker,74,310000000,280000000,0,4
7349999432182058,thread,0,trader_callback,71,110000000,500000000,0,1
7349999432182058,thread,0,trace_writer,72,120000000,470000000,0,2
7349999432182058,thread,0,latency_writer,73,110000000,480000000,0,6
7349999532531869,process,-1,process,70,770000000,2060000000,604,2
7349999532531869,thread,-1,producer,70,0,10000000,604,2
7349999532531869,thread,-1,sampler,75,0,0,7,0
7349999532531869,thread,0,account_worker,74,370000000,330000000,0,4
7349999532531869,thread,0,trader_callback,71,120000000,580000000,0,2
7349999532531869,thread,0,trace_writer,72,140000000,550000000,0,2
7349999532531869,thread,0,latency_writer,73,120000000,570000000,0,12
7349999632880639,process,-1,process,70,900000000,2340000000,704,2
7349999632880639,thread,-1,producer,70,0,10000000,705,2
7349999632880639,thread,-1,sampler,75,0,0,8,0
7349999632880639,thread,0,account_worker,74,450000000,350000000,0,4
7349999632880639,thread,0,trader_callback,71,130000000,670000000,0,2
7349999632880639,thread,0,trace_writer,72,150000000,640000000,0,2
7349999632880639,thread,0,latency_writer,73,140000000,640000000,0,12
7349999733164313,process,-1,process,70,1010000000,2630000000,805,2
7349999733164313,thread,-1,producer,70,0,10000000,805,2
7349999733164313,thread,-1,sampler,75,0,0,9,0
7349999733164313,thread,0,account_worker,74,490000000,400000000,0,4
7349999733164313,thread,0,trader_callback,71,170000000,740000000,0,2
7349999733164313,thread,0,trace_writer,72,170000000,730000000,0,2
7349999733164313,thread,0,latency_writer,73,160000000,730000000,0,13
7349999833450407,process,-1,process,70,1110000000,2930000000,905,2
7349999833450407,thread,-1,producer,70,0,10000000,905,2
7349999833450407,thread,-1,sampler,75,0,0,10,0
7349999833450407,thread,0,account_worker,74,550000000,450000000,0,4
7349999833450407,thread,0,trader_callback,71,180000000,830000000,0,2
7349999833450407,thread,0,trace_writer,72,180000000,810000000,0,2
7349999833450407,thread,0,latency_writer,73,180000000,810000000,0,13
7349999933746881,process,-1,process,70,1240000000,3200000000,1005,2
7349999933746881,thread,-1,producer,70,0,10000000,1005,2
7349999933746881,thread,-1,sampler,75,0,0,11,0
7349999933746881,thread,0,account_worker,74,600000000,490000000,0,4
7349999933746881,thread,0,trader_callback,71,200000000,900000000,0,3
7349999933746881,thread,0,trace_writer,72,200000000,890000000,0,2
7349999933746881,thread,0,latency_writer,73,210000000,880000000,0,16
7350000034017647,process,-1,process,70,1330000000,3510000000,1106,2
7350000034017647,thread,-1,producer,70,0,10000000,1106,2
7350000034017647,thread,-1,sampler,75,0,0,12,0
7350000034017647,thread,0,account_worker,74,650000000,540000000,0,4
7350000034017647,thread,0,trader_callback,71,220000000,990000000,0,4
7350000034017647,thread,0,trace_writer,72,220000000,970000000,0,2
7350000034017647,thread,0,latency_writer,73,220000000,970000000,0,17
7350000134276867,process,-1,process,70,1460000000,3780000000,1206,2
7350000134276867,thread,-1,producer,70,0,10000000,1206,2
7350000134276867,thread,-1,sampler,75,0,0,13,0
7350000134276867,thread,0,account_worker,74,700000000,590000000,0,5
7350000134276867,thread,0,trader_callback,71,240000000,1070000000,0,4
7350000134276867,thread,0,trace_writer,72,260000000,1040000000,0,3
7350000134276867,thread,0,latency_writer,73,240000000,1050000000,0,19
7350000234550333,process,-1,process,70,1580000000,4070000000,1306,2
7350000234550333,thread,-1,producer,70,0,10000000,1306,2
7350000234550333,thread,-1,sampler,75,0,0,14,0
7350000234550333,thread,0,account_worker,74,770000000,630000000,0,5
7350000234550333,thread,0,trader_callback,71,250000000,1160000000,0,4
7350000234550333,thread,0,trace_writer,72,270000000,1130000000,0,3
7350000234550333,thread,0,latency_writer,73,270000000,1120000000,0,20
7350000334814299,process,-1,process,70,1710000000,4340000000,1406,2
7350000334814299,thread,-1,producer,70,0,10000000,1406,2
7350000334814299,thread,-1,sampler,75,0,0,15,0
7350000334814299,thread,0,account_worker,74,830000000,660000000,0,5
7350000334814299,thread,0,trader_callback,71,270000000,1240000000,0,4
7350000334814299,thread,0,trace_writer,72,300000000,1200000000,0,4
7350000334814299,thread,0,latency_writer,73,280000000,1210000000,0,23
7350000435135088,process,-1,process,70,1830000000,4610000000,1507,2
7350000435135088,thread,-1,producer,70,0,10000000,1507,2
7350000435135088,thread,-1,sampler,75,0,0,16,0
7350000435135088,thread,0,account_worker,74,900000000,690000000,0,6
7350000435135088,thread,0,trader_callback,71,290000000,1320000000,0,4
7350000435135088,thread,0,trace_writer,72,320000000,1280000000,0,4
7350000435135088,thread,0,latency_writer,73,300000000,1290000000,0,24
7350000535475500,process,-1,process,70,1950000000,4900000000,1607,2
7350000535475500,thread,-1,producer,70,0,10000000,1607,2
7350000535475500,thread,-1,sampler,75,0,0,17,0
7350000535475500,thread,0,account_worker,74,970000000,720000000,0,6
7350000535475500,thread,0,trader_callback,71,320000000,1390000000,0,4
7350000535475500,thread,0,trace_writer,72,340000000,1360000000,0,4
7350000535475500,thread,0,latency_writer,73,310000000,1380000000,0,24
7350000635823776,process,-1,process,70,2070000000,5180000000,1707,2
7350000635823776,thread,-1,producer,70,0,10000000,1707,2
7350000635823776,thread,-1,sampler,75,0,0,18,0
7350000635823776,thread,0,account_worker,74,1020000000,780000000,0,6
7350000635823776,thread,0,trader_callback,71,330000000,1480000000,0,4
7350000635823776,thread,0,trace_writer,72,360000000,1430000000,0,4
7350000635823776,thread,0,latency_writer,73,330000000,1460000000,0,25
7350000736142202,process,-1,process,70,2190000000,5460000000,1808,2
7350000736142202,thread,-1,producer,70,0,10000000,1808,2
7350000736142202,thread,-1,sampler,75,0,0,19,0
7350000736142202,thread,0,account_worker,74,1070000000,830000000,0,7
7350000736142202,thread,0,trader_callback,71,360000000,1550000000,0,6
7350000736142202,thread,0,trace_writer,72,380000000,1520000000,0,5
7350000736142202,thread,0,latency_writer,73,350000000,1530000000,0,26
7350000836413249,process,-1,process,70,2310000000,5740000000,1908,2
7350000836413249,thread,-1,producer,70,0,10000000,1908,2
7350000836413249,thread,-1,sampler,75,0,0,20,0
7350000836413249,thread,0,account_worker,74,1140000000,860000000,0,7
7350000836413249,thread,0,trader_callback,71,380000000,1630000000,0,6
7350000836413249,thread,0,trace_writer,72,400000000,1600000000,0,5
7350000836413249,thread,0,latency_writer,73,370000000,1620000000,0,30
7350000936685636,process,-1,process,70,2430000000,6030000000,2008,2
7350000936685636,thread,-1,producer,70,10000000,20000000,2008,2
7350000936685636,thread,-1,sampler,75,0,0,21,0
7350000936685636,thread,0,account_worker,74,1210000000,890000000,0,8
7350000936685636,thread,0,trader_callback,71,400000000,1710000000,0,6
7350000936685636,thread,0,trace_writer,72,410000000,1690000000,0,5
7350000936685636,thread,0,latency_writer,73,390000000,1700000000,0,36
7350001036961549,process,-1,process,70,2560000000,6300000000,2109,2
7350001036961549,thread,-1,producer,70,10000000,20000000,2109,2
7350001036961549,thread,-1,sampler,75,0,0,22,0
7350001036961549,thread,0,account_worker,74,1270000000,920000000,0,9
7350001036961549,thread,0,trader_callback,71,430000000,1780000000,0,6
7350001036961549,thread,0,trace_writer,72,430000000,1770000000,0,5
7350001036961549,thread,0,latency_writer,73,400000000,1790000000,0,36
7350001137235088,process,-1,process,70,2680000000,6580000000,2209,2
7350001137235088,thread,-1,producer,70,10000000,20000000,2209,2
7350001137235088,thread,-1,sampler,75,0,0,23,0
7350001137235088,thread,0,account_worker,74,1340000000,960000000,0,10
7350001137235088,thread,0,trader_callback,71,450000000,1860000000,0,6
7350001137235088,thread,0,trace_writer,72,450000000,1850000000,0,6
7350001137235088,thread,0,latency_writer,73,410000000,1880000000,0,37
7350001237512666,process,-1,process,70,2780000000,6890000000,2309,2
7350001237512666,thread,-1,producer,70,10000000,20000000,2309,2
7350001237512666,thread,-1,sampler,75,0,0,24,0
7350001237512666,thread,0,account_worker,74,1390000000,1000000000,0,10
7350001237512666,thread,0,trader_callback,71,470000000,1940000000,0,7
7350001237512666,thread,0,trace_writer,72,460000000,1930000000,0,6
7350001237512666,thread,0,latency_writer,73,420000000,1970000000,0,38
7350001337791502,process,-1,process,70,2870000000,7190000000,2409,2
7350001337791502,thread,-1,producer,70,10000000,20000000,2409,2
7350001337791502,thread,-1,sampler,75,0,0,25,0
7350001337791502,thread,0,account_worker,74,1450000000,1040000000,0,10
7350001337791502,thread,0,trader_callback,71,490000000,2020000000,0,9
7350001337791502,thread,0,trace_writer,72,470000000,2030000000,0,6
7350001337791502,thread,0,latency_writer,73,430000000,2060000000,0,39
7350001438122614,process,-1,process,70,2990000000,7470000000,2510,2
7350001438122614,thread,-1,producer,70,10000000,20000000,2510,2
7350001438122614,thread,-1,sampler,75,0,0,26,0
7350001438122614,thread,0,account_worker,74,1510000000,1080000000,0,10
7350001438122614,thread,0,trader_callback,71,500000000,2100000000,0,10
7350001438122614,thread,0,trace_writer,72,490000000,2110000000,0,6
7350001438122614,thread,0,latency_writer,73,450000000,2140000000,0,39
7350001538447741,process,-1,process,70,3080000000,7790000000,2610,2
7350001538447741,thread,-1,producer,70,10000000,20000000,2610,2
7350001538447741,thread,-1,sampler,75,0,0,27,0
7350001538447741,thread,0,account_worker,74,1580000000,1120000000,0,10
7350001538447741,thread,0,trader_callback,71,510000000,2200000000,0,10
7350001538447741,thread,0,trace_writer,72,500000000,2200000000,0,6
7350001538447741,thread,0,latency_writer,73,460000000,2230000000,0,40
7350001638803498,process,-1,process,70,3220000000,8040000000,2710,2
7350001638803498,thread,-1,producer,70,10000000,20000000,2710,2
7350001638803498,thread,-1,sampler,75,0,0,28,0
7350001638803498,thread,0,account_worker,74,1640000000,1160000000,0,10
7350001638803498,thread,0,trader_callback,71,550000000,2260000000,0,10
7350001638803498,thread,0,trace_writer,72,540000000,2260000000,0,6
7350001638803498,thread,0,latency_writer,73,470000000,2320000000,0,41
7350001739077073,process,-1,process,70,3310000000,8360000000,2811,2
7350001739077073,thread,-1,producer,70,10000000,20000000,2811,2
7350001739077073,thread,-1,sampler,75,0,0,29,0
7350001739077073,thread,0,account_worker,74,1700000000,1200000000,0,20
7350001739077073,thread,0,trader_callback,71,550000000,2360000000,0,20
7350001739077073,thread,0,trace_writer,72,550000000,2350000000,0,16
7350001739077073,thread,0,latency_writer,73,480000000,2410000000,0,53
7350001839372733,process,-1,process,70,3440000000,8630000000,2911,2
7350001839372733,thread,-1,producer,70,10000000,20000000,2911,2
7350001839372733,thread,-1,sampler,75,0,0,30,0
7350001839372733,thread,0,account_worker,74,1750000000,1250000000,0,20
7350001839372733,thread,0,trader_callback,71,580000000,2430000000,0,21
7350001839372733,thread,0,trace_writer,72,580000000,2420000000,0,16
7350001839372733,thread,0,latency_writer,73,500000000,2490000000,0,53
7350001939673821,process,-1,process,70,3540000000,8930000000,3011,2
7350001939673821,thread,-1,producer,70,10000000,20000000,3011,2
7350001939673821,thread,-1,sampler,75,0,0,31,0
7350001939673821,thread,0,account_worker,74,1820000000,1280000000,0,20
7350001939673821,thread,0,trader_callback,71,590000000,2520000000,0,21
7350001939673821,thread,0,trace_writer,72,590000000,2510000000,0,16
7350001939673821,thread,0,latency_writer,73,510000000,2580000000,0,53
7350002039977900,process,-1,process,70,3640000000,9240000000,3112,2
7350002039977900,thread,-1,producer,70,10000000,20000000,3112,2
7350002039977900,thread,-1,sampler,75,0,0,32,0
7350002039977900,thread,0,account_worker,74,1870000000,1330000000,0,20
7350002039977900,thread,0,trader_callback,71,610000000,2600000000,0,22
7350002039977900,thread,0,trace_writer,72,590000000,2610000000,0,16
7350002039977900,thread,0,latency_writer,73,530000000,2660000000,0,54
7350002140273874,process,-1,process,70,3760000000,9520000000,3209,2
7350002140273874,thread,-1,producer,70,10000000,20000000,3209,2
7350002140273874,thread,-1,sampler,75,0,0,33,0
7350002140273874,thread,0,account_worker,74,1940000000,1360000000,0,21
7350002140273874,thread,0,trader_callback,71,630000000,2680000000,0,23
7350002140273874,thread,0,trace_writer,72,610000000,2690000000,0,17
7350002140273874,thread,0,latency_writer,73,550000000,2740000000,0,56
7350002240554590,process,-1,process,70,3850000000,9830000000,3309,2
7350002240554590,thread,-1,producer,70,10000000,20000000,3309,2
7350002240554590,thread,-1,sampler,75,0,0,34,0
7350002240554590,thread,0,account_worker,74,1990000000,1410000000,0,21
7350002240554590,thread,0,trader_callback,71,640000000,2780000000,0,23
7350002240554590,thread,0,trace_writer,72,610000000,2790000000,0,17
7350002240554590,thread,0,latency_writer,73,580000000,2810000000,0,58
7350002340828852,process,-1,process,70,3970000000,10110000000,3409,2
7350002340828852,thread,-1,producer,70,10000000,20000000,3409,2
7350002340828852,thread,-1,sampler,75,0,0,35,0
7350002340828852,thread,0,account_worker,74,2050000000,1450000000,0,21
7350002340828852,thread,0,trader_callback,71,650000000,2860000000,0,23
7350002340828852,thread,0,trace_writer,72,640000000,2860000000,0,17
7350002340828852,thread,0,latency_writer,73,610000000,2880000000,0,59
7350002441109287,process,-1,process,70,4130000000,10350000000,3510,2
7350002441109287,thread,-1,producer,70,10000000,20000000,3510,2
7350002441109287,thread,-1,sampler,75,0,0,36,0
7350002441109287,thread,0,account_worker,74,2110000000,1490000000,0,22
7350002441109287,thread,0,trader_callback,71,680000000,2930000000,0,23
7350002441109287,thread,0,trace_writer,72,670000000,2930000000,0,18
7350002441109287,thread,0,latency_writer,73,640000000,2960000000,0,60
7350002541435812,process,-1,process,70,4250000000,10630000000,3610,2
7350002541435812,thread,-1,producer,70,10000000,20000000,3610,2
7350002541435812,thread,-1,sampler,75,0,0,37,0
7350002541435812,thread,0,account_worker,74,2170000000,1530000000,0,22
7350002541435812,thread,0,trader_callback,71,700000000,3010000000,0,24
7350002541435812,thread,0,trace_writer,72,680000000,3020000000,0,18
7350002541435812,thread,0,latency_writer,73,660000000,3040000000,0,60
7350002641709931,process,-1,process,70,4370000000,10910000000,3710,2
7350002641709931,thread,-1,producer,70,10000000,20000000,3710,2
7350002641709931,thread,-1,sampler,75,0,0,38,0
7350002641709931,thread,0,account_worker,74,2210000000,1590000000,0,23
7350002641709931,thread,0,trader_callback,71,740000000,3080000000,0,24
7350002641709931,thread,0,trace_writer,72,710000000,3090000000,0,18
7350002641709931,thread,0,latency_writer,73,690000000,3110000000,0,61
7350002741992272,process,-1,process,70,4470000000,11210000000,3811,2
7350002741992272,thread,-1,producer,70,10000000,20000000,3811,2
7350002741992272,thread,-1,sampler,75,0,0,39,0
7350002741992272,thread,0,account_worker,74,2270000000,1630000000,0,23
7350002741992272,thread,0,trader_callback,71,740000000,3170000000,0,24
7350002741992272,thread,0,trace_writer,72,720000000,3180000000,0,18
7350002741992272,thread,0,latency_writer,73,710000000,3180000000,0,63
7350002842282600,process,-1,process,70,4600000000,11490000000,3911,2
7350002842282600,thread,-1,producer,70,10000000,20000000,3911,2
7350002842282600,thread,-1,sampler,75,0,0,40,0
7350002842282600,thread,0,account_worker,74,2330000000,1670000000,0,23
7350002842282600,thread,0,trader_callback,71,760000000,3260000000,0,24
7350002842282600,thread,0,trace_writer,72,750000000,3260000000,0,18
7350002842282600,thread,0,latency_writer,73,740000000,3260000000,0,63
7350002942621153,process,-1,process,70,4710000000,11780000000,4011,2
7350002942621153,thread,-1,producer,70,10000000,20000000,4011,2
7350002942621153,thread,-1,sampler,75,0,0,41,0
7350002942621153,thread,0,account_worker,74,2380000000,1720000000,0,25
7350002942621153,thread,0,trader_callback,71,770000000,3340000000,0,24
7350002942621153,thread,0,trace_writer,72,760000000,3340000000,0,18
7350002942621153,thread,0,latency_writer,73,760000000,3340000000,0,65
7350003042899963,process,-1,process,70,4820000000,12080000000,4111,2
7350003042899963,thread,-1,producer,70,10000000,20000000,4112,2
7350003042899963,thread,-1,sampler,75,0,0,42,0
7350003042899963,thread,0,account_worker,74,2440000000,1760000000,0,26
7350003042899963,thread,0,trader_callback,71,790000000,3420000000,0,25
7350003042899963,thread,0,trace_writer,72,770000000,3440000000,0,18
7350003042899963,thread,0,latency_writer,73,790000000,3410000000,0,66
7350003143173035,process,-1,process,70,4950000000,12340000000,4212,2
7350003143173035,thread,-1,producer,70,10000000,20000000,4212,2
7350003143173035,thread,-1,sampler,75,0,0,43,0
7350003143173035,thread,0,account_worker,74,2510000000,1790000000,0,27
7350003143173035,thread,0,trader_callback,71,810000000,3510000000,0,25
7350003143173035,thread,0,trace_writer,72,800000000,3500000000,0,19
7350003143173035,thread,0,latency_writer,73,800000000,3490000000,0,70
7350003243526626,process,-1,process,70,5090000000,12610000000,4312,2
7350003243526626,thread,-1,producer,70,10000000,20000000,4312,2
7350003243526626,thread,-1,sampler,75,0,0,44,0
7350003243526626,thread,0,account_worker,74,2590000000,1820000000,0,27
7350003243526626,thread,0,trader_callback,71,830000000,3580000000,0,25
7350003243526626,thread,0,trace_writer,72,810000000,3590000000,0,19
7350003243526626,thread,0,latency_writer,73,830000000,3570000000,0,70
7350003343867531,process,-1,process,70,5210000000,12890000000,4412,2
7350003343867531,thread,-1,producer,70,10000000,20000000,4413,2
7350003343867531,thread,-1,sampler,75,0,0,45,0
7350003343867531,thread,0,account_worker,74,2650000000,1860000000,0,28
7350003343867531,thread,0,trader_callback,71,870000000,3650000000,0,26
7350003343867531,thread,0,trace_writer,72,820000000,3690000000,0,20
7350003343867531,thread,0,latency_writer,73,850000000,3650000000,0,71
7350003444222754,process,-1,process,70,5340000000,13160000000,4513,2
7350003444222754,thread,-1,producer,70,10000000,20000000,4513,2
7350003444222754,thread,-1,sampler,75,0,0,46,0
7350003444222754,thread,0,account_worker,74,2710000000,1890000000,0,28
7350003444222754,thread,0,trader_callback,71,890000000,3730000000,0,27
7350003444222754,thread,0,trace_writer,72,840000000,3760000000,0,20
7350003444222754,thread,0,latency_writer,73,870000000,3730000000,0,72
7350003544564531,process,-1,process,70,5440000000,13460000000,4613,2
7350003544564531,thread,-1,producer,70,10000000,20000000,4613,2
7350003544564531,thread,-1,sampler,75,0,0,47,0
7350003544564531,thread,0,account_worker,74,2760000000,1940000000,0,28
7350003544564531,thread,0,trader_callback,71,900000000,3810000000,0,28
7350003544564531,thread,0,trace_writer,72,860000000,3850000000,0,20
7350003544564531,thread,0,latency_writer,73,890000000,3810000000,0,72
7350003644824558,process,-1,process,70,5580000000,13720000000,4713,2
7350003644824558,thread,-1,producer,70,10000000,20000000,4713,2
7350003644824558,thread,-1,sampler,75,0,0,48,0
7350003644824558,thread,0,account_worker,74,2830000000,1980000000,0,28
7350003644824558,thread,0,trader_callback,71,920000000,3900000000,0,28
7350003644824558,thread,0,trace_writer,72,880000000,3920000000,0,20
7350003644824558,thread,0,latency_writer,73,920000000,3870000000,0,73
7350003745162144,process,-1,process,70,5700000000,14000000000,4814,2
7350003745162144,thread,-1,producer,70,10000000,20000000,4814,2
7350003745162144,thread,-1,sampler,75,0,0,49,0
7350003745162144,thread,0,account_worker,74,2880000000,2020000000,0,28
7350003745162144,thread,0,trader_callback,71,940000000,3980000000,0,28
7350003745162144,thread,0,trace_writer,72,910000000,4000000000,0,20
7350003745162144,thread,0,latency_writer,73,950000000,3950000000,0,74
7350003845489686,process,-1,process,70,5790000000,14320000000,4914,2
7350003845489686,thread,-1,producer,70,10000000,20000000,4914,2
7350003845489686,thread,-1,sampler,75,0,0,50,0
7350003845489686,thread,0,account_worker,74,2930000000,2070000000,0,28
7350003845489686,thread,0,trader_callback,71,940000000,4080000000,0,29
7350003845489686,thread,0,trace_writer,72,920000000,4090000000,0,20
7350003845489686,thread,0,latency_writer,73,970000000,4030000000,0,74
7350003945835163,process,-1,process,70,5920000000,14590000000,5014,2
7350003945835163,thread,-1,producer,70,10000000,20000000,5014,2
7350003945835163,thread,-1,sampler,75,0,0,51,0
7350003945835163,thread,0,account_worker,74,3010000000,2100000000,0,28
7350003945835163,thread,0,trader_callback,71,960000000,4160000000,0,29
7350003945835163,thread,0,trace_writer,72,950000000,4160000000,0,20
7350003945835163,thread,0,latency_writer,73,980000000,4120000000,0,74
7350004046185627,process,-1,process,70,6030000000,14880000000,5115,2
7350004046185627,thread,-1,producer,70,10000000,20000000,5115,2
7350004046185627,thread,-1,sampler,75,0,0,52,0
7350004046185627,thread,0,account_worker,74,3050000000,2150000000,0,29
7350004046185627,thread,0,trader_callback,71,990000000,4220000000,0,30
7350004046185627,thread,0,trace_writer,72,960000000,4250000000,0,21
7350004046185627,thread,0,latency_writer,73,1000000000,4200000000,0,74
7350004146560605,process,-1,process,70,6150000000,15160000000,5215,2
7350004146560605,thread,-1,producer,70,10000000,20000000,5215,2
7350004146560605,thread,-1,sampler,75,0,0,53,0
7350004146560605,thread,0,account_worker,74,3120000000,2190000000,0,30
7350004146560605,thread,0,trader_callback,71,1020000000,4300000000,0,30
7350004146560605,thread,0,trace_writer,72,980000000,4330000000,0,22
7350004146560605,thread,0,latency_writer,73,1010000000,4290000000,0,77
7350004246914010,process,-1,process,70,6250000000,15470000000,5316,2
7350004246914010,thread,-1,producer,70,10000000,20000000,5316,2
7350004246914010,thread,-1,sampler,75,0,0,54,0
7350004246914010,thread,0,account_worker,74,3180000000,2220000000,0,31
7350004246914010,thread,0,trader_callback,71,1020000000,4390000000,0,30
7350004246914010,thread,0,trace_writer,72,980000000,4420000000,0,22
7350004246914010,thread,0,latency_writer,73,1030000000,4370000000,0,81
7350004347276634,process,-1,process,70,6380000000,15740000000,5416,2
7350004347276634,thread,-1,producer,70,10000000,20000000,5416,2
7350004347276634,thread,-1,sampler,75,0,10000000,55,0
7350004347276634,thread,0,account_worker,74,3240000000,2260000000,0,32
7350004347276634,thread,0,trader_callback,71,1050000000,4470000000,0,30
7350004347276634,thread,0,trace_writer,72,1000000000,4510000000,0,22
7350004347276634,thread,0,latency_writer,73,1050000000,4450000000,0,83
7350004447618942,process,-1,process,70,6490000000,16030000000,5507,2
7350004447618942,thread,-1,producer,70,10000000,20000000,5507,2
7350004447618942,thread,-1,sampler,75,0,10000000,56,0
7350004447618942,thread,0,account_worker,74,3300000000,2310000000,0,32
7350004447618942,thread,0,trader_callback,71,1080000000,4540000000,0,30
7350004447618942,thread,0,trace_writer,72,1010000000,4600000000,0,23
7350004447618942,thread,0,latency_writer,73,1080000000,4520000000,0,84
7350004547960712,process,-1,process,70,6600000000,16320000000,5608,2
7350004547960712,thread,-1,producer,70,10000000,20000000,5608,2
7350004547960712,thread,-1,sampler,75,0,10000000,57,0
7350004547960712,thread,0,account_worker,74,3350000000,2350000000,0,33
7350004547960712,thread,0,trader_callback,71,1090000000,4630000000,0,31
7350004547960712,thread,0,trace_writer,72,1030000000,4680000000,0,23
7350004547960712,thread,0,latency_writer,73,1090000000,4600000000,0,86
7350004648305565,process,-1,process,70,6740000000,16580000000,5708,2
7350004648305565,thread,-1,producer,70,10000000,20000000,5708,2
7350004648305565,thread,-1,sampler,75,0,10000000,58,0
7350004648305565,thread,0,account_worker,74,3420000000,2390000000,0,33
7350004648305565,thread,0,trader_callback,71,1120000000,4700000000,0,31
7350004648305565,thread,0,trace_writer,72,1040000000,4770000000,0,23
7350004648305565,thread,0,latency_writer,73,1120000000,4680000000,0,87
7350004748572131,process,-1,process,70,6850000000,16870000000,5808,2
7350004748572131,thread,-1,producer,70,10000000,20000000,5808,2
7350004748572131,thread,-1,sampler,75,0,10000000,59,0
7350004748572131,thread,0,account_worker,74,3490000000,2420000000,0,33
7350004748572131,thread,0,trader_callback,71,1130000000,4790000000,0,31
7350004748572131,thread,0,trace_writer,72,1060000000,4850000000,0,23
7350004748572131,thread,0,latency_writer,73,1140000000,4760000000,0,88
7350004848845374,process,-1,process,70,6980000000,17140000000,5908,2
7350004848845374,thread,-1,producer,70,10000000,30000000,5908,2
7350004848845374,thread,-1,sampler,75,0,10000000,60,0
7350004848845374,thread,0,account_worker,74,3550000000,2450000000,0,34
7350004848845374,thread,0,trader_callback,71,1160000000,4860000000,0,31
7350004848845374,thread,0,trace_writer,72,1080000000,4930000000,0,23
7350004848845374,thread,0,latency_writer,73,1160000000,4840000000,0,91
7350004949134977,process,-1,process,70,7100000000,17420000000,6009,2
7350004949134977,thread,-1,producer,70,10000000,30000000,6009,2
7350004949134977,thread,-1,sampler,75,0,10000000,61,0
7350004949134977,thread,0,account_worker,74,3620000000,2490000000,0,35
7350004949134977,thread,0,trader_callback,71,1180000000,4940000000,0,31
7350004949134977,thread,0,trace_writer,72,1100000000,5010000000,0,23
7350004949134977,thread,0,latency_writer,73,1170000000,4930000000,0,91
7350005049434599,process,-1,process,70,7210000000,17720000000,6109,2
7350005049434599,thread,-1,producer,70,10000000,30000000,6109,2
7350005049434599,thread,-1,sampler,75,0,10000000,62,0
7350005049434599,thread,0,account_worker,74,3680000000,2530000000,0,35
7350005049434599,thread,0,trader_callback,71,1190000000,5030000000,0,31
7350005049434599,thread,0,trace_writer,72,1120000000,5090000000,0,23
7350005049434599,thread,0,latency_writer,73,1180000000,5020000000,0,91
7350005149691174,process,-1,process,70,7320000000,18010000000,6209,2
7350005149691174,thread,-1,producer,70,10000000,30000000,6209,2
7350005149691174,thread,-1,sampler,75,0,10000000,63,0
7350005149691174,thread,0,account_worker,74,3740000000,2570000000,0,36
7350005149691174,thread,0,trader_callback,71,1200000000,5120000000,0,31
7350005149691174,thread,0,trace_writer,72,1140000000,5170000000,0,24
7350005149691174,thread,0,latency_writer,73,1200000000,5100000000,0,93
7350005249943847,process,-1,process,70,7450000000,18280000000,6310,2
7350005249943847,thread,-1,producer,70,10000000,30000000,6310,2
7350005249943847,thread,-1,sampler,75,0,10000000,64,0
7350005249943847,thread,0,account_worker,74,3800000000,2610000000,0,37
7350005249943847,thread,0,trader_callback,71,1220000000,5200000000,0,31
7350005249943847,thread,0,trace_writer,72,1160000000,5250000000,0,24
7350005249943847,thread,0,latency_writer,73,1230000000,5170000000,0,93
7350005350206803,process,-1,process,70,7560000000,18570000000,6410,2
7350005350206803,thread,-1,producer,70,10000000,30000000,6410,2
7350005350206803,thread,-1,sampler,75,0,10000000,65,0
7350005350206803,thread,0,account_worker,74,3860000000,2650000000,0,38
7350005350206803,thread,0,trader_callback,71,1240000000,5280000000,0,31
7350005350206803,thread,0,trace_writer,72,1180000000,5330000000,0,24
7350005350206803,thread,0,latency_writer,73,1240000000,5260000000,0,93
7350005450477666,process,-1,process,70,7680000000,18850000000,6510,2
7350005450477666,thread,-1,producer,70,10000000,30000000,6510,2
7350005450477666,thread,-1,sampler,75,0,10000000,66,0
7350005450477666,thread,0,account_worker,74,3920000000,2690000000,0,38
7350005450477666,thread,0,trader_callback,71,1270000000,5350000000,0,32
7350005450477666,thread,0,trace_writer,72,1200000000,5420000000,0,24
7350005450477666,thread,0,latency_writer,73,1260000000,5340000000,0,94
7350005550752441,process,-1,process,70,7770000000,19160000000,6610,2
7350005550752441,thread,-1,producer,70,10000000,30000000,6610,2
7350005550752441,thread,-1,sampler,75,0,10000000,67,0
7350005550752441,thread,0,account_worker,74,3980000000,2730000000,0,39
7350005550752441,thread,0,trader_callback,71,1270000000,5450000000,0,32
7350005550752441,thread,0,trace_writer,72,1210000000,5500000000,0,24
7350005550752441,thread,0,latency_writer,73,1270000000,5430000000,0,96
7350005651029066,process,-1,process,70,7920000000,19420000000,6711,2
7350005651029066,thread,-1,producer,70,10000000,30000000,6711,2
7350005651029066,thread,-1,sampler,75,0,10000000,68,0
7350005651029066,thread,0,account_worker,74,4050000000,2750000000,0,40
7350005651029066,thread,0,trader_callback,71,1300000000,5520000000,0,32
7350005651029066,thread,0,trace_writer,72,1240000000,5580000000,0,24
7350005651029066,thread,0,latency_writer,73,1300000000,5500000000,0,96
7350005751308515,process,-1,process,70,8040000000,19700000000,6811,2
7350005751308515,thread,-1,producer,70,10000000,30000000,6811,2
7350005751308515,thread,-1,sampler,75,0,10000000,69,0
7350005751308515,thread,0,account_worker,74,4110000000,2800000000,0,40
7350005751308515,thread,0,trader_callback,71,1330000000,5590000000,0,32
7350005751308515,thread,0,trace_writer,72,1250000000,5660000000,0,24
7350005751308515,thread,0,latency_writer,73,1330000000,5570000000,0,98
7350005851804430,process,-1,process,70,8150000000,19990000000,6911,2
7350005851804430,thread,-1,producer,70,10000000,30000000,6911,2
7350005851804430,thread,-1,sampler,75,0,10000000,70,0
7350005851804430,thread,0,account_worker,74,4180000000,2830000000,0,41
7350005851804430,thread,0,trader_callback,71,1360000000,5660000000,0,33
7350005851804430,thread,0,trace_writer,72,1250000000,5760000000,0,24
7350005851804430,thread,0,latency_writer,73,1330000000,5680000000,0,98
7350005952100980,process,-1,process,70,8280000000,20270000000,7012,2
7350005952100980,thread,-1,producer,70,10000000,30000000,7012,2
7350005952100980,thread,-1,sampler,75,0,10000000,71,0
7350005952100980,thread,0,account_worker,74,4240000000,2870000000,0,42
7350005952100980,thread,0,trader_callback,71,1370000000,5750000000,0,33
7350005952100980,thread,0,trace_writer,72,1280000000,5830000000,0,24
7350005952100980,thread,0,latency_writer,73,1350000000,5760000000,0,99
7350006052407918,process,-1,process,70,8390000000,20550000000,7112,2
7350006052407918,thread,-1,producer,70,10000000,30000000,7112,2
7350006052407918,thread,-1,sampler,75,0,10000000,72,0
7350006052407918,thread,0,account_worker,74,4300000000,2910000000,0,42
7350006052407918,thread,0,trader_callback,71,1390000000,5830000000,0,33
7350006052407918,thread,0,trace_writer,72,1300000000,5910000000,0,24
7350006052407918,thread,0,latency_writer,73,1370000000,5840000000,0,100
7350006152772722,process,-1,process,70,8520000000,20820000000,7212,2
7350006152772722,thread,-1,producer,70,10000000,30000000,7212,2
7350006152772722,thread,-1,sampler,75,0,10000000,73,0
7350006152772722,thread,0,account_worker,74,4350000000,2960000000,0,44
7350006152772722,thread,0,trader_callback,71,1420000000,5910000000,0,33
7350006152772722,thread,0,trace_writer,72,1330000000,5990000000,0,25
7350006152772722,thread,0,latency_writer,73,1390000000,5910000000,0,101
7350006253153552,process,-1,process,70,8640000000,21110000000,7313,2
7350006253153552,thread,-1,producer,70,10000000,30000000,7313,2
7350006253153552,thread,-1,sampler,75,0,10000000,74,0
7350006253153552,thread,0,account_worker,74,4410000000,3010000000,0,44
7350006253153552,thread,0,trader_callback,71,1440000000,5980000000,0,33
7350006253153552,thread,0,trace_writer,72,1350000000,6070000000,0,25
7350006253153552,thread,0,latency_writer,73,1410000000,5990000000,0,103
7350006353512473,process,-1,process,70,8760000000,21390000000,7413,2
7350006353512473,thread,-1,producer,70,10000000,30000000,7413,2
7350006353512473,thread,-1,sampler,75,0,10000000,75,0
7350006353512473,thread,0,account_worker,74,4480000000,3030000000,0,48
7350006353512473,thread,0,trader_callback,71,1440000000,6080000000,0,33
7350006353512473,thread,0,trace_writer,72,1370000000,6150000000,0,26
7350006353512473,thread,0,latency_writer,73,1430000000,6070000000,0,104
7350006453883611,process,-1,process,70,8900000000,21650000000,7513,2
7350006453883611,thread,-1,producer,70,10000000,30000000,7514,2
7350006453883611,thread,-1,sampler,75,0,10000000,76,0
7350006453883611,thread,0,account_worker,74,4550000000,3060000000,0,48
7350006453883611,thread,0,trader_callback,71,1460000000,6160000000,0,33
7350006453883611,thread,0,trace_writer,72,1390000000,6220000000,0,26
7350006453883611,thread,0,latency_writer,73,1460000000,6140000000,0,105
7350006554272108,process,-1,process,70,9020000000,21940000000,7614,2
7350006554272108,thread,-1,producer,70,10000000,30000000,7614,2
7350006554272108,thread,-1,sampler,75,0,10000000,77,0
7350006554272108,thread,0,account_worker,74,4600000000,3110000000,0,49
7350006554272108,thread,0,trader_callback,71,1480000000,6240000000,0,34
7350006554272108,thread,0,trace_writer,72,1420000000,6290000000,0,26
7350006554272108,thread,0,latency_writer,73,1480000000,6220000000,0,106
7350006654703914,process,-1,process,70,9130000000,22230000000,7714,2
7350006654703914,thread,-1,producer,70,10000000,30000000,7714,2
7350006654703914,thread,-1,sampler,75,0,10000000,78,0
7350006654703914,thread,0,account_worker,74,4660000000,3150000000,0,49
7350006654703914,thread,0,trader_callback,71,1500000000,6320000000,0,34
7350006654703914,thread,0,trace_writer,72,1440000000,6370000000,0,26
7350006654703914,thread,0,latency_writer,73,1490000000,6310000000,0,108
7350006754985522,process,-1,process,70,9230000000,22530000000,7815,2
7350006754985522,thread,-1,producer,70,10000000,30000000,7815,2
7350006754985522,thread,-1,sampler,75,0,10000000,79,0
7350006754985522,thread,0,account_worker,74,4720000000,3190000000,0,59
7350006754985522,thread,0,trader_callback,71,1510000000,6410000000,0,43
7350006754985522,thread,0,trace_writer,72,1460000000,6450000000,0,35
7350006754985522,thread,0,latency_writer,73,1510000000,6400000000,0,119
7350006855267379,process,-1,process,70,9360000000,22800000000,7915,2
7350006855267379,thread,-1,producer,70,10000000,30000000,7915,2
7350006855267379,thread,-1,sampler,75,0,10000000,80,0
7350006855267379,thread,0,account_worker,74,4790000000,3220000000,0,59
7350006855267379,thread,0,trader_callback,71,1530000000,6490000000,0,43
7350006855267379,thread,0,trace_writer,72,1480000000,6540000000,0,35
7350006855267379,thread,0,latency_writer,73,1520000000,6490000000,0,119
7350006955550250,process,-1,process,70,9470000000,23090000000,8012,2
7350006955550250,thread,-1,producer,70,10000000,30000000,8012,2
7350006955550250,thread,-1,sampler,75,0,10000000,81,0
7350006955550250,thread,0,account_worker,74,4850000000,3260000000,0,63
7350006955550250,thread,0,trader_callback,71,1550000000,6570000000,0,43
7350006955550250,thread,0,trace_writer,72,1500000000,6620000000,0,35
7350006955550250,thread,0,latency_writer,73,1540000000,6570000000,0,119
7350007055835067,process,-1,process,70,9600000000,23360000000,8112,2
7350007055835067,thread,-1,producer,70,10000000,30000000,8112,2
7350007055835067,thread,-1,sampler,75,0,10000000,82,0
7350007055835067,thread,0,account_worker,74,4930000000,3290000000,0,64
7350007055835067,thread,0,trader_callback,71,1570000000,6650000000,0,43
7350007055835067,thread,0,trace_writer,72,1510000000,6710000000,0,36
7350007055835067,thread,0,latency_writer,73,1560000000,6640000000,0,121
7350007156131779,process,-1,process,70,9740000000,23620000000,8213,2
7350007156131779,thread,-1,producer,70,10000000,30000000,8213,2
7350007156131779,thread,-1,sampler,75,0,10000000,83,0
7350007156131779,thread,0,account_worker,74,4990000000,3330000000,0,66
7350007156131779,thread,0,trader_callback,71,1610000000,6720000000,0,45
7350007156131779,thread,0,trace_writer,72,1540000000,6780000000,0,37
7350007156131779,thread,0,latency_writer,73,1570000000,6730000000,0,124
7350007256415584,process,-1,process,70,9840000000,23930000000,8313,2
7350007256415584,thread,-1,producer,70,10000000,30000000,8313,2
7350007256415584,thread,-1,sampler,75,0,10000000,84,0
7350007256415584,thread,0,account_worker,74,5040000000,3380000000,0,67
7350007256415584,thread,0,trader_callback,71,1610000000,6810000000,0,45
7350007256415584,thread,0,trace_writer,72,1560000000,6860000000,0,38
7350007256415584,thread,0,latency_writer,73,1590000000,6820000000,0,125
7350007356694126,process,-1,process,70,9970000000,24200000000,8413,2
7350007356694126,thread,-1,producer,70,10000000,30000000,8413,2
7350007356694126,thread,-1,sampler,75,0,10000000,85,0
7350007356694126,thread,0,account_worker,74,5110000000,3400000000,0,68
7350007356694126,thread,0,trader_callback,71,1630000000,6890000000,0,45
7350007356694126,thread,0,trace_writer,72,1570000000,6950000000,0,39
7350007356694126,thread,0,latency_writer,73,1620000000,6880000000,0,129
7350007456991015,process,-1,process,70,10080000000,24490000000,8514,2
7350007456991015,thread,-1,producer,70,10000000,30000000,8514,2
7350007456991015,thread,-1,sampler,75,0,10000000,86,0
7350007456991015,thread,0,account_worker,74,5170000000,3450000000,0,68
7350007456991015,thread,0,trader_callback,71,1650000000,6980000000,0,46
7350007456991015,thread,0,trace_writer,72,1590000000,7030000000,0,39
7350007456991015,thread,0,latency_writer,73,1640000000,6960000000,0,131
7350007557273461,process,-1,process,70,10210000000,24760000000,8614,2
7350007557273461,thread,-1,producer,70,10000000,30000000,8614,2
7350007557273461,thread,-1,sampler,75,0,10000000,87,0
7350007557273461,thread,0,account_worker,74,5240000000,3470000000,0,68
7350007557273461,thread,0,trader_callback,71,1670000000,7060000000,0,47
7350007557273461,thread,0,trace_writer,72,1600000000,7110000000,0,39
7350007557273461,thread,0,latency_writer,73,1660000000,7050000000,0,131
7350007657641950,process,-1,process,70,10330000000,25050000000,8714,2
7350007657641950,thread,-1,producer,70,10000000,30000000,8714,2
7350007657641950,thread,-1,sampler,75,0,10000000,88,0
7350007657641950,thread,0,account_worker,74,5310000000,3510000000,0,69
7350007657641950,thread,0,trader_callback,71,1700000000,7130000000,0,47
7350007657641950,thread,0,trace_writer,72,1630000000,7190000000,0,39
7350007657641950,thread,0,latency_writer,73,1670000000,7140000000,0,132
7350007757938914,process,-1,process,70,10440000000,25340000000,8815,2
7350007757938914,thread,-1,producer,70,10000000,30000000,8815,2
7350007757938914,thread,-1,sampler,75,0,10000000,89,0
7350007757938914,thread,0,account_worker,74,5370000000,3550000000,0,69
7350007757938914,thread,0,trader_callback,71,1710000000,7220000000,0,47
7350007757938914,thread,0,trace_writer,72,1640000000,7280000000,0,39
7350007757938914,thread,0,latency_writer,73,1690000000,7220000000,0,135
7350007858258205,process,-1,process,70,10610000000,25570000000,8915,2
7350007858258205,thread,-1,producer,70,10000000,30000000,8915,2
7350007858258205,thread,-1,sampler,75,0,10000000,90,0
7350007858258205,thread,0,account_worker,74,5430000000,3580000000,0,69
7350007858258205,thread,0,trader_callback,71,1750000000,7280000000,0,48
7350007858258205,thread,0,trace_writer,72,1670000000,7350000000,0,39
7350007858258205,thread,0,latency_writer,73,1720000000,7290000000,0,136
7350007958546381,process,-1,process,70,10710000000,25870000000,9015,2
7350007958546381,thread,-1,producer,70,10000000,30000000,9015,2
7350007958546381,thread,-1,sampler,75,0,10000000,91,0
7350007958546381,thread,0,account_worker,74,5490000000,3620000000,0,69
7350007958546381,thread,0,trader_callback,71,1760000000,7360000000,0,48
7350007958546381,thread,0,trace_writer,72,1690000000,7430000000,0,39
7350007958546381,thread,0,latency_writer,73,1730000000,7380000000,0,136
7350008058834653,process,-1,process,70,10820000000,26160000000,9115,2
7350008058834653,thread,-1,producer,70,10000000,30000000,9115,2
7350008058834653,thread,-1,sampler,75,0,10000000,92,0
7350008058834653,thread,0,account_worker,74,5550000000,3660000000,0,70
7350008058834653,thread,0,trader_callback,71,1790000000,7440000000,0,49
7350008058834653,thread,0,trace_writer,72,1710000000,7510000000,0,40
7350008058834653,thread,0,latency_writer,73,1730000000,7480000000,0,136
7350008159128876,process,-1,process,70,10920000000,26470000000,9216,2
7350008159128876,thread,-1,producer,70,20000000,40000000,9216,2
7350008159128876,thread,-1,sampler,75,0,10000000,93,0
7350008159128876,thread,0,account_worker,74,5610000000,3710000000,0,72
7350008159128876,thread,0,trader_callback,71,1800000000,7520000000,0,49
7350008159128876,thread,0,trace_writer,72,1730000000,7590000000,0,41
7350008159128876,thread,0,latency_writer,73,1740000000,7570000000,0,137
7350008259434976,process,-1,process,70,11040000000,26750000000,9316,2
7350008259434976,thread,-1,producer,70,20000000,40000000,9316,2
7350008259434976,thread,-1,sampler,75,0,20000000,94,0
7350008259434976,thread,0,account_worker,74,5670000000,3750000000,0,72
7350008259434976,thread,0,trader_callback,71,1830000000,7600000000,0,49
7350008259434976,thread,0,trace_writer,72,1760000000,7660000000,0,41
7350008259434976,thread,0,latency_writer,73,1750000000,7660000000,0,140
7350008359718831,process,-1,process,70,11150000000,27040000000,9416,2
7350008359718831,thread,-1,producer,70,20000000,40000000,9416,2
7350008359718831,thread,-1,sampler,75,0,20000000,95,0
7350008359718831,thread,0,account_worker,74,5730000000,3790000000,0,72
7350008359718831,thread,0,trader_callback,71,1840000000,7690000000,0,49
7350008359718831,thread,0,trace_writer,72,1790000000,7730000000,0,41
7350008359718831,thread,0,latency_writer,73,1750000000,7750000000,0,140
7350008459994315,process,-1,process,70,11250000000,27340000000,9517,2
7350008459994315,thread,-1,producer,70,20000000,40000000,9517,2
7350008459994315,thread,-1,sampler,75,0,20000000,96,0
7350008459994315,thread,0,account_worker,74,5780000000,3840000000,0,73
7350008459994315,thread,0,trader_callback,71,1850000000,7780000000,0,49
7350008459994315,thread,0,trace_writer,72,1800000000,7820000000,0,42
7350008459994315,thread,0,latency_writer,73,1770000000,7830000000,0,141
7350008560339323,process,-1,process,70,11360000000,27640000000,9617,2
7350008560339323,thread,-1,producer,70,20000000,40000000,9617,2
7350008560339323,thread,-1,sampler,75,0,20000000,97,0
7350008560339323,thread,0,account_worker,74,5850000000,3870000000,0,73
7350008560339323,thread,0,trader_callback,71,1860000000,7870000000,0,49
7350008560339323,thread,0,trace_writer,72,1810000000,7910000000,0,42
7350008560339323,thread,0,latency_writer,73,1800000000,7910000000,0,144
7350008660630713,process,-1,process,70,11480000000,27910000000,9717,2
7350008660630713,thread,-1,producer,70,20000000,40000000,9717,2
7350008660630713,thread,-1,sampler,75,0,20000000,98,0
7350008660630713,thread,0,account_worker,74,5920000000,3900000000,0,73
7350008660630713,thread,0,trader_callback,71,1860000000,7970000000,0,49
7350008660630713,thread,0,trace_writer,72,1840000000,7980000000,0,42
7350008660630713,thread,0,latency_writer,73,1820000000,7990000000,0,144
7350008760925005,process,-1,process,70,11590000000,28210000000,9818,2
7350008760925005,thread,-1,producer,70,20000000,40000000,9818,2
7350008760925005,thread,-1,sampler,75,0,20000000,99,0
7350008760925005,thread,0,account_worker,74,5970000000,3950000000,0,73
7350008760925005,thread,0,trader_callback,71,1870000000,8050000000,0,49
7350008760925005,thread,0,trace_writer,72,1860000000,8060000000,0,42
7350008760925005,thread,0,latency_writer,73,1840000000,8070000000,0,147
7350008861201988,process,-1,process,70,11720000000,28480000000,9918,2
7350008861201988,thread,-1,producer,70,20000000,40000000,9918,2
7350008861201988,thread,-1,sampler,75,0,20000000,100,0
7350008861201988,thread,0,account_worker,74,6040000000,3980000000,0,74
7350008861201988,thread,0,trader_callback,71,1900000000,8130000000,0,49
7350008861201988,thread,0,trace_writer,72,1860000000,8160000000,0,42
7350008861201988,thread,0,latency_writer,73,1870000000,8140000000,0,147
7350008961470834,process,-1,process,70,11860000000,28740000000,10018,2
7350008961470834,thread,-1,producer,70,20000000,40000000,10018,2
7350008961470834,thread,-1,sampler,75,0,20000000,101,0
7350008961470834,thread,0,account_worker,74,6110000000,4010000000,0,77
7350008961470834,thread,0,trader_callback,71,1930000000,8200000000,0,49
7350008961470834,thread,0,trace_writer,72,1890000000,8230000000,0,42
7350008961470834,thread,0,latency_writer,73,1890000000,8220000000,0,147
7350009061742288,process,-1,process,70,11980000000,29020000000,10118,2
7350009061742288,thread,-1,producer,70,20000000,40000000,10118,2
7350009061742288,thread,-1,sampler,75,0,20000000,102,0
7350009061742288,thread,0,account_worker,74,6180000000,4040000000,0,78
7350009061742288,thread,0,trader_callback,71,1950000000,8280000000,0,50
7350009061742288,thread,0,trace_writer,72,1900000000,8320000000,0,42
7350009061742288,thread,0,latency_writer,73,1910000000,8300000000,0,148
7350009162021108,process,-1,process,70,12100000000,29310000000,10219,2
7350009162021108,thread,-1,producer,70,20000000,40000000,10219,2
7350009162021108,thread,-1,sampler,75,0,20000000,103,0
7350009162021108,thread,0,account_worker,74,6250000000,4070000000,0,79
7350009162021108,thread,0,trader_callback,71,1960000000,8370000000,0,50
7350009162021108,thread,0,trace_writer,72,1910000000,8410000000,0,43
7350009162021108,thread,0,latency_writer,73,1930000000,8380000000,0,148
7350009262305897,process,-1,process,70,12230000000,29570000000,10319,2
7350009262305897,thread,-1,producer,70,20000000,40000000,10319,2
7350009262305897,thread,-1,sampler,75,0,20000000,104,0
7350009262305897,thread,0,account_worker,74,6290000000,4130000000,0,79
7350009262305897,thread,0,trader_callback,71,1990000000,8440000000,0,50
7350009262305897,thread,0,trace_writer,72,1950000000,8470000000,0,43
7350009262305897,thread,0,latency_writer,73,1950000000,8460000000,0,148
7350009362693072,process,-1,process,70,12390000000,29820000000,10419,2
7350009362693072,thread,-1,producer,70,20000000,40000000,10419,2
7350009362693072,thread,-1,sampler,75,0,20000000,105,0
7350009362693072,thread,0,account_worker,74,6370000000,4150000000,0,79
7350009362693072,thread,0,trader_callback,71,2020000000,8520000000,0,50
7350009362693072,thread,0,trace_writer,72,1980000000,8550000000,0,43
7350009362693072,thread,0,latency_writer,73,1990000000,8520000000,0,148
7350009463064907,process,-1,process,70,12470000000,30140000000,10520,2
7350009463064907,thread,-1,producer,70,20000000,40000000,10520,2
7350009463064907,thread,-1,sampler,75,0,20000000,106,0
7350009463064907,thread,0,account_worker,74,6430000000,4190000000,0,79
7350009463064907,thread,0,trader_callback,71,2030000000,8600000000,0,51
7350009463064907,thread,0,trace_writer,72,1980000000,8640000000,0,43
7350009463064907,thread,0,latency_writer,73,1990000000,8620000000,0,148
7350009563381140,process,-1,process,70,12590000000,30420000000,10620,2
7350009563381140,thread,-1,producer,70,20000000,40000000,10620,2
7350009563381140,thread,-1,sampler,75,0,20000000,107,0
7350009563381140,thread,0,account_worker,74,6470000000,4250000000,0,79
7350009563381140,thread,0,trader_callback,71,2060000000,8680000000,0,51
7350009563381140,thread,0,trace_writer,72,2010000000,8720000000,0,43
7350009563381140,thread,0,latency_writer,73,2010000000,8700000000,0,148
7350009663769506,process,-1,process,70,12690000000,30720000000,10720,2
7350009663769506,thread,-1,producer,70,20000000,40000000,10720,2
7350009663769506,thread,-1,sampler,75,0,20000000,108,0
7350009663769506,thread,0,account_worker,74,6510000000,4310000000,0,81
7350009663769506,thread,0,trader_callback,71,2080000000,8750000000,0,52
7350009663769506,thread,0,trace_writer,72,2020000000,8800000000,0,44
7350009663769506,thread,0,latency_writer,73,2030000000,8780000000,0,149
7350009764030289,process,-1,process,70,12770000000,31040000000,10802,2
7350009764030289,thread,-1,producer,70,20000000,40000000,10802,2
7350009764030289,thread,-1,sampler,75,0,20000000,109,0
7350009764030289,thread,0,account_worker,74,6560000000,4360000000,0,82
7350009764030289,thread,0,trader_callback,71,2090000000,8850000000,0,53
7350009764030289,thread,0,trace_writer,72,2040000000,8880000000,0,47
7350009764030289,thread,0,latency_writer,73,2030000000,8870000000,0,153
7350009864323695,process,-1,process,70,12850000000,31360000000,10902,2
7350009864323695,thread,-1,producer,70,20000000,40000000,10902,2
7350009864323695,thread,-1,sampler,75,0,20000000,110,0
7350009864323695,thread,0,account_worker,74,6620000000,4400000000,0,82
7350009864323695,thread,0,trader_callback,71,2100000000,8930000000,0,54
7350009864323695,thread,0,trace_writer,72,2050000000,8970000000,0,50
7350009864323695,thread,0,latency_writer,73,2050000000,8960000000,0,157
7350009964632283,process,-1,process,70,12970000000,31640000000,11002,2
7350009964632283,thread,-1,producer,70,20000000,40000000,11002,2
7350009964632283,thread,-1,sampler,75,0,20000000,111,0
7350009964632283,thread,0,account_worker,74,6670000000,4450000000,0,82
7350009964632283,thread,0,trader_callback,71,2120000000,9010000000,0,54
7350009964632283,thread,0,trace_writer,72,2070000000,9050000000,0,52
7350009964632283,thread,0,latency_writer,73,2060000000,9050000000,0,158
7350010064923424,process,-1,process,70,13080000000,31940000000,11103,2
7350010064923424,thread,-1,producer,70,20000000,40000000,11103,2
7350010064923424,thread,-1,sampler,75,0,20000000,112,0
7350010064923424,thread,0,account_worker,74,6730000000,4490000000,0,83
7350010064923424,thread,0,trader_callback,71,2150000000,9080000000,0,54
7350010064923424,thread,0,trace_writer,72,2080000000,9140000000,0,56
7350010064923424,thread,0,latency_writer,73,2070000000,9140000000,0,161
7350010165293706,process,-1,process,70,13200000000,32220000000,11203,2
7350010165293706,thread,-1,producer,70,20000000,40000000,11203,2
7350010165293706,thread,-1,sampler,75,0,20000000,113,0
7350010165293706,thread,0,account_worker,74,6800000000,4530000000,0,86
7350010165293706,thread,0,trader_callback,71,2170000000,9170000000,0,55
7350010165293706,thread,0,trace_writer,72,2100000000,9220000000,0,61
7350010165293706,thread,0,latency_writer,73,2090000000,9220000000,0,163
7350010265582083,process,-1,process,70,13310000000,32510000000,11303,2
7350010265582083,thread,-1,producer,70,20000000,40000000,11303,2
7350010265582083,thread,-1,sampler,75,0,20000000,114,0
7350010265582083,thread,0,account_worker,74,6860000000,4560000000,0,89
7350010265582083,thread,0,trader_callback,71,2180000000,9260000000,0,55
7350010265582083,thread,0,trace_writer,72,2120000000,9300000000,0,65
7350010265582083,thread,0,latency_writer,73,2100000000,9310000000,0,168
7350010365864081,process,-1,process,70,13420000000,32800000000,11403,2
7350010365864081,thread,-1,producer,70,20000000,40000000,11403,2
7350010365864081,thread,-1,sampler,75,0,20000000,115,0
7350010365864081,thread,0,account_worker,74,6930000000,4590000000,0,91
7350010365864081,thread,0,trader_callback,71,2200000000,9340000000,0,55
7350010365864081,thread,0,trace_writer,72,2140000000,9390000000,0,69
7350010365864081,thread,0,latency_writer,73,2110000000,9400000000,0,170
7350010466174042,process,-1,process,70,13520000000,33100000000,11504,2
7350010466174042,thread,-1,producer,70,20000000,40000000,11504,2
7350010466174042,thread,-1,sampler,75,0,20000000,116,0
7350010466174042,thread,0,account_worker,74,6990000000,4630000000,0,92
7350010466174042,thread,0,trader_callback,71,2210000000,9420000000,0,55
7350010466174042,thread,0,trace_writer,72,2150000000,9480000000,0,73
7350010466174042,thread,0,latency_writer,73,2130000000,9480000000,0,171
7350010566446482,process,-1,process,70,13610000000,33410000000,11604,2
7350010566446482,thread,-1,producer,70,20000000,40000000,11604,2
7350010566446482,thread,-1,sampler,75,0,20000000,117,0
7350010566446482,thread,0,account_worker,74,7050000000,4670000000,0,93
7350010566446482,thread,0,trader_callback,71,2220000000,9520000000,0,55
7350010566446482,thread,0,trace_writer,72,2160000000,9570000000,0,76
7350010566446482,thread,0,latency_writer,73,2140000000,9570000000,0,173
7350010666721909,process,-1,process,70,13740000000,33690000000,11704,2
7350010666721909,thread,-1,producer,70,20000000,40000000,11704,2
7350010666721909,thread,-1,sampler,75,0,20000000,118,0
7350010666721909,thread,0,account_worker,74,7100000000,4720000000,0,93
7350010666721909,thread,0,trader_callback,71,2230000000,9610000000,0,55
7350010666721909,thread,0,trace_writer,72,2190000000,9640000000,0,79
7350010666721909,thread,0,latency_writer,73,2180000000,9630000000,0,177
7350010767006586,process,-1,process,70,13850000000,33980000000,11805,2
7350010767006586,thread,-1,producer,70,20000000,40000000,11805,2
7350010767006586,thread,-1,sampler,75,0,20000000,119,0
7350010767006586,thread,0,account_worker,74,7160000000,4770000000,0,97
7350010767006586,thread,0,trader_callback,71,2240000000,9690000000,0,55
7350010767006586,thread,0,trace_writer,72,2210000000,9710000000,0,84
7350010767006586,thread,0,latency_writer,73,2190000000,9720000000,0,179
7350010867287000,process,-1,process,70,13990000000,34240000000,11905,2
7350010867287000,thread,-1,producer,70,20000000,40000000,11905,2
7350010867287000,thread,-1,sampler,75,0,20000000,120,0
7350010867287000,thread,0,account_worker,74,7230000000,4790000000,0,98
7350010867287000,thread,0,trader_callback,71,2270000000,9760000000,0,55
7350010867287000,thread,0,trace_writer,72,2220000000,9800000000,0,87
7350010867287000,thread,0,latency_writer,73,2210000000,9800000000,0,184
7350010967592961,process,-1,process,70,14100000000,34530000000,12005,2
7350010967592961,thread,-1,producer,70,20000000,40000000,12005,2
7350010967592961,thread,-1,sampler,75,0,20000000,121,0
7350010967592961,thread,0,account_worker,74,7290000000,4840000000,0,100
7350010967592961,thread,0,trader_callback,71,2300000000,9840000000,0,55
7350010967592961,thread,0,trace_writer,72,2230000000,9890000000,0,93
7350010967592961,thread,0,latency_writer,73,2240000000,9870000000,0,187
7350011067892761,process,-1,process,70,14200000000,34830000000,12105,2
7350011067892761,thread,-1,producer,70,20000000,40000000,12106,2
7350011067892761,thread,-1,sampler,75,0,20000000,122,0
7350011067892761,thread,0,account_worker,74,7340000000,4880000000,0,101
7350011067892761,thread,0,trader_callback,71,2310000000,9930000000,0,56
7350011067892761,thread,0,trace_writer,72,2250000000,9980000000,0,98
7350011067892761,thread,0,latency_writer,73,2250000000,9960000000,0,194
7350011168200604,process,-1,process,70,14340000000,35090000000,12199,2
7350011168200604,thread,-1,producer,70,20000000,40000000,12199,2
7350011168200604,thread,-1,sampler,75,0,20000000,123,0
7350011168200604,thread,0,account_worker,74,7400000000,4920000000,0,103
7350011168200604,thread,0,trader_callback,71,2340000000,10000000000,0,56
7350011168200604,thread,0,trace_writer,72,2270000000,10050000000,0,101
7350011168200604,thread,0,latency_writer,73,2270000000,10040000000,0,196
7350011268505519,process,-1,process,70,14450000000,35380000000,12299,2
7350011268505519,thread,-1,producer,70,20000000,40000000,12299,2
7350011268505519,thread,-1,sampler,75,0,20000000,124,0
7350011268505519,thread,0,account_worker,74,7470000000,4960000000,0,105
7350011268505519,thread,0,trader_callback,71,2350000000,10090000000,0,56
7350011268505519,thread,0,trace_writer,72,2280000000,10150000000,0,104
7350011268505519,thread,0,latency_writer,73,2310000000,10110000000,0,198
7350011368783807,process,-1,process,70,14570000000,35670000000,12399,2
7350011368783807,thread,-1,producer,70,20000000,40000000,12399,2
7350011368783807,thread,-1,sampler,75,0,20000000,125,0
7350011368783807,thread,0,account_worker,74,7520000000,5000000000,0,106
7350011368783807,thread,0,trader_callback,71,2370000000,10170000000,0,56
7350011368783807,thread,0,trace_writer,72,2300000000,10230000000,0,110
7350011368783807,thread,0,latency_writer,73,2330000000,10190000000,0,204
7350011469068577,process,-1,process,70,14670000000,35970000000,12500,2
7350011469068577,thread,-1,producer,70,20000000,40000000,12500,2
7350011469068577,thread,-1,sampler,75,0,20000000,126,0
7350011469068577,thread,0,account_worker,74,7570000000,5060000000,0,107
7350011469068577,thread,0,trader_callback,71,2400000000,10230000000,0,57
7350011469068577,thread,0,trace_writer,72,2310000000,10320000000,0,114
7350011469068577,thread,0,latency_writer,73,2340000000,10280000000,0,206
7350011569349916,process,-1,process,70,14790000000,36250000000,12600,2
7350011569349916,thread,-1,producer,70,20000000,40000000,12600,2
7350011569349916,thread,-1,sampler,75,0,20000000,127,0
7350011569349916,thread,0,account_worker,74,7640000000,5080000000,0,109
7350011569349916,thread,0,trader_callback,71,2420000000,10320000000,0,58
7350011569349916,thread,0,trace_writer,72,2310000000,10410000000,0,117
7350011569349916,thread,0,latency_writer,73,2360000000,10360000000,0,207
7350011669628571,process,-1,process,70,14940000000,36510000000,12700,2
7350011669628571,thread,-1,producer,70,20000000,40000000,12700,2
7350011669628571,thread,-1,sampler,75,0,20000000,128,0
7350011669628571,thread,0,account_worker,74,7720000000,5110000000,0,109
7350011669628571,thread,0,trader_callback,71,2440000000,10400000000,0,58
7350011669628571,thread,0,trace_writer,72,2340000000,10490000000,0,120
7350011669628571,thread,0,latency_writer,73,2390000000,10420000000,0,209
7350011770007946,process,-1,process,70,15050000000,36790000000,12801,2
7350011770007946,thread,-1,producer,70,20000000,40000000,12801,2
7350011770007946,thread,-1,sampler,75,0,20000000,129,0
7350011770007946,thread,0,account_worker,74,7780000000,5140000000,0,118
7350011770007946,thread,0,trader_callback,71,2460000000,10480000000,0,67
7350011770007946,thread,0,trace_writer,72,2350000000,10570000000,0,129
7350011770007946,thread,0,latency_writer,73,2410000000,10510000000,0,221
7350011870383667,process,-1,process,70,15170000000,37080000000,12901,2
7350011870383667,thread,-1,producer,70,20000000,40000000,12901,2
7350011870383667,thread,-1,sampler,75,10000000,20000000,130,0
7350011870383667,thread,0,account_worker,74,7830000000,5190000000,0,118
7350011870383667,thread,0,trader_callback,71,2470000000,10570000000,0,68
7350011870383667,thread,0,trace_writer,72,2380000000,10650000000,0,129
7350011870383667,thread,0,latency_writer,73,2430000000,10580000000,0,223
7350011970670233,process,-1,process,70,15280000000,37370000000,12998,2
7350011970670233,thread,-1,producer,70,20000000,40000000,12998,2
7350011970670233,thread,-1,sampler,75,10000000,20000000,131,0
7350011970670233,thread,0,account_worker,74,7880000000,5240000000,0,118
7350011970670233,thread,0,trader_callback,71,2500000000,10640000000,0,68
7350011970670233,thread,0,trace_writer,72,2390000000,10740000000,0,129
7350011970670233,thread,0,latency_writer,73,2450000000,10670000000,0,223
7350012070954067,process,-1,process,70,15390000000,37660000000,13099,2
7350012070954067,thread,-1,producer,70,20000000,40000000,13099,2
7350012070954067,thread,-1,sampler,75,10000000,20000000,132,0
7350012070954067,thread,0,account_worker,74,7940000000,5290000000,0,120
7350012070954067,thread,0,trader_callback,71,2520000000,10720000000,0,68
7350012070954067,thread,0,trace_writer,72,2400000000,10830000000,0,130
7350012070954067,thread,0,latency_writer,73,2470000000,10740000000,0,224
7350012171246865,process,-1,process,70,15510000000,37940000000,13199,2
7350012171246865,thread,-1,producer,70,20000000,40000000,13199,2
7350012171246865,thread,-1,sampler,75,10000000,20000000,133,0
7350012171246865,thread,0,account_worker,74,8000000000,5320000000,0,122
7350012171246865,thread,0,trader_callback,71,2550000000,10790000000,0,68
7350012171246865,thread,0,trace_writer,72,2410000000,10910000000,0,131
7350012171246865,thread,0,latency_writer,73,2490000000,10830000000,0,224
7350012271530682,process,-1,process,70,15650000000,38210000000,13299,2
7350012271530682,thread,-1,producer,70,20000000,40000000,13299,2
7350012271530682,thread,-1,sampler,75,10000000,20000000,134,0
7350012271530682,thread,0,account_worker,74,8070000000,5360000000,0,122
7350012271530682,thread,0,trader_callback,71,2580000000,10860000000,0,68
7350012271530682,thread,0,trace_writer,72,2440000000,10990000000,0,131
7350012271530682,thread,0,latency_writer,73,2500000000,10920000000,0,224
7350012371929921,process,-1,process,70,15780000000,38480000000,13400,2
7350012371929921,thread,-1,producer,70,30000000,40000000,13400,2
7350012371929921,thread,-1,sampler,75,10000000,20000000,135,0
7350012371929921,thread,0,account_worker,74,8130000000,5400000000,0,124
7350012371929921,thread,0,trader_callback,71,2600000000,10940000000,0,68
7350012371929921,thread,0,trace_writer,72,2460000000,11070000000,0,133
7350012371929921,thread,0,latency_writer,73,2530000000,10990000000,0,225
7350012472318202,process,-1,process,70,15910000000,38740000000,13500,2
7350012472318202,thread,-1,producer,70,30000000,40000000,13500,2
7350012472318202,thread,-1,sampler,75,10000000,20000000,136,0
7350012472318202,thread,0,account_worker,74,8210000000,5420000000,0,124
7350012472318202,thread,0,trader_callback,71,2620000000,11020000000,0,68
7350012472318202,thread,0,trace_writer,72,2490000000,11140000000,0,133
7350012472318202,thread,0,latency_writer,73,2540000000,11070000000,0,225
7350012572687770,process,-1,process,70,16030000000,39030000000,13600,2
7350012572687770,thread,-1,producer,70,30000000,40000000,13600,2
7350012572687770,thread,-1,sampler,75,10000000,20000000,137,0
7350012572687770,thread,0,account_worker,74,8260000000,5470000000,0,125
7350012572687770,thread,0,trader_callback,71,2650000000,11090000000,0,68
7350012572687770,thread,0,trace_writer,72,2510000000,11220000000,0,133
7350012572687770,thread,0,latency_writer,73,2560000000,11160000000,0,225
7350012673083592,process,-1,process,70,16150000000,39310000000,13701,2
7350012673083592,thread,-1,producer,70,30000000,40000000,13701,2
7350012673083592,thread,-1,sampler,75,10000000,20000000,138,0
7350012673083592,thread,0,account_worker,74,8320000000,5510000000,0,126
7350012673083592,thread,0,trader_callback,71,2670000000,11170000000,0,68
7350012673083592,thread,0,trace_writer,72,2540000000,11290000000,0,133
7350012673083592,thread,0,latency_writer,73,2570000000,11250000000,0,225
7350012773468173,process,-1,process,70,16280000000,39590000000,13801,2
7350012773468173,thread,-1,producer,70,30000000,40000000,13801,2
7350012773468173,thread,-1,sampler,75,10000000,20000000,139,0
7350012773468173,thread,0,account_worker,74,8380000000,5550000000,0,128
7350012773468173,thread,0,trader_callback,71,2690000000,11250000000,0,68
7350012773468173,thread,0,trace_writer,72,2550000000,11380000000,0,133
7350012773468173,thread,0,latency_writer,73,2590000000,11320000000,0,225
7350012873829854,process,-1,process,70,16370000000,39900000000,13901,2
7350012873829854,thread,-1,producer,70,30000000,40000000,13901,2
7350012873829854,thread,-1,sampler,75,10000000,20000000,140,0
7350012873829854,thread,0,account_worker,74,8430000000,5600000000,0,128
7350012873829854,thread,0,trader_callback,71,2710000000,11340000000,0,68
7350012873829854,thread,0,trace_writer,72,2570000000,11460000000,0,133
7350012873829854,thread,0,latency_writer,73,2610000000,11410000000,0,225
7350012974235417,process,-1,process,70,16500000000,40170000000,14002,2
7350012974235417,thread,-1,producer,70,30000000,40000000,14002,2
7350012974235417,thread,-1,sampler,75,10000000,20000000,141,0
7350012974235417,thread,0,account_worker,74,8500000000,5630000000,0,131
7350012974235417,thread,0,trader_callback,71,2730000000,11420000000,0,68
7350012974235417,thread,0,trace_writer,72,2590000000,11540000000,0,134
7350012974235417,thread,0,latency_writer,73,2620000000,11500000000,0,226
7350013074508419,process,-1,process,70,16610000000,40460000000,14102,2
7350013074508419,thread,-1,producer,70,30000000,40000000,14102,2
7350013074508419,thread,-1,sampler,75,10000000,20000000,142,0
7350013074508419,thread,0,account_worker,74,8560000000,5670000000,0,132
7350013074508419,thread,0,trader_callback,71,2750000000,11500000000,0,68
7350013074508419,thread,0,trace_writer,72,2610000000,11620000000,0,135
7350013074508419,thread,0,latency_writer,73,2640000000,11580000000,0,228
7350013174799896,process,-1,process,70,16730000000,40740000000,14202,2
7350013174799896,thread,-1,producer,70,30000000,40000000,14202,2
7350013174799896,thread,-1,sampler,75,10000000,20000000,143,0
7350013174799896,thread,0,account_worker,74,8610000000,5720000000,0,133
7350013174799896,thread,0,trader_callback,71,2770000000,11580000000,0,68
7350013174799896,thread,0,trace_writer,72,2620000000,11710000000,0,135
7350013174799896,thread,0,latency_writer,73,2670000000,11640000000,0,228
7350013275085513,process,-1,process,70,16840000000,41040000000,14303,2
7350013275085513,thread,-1,producer,70,30000000,40000000,14303,2
7350013275085513,thread,-1,sampler,75,10000000,20000000,144,0
7350013275085513,thread,0,account_worker,74,8670000000,5760000000,0,133
7350013275085513,thread,0,trader_callback,71,2790000000,11660000000,0,68
7350013275085513,thread,0,trace_writer,72,2630000000,11800000000,0,135
7350013275085513,thread,0,latency_writer,73,2690000000,11720000000,0,228
7350013375366294,process,-1,process,70,16940000000,41330000000,14403,2
7350013375366294,thread,-1,producer,70,30000000,40000000,14403,2
7350013375366294,thread,-1,sampler,75,10000000,20000000,145,0
7350013375366294,thread,0,account_worker,74,8730000000,5800000000,0,133
7350013375366294,thread,0,trader_callback,71,2800000000,11750000000,0,68
7350013375366294,thread,0,trace_writer,72,2650000000,11880000000,0,135
7350013375366294,thread,0,latency_writer,73,2710000000,11810000000,0,229
7350013475638831,process,-1,process,70,17040000000,41640000000,14503,2
7350013475638831,thread,-1,producer,70,30000000,40000000,14503,2
7350013475638831,thread,-1,sampler,75,10000000,20000000,146,0
7350013475638831,thread,0,account_worker,74,8770000000,5860000000,0,133
7350013475638831,thread,0,trader_callback,71,2820000000,11830000000,0,69
7350013475638831,thread,0,trace_writer,72,2670000000,11960000000,0,135
7350013475638831,thread,0,latency_writer,73,2720000000,11900000000,0,231
7350013575903131,process,-1,process,70,17170000000,41910000000,14598,2
7350013575903131,thread,-1,producer,70,30000000,40000000,14599,2
7350013575903131,thread,-1,sampler,75,10000000,20000000,147,0
7350013575903131,thread,0,account_worker,74,8840000000,5890000000,0,133
7350013575903131,thread,0,trader_callback,71,2850000000,11890000000,0,69
7350013575903131,thread,0,trace_writer,72,2690000000,12040000000,0,135
7350013575903131,thread,0,latency_writer,73,2730000000,11990000000,0,233
7350013676217738,process,-1,process,70,17280000000,42200000000,14699,2
7350013676217738,thread,-1,producer,70,30000000,40000000,14699,2
7350013676217738,thread,-1,sampler,75,10000000,20000000,148,0
7350013676217738,thread,0,account_worker,74,8900000000,5930000000,0,133
7350013676217738,thread,0,trader_callback,71,2870000000,11970000000,0,69
7350013676217738,thread,0,trace_writer,72,2710000000,12120000000,0,136
7350013676217738,thread,0,latency_writer,73,2750000000,12070000000,0,233
7350013776496029,process,-1,process,70,17420000000,42460000000,14799,2
7350013776496029,thread,-1,producer,70,30000000,40000000,14799,2
7350013776496029,thread,-1,sampler,75,10000000,20000000,149,0
7350013776496029,thread,0,account_worker,74,8950000000,5980000000,0,133
7350013776496029,thread,0,trader_callback,71,2890000000,12060000000,0,69
7350013776496029,thread,0,trace_writer,72,2740000000,12200000000,0,136
7350013776496029,thread,0,latency_writer,73,2780000000,12140000000,0,233
7350013876874504,process,-1,process,70,17520000000,42770000000,14899,2
7350013876874504,thread,-1,producer,70,30000000,40000000,14899,2
7350013876874504,thread,-1,sampler,75,10000000,20000000,150,0
7350013876874504,thread,0,account_worker,74,9020000000,6010000000,0,133
7350013876874504,thread,0,trader_callback,71,2910000000,12140000000,0,70
7350013876874504,thread,0,trace_writer,72,2740000000,12290000000,0,136
7350013876874504,thread,0,latency_writer,73,2790000000,12230000000,0,233
7350013977189221,process,-1,process,70,17650000000,43040000000,15000,2
7350013977189221,thread,-1,producer,70,30000000,50000000,15000,2
7350013977189221,thread,-1,sampler,75,10000000,20000000,151,0
7350013977189221,thread,0,account_worker,74,9100000000,6040000000,0,133
7350013977189221,thread,0,trader_callback,71,2920000000,12220000000,0,70
7350013977189221,thread,0,trace_writer,72,2750000000,12380000000,0,137
7350013977189221,thread,0,latency_writer,73,2820000000,12300000000,0,233
7350014077454416,process,-1,process,70,17760000000,43320000000,15100,2
7350014077454416,thread,-1,producer,70,30000000,50000000,15100,2
7350014077454416,thread,-1,sampler,75,10000000,20000000,152,0
7350014077454416,thread,0,account_worker,74,9160000000,6080000000,0,135
7350014077454416,thread,0,trader_callback,71,2940000000,12300000000,0,70
7350014077454416,thread,0,trace_writer,72,2770000000,12470000000,0,139
7350014077454416,thread,0,latency_writer,73,2840000000,12380000000,0,235
7350014177736116,process,-1,process,70,17870000000,43620000000,15200,2
7350014177736116,thread,-1,producer,70,30000000,50000000,15200,2
7350014177736116,thread,-1,sampler,75,10000000,20000000,153,0
7350014177736116,thread,0,account_worker,74,9210000000,6120000000,0,136
7350014177736116,thread,0,trader_callback,71,2970000000,12380000000,0,70
7350014177736116,thread,0,trace_writer,72,2770000000,12560000000,0,139
7350014177736116,thread,0,latency_writer,73,2850000000,12470000000,0,236
7350014278106051,process,-1,process,70,18010000000,43890000000,15301,2
7350014278106051,thread,-1,producer,70,30000000,50000000,15301,2
7350014278106051,thread,-1,sampler,75,10000000,20000000,154,0
7350014278106051,thread,0,account_worker,74,9280000000,6150000000,0,136
7350014278106051,thread,0,trader_callback,71,2990000000,12460000000,0,70
7350014278106051,thread,0,trace_writer,72,2790000000,12640000000,0,139
7350014278106051,thread,0,latency_writer,73,2880000000,12540000000,0,237
7350014378445750,process,-1,process,70,18130000000,44170000000,15401,2
7350014378445750,thread,-1,producer,70,30000000,50000000,15401,2
7350014378445750,thread,-1,sampler,75,10000000,20000000,155,0
7350014378445750,thread,0,account_worker,74,9340000000,6200000000,0,136
7350014378445750,thread,0,trader_callback,71,3010000000,12540000000,0,70
7350014378445750,thread,0,trace_writer,72,2810000000,12720000000,0,139
7350014378445750,thread,0,latency_writer,73,2910000000,12620000000,0,237
7350014478782348,process,-1,process,70,18210000000,44490000000,15501,3
7350014478782348,thread,-1,producer,70,30000000,50000000,15501,3
7350014478782348,thread,-1,sampler,75,10000000,20000000,156,0
7350014478782348,thread,0,account_worker,74,9390000000,6250000000,0,138
7350014478782348,thread,0,trader_callback,71,3030000000,12620000000,0,70
7350014478782348,thread,0,trace_writer,72,2820000000,12810000000,0,139
7350014478782348,thread,0,latency_writer,73,2910000000,12710000000,0,238
7350014579063129,process,-1,process,70,18340000000,44760000000,15602,3
7350014579063129,thread,-1,producer,70,30000000,50000000,15602,3
7350014579063129,thread,-1,sampler,75,10000000,20000000,157,0
7350014579063129,thread,0,account_worker,74,9450000000,6290000000,0,139
7350014579063129,thread,0,trader_callback,71,3050000000,12700000000,0,70
7350014579063129,thread,0,trace_writer,72,2830000000,12900000000,0,139
7350014579063129,thread,0,latency_writer,73,2950000000,12770000000,0,239
7350014679372455,process,-1,process,70,18460000000,45040000000,15702,3
7350014679372455,thread,-1,producer,70,30000000,50000000,15702,3
7350014679372455,thread,-1,sampler,75,10000000,20000000,158,0
7350014679372455,thread,0,account_worker,74,9500000000,6330000000,0,140
7350014679372455,thread,0,trader_callback,71,3070000000,12780000000,0,70
7350014679372455,thread,0,trace_writer,72,2860000000,12980000000,0,139
7350014679372455,thread,0,latency_writer,73,2970000000,12850000000,0,239
7350014779643930,process,-1,process,70,18600000000,45300000000,15802,3
7350014779643930,thread,-1,producer,70,30000000,50000000,15802,3
7350014779643930,thread,-1,sampler,75,10000000,20000000,159,0
7350014779643930,thread,0,account_worker,74,9570000000,6360000000,0,140
7350014779643930,thread,0,trader_callback,71,3100000000,12840000000,0,70
7350014779643930,thread,0,trace_writer,72,2870000000,13070000000,0,139
7350014779643930,thread,0,latency_writer,73,3000000000,12920000000,0,239
7350014879918514,process,-1,process,70,18730000000,45570000000,15903,3
7350014879918514,thread,-1,producer,70,30000000,50000000,15903,3
7350014879918514,thread,-1,sampler,75,10000000,20000000,160,0
7350014879918514,thread,0,account_worker,74,9630000000,6410000000,0,141
7350014879918514,thread,0,trader_callback,71,3110000000,12940000000,0,70
7350014879918514,thread,0,trace_writer,72,2900000000,13140000000,0,139
7350014879918514,thread,0,latency_writer,73,3030000000,12990000000,0,240
7350014980228260,process,-1,process,70,18850000000,45850000000,16003,3
7350014980228260,thread,-1,producer,70,30000000,50000000,16003,3
7350014980228260,thread,-1,sampler,75,10000000,30000000,161,0
7350014980228260,thread,0,account_worker,74,9680000000,6450000000,0,144
7350014980228260,thread,0,trader_callback,71,3130000000,13020000000,0,70
7350014980228260,thread,0,trace_writer,72,2920000000,13220000000,0,139
7350014980228260,thread,0,latency_writer,73,3070000000,13060000000,0,242
7350015080500367,process,-1,process,70,18980000000,46120000000,16103,3
7350015080500367,thread,-1,producer,70,30000000,50000000,16103,3
7350015080500367,thread,-1,sampler,75,10000000,30000000,162,0
7350015080500367,thread,0,account_worker,74,9740000000,6490000000,0,146
7350015080500367,thread,0,trader_callback,71,3150000000,13100000000,0,70
7350015080500367,thread,0,trace_writer,72,2930000000,13300000000,0,141
7350015080500367,thread,0,latency_writer,73,3100000000,13130000000,0,244
7350015180771354,process,-1,process,70,19100000000,46410000000,16203,3
7350015180771354,thread,-1,producer,70,30000000,50000000,16203,3
7350015180771354,thread,-1,sampler,75,10000000,30000000,163,0
7350015180771354,thread,0,account_worker,74,9800000000,6540000000,0,147
7350015180771354,thread,0,trader_callback,71,3170000000,13170000000,0,70
7350015180771354,thread,0,trace_writer,72,2960000000,13380000000,0,141
7350015180771354,thread,0,latency_writer,73,3110000000,13220000000,0,244
7350015281049693,process,-1,process,70,19220000000,46690000000,16304,3
7350015281049693,thread,-1,producer,70,30000000,50000000,16304,3
7350015281049693,thread,-1,sampler,75,10000000,30000000,164,0
7350015281049693,thread,0,account_worker,74,9860000000,6580000000,0,148
7350015281049693,thread,0,trader_callback,71,3190000000,13250000000,0,70
7350015281049693,thread,0,trace_writer,72,2990000000,13450000000,0,141
7350015281049693,thread,0,latency_writer,73,3120000000,13310000000,0,244
7350015381319920,process,-1,process,70,19320000000,46990000000,16403,3
7350015381319920,thread,-1,producer,70,30000000,50000000,16403,3
7350015381319920,thread,-1,sampler,75,10000000,30000000,165,0
7350015381319920,thread,0,account_worker,74,9910000000,6620000000,0,148
7350015381319920,thread,0,trader_callback,71,3210000000,13340000000,0,70
7350015381319920,thread,0,trace_writer,72,3000000000,13540000000,0,141
7350015381319920,thread,0,latency_writer,73,3140000000,13390000000,0,244
7350015481586927,process,-1,process,70,19460000000,47250000000,16503,3
7350015481586927,thread,-1,producer,70,30000000,50000000,16503,3
7350015481586927,thread,-1,sampler,75,10000000,30000000,166,0
7350015481586927,thread,0,account_worker,74,9990000000,6640000000,0,148
7350015481586927,thread,0,trader_callback,71,3230000000,13420000000,0,71
7350015481586927,thread,0,trace_writer,72,3020000000,13620000000,0,141
7350015481586927,thread,0,latency_writer,73,3160000000,13460000000,0,245
7350015581860554,process,-1,process,70,19590000000,47520000000,16603,3
7350015581860554,thread,-1,producer,70,30000000,50000000,16603,3
7350015581860554,thread,-1,sampler,75,10000000,30000000,167,0
7350015581860554,thread,0,account_worker,74,10060000000,6680000000,0,148
7350015581860554,thread,0,trader_callback,71,3240000000,13510000000,0,72
7350015581860554,thread,0,trace_writer,72,3030000000,13700000000,0,141
7350015581860554,thread,0,latency_writer,73,3200000000,13520000000,0,250
7350015682136390,process,-1,process,70,19700000000,47820000000,16704,3
7350015682136390,thread,-1,producer,70,30000000,50000000,16704,3
7350015682136390,thread,-1,sampler,75,10000000,30000000,168,0
7350015682136390,thread,0,account_worker,74,10110000000,6720000000,0,150
7350015682136390,thread,0,trader_callback,71,3260000000,13590000000,0,72
7350015682136390,thread,0,trace_writer,72,3050000000,13790000000,0,141
7350015682136390,thread,0,latency_writer,73,3220000000,13610000000,0,252
7350015782413183,process,-1,process,70,19810000000,48110000000,16804,4
7350015782413183,thread,-1,producer,70,30000000,50000000,16804,4
7350015782413183,thread,-1,sampler,75,10000000,30000000,169,0
7350015782413183,thread,0,account_worker,74,10160000000,6780000000,0,150
7350015782413183,thread,0,trader_callback,71,3290000000,13660000000,0,72
7350015782413183,thread,0,trace_writer,72,3050000000,13890000000,0,142
7350015782413183,thread,0,latency_writer,73,3250000000,13680000000,0,253
7350015882691175,process,-1,process,70,19920000000,48400000000,16904,4
7350015882691175,thread,-1,producer,70,30000000,50000000,16904,4
7350015882691175,thread,-1,sampler,75,10000000,30000000,170,0
7350015882691175,thread,0,account_worker,74,10220000000,6820000000,0,152
7350015882691175,thread,0,trader_callback,71,3310000000,13740000000,0,73
7350015882691175,thread,0,trace_writer,72,3070000000,13970000000,0,142
7350015882691175,thread,0,latency_writer,73,3270000000,13760000000,0,256
7350015982969210,process,-1,process,70,20030000000,48690000000,17005,4
7350015982969210,thread,-1,producer,70,30000000,50000000,17005,4
7350015982969210,thread,-1,sampler,75,10000000,30000000,171,0
7350015982969210,thread,0,account_worker,74,10270000000,6860000000,0,155
7350015982969210,thread,0,trader_callback,71,3330000000,13820000000,0,73
7350015982969210,thread,0,trace_writer,72,3090000000,14050000000,0,143
7350015982969210,thread,0,latency_writer,73,3280000000,13840000000,0,261
7350016083263162,process,-1,process,70,20160000000,48960000000,17105,4
7350016083263162,thread,-1,producer,70,30000000,50000000,17105,4
7350016083263162,thread,-1,sampler,75,10000000,30000000,172,0
7350016083263162,thread,0,account_worker,74,10340000000,6900000000,0,157
7350016083263162,thread,0,trader_callback,71,3350000000,13900000000,0,73
7350016083263162,thread,0,trace_writer,72,3110000000,14130000000,0,144
7350016083263162,thread,0,latency_writer,73,3300000000,13930000000,0,265
7350016183539893,process,-1,process,70,20270000000,49250000000,17205,4
7350016183539893,thread,-1,producer,70,30000000,50000000,17205,4
7350016183539893,thread,-1,sampler,75,10000000,30000000,173,0
7350016183539893,thread,0,account_worker,74,10400000000,6930000000,0,158
7350016183539893,thread,0,trader_callback,71,3380000000,13980000000,0,73
7350016183539893,thread,0,trace_writer,72,3130000000,14210000000,0,144
7350016183539893,thread,0,latency_writer,73,3310000000,14020000000,0,268
7350016283821216,process,-1,process,70,20380000000,49550000000,17305,4
7350016283821216,thread,-1,producer,70,30000000,50000000,17305,4
7350016283821216,thread,-1,sampler,75,10000000,30000000,174,0
7350016283821216,thread,0,account_worker,74,10460000000,6980000000,0,158
7350016283821216,thread,0,trader_callback,71,3390000000,14060000000,0,73
7350016283821216,thread,0,trace_writer,72,3140000000,14300000000,0,144
7350016283821216,thread,0,latency_writer,73,3330000000,14100000000,0,270
7350016384137610,process,-1,process,70,20480000000,49850000000,17406,4
7350016384137610,thread,-1,producer,70,30000000,50000000,17406,4
7350016384137610,thread,-1,sampler,75,10000000,30000000,175,0
7350016384137610,thread,0,account_worker,74,10510000000,7020000000,0,160
7350016384137610,thread,0,trader_callback,71,3400000000,14150000000,0,73
7350016384137610,thread,0,trace_writer,72,3170000000,14380000000,0,144
7350016384137610,thread,0,latency_writer,73,3340000000,14190000000,0,273
7350016484415879,process,-1,process,70,20600000000,50130000000,17506,4
7350016484415879,thread,-1,producer,70,40000000,50000000,17506,4
7350016484415879,thread,-1,sampler,75,10000000,30000000,176,0
7350016484415879,thread,0,account_worker,74,10580000000,7060000000,0,160
7350016484415879,thread,0,trader_callback,71,3410000000,14240000000,0,73
7350016484415879,thread,0,trace_writer,72,3190000000,14450000000,0,144
7350016484415879,thread,0,latency_writer,73,3360000000,14270000000,0,273
7350016584690017,process,-1,process,70,20710000000,50420000000,17606,4
7350016584690017,thread,-1,producer,70,40000000,50000000,17606,4
7350016584690017,thread,-1,sampler,75,10000000,30000000,177,0
7350016584690017,thread,0,account_worker,74,10640000000,7100000000,0,161
7350016584690017,thread,0,trader_callback,71,3430000000,14320000000,0,73
7350016584690017,thread,0,trace_writer,72,3210000000,14530000000,0,144
7350016584690017,thread,0,latency_writer,73,3370000000,14360000000,0,277
7350016684961320,process,-1,process,70,20830000000,50710000000,17707,4
7350016684961320,thread,-1,producer,70,40000000,50000000,17707,4
7350016684961320,thread,-1,sampler,75,10000000,30000000,178,0
7350016684961320,thread,0,account_worker,74,10700000000,7140000000,0,163
7350016684961320,thread,0,trader_callback,71,3450000000,14400000000,0,73
7350016684961320,thread,0,trace_writer,72,3220000000,14620000000,0,144
7350016684961320,thread,0,latency_writer,73,3390000000,14430000000,0,278
7350016785232876,process,-1,process,70,20930000000,51010000000,17807,5
7350016785232876,thread,-1,producer,70,40000000,50000000,17807,5
7350016785232876,thread,-1,sampler,75,10000000,30000000,179,0
7350016785232876,thread,0,account_worker,74,10750000000,7190000000,0,173
7350016785232876,thread,0,trader_callback,71,3460000000,14490000000,0,83
7350016785232876,thread,0,trace_writer,72,3240000000,14700000000,0,154
7350016785232876,thread,0,latency_writer,73,3410000000,14510000000,0,290
7350016885520951,process,-1,process,70,21030000000,51310000000,17907,5
7350016885520951,thread,-1,producer,70,40000000,50000000,17907,5
7350016885520951,thread,-1,sampler,75,10000000,30000000,180,0
7350016885520951,thread,0,account_worker,74,10810000000,7230000000,0,174
7350016885520951,thread,0,trader_callback,71,3480000000,14580000000,0,83
7350016885520951,thread,0,trace_writer,72,3260000000,14780000000,0,154
7350016885520951,thread,0,latency_writer,73,3420000000,14610000000,0,291
7350016988122134,process,-1,process,70,21140000000,51610000000,18010,5
7350016988122134,thread,-1,producer,70,40000000,50000000,18010,5
7350016988122134,thread,-1,sampler,75,10000000,30000000,181,0
7350016988122134,thread,0,account_worker,74,10890000000,7250000000,0,176
7350016988122134,thread,0,trader_callback,71,3490000000,14660000000,0,83
7350016988122134,thread,0,trace_writer,72,3270000000,14880000000,0,154
7350016988122134,thread,0,latency_writer,73,3430000000,14700000000,0,294
7350017088395092,process,-1,process,70,21240000000,51910000000,18110,5
7350017088395092,thread,-1,producer,70,40000000,50000000,18110,5
7350017088395092,thread,-1,sampler,75,10000000,30000000,182,0
7350017088395092,thread,0,account_worker,74,10950000000,7290000000,0,177
7350017088395092,thread,0,trader_callback,71,3510000000,14740000000,0,83
7350017088395092,thread,0,trace_writer,72,3270000000,14970000000,0,156
7350017088395092,thread,0,latency_writer,73,3440000000,14790000000,0,301
7350017188672715,process,-1,process,70,21360000000,52190000000,18210,5
7350017188672715,thread,-1,producer,70,40000000,50000000,18210,5
7350017188672715,thread,-1,sampler,75,10000000,30000000,183,0
7350017188672715,thread,0,account_worker,74,11000000000,7340000000,0,179
7350017188672715,thread,0,trader_callback,71,3540000000,14810000000,0,83
7350017188672715,thread,0,trace_writer,72,3290000000,15050000000,0,156
7350017188672715,thread,0,latency_writer,73,3460000000,14870000000,0,301
7350017288949991,process,-1,process,70,21500000000,52450000000,18311,5
7350017288949991,thread,-1,producer,70,40000000,50000000,18311,5
7350017288949991,thread,-1,sampler,75,10000000,30000000,184,0
7350017288949991,thread,0,account_worker,74,11060000000,7380000000,0,179
7350017288949991,thread,0,trader_callback,71,3560000000,14890000000,0,83
7350017288949991,thread,0,trace_writer,72,3320000000,15120000000,0,156
7350017288949991,thread,0,latency_writer,73,3490000000,14940000000,0,301
7350017389210760,process,-1,process,70,21630000000,52730000000,18411,5
7350017389210760,thread,-1,producer,70,40000000,50000000,18411,5
7350017389210760,thread,-1,sampler,75,10000000,30000000,185,0
7350017389210760,thread,0,account_worker,74,11130000000,7420000000,0,179
7350017389210760,thread,0,trader_callback,71,3590000000,14970000000,0,83
7350017389210760,thread,0,trace_writer,72,3350000000,15200000000,0,156
7350017389210760,thread,0,latency_writer,73,3500000000,15030000000,0,302
7350017489481441,process,-1,process,70,21750000000,53010000000,18511,5
7350017489481441,thread,-1,producer,70,40000000,50000000,18511,5
7350017489481441,thread,-1,sampler,75,10000000,30000000,186,0
7350017489481441,thread,0,account_worker,74,11190000000,7460000000,0,179
7350017489481441,thread,0,trader_callback,71,3600000000,15060000000,0,84
7350017489481441,thread,0,trace_writer,72,3360000000,15280000000,0,156
7350017489481441,thread,0,latency_writer,73,3540000000,15090000000,0,305
7350017589744355,process,-1,process,70,21860000000,53290000000,18611,5
7350017589744355,thread,-1,producer,70,40000000,50000000,18611,5
7350017589744355,thread,-1,sampler,75,10000000,30000000,187,0
7350017589744355,thread,0,account_worker,74,11260000000,7480000000,0,182
7350017589744355,thread,0,trader_callback,71,3610000000,15150000000,0,84
7350017589744355,thread,0,trace_writer,72,3380000000,15360000000,0,157
7350017589744355,thread,0,latency_writer,73,3550000000,15180000000,0,307
7350017689999600,process,-1,process,70,21980000000,53580000000,18712,5
7350017689999600,thread,-1,producer,70,40000000,50000000,18712,5
7350017689999600,thread,-1,sampler,75,10000000,30000000,188,0
7350017689999600,thread,0,account_worker,74,11320000000,7520000000,0,182
7350017689999600,thread,0,trader_callback,71,3630000000,15230000000,0,84
7350017689999600,thread,0,trace_writer,72,3400000000,15440000000,0,157
7350017689999600,thread,0,latency_writer,73,3570000000,15270000000,0,309
7350017790262549,process,-1,process,70,22080000000,53880000000,18812,5
7350017790262549,thread,-1,producer,70,40000000,50000000,18812,5
7350017790262549,thread,-1,sampler,75,10000000,30000000,189,0
7350017790262549,thread,0,account_worker,74,11370000000,7570000000,0,183
7350017790262549,thread,0,trader_callback,71,3650000000,15310000000,0,84
7350017790262549,thread,0,trace_writer,72,3420000000,15520000000,0,157
7350017790262549,thread,0,latency_writer,73,3570000000,15360000000,0,309
7350017890524844,process,-1,process,70,22220000000,54140000000,18912,5
7350017890524844,thread,-1,producer,70,40000000,50000000,18912,5
7350017890524844,thread,-1,sampler,75,10000000,30000000,190,0
7350017890524844,thread,0,account_worker,74,11440000000,7600000000,0,183
7350017890524844,thread,0,trader_callback,71,3680000000,15380000000,0,85
7350017890524844,thread,0,trace_writer,72,3440000000,15610000000,0,157
7350017890524844,thread,0,latency_writer,73,3590000000,15440000000,0,309
7350017990812811,process,-1,process,70,22340000000,54420000000,19012,5
7350017990812811,thread,-1,producer,70,40000000,50000000,19012,5
7350017990812811,thread,-1,sampler,75,10000000,30000000,191,0
7350017990812811,thread,0,account_worker,74,11500000000,7640000000,0,183
7350017990812811,thread,0,trader_callback,71,3710000000,15450000000,0,85
7350017990812811,thread,0,trace_writer,72,3460000000,15690000000,0,158
7350017990812811,thread,0,latency_writer,73,3610000000,15520000000,0,309
7350018091081820,process,-1,process,70,22450000000,54710000000,19113,5
7350018091081820,thread,-1,producer,70,40000000,60000000,19113,5
7350018091081820,thread,-1,sampler,75,10000000,30000000,192,0
7350018091081820,thread,0,account_worker,74,11550000000,7690000000,0,184
7350018091081820,thread,0,trader_callback,71,3730000000,15530000000,0,85
7350018091081820,thread,0,trace_writer,72,3480000000,15770000000,0,159
7350018091081820,thread,0,latency_writer,73,3620000000,15610000000,0,310
7350018191349274,process,-1,process,70,22580000000,54980000000,19213,5
7350018191349274,thread,-1,producer,70,40000000,60000000,19213,5
7350018191349274,thread,-1,sampler,75,10000000,30000000,193,0
7350018191349274,thread,0,account_worker,74,11610000000,7740000000,0,186
7350018191349274,thread,0,trader_callback,71,3770000000,15590000000,0,85
7350018191349274,thread,0,trace_writer,72,3500000000,15850000000,0,159
7350018191349274,thread,0,latency_writer,73,3640000000,15690000000,0,310
7350018291612199,process,-1,process,70,22720000000,55250000000,19313,5
7350018291612199,thread,-1,producer,70,40000000,60000000,19313,5
7350018291612199,thread,-1,sampler,75,10000000,30000000,194,0
7350018291612199,thread,0,account_worker,74,11680000000,7760000000,0,186
7350018291612199,thread,0,trader_callback,71,3810000000,15650000000,0,85
7350018291612199,thread,0,trace_writer,72,3510000000,15940000000,0,159
7350018291612199,thread,0,latency_writer,73,3650000000,15780000000,0,314
7350018391879741,process,-1,process,70,22870000000,55500000000,19413,5
7350018391879741,thread,-1,producer,70,40000000,60000000,19413,5
7350018391879741,thread,-1,sampler,75,10000000,30000000,195,0
7350018391879741,thread,0,account_worker,74,11750000000,7790000000,0,188
7350018391879741,thread,0,trader_callback,71,3830000000,15730000000,0,85
7350018391879741,thread,0,trace_writer,72,3540000000,16010000000,0,160
7350018391879741,thread,0,latency_writer,73,3680000000,15860000000,0,315
7350018492164747,process,-1,process,70,22970000000,55800000000,19514,5
7350018492164747,thread,-1,producer,70,40000000,60000000,19514,5
7350018492164747,thread,-1,sampler,75,10000000,30000000,196,0
7350018492164747,thread,0,account_worker,74,11810000000,7840000000,0,188
7350018492164747,thread,0,trader_callback,71,3850000000,15810000000,0,85
7350018492164747,thread,0,trace_writer,72,3560000000,16090000000,0,160
7350018492164747,thread,0,latency_writer,73,3700000000,15940000000,0,315
7350018592429429,process,-1,process,70,23110000000,56070000000,19614,5
7350018592429429,thread,-1,producer,70,40000000,60000000,19614,5
7350018592429429,thread,-1,sampler,75,10000000,30000000,197,0
7350018592429429,thread,0,account_worker,74,11880000000,7870000000,0,189
7350018592429429,thread,0,trader_callback,71,3880000000,15880000000,0,85
7350018592429429,thread,0,trace_writer,72,3570000000,16180000000,0,161
7350018592429429,thread,0,latency_writer,73,3720000000,16010000000,0,316
7350018692697887,process,-1,process,70,23210000000,56360000000,19714,5
7350018692697887,thread,-1,producer,70,40000000,60000000,19714,5
7350018692697887,thread,-1,sampler,75,10000000,30000000,198,0
7350018692697887,thread,0,account_worker,74,11940000000,7900000000,0,190
7350018692697887,thread,0,trader_callback,71,3890000000,15970000000,0,85
7350018692697887,thread,0,trace_writer,72,3570000000,16280000000,0,161
7350018692697887,thread,0,latency_writer,73,3740000000,16090000000,0,317
7350018792962702,process,-1,process,70,23330000000,56640000000,19815,5
7350018792962702,thread,-1,producer,70,40000000,60000000,19815,5
7350018792962702,thread,-1,sampler,75,10000000,30000000,199,0
7350018792962702,thread,0,account_worker,74,11990000000,7950000000,0,191
7350018792962702,thread,0,trader_callback,71,3900000000,16060000000,0,85
7350018792962702,thread,0,trace_writer,72,3590000000,16360000000,0,161
7350018792962702,thread,0,latency_writer,73,3780000000,16150000000,0,320
7350018893211207,process,-1,process,70,23460000000,56920000000,19915,5
7350018893211207,thread,-1,producer,70,40000000,60000000,19915,5
7350018893211207,thread,-1,sampler,75,10000000,30000000,200,0
7350018893211207,thread,0,account_worker,74,12070000000,7980000000,0,191
7350018893211207,thread,0,trader_callback,71,3910000000,16150000000,0,85
7350018893211207,thread,0,trace_writer,72,3610000000,16440000000,0,161
7350018893211207,thread,0,latency_writer,73,3800000000,16230000000,0,320
7350018993469849,process,-1,process,70,23590000000,57190000000,20015,5
7350018993469849,thread,-1,producer,70,40000000,60000000,20015,5
7350018993469849,thread,-1,sampler,75,10000000,30000000,201,0
7350018993469849,thread,0,account_worker,74,12140000000,8010000000,0,194
7350018993469849,thread,0,trader_callback,71,3920000000,16240000000,0,85
7350018993469849,thread,0,trace_writer,72,3630000000,16520000000,0,161
7350018993469849,thread,0,latency_writer,73,3830000000,16310000000,0,322
7350019093727104,process,-1,process,70,23710000000,57470000000,20110,5
7350019093727104,thread,-1,producer,70,40000000,60000000,20110,5
7350019093727104,thread,-1,sampler,75,10000000,30000000,202,0
7350019093727104,thread,0,account_worker,74,12200000000,8050000000,0,194
7350019093727104,thread,0,trader_callback,71,3960000000,16310000000,0,85
7350019093727104,thread,0,trace_writer,72,3640000000,16610000000,0,162
7350019093727104,thread,0,latency_writer,73,3850000000,16380000000,0,322
7350019193979661,process,-1,process,70,23840000000,57740000000,20211,5
7350019193979661,thread,-1,producer,70,40000000,60000000,20211,5
7350019193979661,thread,-1,sampler,75,10000000,30000000,203,0
7350019193979661,thread,0,account_worker,74,12260000000,8080000000,0,195
7350019193979661,thread,0,trader_callback,71,3980000000,16380000000,0,85
7350019193979661,thread,0,trace_writer,72,3650000000,16700000000,0,162
7350019193979661,thread,0,latency_writer,73,3880000000,16460000000,0,322
7350019294261272,process,-1,process,70,23960000000,58030000000,20311,5
7350019294261272,thread,-1,producer,70,40000000,60000000,20311,5
7350019294261272,thread,-1,sampler,75,10000000,30000000,204,0
7350019294261272,thread,0,account_worker,74,12320000000,8120000000,0,196
7350019294261272,thread,0,trader_callback,71,4000000000,16460000000,0,85
7350019294261272,thread,0,trace_writer,72,3670000000,16780000000,0,162
7350019294261272,thread,0,latency_writer,73,3900000000,16540000000,0,326
7350019394544819,process,-1,process,70,24070000000,58320000000,20411,5
7350019394544819,thread,-1,producer,70,40000000,60000000,20411,5
7350019394544819,thread,-1,sampler,75,10000000,30000000,205,0
7350019394544819,thread,0,account_worker,74,12380000000,8160000000,0,196
7350019394544819,thread,0,trader_callback,71,4020000000,16550000000,0,85
7350019394544819,thread,0,trace_writer,72,3690000000,16860000000,0,162
7350019394544819,thread,0,latency_writer,73,3910000000,16620000000,0,326
7350019494823641,process,-1,process,70,24180000000,58610000000,20507,5
7350019494823641,thread,-1,producer,70,40000000,60000000,20507,5
7350019494823641,thread,-1,sampler,75,10000000,40000000,206,0
7350019494823641,thread,0,account_worker,74,12440000000,8200000000,0,197
7350019494823641,thread,0,trader_callback,71,4020000000,16640000000,0,86
7350019494823641,thread,0,trace_writer,72,3720000000,16930000000,0,162
7350019494823641,thread,0,latency_writer,73,3930000000,16700000000,0,332
7350019595100216,process,-1,process,70,24300000000,58890000000,20608,5
7350019595100216,thread,-1,producer,70,40000000,60000000,20608,5
7350019595100216,thread,-1,sampler,75,10000000,40000000,207,0
7350019595100216,thread,0,account_worker,74,12510000000,8240000000,0,197
7350019595100216,thread,0,trader_callback,71,4030000000,16740000000,0,87
7350019595100216,thread,0,trace_writer,72,3740000000,17010000000,0,162
7350019595100216,thread,0,latency_writer,73,3950000000,16780000000,0,339
7350019695393289,process,-1,process,70,24410000000,59180000000,20708,5
7350019695393289,thread,-1,producer,70,40000000,60000000,20708,5
7350019695393289,thread,-1,sampler,75,10000000,40000000,208,0
7350019695393289,thread,0,account_worker,74,12580000000,8260000000,0,197
7350019695393289,thread,0,trader_callback,71,4050000000,16820000000,0,87
7350019695393289,thread,0,trace_writer,72,3750000000,17100000000,0,162
7350019695393289,thread,0,latency_writer,73,3960000000,16880000000,0,340
7350019795678487,process,-1,process,70,24510000000,59480000000,20808,5
7350019795678487,thread,-1,producer,70,40000000,60000000,20808,5
7350019795678487,thread,-1,sampler,75,10000000,40000000,209,0
7350019795678487,thread,0,account_worker,74,12640000000,8300000000,0,197
7350019795678487,thread,0,trader_callback,71,4060000000,16910000000,0,87
7350019795678487,thread,0,trace_writer,72,3770000000,17180000000,0,163
7350019795678487,thread,0,latency_writer,73,3970000000,16960000000,0,343
7350019895950056,process,-1,process,70,24620000000,59770000000,20909,5
7350019895950056,thread,-1,producer,70,40000000,60000000,20909,5
7350019895950056,thread,-1,sampler,75,10000000,40000000,210,0
7350019895950056,thread,0,account_worker,74,12700000000,8350000000,0,197
7350019895950056,thread,0,trader_callback,71,4070000000,16990000000,0,88
7350019895950056,thread,0,trace_writer,72,3790000000,17260000000,0,164
7350019895950056,thread,0,latency_writer,73,3990000000,17050000000,0,345
7350019996246870,process,-1,process,70,24740000000,60060000000,21009,5
7350019996246870,thread,-1,producer,70,40000000,60000000,21009,5
7350019996246870,thread,-1,sampler,75,10000000,40000000,211,0
7350019996246870,thread,0,account_worker,74,12760000000,8390000000,0,197
7350019996246870,thread,0,trader_callback,71,4090000000,17070000000,0,88
7350019996246870,thread,0,trace_writer,72,3820000000,17330000000,0,164
7350019996246870,thread,0,latency_writer,73,3990000000,17140000000,0,346
7350020096628595,process,-1,process,70,24860000000,60340000000,21109,5
7350020096628595,thread,-1,producer,70,40000000,60000000,21109,5
7350020096628595,thread,-1,sampler,75,10000000,40000000,212,0
7350020096628595,thread,0,account_worker,74,12810000000,8440000000,0,198
7350020096628595,thread,0,trader_callback,71,4110000000,17160000000,0,88
7350020096628595,thread,0,trace_writer,72,3850000000,17400000000,0,165
7350020096628595,thread,0,latency_writer,73,4020000000,17220000000,0,349
7350020197006094,process,-1,process,70,24970000000,60630000000,21210,5
7350020197006094,thread,-1,producer,70,40000000,60000000,21210,5
7350020197006094,thread,-1,sampler,75,10000000,40000000,213,0
7350020197006094,thread,0,account_worker,74,12870000000,8480000000,0,200
7350020197006094,thread,0,trader_callback,71,4120000000,17250000000,0,88
7350020197006094,thread,0,trace_writer,72,3870000000,17490000000,0,165
7350020197006094,thread,0,latency_writer,73,4050000000,17290000000,0,349
7350020297365514,process,-1,process,70,25060000000,60940000000,21310,5
7350020297365514,thread,-1,producer,70,40000000,60000000,21310,5
7350020297365514,thread,-1,sampler,75,10000000,40000000,214,0
7350020297365514,thread,0,account_worker,74,12930000000,8520000000,0,200
7350020297365514,thread,0,trader_callback,71,4130000000,17340000000,0,88
7350020297365514,thread,0,trace_writer,72,3870000000,17580000000,0,165
7350020297365514,thread,0,latency_writer,73,4070000000,17370000000,0,349
7350020397728141,process,-1,process,70,25190000000,61220000000,21410,5
7350020397728141,thread,-1,producer,70,40000000,60000000,21410,5
7350020397728141,thread,-1,sampler,75,10000000,40000000,215,0
7350020397728141,thread,0,account_worker,74,13000000000,8550000000,0,201
7350020397728141,thread,0,trader_callback,71,4160000000,17410000000,0,88
7350020397728141,thread,0,trace_writer,72,3890000000,17660000000,0,165
7350020397728141,thread,0,latency_writer,73,4080000000,17460000000,0,349
7350020498108370,process,-1,process,70,25300000000,61510000000,21511,5
7350020498108370,thread,-1,producer,70,40000000,60000000,21511,5
7350020498108370,thread,-1,sampler,75,10000000,40000000,216,0
7350020498108370,thread,0,account_worker,74,13060000000,8590000000,0,201
7350020498108370,thread,0,trader_callback,71,4170000000,17500000000,0,88
7350020498108370,thread,0,trace_writer,72,3910000000,17740000000,0,165
7350020498108370,thread,0,latency_writer,73,4090000000,17550000000,0,351
7350020598511916,process,-1,process,70,25410000000,61800000000,21611,5
7350020598511916,thread,-1,producer,70,40000000,60000000,21611,5
7350020598511916,thread,-1,sampler,75,10000000,40000000,217,0
7350020598511916,thread,0,account_worker,74,13120000000,8630000000,0,201
7350020598511916,thread,0,trader_callback,71,4180000000,17580000000,0,88
7350020598511916,thread,0,trace_writer,72,3930000000,17830000000,0,165
7350020598511916,thread,0,latency_writer,73,4120000000,17620000000,0,352
7350020698880511,process,-1,process,70,25560000000,62060000000,21711,5
7350020698880511,thread,-1,producer,70,40000000,60000000,21712,5
7350020698880511,thread,-1,sampler,75,10000000,40000000,218,0
7350020698880511,thread,0,account_worker,74,13190000000,8660000000,0,202
7350020698880511,thread,0,trader_callback,71,4210000000,17660000000,0,88
7350020698880511,thread,0,trace_writer,72,3950000000,17900000000,0,165
7350020698880511,thread,0,latency_writer,73,4140000000,17700000000,0,353
7350020799168740,process,-1,process,70,25670000000,62340000000,21812,5
7350020799168740,thread,-1,producer,70,40000000,60000000,21812,5
7350020799168740,thread,-1,sampler,75,10000000,40000000,219,0
7350020799168740,thread,0,account_worker,74,13250000000,8700000000,0,205
7350020799168740,thread,0,trader_callback,71,4220000000,17750000000,0,88
7350020799168740,thread,0,trace_writer,72,3990000000,17970000000,0,165
7350020799168740,thread,0,latency_writer,73,4150000000,17790000000,0,356
7350020899620995,process,-1,process,70,25770000000,62650000000,21912,5
7350020899620995,thread,-1,producer,70,40000000,60000000,21912,5
7350020899620995,thread,-1,sampler,75,10000000,40000000,220,0
7350020899620995,thread,0,account_worker,74,13310000000,8740000000,0,206
7350020899620995,thread,0,trader_callback,71,4220000000,17850000000,0,88
7350020899620995,thread,0,trace_writer,72,4010000000,18050000000,0,165
7350020899620995,thread,0,latency_writer,73,4170000000,17870000000,0,356
7350020999935472,process,-1,process,70,25900000000,62920000000,22013,5
7350020999935472,thread,-1,producer,70,40000000,60000000,22013,5
7350020999935472,thread,-1,sampler,75,10000000,40000000,221,0
7350020999935472,thread,0,account_worker,74,13360000000,8790000000,0,207
7350020999935472,thread,0,trader_callback,71,4240000000,17930000000,0,88
7350020999935472,thread,0,trace_writer,72,4050000000,18110000000,0,165
7350020999935472,thread,0,latency_writer,73,4180000000,17960000000,0,357
7350021100226052,process,-1,process,70,26020000000,63200000000,22113,5
7350021100226052,thread,-1,producer,70,40000000,70000000,22113,5
7350021100226052,thread,-1,sampler,75,10000000,40000000,222,0
7350021100226052,thread,0,account_worker,74,13420000000,8830000000,0,208
7350021100226052,thread,0,trader_callback,71,4260000000,18010000000,0,88
7350021100226052,thread,0,trace_writer,72,4090000000,18170000000,0,166
7350021100226052,thread,0,latency_writer,73,4190000000,18060000000,0,361
7350021200495687,process,-1,process,70,26120000000,63510000000,22213,5
7350021200495687,thread,-1,producer,70,40000000,70000000,22213,5
7350021200495687,thread,-1,sampler,75,10000000,40000000,223,0
7350021200495687,thread,0,account_worker,74,13470000000,8880000000,0,210
7350021200495687,thread,0,trader_callback,71,4270000000,18100000000,0,88
7350021200495687,thread,0,trace_writer,72,4110000000,18240000000,0,167
7350021200495687,thread,0,latency_writer,73,4190000000,18150000000,0,363
7350021300764557,process,-1,process,70,26220000000,63810000000,22313,5
7350021300764557,thread,-1,producer,70,40000000,70000000,22313,5
7350021300764557,thread,-1,sampler,75,10000000,40000000,224,0
7350021300764557,thread,0,account_worker,74,13530000000,8920000000,0,211
7350021300764557,thread,0,trader_callback,71,4280000000,18190000000,0,88
7350021300764557,thread,0,trace_writer,72,4120000000,18340000000,0,167
7350021300764557,thread,0,latency_writer,73,4210000000,18230000000,0,363
7350021401010372,process,-1,process,70,26330000000,64100000000,22413,5
7350021401010372,thread,-1,producer,70,40000000,70000000,22413,5
7350021401010372,thread,-1,sampler,75,10000000,40000000,225,0
7350021401010372,thread,0,account_worker,74,13600000000,8960000000,0,212
7350021401010372,thread,0,trader_callback,71,4300000000,18270000000,0,88
7350021401010372,thread,0,trace_writer,72,4140000000,18420000000,0,167
7350021401010372,thread,0,latency_writer,73,4230000000,18320000000,0,365
7350021501377699,process,-1,process,70,26450000000,64380000000,22513,5
7350021501377699,thread,-1,producer,70,40000000,70000000,22513,5
7350021501377699,thread,-1,sampler,75,10000000,40000000,226,0
7350021501377699,thread,0,account_worker,74,13650000000,9000000000,0,213
7350021501377699,thread,0,trader_callback,71,4320000000,18350000000,0,89
7350021501377699,thread,0,trace_writer,72,4160000000,18500000000,0,167
7350021501377699,thread,0,latency_writer,73,4250000000,18390000000,0,369
7350021601745840,process,-1,process,70,26570000000,64660000000,22613,5
7350021601745840,thread,-1,producer,70,40000000,70000000,22613,5
7350021601745840,thread,-1,sampler,75,10000000,40000000,227,0
7350021601745840,thread,0,account_worker,74,13710000000,9040000000,0,213
7350021601745840,thread,0,trader_callback,71,4340000000,18430000000,0,89
7350021601745840,thread,0,trace_writer,72,4180000000,18580000000,0,167
7350021601745840,thread,0,latency_writer,73,4270000000,18470000000,0,369
7350021702035532,process,-1,process,70,26660000000,64970000000,22714,5
7350021702035532,thread,-1,producer,70,40000000,70000000,22714,5
7350021702035532,thread,-1,sampler,75,10000000,40000000,228,0
7350021702035532,thread,0,account_worker,74,13770000000,9090000000,0,213
7350021702035532,thread,0,trader_callback,71,4350000000,18520000000,0,89
7350021702035532,thread,0,trace_writer,72,4200000000,18660000000,0,167
7350021702035532,thread,0,latency_writer,73,4280000000,18560000000,0,370
7350021802416627,process,-1,process,70,26820000000,65210000000,22814,5
7350021802416627,thread,-1,producer,70,40000000,70000000,22814,5
7350021802416627,thread,-1,sampler,75,10000000,40000000,229,0
7350021802416627,thread,0,account_worker,74,13830000000,9130000000,0,227
7350021802416627,thread,0,trader_callback,71,4380000000,18590000000,0,103
7350021802416627,thread,0,trace_writer,72,4240000000,18720000000,0,181
7350021802416627,thread,0,latency_writer,73,4310000000,18640000000,0,387
7350021902798284,process,-1,process,70,26940000000,65490000000,22914,5
7350021902798284,thread,-1,producer,70,40000000,70000000,22914,5
7350021902798284,thread,-1,sampler,75,10000000,40000000,230,0
7350021902798284,thread,0,account_worker,74,13890000000,9170000000,0,227
7350021902798284,thread,0,trader_callback,71,4400000000,18670000000,0,104
7350021902798284,thread,0,trace_writer,72,4260000000,18800000000,0,181
7350021902798284,thread,0,latency_writer,73,4320000000,18720000000,0,387
7350022003167350,process,-1,process,70,27070000000,65760000000,23015,5
7350022003167350,thread,-1,producer,70,40000000,70000000,23015,5
7350022003167350,thread,-1,sampler,75,10000000,40000000,231,0
7350022003167350,thread,0,account_worker,74,13950000000,9200000000,0,227
7350022003167350,thread,0,trader_callback,71,4430000000,18740000000,0,104
7350022003167350,thread,0,trace_writer,72,4290000000,18870000000,0,183
7350022003167350,thread,0,latency_writer,73,4340000000,18810000000,0,393
7350022103546452,process,-1,process,70,27190000000,66050000000,23115,5
7350022103546452,thread,-1,producer,70,40000000,70000000,23115,5
7350022103546452,thread,-1,sampler,75,10000000,40000000,232,0
7350022103546452,thread,0,account_worker,74,14020000000,9240000000,0,229
7350022103546452,thread,0,trader_callback,71,4440000000,18830000000,0,104
7350022103546452,thread,0,trace_writer,72,4310000000,18950000000,0,183
7350022103546452,thread,0,latency_writer,73,4350000000,18890000000,0,394
7350022203930776,process,-1,process,70,27300000000,66340000000,23216,5
7350022203930776,thread,-1,producer,70,40000000,70000000,23216,5
7350022203930776,thread,-1,sampler,75,10000000,40000000,233,0
7350022203930776,thread,0,account_worker,74,14070000000,9280000000,0,230
7350022203930776,thread,0,trader_callback,71,4450000000,18930000000,0,104
7350022203930776,thread,0,trace_writer,72,4330000000,19030000000,0,183
7350022203930776,thread,0,latency_writer,73,4380000000,18970000000,0,394
7350022304314841,process,-1,process,70,27410000000,66630000000,23316,5
7350022304314841,thread,-1,producer,70,40000000,70000000,23316,5
7350022304314841,thread,-1,sampler,75,10000000,40000000,234,0
7350022304314841,thread,0,account_worker,74,14120000000,9330000000,0,230
7350022304314841,thread,0,trader_callback,71,4470000000,19000000000,0,104
7350022304314841,thread,0,trace_writer,72,4350000000,19110000000,0,183
7350022304314841,thread,0,latency_writer,73,4390000000,19060000000,0,397
7350022404693392,process,-1,process,70,27540000000,66910000000,23416,5
7350022404693392,thread,-1,producer,70,40000000,70000000,23416,5
7350022404693392,thread,-1,sampler,75,10000000,40000000,235,0
7350022404693392,thread,0,account_worker,74,14160000000,9390000000,0,231
7350022404693392,thread,0,trader_callback,71,4500000000,19070000000,0,104
7350022404693392,thread,0,trace_writer,72,4370000000,19190000000,0,183
7350022404693392,thread,0,latency_writer,73,4430000000,19120000000,0,398
7350022505059561,process,-1,process,70,27670000000,67180000000,23517,5
7350022505059561,thread,-1,producer,70,40000000,70000000,23517,5
7350022505059561,thread,-1,sampler,75,10000000,40000000,236,0
7350022505059561,thread,0,account_worker,74,14210000000,9440000000,0,231
7350022505059561,thread,0,trader_callback,71,4520000000,19150000000,0,104
7350022505059561,thread,0,trace_writer,72,4420000000,19240000000,0,183
7350022505059561,thread,0,latency_writer,73,4440000000,19200000000,0,400
7350022605437834,process,-1,process,70,27790000000,67460000000,23617,5
7350022605437834,thread,-1,producer,70,40000000,70000000,23617,5
7350022605437834,thread,-1,sampler,75,10000000,40000000,237,0
7350022605437834,thread,0,account_worker,74,14270000000,9480000000,0,233
7350022605437834,thread,0,trader_callback,71,4540000000,19230000000,0,104
7350022605437834,thread,0,trace_writer,72,4440000000,19320000000,0,183
7350022605437834,thread,0,latency_writer,73,4460000000,19280000000,0,401
7350022705800082,process,-1,process,70,27920000000,67740000000,23717,5
7350022705800082,thread,-1,producer,70,40000000,70000000,23717,5
7350022705800082,thread,-1,sampler,75,10000000,40000000,238,0
7350022705800082,thread,0,account_worker,74,14340000000,9520000000,0,234
7350022705800082,thread,0,trader_callback,71,4570000000,19310000000,0,104
7350022705800082,thread,0,trace_writer,72,4460000000,19410000000,0,183
7350022705800082,thread,0,latency_writer,73,4480000000,19360000000,0,401
7350022806088138,process,-1,process,70,28020000000,68030000000,23818,5
7350022806088138,thread,-1,producer,70,40000000,70000000,23818,5
7350022806088138,thread,-1,sampler,75,10000000,40000000,239,0
7350022806088138,thread,0,account_worker,74,14400000000,9550000000,0,235
7350022806088138,thread,0,trader_callback,71,4580000000,19390000000,0,104
7350022806088138,thread,0,trace_writer,72,4480000000,19490000000,0,183
7350022806088138,thread,0,latency_writer,73,4490000000,19460000000,0,401
7350022906363724,process,-1,process,70,28150000000,68310000000,23918,5
7350022906363724,thread,-1,producer,70,40000000,70000000,23918,5
7350022906363724,thread,-1,sampler,75,10000000,40000000,240,0
7350022906363724,thread,0,account_worker,74,14470000000,9580000000,0,236
7350022906363724,thread,0,trader_callback,71,4610000000,19470000000,0,104
7350022906363724,thread,0,trace_writer,72,4480000000,19580000000,0,183
7350022906363724,thread,0,latency_writer,73,4510000000,19540000000,1,401
7350023006635220,process,-1,process,70,28250000000,68600000000,24018,5
7350023006635220,thread,-1,producer,70,40000000,70000000,24018,5
7350023006635220,thread,-1,sampler,75,10000000,40000000,241,0
7350023006635220,thread,0,account_worker,74,14530000000,9620000000,0,238
7350023006635220,thread,0,trader_callback,71,4620000000,19560000000,0,104
7350023006635220,thread,0,trace_writer,72,4500000000,19660000000,0,183
7350023006635220,thread,0,latency_writer,73,4530000000,19620000000,1,406
7350023106920907,process,-1,process,70,28340000000,68920000000,24119,5
7350023106920907,thread,-1,producer,70,40000000,70000000,24119,5
7350023106920907,thread,-1,sampler,75,10000000,40000000,242,0
7350023106920907,thread,0,account_worker,74,14580000000,9670000000,0,238
7350023106920907,thread,0,trader_callback,71,4640000000,19640000000,0,104
7350023106920907,thread,0,trace_writer,72,4510000000,19750000000,0,184
7350023106920907,thread,0,latency_writer,73,4540000000,19710000000,1,406
7350023207203311,process,-1,process,70,28440000000,69220000000,24219,5
7350023207203311,thread,-1,producer,70,40000000,70000000,24219,5
7350023207203311,thread,-1,sampler,75,10000000,40000000,243,0
7350023207203311,thread,0,account_worker,74,14630000000,9730000000,0,239
7350023207203311,thread,0,trader_callback,71,4640000000,19730000000,0,104
7350023207203311,thread,0,trace_writer,72,4540000000,19830000000,0,184
7350023207203311,thread,0,latency_writer,73,4560000000,19790000000,1,407
7350023307525340,process,-1,process,70,28600000000,69460000000,24319,5
7350023307525340,thread,-1,producer,70,40000000,70000000,24319,5
7350023307525340,thread,-1,sampler,75,10000000,40000000,244,0
7350023307525340,thread,0,account_worker,74,14700000000,9760000000,0,239
7350023307525340,thread,0,trader_callback,71,4670000000,19800000000,0,104
7350023307525340,thread,0,trace_writer,72,4570000000,19890000000,0,184
7350023307525340,thread,0,latency_writer,73,4590000000,19860000000,1,407
7350023407873282,process,-1,process,70,28730000000,69730000000,24419,5
7350023407873282,thread,-1,producer,70,40000000,70000000,24420,5
7350023407873282,thread,-1,sampler,75,10000000,40000000,245,0
7350023407873282,thread,0,account_worker,74,14750000000,9800000000,0,239
7350023407873282,thread,0,trader_callback,71,4690000000,19890000000,0,105
7350023407873282,thread,0,trace_writer,72,4590000000,19970000000,0,184
7350023407873282,thread,0,latency_writer,73,4630000000,19920000000,1,407
7350023508277983,process,-1,process,70,28850000000,70010000000,24520,5
7350023508277983,thread,-1,producer,70,40000000,70000000,24520,5
7350023508277983,thread,-1,sampler,75,10000000,40000000,246,0
7350023508277983,thread,0,account_worker,74,14830000000,9830000000,0,240
7350023508277983,thread,0,trader_callback,71,4710000000,19970000000,0,105
7350023508277983,thread,0,trace_writer,72,4600000000,20060000000,0,184
7350023508277983,thread,0,latency_writer,73,4640000000,20010000000,1,410
7350023608659694,process,-1,process,70,28950000000,70320000000,24620,5
7350023608659694,thread,-1,producer,70,40000000,80000000,24620,5
7350023608659694,thread,-1,sampler,75,10000000,40000000,247,0
7350023608659694,thread,0,account_worker,74,14880000000,9880000000,0,240
7350023608659694,thread,0,trader_callback,71,4720000000,20060000000,0,106
7350023608659694,thread,0,trace_writer,72,4610000000,20150000000,0,184
7350023608659694,thread,0,latency_writer,73,4660000000,20090000000,1,412
7350023709037170,process,-1,process,70,29050000000,70620000000,24721,5
7350023709037170,thread,-1,producer,70,40000000,80000000,24721,5
7350023709037170,thread,-1,sampler,75,10000000,40000000,248,0
7350023709037170,thread,0,account_worker,74,14930000000,9920000000,0,240
7350023709037170,thread,0,trader_callback,71,4730000000,20150000000,0,106
7350023709037170,thread,0,trace_writer,72,4630000000,20240000000,0,184
7350023709037170,thread,0,latency_writer,73,4690000000,20160000000,1,412
7350023809413526,process,-1,process,70,29160000000,70910000000,24821,5
7350023809413526,thread,-1,producer,70,40000000,80000000,24821,5
7350023809413526,thread,-1,sampler,75,10000000,40000000,249,0
7350023809413526,thread,0,account_worker,74,14990000000,9970000000,0,240
7350023809413526,thread,0,trader_callback,71,4750000000,20230000000,0,106
7350023809413526,thread,0,trace_writer,72,4650000000,20320000000,0,185
7350023809413526,thread,0,latency_writer,73,4700000000,20250000000,1,412
7350023909783209,process,-1,process,70,29300000000,71180000000,24921,5
7350023909783209,thread,-1,producer,70,40000000,80000000,24921,5
7350023909783209,thread,-1,sampler,75,10000000,40000000,250,0
7350023909783209,thread,0,account_worker,74,15050000000,10010000000,0,240
7350023909783209,thread,0,trader_callback,71,4770000000,20310000000,0,108
7350023909783209,thread,0,trace_writer,72,4680000000,20390000000,0,185
7350023909783209,thread,0,latency_writer,73,4730000000,20320000000,1,414
7350024010157249,process,-1,process,70,29400000000,71480000000,25022,5
7350024010157249,thread,-1,producer,70,40000000,80000000,25022,5
7350024010157249,thread,-1,sampler,75,10000000,40000000,251,0
7350024010157249,thread,0,account_worker,74,15100000000,10060000000,0,240
7350024010157249,thread,0,trader_callback,71,4780000000,20400000000,0,110
7350024010157249,thread,0,trace_writer,72,4700000000,20470000000,0,186
7350024010157249,thread,0,latency_writer,73,4750000000,20400000000,1,415
7350024110509390,process,-1,process,70,29530000000,71750000000,25122,5
7350024110509390,thread,-1,producer,70,40000000,80000000,25122,5
7350024110509390,thread,-1,sampler,75,10000000,40000000,252,0
7350024110509390,thread,0,account_worker,74,15160000000,10100000000,0,242
7350024110509390,thread,0,trader_callback,71,4800000000,20480000000,0,110
7350024110509390,thread,0,trace_writer,72,4720000000,20550000000,0,187
7350024110509390,thread,0,latency_writer,73,4780000000,20470000000,1,420
7350024210886296,process,-1,process,70,29670000000,72010000000,25222,5
7350024210886296,thread,-1,producer,70,40000000,80000000,25223,5
7350024210886296,thread,-1,sampler,75,10000000,40000000,253,0
7350024210886296,thread,0,account_worker,74,15220000000,10140000000,0,242
7350024210886296,thread,0,trader_callback,71,4840000000,20540000000,0,110
7350024210886296,thread,0,trace_writer,72,4740000000,20630000000,0,187
7350024210886296,thread,0,latency_writer,73,4800000000,20550000000,1,421
7350024311235877,process,-1,process,70,29780000000,72310000000,25323,5
7350024311235877,thread,-1,producer,70,40000000,80000000,25323,5
7350024311235877,thread,-1,sampler,75,10000000,40000000,254,0
7350024311235877,thread,0,account_worker,74,15270000000,10190000000,0,242
7350024311235877,thread,0,trader_callback,71,4860000000,20620000000,0,110
7350024311235877,thread,0,trace_writer,72,4760000000,20700000000,0,188
7350024311235877,thread,0,latency_writer,73,4810000000,20640000000,1,425
7350024411589963,process,-1,process,70,29900000000,72580000000,25423,5
7350024411589963,thread,-1,producer,70,40000000,80000000,25423,5
7350024411589963,thread,-1,sampler,75,10000000,40000000,255,0
7350024411589963,thread,0,account_worker,74,15330000000,10230000000,0,244
7350024411589963,thread,0,trader_callback,71,4880000000,20700000000,0,110
7350024411589963,thread,0,trace_writer,72,4780000000,20790000000,0,188
7350024411589963,thread,0,latency_writer,73,4840000000,20710000000,1,426
7350024511956197,process,-1,process,70,30050000000,72840000000,25524,5
7350024511956197,thread,-1,producer,70,40000000,80000000,25524,5
7350024511956197,thread,-1,sampler,75,10000000,40000000,256,0
7350024511956197,thread,0,account_worker,74,15380000000,10280000000,0,244
7350024511956197,thread,0,trader_callback,71,4910000000,20770000000,0,110
7350024511956197,thread,0,trace_writer,72,4820000000,20850000000,0,188
7350024511956197,thread,0,latency_writer,73,4870000000,20780000000,1,426
7350024612323587,process,-1,process,70,30210000000,73080000000,25624,5
7350024612323587,thread,-1,producer,70,40000000,80000000,25624,5
7350024612323587,thread,-1,sampler,75,10000000,40000000,257,0
7350024612323587,thread,0,account_worker,74,15450000000,10310000000,0,245
7350024612323587,thread,0,trader_callback,71,4940000000,20840000000,0,110
7350024612323587,thread,0,trace_writer,72,4860000000,20910000000,0,188
7350024612323587,thread,0,latency_writer,73,4890000000,20860000000,1,428
7350024712628575,process,-1,process,70,30310000000,73380000000,25724,5
7350024712628575,thread,-1,producer,70,40000000,80000000,25724,5
7350024712628575,thread,-1,sampler,75,10000000,40000000,258,0
7350024712628575,thread,0,account_worker,74,15510000000,10360000000,0,246
7350024712628575,thread,0,trader_callback,71,4960000000,20920000000,0,111
7350024712628575,thread,0,trace_writer,72,4870000000,20990000000,0,188
7350024712628575,thread,0,latency_writer,73,4890000000,20960000000,1,428
7350024812919487,process,-1,process,70,30440000000,73660000000,25825,5
7350024812919487,thread,-1,producer,70,40000000,80000000,25825,5
7350024812919487,thread,-1,sampler,75,10000000,40000000,259,0
7350024812919487,thread,0,account_worker,74,15560000000,10400000000,0,247
7350024812919487,thread,0,trader_callback,71,4990000000,20990000000,0,111
7350024812919487,thread,0,trace_writer,72,4890000000,21070000000,0,188
7350024812919487,thread,0,latency_writer,73,4910000000,21040000000,1,431
7350024913190434,process,-1,process,70,30560000000,73940000000,25925,5
7350024913190434,thread,-1,producer,70,40000000,80000000,25925,5
7350024913190434,thread,-1,sampler,75,10000000,40000000,260,0
7350024913190434,thread,0,account_worker,74,15620000000,10440000000,0,248
7350024913190434,thread,0,trader_callback,71,5010000000,21070000000,0,111
7350024913190434,thread,0,trace_writer,72,4920000000,21160000000,0,188
7350024913190434,thread,0,latency_writer,73,4930000000,21120000000,1,432
7350025013480711,process,-1,process,70,30690000000,74210000000,26025,5
7350025013480711,thread,-1,producer,70,40000000,80000000,26025,5
7350025013480711,thread,-1,sampler,75,10000000,40000000,261,0
7350025013480711,thread,0,account_worker,74,15690000000,10470000000,0,249
7350025013480711,thread,0,trader_callback,71,5040000000,21140000000,0,112
7350025013480711,thread,0,trace_writer,72,4920000000,21250000000,0,189
7350025013480711,thread,0,latency_writer,73,4950000000,21200000000,1,437
7350025113840327,process,-1,process,70,30810000000,74480000000,26125,5
7350025113840327,thread,-1,producer,70,40000000,80000000,26125,5
7350025113840327,thread,-1,sampler,75,10000000,40000000,262,0
7350025113840327,thread,0,account_worker,74,15760000000,10500000000,0,250
7350025113840327,thread,0,trader_callback,71,5070000000,21210000000,0,112
7350025113840327,thread,0,trace_writer,72,4940000000,21340000000,0,189
7350025113840327,thread,0,latency_writer,73,4970000000,21280000000,1,438
7350025214187572,process,-1,process,70,30950000000,74750000000,26226,5
7350025214187572,thread,-1,producer,70,40000000,80000000,26226,5
7350025214187572,thread,-1,sampler,75,10000000,40000000,263,0
7350025214187572,thread,0,account_worker,74,15840000000,10520000000,0,252
7350025214187572,thread,0,trader_callback,71,5090000000,21300000000,0,112
7350025214187572,thread,0,trace_writer,72,4970000000,21400000000,0,189
7350025214187572,thread,0,latency_writer,73,4980000000,21380000000,1,441
7350025314531166,process,-1,process,70,31070000000,75030000000,26326,5
7350025314531166,thread,-1,producer,70,40000000,80000000,26326,5
7350025314531166,thread,-1,sampler,75,10000000,40000000,264,0
7350025314531166,thread,0,account_worker,74,15910000000,10560000000,0,252
7350025314531166,thread,0,trader_callback,71,5120000000,21370000000,0,112
7350025314531166,thread,0,trace_writer,72,4980000000,21490000000,0,189
7350025314531166,thread,0,latency_writer,73,4990000000,21460000000,1,444
7350025414811434,process,-1,process,70,31200000000,75300000000,26426,5
7350025414811434,thread,-1,producer,70,40000000,80000000,26426,5
7350025414811434,thread,-1,sampler,75,10000000,50000000,265,0
7350025414811434,thread,0,account_worker,74,15980000000,10590000000,0,253
7350025414811434,thread,0,trader_callback,71,5140000000,21450000000,0,112
7350025414811434,thread,0,trace_writer,72,5000000000,21570000000,0,189
7350025414811434,thread,0,latency_writer,73,5010000000,21540000000,1,445
7350025515102671,process,-1,process,70,31320000000,75580000000,26527,5
7350025515102671,thread,-1,producer,70,40000000,80000000,26527,5
7350025515102671,thread,-1,sampler,75,10000000,50000000,266,0
7350025515102671,thread,0,account_worker,74,16040000000,10620000000,0,253
7350025515102671,thread,0,trader_callback,71,5160000000,21530000000,0,112
7350025515102671,thread,0,trace_writer,72,5020000000,21650000000,0,189
7350025515102671,thread,0,latency_writer,73,5030000000,21630000000,1,445
7350025615391298,process,-1,process,70,31430000000,75870000000,26627,5
7350025615391298,thread,-1,producer,70,40000000,80000000,26627,5
7350025615391298,thread,-1,sampler,75,10000000,50000000,267,0
7350025615391298,thread,0,account_worker,74,16110000000,10660000000,0,253
7350025615391298,thread,0,trader_callback,71,5160000000,21620000000,0,113
7350025615391298,thread,0,trace_writer,72,5040000000,21740000000,0,189
7350025615391298,thread,0,latency_writer,73,5050000000,21700000000,1,449
7350025715676247,process,-1,process,70,31560000000,76150000000,26727,5
7350025715676247,thread,-1,producer,70,40000000,80000000,26727,5
7350025715676247,thread,-1,sampler,75,10000000,50000000,268,0
7350025715676247,thread,0,account_worker,74,16180000000,10690000000,0,253
7350025715676247,thread,0,trader_callback,71,5190000000,21700000000,0,113
7350025715676247,thread,0,trace_writer,72,5050000000,21820000000,0,189
7350025715676247,thread,0,latency_writer,73,5070000000,21780000000,1,452
7350025815996173,process,-1,process,70,31650000000,76460000000,26828,6
7350025815996173,thread,-1,producer,70,40000000,80000000,26828,6
7350025815996173,thread,-1,sampler,75,10000000,50000000,269,0
7350025815996173,thread,0,account_worker,74,16230000000,10740000000,0,253
7350025815996173,thread,0,trader_callback,71,5190000000,21790000000,0,113
7350025815996173,thread,0,trace_writer,72,5060000000,21910000000,0,189
7350025815996173,thread,0,latency_writer,73,5090000000,21870000000,1,453
7350025916301737,process,-1,process,70,31740000000,76770000000,26928,6
7350025916301737,thread,-1,producer,70,40000000,80000000,26928,6
7350025916301737,thread,-1,sampler,75,10000000,50000000,270,0
7350025916301737,thread,0,account_worker,74,16290000000,10780000000,0,254
7350025916301737,thread,0,trader_callback,71,5200000000,21880000000,0,113
7350025916301737,thread,0,trace_writer,72,5070000000,22000000000,0,190
7350025916301737,thread,0,latency_writer,73,5100000000,21950000000,1,454
7350026016595533,process,-1,process,70,31860000000,77060000000,27028,6
7350026016595533,thread,-1,producer,70,40000000,80000000,27028,6
7350026016595533,thread,-1,sampler,75,10000000,50000000,271,0
7350026016595533,thread,0,account_worker,74,16350000000,10820000000,0,254
7350026016595533,thread,0,trader_callback,71,5220000000,21960000000,0,114
7350026016595533,thread,0,trace_writer,72,5090000000,22080000000,0,191
7350026016595533,thread,0,latency_writer,73,5110000000,22050000000,1,460
7350026116882990,process,-1,process,70,31980000000,77330000000,27128,6
7350026116882990,thread,-1,producer,70,40000000,80000000,27129,6
7350026116882990,thread,-1,sampler,75,10000000,50000000,272,0
7350026116882990,thread,0,account_worker,74,16420000000,10850000000,0,255
7350026116882990,thread,0,trader_callback,71,5250000000,22030000000,0,114
7350026116882990,thread,0,trace_writer,72,5100000000,22170000000,0,191
7350026116882990,thread,0,latency_writer,73,5120000000,22130000000,1,463
7350026217176686,process,-1,process,70,32110000000,77600000000,27229,6
7350026217176686,thread,-1,producer,70,40000000,80000000,27229,6
7350026217176686,thread,-1,sampler,75,10000000,50000000,273,0
7350026217176686,thread,0,account_worker,74,16490000000,10880000000,0,256
7350026217176686,thread,0,trader_callback,71,5280000000,22110000000,0,114
7350026217176686,thread,0,trace_writer,72,5110000000,22260000000,0,191
7350026217176686,thread,0,latency_writer,73,5160000000,22200000000,1,464
7350026317457778,process,-1,process,70,32240000000,77880000000,27329,6
7350026317457778,thread,-1,producer,70,40000000,80000000,27329,6
7350026317457778,thread,-1,sampler,75,10000000,50000000,274,0
7350026317457778,thread,0,account_worker,74,16550000000,10910000000,0,256
7350026317457778,thread,0,trader_callback,71,5300000000,22190000000,0,114
7350026317457778,thread,0,trace_writer,72,5130000000,22340000000,0,191
7350026317457778,thread,0,latency_writer,73,5180000000,22280000000,1,470
7350026417758263,process,-1,process,70,32340000000,78180000000,27429,6
7350026417758263,thread,-1,producer,70,40000000,80000000,27429,6
7350026417758263,thread,-1,sampler,75,10000000,50000000,275,0
7350026417758263,thread,0,account_worker,74,16610000000,10960000000,0,257
7350026417758263,thread,0,trader_callback,71,5310000000,22270000000,0,114
7350026417758263,thread,0,trace_writer,72,5140000000,22440000000,0,191
7350026417758263,thread,0,latency_writer,73,5200000000,22350000000,1,471
7350026518034201,process,-1,process,70,32460000000,78460000000,27530,6
7350026518034201,thread,-1,producer,70,40000000,80000000,27530,6
7350026518034201,thread,-1,sampler,75,20000000,50000000,276,0
7350026518034201,thread,0,account_worker,74,16660000000,11010000000,0,257
7350026518034201,thread,0,trader_callback,71,5340000000,22340000000,0,114
7350026518034201,thread,0,trace_writer,72,5150000000,22520000000,0,191
7350026518034201,thread,0,latency_writer,73,5230000000,22430000000,1,471
7350026618305215,process,-1,process,70,32590000000,78730000000,27630,6
7350026618305215,thread,-1,producer,70,40000000,80000000,27630,6
7350026618305215,thread,-1,sampler,75,20000000,50000000,277,0
7350026618305215,thread,0,account_worker,74,16730000000,11040000000,0,258
7350026618305215,thread,0,trader_callback,71,5360000000,22420000000,0,114
7350026618305215,thread,0,trace_writer,72,5180000000,22600000000,0,191
7350026618305215,thread,0,latency_writer,73,5250000000,22510000000,1,471
7350026718586032,process,-1,process,70,32720000000,79000000000,27729,6
7350026718586032,thread,-1,producer,70,40000000,80000000,27729,6
7350026718586032,thread,-1,sampler,75,20000000,50000000,278,0
7350026718586032,thread,0,account_worker,74,16790000000,11080000000,0,260
7350026718586032,thread,0,trader_callback,71,5380000000,22510000000,0,115
7350026718586032,thread,0,trace_writer,72,5200000000,22670000000,0,191
7350026718586032,thread,0,latency_writer,73,5270000000,22590000000,1,471
7350026818934738,process,-1,process,70,32830000000,79300000000,27830,6
7350026818934738,thread,-1,producer,70,50000000,80000000,27830,6
7350026818934738,thread,-1,sampler,75,20000000,50000000,279,0
7350026818934738,thread,0,account_worker,74,16850000000,11120000000,0,271
7350026818934738,thread,0,trader_callback,71,5400000000,22590000000,0,125
7350026818934738,thread,0,trace_writer,72,5220000000,22750000000,0,201
7350026818934738,thread,0,latency_writer,73,5280000000,22680000000,1,484
7350026919282420,process,-1,process,70,32970000000,79560000000,27930,6
7350026919282420,thread,-1,producer,70,50000000,80000000,27930,6
7350026919282420,thread,-1,sampler,75,20000000,50000000,280,0
7350026919282420,thread,0,account_worker,74,16900000000,11170000000,0,272
7350026919282420,thread,0,trader_callback,71,5420000000,22660000000,0,125
7350026919282420,thread,0,trace_writer,72,5260000000,22810000000,0,201
7350026919282420,thread,0,latency_writer,73,5290000000,22760000000,1,486
7350027019552444,process,-1,process,70,33080000000,79850000000,28030,6
7350027019552444,thread,-1,producer,70,50000000,80000000,28030,6
7350027019552444,thread,-1,sampler,75,20000000,50000000,281,0
7350027019552444,thread,0,account_worker,74,16970000000,11200000000,0,274
7350027019552444,thread,0,trader_callback,71,5440000000,22740000000,0,125
7350027019552444,thread,0,trace_writer,72,5270000000,22900000000,0,201
7350027019552444,thread,0,latency_writer,73,5310000000,22840000000,1,486
7350027119908814,process,-1,process,70,33200000000,80130000000,28131,6
7350027119908814,thread,-1,producer,70,50000000,80000000,28131,6
7350027119908814,thread,-1,sampler,75,20000000,50000000,282,0
7350027119908814,thread,0,account_worker,74,17030000000,11240000000,0,274
7350027119908814,thread,0,trader_callback,71,5460000000,22830000000,0,125
7350027119908814,thread,0,trace_writer,72,5290000000,22980000000,0,202
7350027119908814,thread,0,latency_writer,73,5330000000,22920000000,1,487
7350027220268121,process,-1,process,70,33350000000,80390000000,28231,6
7350027220268121,thread,-1,producer,70,50000000,80000000,28231,6
7350027220268121,thread,-1,sampler,75,20000000,50000000,283,0
7350027220268121,thread,0,account_worker,74,17090000000,11280000000,0,276
7350027220268121,thread,0,trader_callback,71,5490000000,22890000000,0,125
7350027220268121,thread,0,trace_writer,72,5320000000,23060000000,0,202
7350027220268121,thread,0,latency_writer,73,5360000000,23000000000,1,492
7350027321566943,process,-1,process,70,33450000000,80690000000,28331,6
7350027321566943,thread,-1,producer,70,50000000,80000000,28331,6
7350027321566943,thread,-1,sampler,75,20000000,50000000,284,0
7350027321566943,thread,0,account_worker,74,17140000000,11330000000,0,277
7350027321566943,thread,0,trader_callback,71,5510000000,22980000000,0,125
7350027321566943,thread,0,trace_writer,72,5340000000,23140000000,0,202
7350027321566943,thread,0,latency_writer,73,5390000000,23070000000,1,494
7350027421908485,process,-1,process,70,33570000000,80970000000,28431,6
7350027421908485,thread,-1,producer,70,50000000,80000000,28432,6
7350027421908485,thread,-1,sampler,75,20000000,50000000,285,0
7350027421908485,thread,0,account_worker,74,17200000000,11370000000,0,277
7350027421908485,thread,0,trader_callback,71,5520000000,23070000000,0,125
7350027421908485,thread,0,trace_writer,72,5360000000,23220000000,0,203
7350027421908485,thread,0,latency_writer,73,5410000000,23150000000,1,494
7350027522174832,process,-1,process,70,33700000000,81250000000,28532,6
7350027522174832,thread,-1,producer,70,50000000,80000000,28532,6
7350027522174832,thread,-1,sampler,75,20000000,50000000,286,0
7350027522174832,thread,0,account_worker,74,17250000000,11420000000,0,278
7350027522174832,thread,0,trader_callback,71,5540000000,23150000000,0,125
7350027522174832,thread,0,trace_writer,72,5380000000,23300000000,0,203
7350027522174832,thread,0,latency_writer,73,5430000000,23220000000,1,495
7350027622440710,process,-1,process,70,33800000000,81540000000,28632,6
7350027622440710,thread,-1,producer,70,50000000,80000000,28632,6
7350027622440710,thread,-1,sampler,75,20000000,50000000,287,0
7350027622440710,thread,0,account_worker,74,17310000000,11460000000,0,279
7350027622440710,thread,0,trader_callback,71,5570000000,23220000000,0,126
7350027622440710,thread,0,trace_writer,72,5390000000,23390000000,0,203
7350027622440710,thread,0,latency_writer,73,5450000000,23310000000,1,495
7350027722713615,process,-1,process,70,33920000000,81820000000,28732,6
7350027722713615,thread,-1,producer,70,50000000,80000000,28732,6
7350027722713615,thread,-1,sampler,75,20000000,50000000,288,0
7350027722713615,thread,0,account_worker,74,17380000000,11490000000,0,279
7350027722713615,thread,0,trader_callback,71,5580000000,23310000000,0,126
7350027722713615,thread,0,trace_writer,72,5420000000,23460000000,0,203
7350027722713615,thread,0,latency_writer,73,5460000000,23400000000,1,499
7350027822993800,process,-1,process,70,34040000000,82110000000,28833,6
7350027822993800,thread,-1,producer,70,50000000,80000000,28833,6
7350027822993800,thread,-1,sampler,75,20000000,50000000,289,0
7350027822993800,thread,0,account_worker,74,17440000000,11540000000,0,279
7350027822993800,thread,0,trader_callback,71,5600000000,23390000000,0,126
7350027822993800,thread,0,trace_writer,72,5440000000,23540000000,0,204
7350027822993800,thread,0,latency_writer,73,5480000000,23480000000,1,500
7350027923260917,process,-1,process,70,34140000000,82410000000,28933,6
7350027923260917,thread,-1,producer,70,50000000,80000000,28933,6
7350027923260917,thread,-1,sampler,75,20000000,50000000,290,0
7350027923260917,thread,0,account_worker,74,17490000000,11580000000,0,279
7350027923260917,thread,0,trader_callback,71,5620000000,23480000000,0,127
7350027923260917,thread,0,trace_writer,72,5450000000,23630000000,0,205
7350027923260917,thread,0,latency_writer,73,5500000000,23560000000,2,500
7350028023523101,process,-1,process,70,34230000000,82730000000,29033,6
7350028023523101,thread,-1,producer,70,50000000,80000000,29033,6
7350028023523101,thread,-1,sampler,75,20000000,50000000,291,0
7350028023523101,thread,0,account_worker,74,17550000000,11620000000,0,279
7350028023523101,thread,0,trader_callback,71,5620000000,23570000000,0,127
7350028023523101,thread,0,trace_writer,72,5460000000,23720000000,0,206
7350028023523101,thread,0,latency_writer,73,5510000000,23650000000,2,500
7350028123813185,process,-1,process,70,34360000000,82990000000,29133,6
7350028123813185,thread,-1,producer,70,50000000,80000000,29133,6
7350028123813185,thread,-1,sampler,75,20000000,50000000,292,0
7350028123813185,thread,0,account_worker,74,17620000000,11660000000,0,280
7350028123813185,thread,0,trader_callback,71,5640000000,23650000000,0,127
7350028123813185,thread,0,trace_writer,72,5470000000,23810000000,0,206
7350028123813185,thread,0,latency_writer,73,5540000000,23720000000,2,501
7350028227787510,process,-1,process,70,34480000000,83290000000,29237,6
7350028227787510,thread,-1,producer,70,50000000,80000000,29237,6
7350028227787510,thread,-1,sampler,75,20000000,50000000,293,0
7350028227787510,thread,0,account_worker,74,17680000000,11700000000,0,282
7350028227787510,thread,0,trader_callback,71,5670000000,23730000000,0,127
7350028227787510,thread,0,trace_writer,72,5490000000,23890000000,0,206
7350028227787510,thread,0,latency_writer,73,5550000000,23810000000,2,505
7350028328214267,process,-1,process,70,34610000000,83560000000,29338,6
7350028328214267,thread,-1,producer,70,50000000,80000000,29338,6
7350028328214267,thread,-1,sampler,75,20000000,50000000,294,0
7350028328214267,thread,0,account_worker,74,17740000000,11740000000,0,282
7350028328214267,thread,0,trader_callback,71,5680000000,23810000000,0,127
7350028328214267,thread,0,trace_writer,72,5520000000,23970000000,0,206
7350028328214267,thread,0,latency_writer,73,5580000000,23890000000,2,511
7350028428612293,process,-1,process,70,34710000000,83870000000,29438,6
7350028428612293,thread,-1,producer,70,50000000,80000000,29438,6
7350028428612293,thread,-1,sampler,75,20000000,50000000,295,0
7350028428612293,thread,0,account_worker,74,17780000000,11800000000,0,284
7350028428612293,thread,0,trader_callback,71,5710000000,23890000000,0,127
7350028428612293,thread,0,trace_writer,72,5550000000,24040000000,0,206
7350028428612293,thread,0,latency_writer,73,5590000000,23980000000,2,518
7350028528957600,process,-1,process,70,34830000000,84140000000,29539,6
7350028528957600,thread,-1,producer,70,50000000,80000000,29539,6
7350028528957600,thread,-1,sampler,75,20000000,50000000,296,0
7350028528957600,thread,0,account_worker,74,17850000000,11820000000,0,285
7350028528957600,thread,0,trader_callback,71,5740000000,23960000000,0,127
7350028528957600,thread,0,trace_writer,72,5560000000,24130000000,0,206
7350028528957600,thread,0,latency_writer,73,5590000000,24080000000,2,524
7350028629239134,process,-1,process,70,34950000000,84430000000,29639,6
7350028629239134,thread,-1,producer,70,50000000,80000000,29639,6
7350028629239134,thread,-1,sampler,75,20000000,50000000,297,0
7350028629239134,thread,0,account_worker,74,17910000000,11870000000,0,285
7350028629239134,thread,0,trader_callback,71,5760000000,24040000000,0,127
7350028629239134,thread,0,trace_writer,72,5580000000,24210000000,0,206
7350028629239134,thread,0,latency_writer,73,5610000000,24160000000,2,524
7350028729512244,process,-1,process,70,35070000000,84710000000,29739,6
7350028729512244,thread,-1,producer,70,50000000,80000000,29739,6
7350028729512244,thread,-1,sampler,75,20000000,50000000,298,0
7350028729512244,thread,0,account_worker,74,17960000000,11920000000,0,286
7350028729512244,thread,0,trader_callback,71,5770000000,24120000000,0,128
7350028729512244,thread,0,trace_writer,72,5610000000,24280000000,0,207
7350028729512244,thread,0,latency_writer,73,5630000000,24230000000,2,527
7350028829842687,process,-1,process,70,35180000000,85000000000,29839,6
7350028829842687,thread,-1,producer,70,50000000,80000000,29839,6
7350028829842687,thread,-1,sampler,75,20000000,50000000,299,0
7350028829842687,thread,0,account_worker,74,18010000000,11960000000,0,287
7350028829842687,thread,0,trader_callback,71,5790000000,24210000000,0,128
7350028829842687,thread,0,trace_writer,72,5630000000,24360000000,0,208
7350028829842687,thread,0,latency_writer,73,5660000000,24310000000,2,533
7350028930187168,process,-1,process,70,35300000000,85280000000,29940,6
7350028930187168,thread,-1,producer,70,50000000,80000000,29940,6
7350028930187168,thread,-1,sampler,75,20000000,50000000,300,0
7350028930187168,thread,0,account_worker,74,18080000000,12000000000,0,288
7350028930187168,thread,0,trader_callback,71,5800000000,24300000000,0,128
7350028930187168,thread,0,trace_writer,72,5660000000,24420000000,0,208
7350028930187168,thread,0,latency_writer,73,5670000000,24400000000,2,538
7350029030468272,process,-1,process,70,35420000000,85570000000,30040,6
7350029030468272,thread,-1,producer,70,50000000,80000000,30040,6
7350029030468272,thread,-1,sampler,75,20000000,50000000,301,0
7350029030468272,thread,0,account_worker,74,18130000000,12050000000,0,289
7350029030468272,thread,0,trader_callback,71,5810000000,24390000000,0,128
7350029030468272,thread,0,trace_writer,72,5690000000,24500000000,0,209
7350029030468272,thread,0,latency_writer,73,5690000000,24470000000,2,541
7350029130789258,process,-1,process,70,35520000000,85870000000,30140,6
7350029130789258,thread,-1,producer,70,50000000,80000000,30140,6
7350029130789258,thread,-1,sampler,75,20000000,50000000,302,0
7350029130789258,thread,0,account_worker,74,18190000000,12090000000,0,291
7350029130789258,thread,0,trader_callback,71,5820000000,24480000000,0,128
7350029130789258,thread,0,trace_writer,72,5700000000,24590000000,0,209
7350029130789258,thread,0,latency_writer,73,5710000000,24550000000,2,542
7350029231077211,process,-1,process,70,35620000000,86170000000,30241,6
7350029231077211,thread,-1,producer,70,60000000,80000000,30241,6
7350029231077211,thread,-1,sampler,75,20000000,50000000,303,0
7350029231077211,thread,0,account_worker,74,18250000000,12130000000,0,291
7350029231077211,thread,0,trader_callback,71,5830000000,24570000000,0,128
7350029231077211,thread,0,trace_writer,72,5720000000,24670000000,0,209
7350029231077211,thread,0,latency_writer,73,5730000000,24640000000,2,545
7350029331335553,process,-1,process,70,35740000000,86450000000,30341,6
7350029331335553,thread,-1,producer,70,60000000,80000000,30341,6
7350029331335553,thread,-1,sampler,75,20000000,50000000,304,0
7350029331335553,thread,0,account_worker,74,18300000000,12180000000,0,291
7350029331335553,thread,0,trader_callback,71,5840000000,24660000000,0,128
7350029331335553,thread,0,trace_writer,72,5740000000,24750000000,0,210
7350029331335553,thread,0,latency_writer,73,5760000000,24710000000,2,546
7350029431670771,process,-1,process,70,35850000000,86740000000,30441,6
7350029431670771,thread,-1,producer,70,60000000,80000000,30441,6
7350029431670771,thread,-1,sampler,75,20000000,50000000,305,0
7350029431670771,thread,0,account_worker,74,18360000000,12220000000,0,434
7350029431670771,thread,0,trader_callback,71,5860000000,24740000000,0,128
7350029431670771,thread,0,trace_writer,72,5760000000,24820000000,0,210
7350029431670771,thread,0,latency_writer,73,5770000000,24790000000,2,676
7350029532027368,process,-1,process,70,35960000000,87030000000,30542,6
7350029532027368,thread,-1,producer,70,60000000,80000000,30542,6
7350029532027368,thread,-1,sampler,75,20000000,50000000,306,0
7350029532027368,thread,0,account_worker,74,18420000000,12260000000,0,435
7350029532027368,thread,0,trader_callback,71,5880000000,24820000000,0,128
7350029532027368,thread,0,trace_writer,72,5780000000,24910000000,0,210
7350029532027368,thread,0,latency_writer,73,5790000000,24870000000,2,676
7350029632359713,process,-1,process,70,36090000000,87300000000,30642,6
7350029632359713,thread,-1,producer,70,60000000,80000000,30642,6
7350029632359713,thread,-1,sampler,75,20000000,50000000,307,0
7350029632359713,thread,0,account_worker,74,18490000000,12290000000,0,435
7350029632359713,thread,0,trader_callback,71,5900000000,24900000000,0,129
7350029632359713,thread,0,trace_writer,72,5800000000,24990000000,0,210
7350029632359713,thread,0,latency_writer,73,5810000000,24960000000,2,679
7350029732638325,process,-1,process,70,36220000000,87580000000,30742,6
7350029732638325,thread,-1,producer,70,60000000,80000000,30742,6
7350029732638325,thread,-1,sampler,75,20000000,50000000,308,0
7350029732638325,thread,0,account_worker,74,18540000000,12340000000,0,435
7350029732638325,thread,0,trader_callback,71,5910000000,24990000000,0,129
7350029732638325,thread,0,trace_writer,72,5840000000,25050000000,0,210
7350029732638325,thread,0,latency_writer,73,5830000000,25030000000,2,680
7350029832964780,process,-1,process,70,36330000000,87870000000,30843,6
7350029832964780,thread,-1,producer,70,60000000,80000000,30843,6
7350029832964780,thread,-1,sampler,75,20000000,50000000,309,0
7350029832964780,thread,0,account_worker,74,18600000000,12380000000,0,435
7350029832964780,thread,0,trader_callback,71,5930000000,25070000000,0,129
7350029832964780,thread,0,trace_writer,72,5850000000,25140000000,0,210
7350029832964780,thread,0,latency_writer,73,5850000000,25110000000,2,684
7350029933266486,process,-1,process,70,36430000000,88160000000,30943,6
7350029933266486,thread,-1,producer,70,60000000,80000000,30943,6
7350029933266486,thread,-1,sampler,75,20000000,50000000,310,0
7350029933266486,thread,0,account_worker,74,18660000000,12420000000,0,435
7350029933266486,thread,0,trader_callback,71,5940000000,25160000000,0,129
7350029933266486,thread,0,trace_writer,72,5870000000,25210000000,0,211
7350029933266486,thread,0,latency_writer,73,5870000000,25200000000,2,684
7350030033542615,process,-1,process,70,36530000000,88470000000,31043,6
7350030033542615,thread,-1,producer,70,60000000,80000000,31043,6
7350030033542615,thread,-1,sampler,75,20000000,50000000,311,0
7350030033542615,thread,0,account_worker,74,18710000000,12470000000,0,435
7350030033542615,thread,0,trader_callback,71,5960000000,25240000000,0,129
7350030033542615,thread,0,trace_writer,72,5880000000,25310000000,0,212
7350030033542615,thread,0,latency_writer,73,5880000000,25280000000,2,685
7350030133812493,process,-1,process,70,36630000000,88770000000,31143,6
7350030133812493,thread,-1,producer,70,60000000,80000000,31143,6
7350030133812493,thread,-1,sampler,75,20000000,50000000,312,0
7350030133812493,thread,0,account_worker,74,18770000000,12510000000,0,436
7350030133812493,thread,0,trader_callback,71,5960000000,25340000000,0,129
7350030133812493,thread,0,trace_writer,72,5910000000,25380000000,0,212
7350030133812493,thread,0,latency_writer,73,5900000000,25370000000,2,688
7350030234091546,process,-1,process,70,36750000000,89050000000,31244,6
7350030234091546,thread,-1,producer,70,60000000,80000000,31244,6
7350030234091546,thread,-1,sampler,75,20000000,50000000,313,0
7350030234091546,thread,0,account_worker,74,18820000000,12560000000,0,436
7350030234091546,thread,0,trader_callback,71,5990000000,25410000000,0,129
7350030234091546,thread,0,trace_writer,72,5930000000,25460000000,0,212
7350030234091546,thread,0,latency_writer,73,5920000000,25450000000,2,692
7350030334359967,process,-1,process,70,36840000000,89360000000,31344,6
7350030334359967,thread,-1,producer,70,60000000,80000000,31344,6
7350030334359967,thread,-1,sampler,75,20000000,50000000,314,0
7350030334359967,thread,0,account_worker,74,18870000000,12610000000,0,436
7350030334359967,thread,0,trader_callback,71,6010000000,25490000000,0,129
7350030334359967,thread,0,trace_writer,72,5940000000,25550000000,0,212
7350030334359967,thread,0,latency_writer,73,5920000000,25550000000,2,693
7350030434635322,process,-1,process,70,36960000000,89650000000,31444,6
7350030434635322,thread,-1,producer,70,60000000,80000000,31444,6
7350030434635322,thread,-1,sampler,75,20000000,50000000,315,0
7350030434635322,thread,0,account_worker,74,18930000000,12650000000,0,438
7350030434635322,thread,0,trader_callback,71,6030000000,25580000000,0,129
7350030434635322,thread,0,trace_writer,72,5970000000,25620000000,0,212
7350030434635322,thread,0,latency_writer,73,5930000000,25630000000,2,700
7350030534908845,process,-1,process,70,37090000000,89920000000,31544,6
7350030534908845,thread,-1,producer,70,60000000,80000000,31545,6
7350030534908845,thread,-1,sampler,75,20000000,50000000,316,0
7350030534908845,thread,0,account_worker,74,18990000000,12690000000,0,438
7350030534908845,thread,0,trader_callback,71,6040000000,25660000000,0,130
7350030534908845,thread,0,trace_writer,72,6010000000,25680000000,0,212
7350030534908845,thread,0,latency_writer,73,5950000000,25720000000,2,707
7350030635187844,process,-1,process,70,37200000000,90210000000,31645,6
7350030635187844,thread,-1,producer,70,60000000,80000000,31645,6
7350030635187844,thread,-1,sampler,75,20000000,50000000,317,0
7350030635187844,thread,0,account_worker,74,19050000000,12730000000,0,439
7350030635187844,thread,0,trader_callback,71,6060000000,25740000000,0,130
7350030635187844,thread,0,trace_writer,72,6030000000,25760000000,0,212
7350030635187844,thread,0,latency_writer,73,5960000000,25810000000,2,711
7350030735468430,process,-1,process,70,37310000000,90500000000,31745,6
7350030735468430,thread,-1,producer,70,60000000,80000000,31745,6
7350030735468430,thread,-1,sampler,75,20000000,50000000,318,0
7350030735468430,thread,0,account_worker,74,19110000000,12770000000,0,440
7350030735468430,thread,0,trader_callback,71,6080000000,25820000000,0,131
7350030735468430,thread,0,trace_writer,72,6040000000,25850000000,0,212
7350030735468430,thread,0,latency_writer,73,5980000000,25890000000,2,714
7350030835745455,process,-1,process,70,37430000000,90790000000,31845,6
7350030835745455,thread,-1,producer,70,60000000,80000000,31845,6
7350030835745455,thread,-1,sampler,75,20000000,50000000,319,0
7350030835745455,thread,0,account_worker,74,19180000000,12800000000,0,442
7350030835745455,thread,0,trader_callback,71,6090000000,25910000000,0,131
7350030835745455,thread,0,trace_writer,72,6060000000,25940000000,0,212
7350030835745455,thread,0,latency_writer,73,6000000000,25970000000,2,721
7350030936016111,process,-1,process,70,37550000000,91060000000,31946,6
7350030936016111,thread,-1,producer,70,60000000,80000000,31946,6
7350030936016111,thread,-1,sampler,75,20000000,50000000,320,0
7350030936016111,thread,0,account_worker,74,19240000000,12840000000,0,443
7350030936016111,thread,0,trader_callback,71,6120000000,25980000000,0,131
7350030936016111,thread,0,trace_writer,72,6080000000,26010000000,0,212
7350030936016111,thread,0,latency_writer,73,6020000000,26050000000,2,727
7350031036283086,process,-1,process,70,37630000000,91390000000,32046,6
7350031036283086,thread,-1,producer,70,60000000,80000000,32046,6
7350031036283086,thread,-1,sampler,75,20000000,50000000,321,0
7350031036283086,thread,0,account_worker,74,19280000000,12900000000,0,445
7350031036283086,thread,0,trader_callback,71,6130000000,26080000000,0,131
7350031036283086,thread,0,trace_writer,72,6090000000,26110000000,0,213
7350031036283086,thread,0,latency_writer,73,6040000000,26130000000,2,731
7350031136601486,process,-1,process,70,37760000000,91650000000,32146,6
7350031136601486,thread,-1,producer,70,60000000,80000000,32146,6
7350031136601486,thread,-1,sampler,75,20000000,50000000,322,0
7350031136601486,thread,0,account_worker,74,19340000000,12940000000,0,448
7350031136601486,thread,0,trader_callback,71,6150000000,26150000000,0,132
7350031136601486,thread,0,trace_writer,72,6110000000,26190000000,0,213
7350031136601486,thread,0,latency_writer,73,6070000000,26200000000,2,735
7350031236870705,process,-1,process,70,37850000000,91960000000,32246,6
7350031236870705,thread,-1,producer,70,60000000,80000000,32246,6
7350031236870705,thread,-1,sampler,75,20000000,50000000,323,0
7350031236870705,thread,0,account_worker,74,19400000000,12980000000,0,449
7350031236870705,thread,0,trader_callback,71,6160000000,26250000000,0,132
7350031236870705,thread,0,trace_writer,72,6110000000,26280000000,0,213
7350031236870705,thread,0,latency_writer,73,6090000000,26280000000,2,743
7350031337126902,process,-1,process,70,37980000000,92240000000,32347,6
7350031337126902,thread,-1,producer,70,60000000,80000000,32347,6
7350031337126902,thread,-1,sampler,75,20000000,50000000,324,0
7350031337126902,thread,0,account_worker,74,19460000000,13020000000,0,450
7350031337126902,thread,0,trader_callback,71,6180000000,26330000000,0,132
7350031337126902,thread,0,trace_writer,72,6140000000,26350000000,0,213
7350031337126902,thread,0,latency_writer,73,6100000000,26370000000,2,746
7350031437417886,process,-1,process,70,38100000000,92520000000,32447,6
7350031437417886,thread,-1,producer,70,60000000,80000000,32447,6
7350031437417886,thread,-1,sampler,75,20000000,50000000,325,0
7350031437417886,thread,0,account_worker,74,19520000000,13060000000,0,453
7350031437417886,thread,0,trader_callback,71,6200000000,26410000000,0,133
7350031437417886,thread,0,trace_writer,72,6160000000,26440000000,0,215
7350031437417886,thread,0,latency_writer,73,6130000000,26440000000,2,751
7350031537692300,process,-1,process,70,38240000000,92790000000,32547,6
7350031537692300,thread,-1,producer,70,60000000,80000000,32547,6
7350031537692300,thread,-1,sampler,75,20000000,50000000,326,0
7350031537692300,thread,0,account_worker,74,19580000000,13100000000,0,456
7350031537692300,thread,0,trader_callback,71,6230000000,26480000000,0,134
7350031537692300,thread,0,trace_writer,72,6190000000,26510000000,0,215
7350031537692300,thread,0,latency_writer,73,6140000000,26530000000,2,757
7350031637967954,process,-1,process,70,38340000000,93080000000,32648,6
7350031637967954,thread,-1,producer,70,60000000,80000000,32648,6
7350031637967954,thread,-1,sampler,75,20000000,50000000,327,0
7350031637967954,thread,0,account_worker,74,19630000000,13150000000,0,456
7350031637967954,thread,0,trader_callback,71,6250000000,26560000000,0,134
7350031637967954,thread,0,trace_writer,72,6200000000,26600000000,0,215
7350031637967954,thread,0,latency_writer,73,6170000000,26600000000,2,757
7350031738242622,process,-1,process,70,38460000000,93370000000,32748,6
7350031738242622,thread,-1,producer,70,60000000,80000000,32748,6
7350031738242622,thread,-1,sampler,75,20000000,50000000,328,0
7350031738242622,thread,0,account_worker,74,19690000000,13190000000,0,456
7350031738242622,thread,0,trader_callback,71,6270000000,26630000000,0,135
7350031738242622,thread,0,trace_writer,72,6210000000,26690000000,0,216
7350031738242622,thread,0,latency_writer,73,6190000000,26680000000,2,766
7350031838518985,process,-1,process,70,38590000000,93640000000,32848,6
7350031838518985,thread,-1,producer,70,60000000,80000000,32848,6
7350031838518985,thread,-1,sampler,75,20000000,50000000,329,0
7350031838518985,thread,0,account_worker,74,19760000000,13220000000,0,472
7350031838518985,thread,0,trader_callback,71,6300000000,26710000000,0,150
7350031838518985,thread,0,trace_writer,72,6220000000,26770000000,0,231
7350031838518985,thread,0,latency_writer,73,6210000000,26760000000,2,784
7350031938889977,process,-1,process,70,38680000000,93950000000,32948,6
7350031938889977,thread,-1,producer,70,60000000,80000000,32949,6
7350031938889977,thread,-1,sampler,75,20000000,50000000,330,0
7350031938889977,thread,0,account_worker,74,19800000000,13280000000,0,472
7350031938889977,thread,0,trader_callback,71,6310000000,26790000000,0,151
7350031938889977,thread,0,trace_writer,72,6240000000,26860000000,0,232
7350031938889977,thread,0,latency_writer,73,6220000000,26850000000,2,785
7350032039216579,process,-1,process,70,38810000000,94220000000,33046,6
7350032039216579,thread,-1,producer,70,70000000,90000000,33046,6
7350032039216579,thread,-1,sampler,75,20000000,50000000,331,0
7350032039216579,thread,0,account_worker,74,19870000000,13310000000,0,473
7350032039216579,thread,0,trader_callback,71,6330000000,26880000000,0,151
7350032039216579,thread,0,trace_writer,72,6260000000,26940000000,0,233
7350032039216579,thread,0,latency_writer,73,6250000000,26920000000,2,793
7350032139488279,process,-1,process,70,38930000000,94500000000,33146,6
7350032139488279,thread,-1,producer,70,70000000,90000000,33146,6
7350032139488279,thread,-1,sampler,75,20000000,50000000,332,0
7350032139488279,thread,0,account_worker,74,19930000000,13360000000,0,474
7350032139488279,thread,0,trader_callback,71,6360000000,26950000000,0,151
7350032139488279,thread,0,trace_writer,72,6280000000,27010000000,0,233
7350032139488279,thread,0,latency_writer,73,6270000000,27010000000,2,796
7350032239771342,process,-1,process,70,39070000000,94770000000,33246,6
7350032239771342,thread,-1,producer,70,70000000,90000000,33246,6
7350032239771342,thread,-1,sampler,75,20000000,50000000,333,0
7350032239771342,thread,0,account_worker,74,19990000000,13400000000,0,475
7350032239771342,thread,0,trader_callback,71,6390000000,27020000000,0,151
7350032239771342,thread,0,trace_writer,72,6300000000,27100000000,0,233
7350032239771342,thread,0,latency_writer,73,6300000000,27070000000,2,799
7350032340027471,process,-1,process,70,39190000000,95050000000,33347,6
7350032340027471,thread,-1,producer,70,70000000,90000000,33347,6
7350032340027471,thread,-1,sampler,75,20000000,50000000,334,0
7350032340027471,thread,0,account_worker,74,20050000000,13440000000,0,475
7350032340027471,thread,0,trader_callback,71,6410000000,27100000000,0,151
7350032340027471,thread,0,trace_writer,72,6310000000,27190000000,0,233
7350032340027471,thread,0,latency_writer,73,6320000000,27150000000,2,805
7350032440348314,process,-1,process,70,39280000000,95360000000,33447,6
7350032440348314,thread,-1,producer,70,70000000,90000000,33447,6
7350032440348314,thread,-1,sampler,75,20000000,50000000,335,0
7350032440348314,thread,0,account_worker,74,20110000000,13480000000,0,476
7350032440348314,thread,0,trader_callback,71,6430000000,27180000000,0,151
7350032440348314,thread,0,trace_writer,72,6320000000,27280000000,0,233
7350032440348314,thread,0,latency_writer,73,6320000000,27250000000,2,805
7350032540674798,process,-1,process,70,39370000000,95670000000,33547,6
7350032540674798,thread,-1,producer,70,70000000,90000000,33547,6
7350032540674798,thread,-1,sampler,75,20000000,50000000,336,0
7350032540674798,thread,0,account_worker,74,20170000000,13510000000,0,476
7350032540674798,thread,0,trader_callback,71,6440000000,27270000000,0,151
7350032540674798,thread,0,trace_writer,72,6330000000,27370000000,0,233
7350032540674798,thread,0,latency_writer,73,6330000000,27340000000,2,805
7350032641026068,process,-1,process,70,39500000000,95940000000,33648,6
7350032641026068,thread,-1,producer,70,70000000,90000000,33648,6
7350032641026068,thread,-1,sampler,75,20000000,60000000,337,0
7350032641026068,thread,0,account_worker,74,20230000000,13560000000,0,477
7350032641026068,thread,0,trader_callback,71,6470000000,27330000000,0,151
7350032641026068,thread,0,trace_writer,72,6350000000,27450000000,0,233
7350032641026068,thread,0,latency_writer,73,6350000000,27420000000,2,805
7350032741314540,process,-1,process,70,39610000000,96230000000,33748,6
7350032741314540,thread,-1,producer,70,70000000,90000000,33748,6
7350032741314540,thread,-1,sampler,75,20000000,60000000,338,0
7350032741314540,thread,0,account_worker,74,20300000000,13590000000,0,478
7350032741314540,thread,0,trader_callback,71,6490000000,27410000000,0,152
7350032741314540,thread,0,trace_writer,72,6360000000,27540000000,0,233
7350032741314540,thread,0,latency_writer,73,6360000000,27510000000,2,806
7350032841596481,process,-1,process,70,39730000000,96510000000,33848,6
7350032841596481,thread,-1,producer,70,70000000,90000000,33848,6
7350032841596481,thread,-1,sampler,75,20000000,60000000,339,0
7350032841596481,thread,0,account_worker,74,20350000000,13630000000,0,479
7350032841596481,thread,0,trader_callback,71,6510000000,27490000000,0,152
7350032841596481,thread,0,trace_writer,72,6370000000,27630000000,0,233
7350032841596481,thread,0,latency_writer,73,6390000000,27580000000,2,806
7350032941871821,process,-1,process,70,39870000000,96780000000,33948,6
7350032941871821,thread,-1,producer,70,70000000,90000000,33948,6
7350032941871821,thread,-1,sampler,75,20000000,60000000,340,0
7350032941871821,thread,0,account_worker,74,20430000000,13650000000,0,480
7350032941871821,thread,0,trader_callback,71,6530000000,27580000000,0,152
7350032941871821,thread,0,trace_writer,72,6390000000,27710000000,0,233
7350032941871821,thread,0,latency_writer,73,6410000000,27660000000,2,806
7350033042144687,process,-1,process,70,39960000000,97090000000,34049,6
7350033042144687,thread,-1,producer,70,70000000,90000000,34049,6
7350033042144687,thread,-1,sampler,75,20000000,60000000,341,0
7350033042144687,thread,0,account_worker,74,20490000000,13690000000,0,482
7350033042144687,thread,0,trader_callback,71,6540000000,27670000000,0,152
7350033042144687,thread,0,trace_writer,72,6410000000,27790000000,0,234
7350033042144687,thread,0,latency_writer,73,6420000000,27760000000,2,807
7350033142435157,process,-1,process,70,40090000000,97360000000,34149,6
7350033142435157,thread,-1,producer,70,70000000,90000000,34149,6
7350033142435157,thread,-1,sampler,75,20000000,60000000,342,0
7350033142435157,thread,0,account_worker,74,20550000000,13730000000,0,483
7350033142435157,thread,0,trader_callback,71,6570000000,27740000000,0,152
7350033142435157,thread,0,trace_writer,72,6430000000,27870000000,0,234
7350033142435157,thread,0,latency_writer,73,6430000000,27840000000,2,810
7350033242721803,process,-1,process,70,40180000000,97670000000,34249,6
7350033242721803,thread,-1,producer,70,70000000,90000000,34249,6
7350033242721803,thread,-1,sampler,75,20000000,60000000,343,0
7350033242721803,thread,0,account_worker,74,20610000000,13780000000,0,484
7350033242721803,thread,0,trader_callback,71,6580000000,27830000000,0,152
7350033242721803,thread,0,trace_writer,72,6450000000,27950000000,0,234
7350033242721803,thread,0,latency_writer,73,6440000000,27930000000,2,813
7350033343249041,process,-1,process,70,40310000000,97940000000,34350,6
7350033343249041,thread,-1,producer,70,70000000,90000000,34350,6
7350033343249041,thread,-1,sampler,75,20000000,60000000,344,0
7350033343249041,thread,0,account_worker,74,20670000000,13820000000,0,484
7350033343249041,thread,0,trader_callback,71,6610000000,27900000000,0,152
7350033343249041,thread,0,trace_writer,72,6460000000,28040000000,0,234
7350033343249041,thread,0,latency_writer,73,6470000000,28010000000,2,813
7350033443533440,process,-1,process,70,40440000000,98220000000,34450,6
7350033443533440,thread,-1,producer,70,70000000,90000000,34450,6
7350033443533440,thread,-1,sampler,75,20000000,60000000,345,0
7350033443533440,thread,0,account_worker,74,20730000000,13860000000,0,484
7350033443533440,thread,0,trader_callback,71,6640000000,27970000000,0,152
7350033443533440,thread,0,trace_writer,72,6470000000,28130000000,0,234
7350033443533440,thread,0,latency_writer,73,6490000000,28090000000,2,814
7350033543816885,process,-1,process,70,40540000000,98520000000,34550,6
7350033543816885,thread,-1,producer,70,70000000,90000000,34550,6
7350033543816885,thread,-1,sampler,75,20000000,60000000,346,0
7350033543816885,thread,0,account_worker,74,20790000000,13900000000,0,485
7350033543816885,thread,0,trader_callback,71,6670000000,28040000000,0,152
7350033543816885,thread,0,trace_writer,72,6480000000,28220000000,0,234
7350033543816885,thread,0,latency_writer,73,6500000000,28170000000,2,817
7350033644087527,process,-1,process,70,40630000000,98830000000,34651,6
7350033644087527,thread,-1,producer,70,70000000,90000000,34651,6
7350033644087527,thread,-1,sampler,75,20000000,60000000,347,0
7350033644087527,thread,0,account_worker,74,20840000000,13940000000,0,487
7350033644087527,thread,0,trader_callback,71,6680000000,28130000000,0,154
7350033644087527,thread,0,trace_writer,72,6490000000,28310000000,0,234
7350033644087527,thread,0,latency_writer,73,6510000000,28260000000,2,823
7350033744357698,process,-1,process,70,40740000000,99120000000,34751,6
7350033744357698,thread,-1,producer,70,70000000,90000000,34751,6
7350033744357698,thread,-1,sampler,75,20000000,60000000,348,0
7350033744357698,thread,0,account_worker,74,20910000000,13980000000,0,487
7350033744357698,thread,0,trader_callback,71,6700000000,28210000000,0,154
7350033744357698,thread,0,trace_writer,72,6510000000,28390000000,0,234
7350033744357698,thread,0,latency_writer,73,6520000000,28350000000,2,829
7350033844624839,process,-1,process,70,40830000000,99430000000,34851,6
7350033844624839,thread,-1,producer,70,70000000,90000000,34851,6
7350033844624839,thread,-1,sampler,75,20000000,60000000,349,0
7350033844624839,thread,0,account_worker,74,20970000000,14020000000,0,488
7350033844624839,thread,0,trader_callback,71,6710000000,28310000000,0,154
7350033844624839,thread,0,trace_writer,72,6510000000,28490000000,0,234
7350033844624839,thread,0,latency_writer,73,6540000000,28440000000,2,829
7350033944904053,process,-1,process,70,40920000000,99750000000,34951,6
7350033944904053,thread,-1,producer,70,70000000,90000000,34952,6
7350033944904053,thread,-1,sampler,75,20000000,60000000,350,0
7350033944904053,thread,0,account_worker,74,21010000000,14080000000,0,490
7350033944904053,thread,0,trader_callback,71,6720000000,28390000000,0,154
7350033944904053,thread,0,trace_writer,72,6530000000,28570000000,0,235
7350033944904053,thread,0,latency_writer,73,6550000000,28530000000,2,833
7350034045225649,process,-1,process,70,41020000000,100040000000,35052,6
7350034045225649,thread,-1,producer,70,70000000,90000000,35052,6
7350034045225649,thread,-1,sampler,75,20000000,60000000,351,0
7350034045225649,thread,0,account_worker,74,21080000000,14110000000,0,490
7350034045225649,thread,0,trader_callback,71,6730000000,28490000000,0,154
7350034045225649,thread,0,trace_writer,72,6540000000,28660000000,0,236
7350034045225649,thread,0,latency_writer,73,6570000000,28610000000,2,837
7350034145481962,process,-1,process,70,41130000000,100340000000,35152,6
7350034145481962,thread,-1,producer,70,70000000,90000000,35152,6
7350034145481962,thread,-1,sampler,75,20000000,60000000,352,0
7350034145481962,thread,0,account_worker,74,21130000000,14160000000,0,491
7350034145481962,thread,0,trader_callback,71,6740000000,28570000000,0,154
7350034145481962,thread,0,trace_writer,72,6570000000,28730000000,0,236
7350034145481962,thread,0,latency_writer,73,6590000000,28690000000,2,840
7350034245749377,process,-1,process,70,41230000000,100650000000,35252,6
7350034245749377,thread,-1,producer,70,70000000,90000000,35252,6
7350034245749377,thread,-1,sampler,75,20000000,60000000,353,0
7350034245749377,thread,0,account_worker,74,21180000000,14210000000,0,493
7350034245749377,thread,0,trader_callback,71,6750000000,28660000000,0,154
7350034245749377,thread,0,trace_writer,72,6580000000,28820000000,0,236
7350034245749377,thread,0,latency_writer,73,6600000000,28780000000,2,846
7350034346016752,process,-1,process,70,41320000000,100950000000,35353,6
7350034346016752,thread,-1,producer,70,70000000,90000000,35353,6
7350034346016752,thread,-1,sampler,75,20000000,60000000,354,0
7350034346016752,thread,0,account_worker,74,21250000000,14240000000,0,493
7350034346016752,thread,0,trader_callback,71,6770000000,28750000000,0,154
7350034346016752,thread,0,trace_writer,72,6600000000,28900000000,0,236
7350034346016752,thread,0,latency_writer,73,6600000000,28880000000,2,847
7350034446277485,process,-1,process,70,41430000000,101240000000,35453,6
7350034446277485,thread,-1,producer,70,70000000,90000000,35453,6
7350034446277485,thread,-1,sampler,75,20000000,60000000,355,0
7350034446277485,thread,0,account_worker,74,21290000000,14300000000,0,494
7350034446277485,thread,0,trader_callback,71,6780000000,28830000000,0,154
7350034446277485,thread,0,trace_writer,72,6630000000,28980000000,0,236
7350034446277485,thread,0,latency_writer,73,6620000000,28960000000,2,847
7350034546542308,process,-1,process,70,41540000000,101530000000,35553,6
7350034546542308,thread,-1,producer,70,70000000,90000000,35553,6
7350034546542308,thread,-1,sampler,75,20000000,60000000,356,0
7350034546542308,thread,0,account_worker,74,21350000000,14340000000,0,495
7350034546542308,thread,0,trader_callback,71,6800000000,28910000000,0,154
7350034546542308,thread,0,trace_writer,72,6640000000,29070000000,0,236
7350034546542308,thread,0,latency_writer,73,6650000000,29030000000,2,854
7350034646856902,process,-1,process,70,41670000000,101810000000,35653,6
7350034646856902,thread,-1,producer,70,70000000,90000000,35653,6
7350034646856902,thread,-1,sampler,75,20000000,60000000,357,0
7350034646856902,thread,0,account_worker,74,21410000000,14380000000,0,495
7350034646856902,thread,0,trader_callback,71,6820000000,28990000000,0,154
7350034646856902,thread,0,trace_writer,72,6660000000,29150000000,0,236
7350034646856902,thread,0,latency_writer,73,6670000000,29110000000,2,857
7350034747109250,process,-1,process,70,41770000000,102110000000,35754,6
7350034747109250,thread,-1,producer,70,70000000,90000000,35754,6
7350034747109250,thread,-1,sampler,75,20000000,60000000,358,0
7350034747109250,thread,0,account_worker,74,21480000000,14410000000,0,497
7350034747109250,thread,0,trader_callback,71,6830000000,29080000000,0,156
7350034747109250,thread,0,trace_writer,72,6670000000,29240000000,0,236
7350034747109250,thread,0,latency_writer,73,6690000000,29190000000,2,862
7350034847448094,process,-1,process,70,41900000000,102380000000,35854,6
7350034847448094,thread,-1,producer,70,70000000,90000000,35854,6
7350034847448094,thread,-1,sampler,75,20000000,60000000,359,0
7350034847448094,thread,0,account_worker,74,21550000000,14440000000,0,498
7350034847448094,thread,0,trader_callback,71,6860000000,29160000000,0,156
7350034847448094,thread,0,trace_writer,72,6680000000,29320000000,0,236
7350034847448094,thread,0,latency_writer,73,6700000000,29280000000,2,866
7350034947719512,process,-1,process,70,42010000000,102670000000,35954,6
7350034947719512,thread,-1,producer,70,70000000,90000000,35954,6
7350034947719512,thread,-1,sampler,75,20000000,60000000,360,0
7350034947719512,thread,0,account_worker,74,21610000000,14480000000,0,500
7350034947719512,thread,0,trader_callback,71,6880000000,29240000000,0,156
7350034947719512,thread,0,trace_writer,72,6700000000,29400000000,0,236
7350034947719512,thread,0,latency_writer,73,6710000000,29370000000,2,866
7350035047982903,process,-1,process,70,42140000000,102940000000,36055,6
7350035047982903,thread,-1,producer,70,70000000,90000000,36055,6
7350035047982903,thread,-1,sampler,75,20000000,60000000,361,0
7350035047982903,thread,0,account_worker,74,21680000000,14510000000,0,501
7350035047982903,thread,0,trader_callback,71,6890000000,29330000000,0,156
7350035047982903,thread,0,trace_writer,72,6730000000,29470000000,0,237
7350035047982903,thread,0,latency_writer,73,6730000000,29450000000,2,870
7350035148254145,process,-1,process,70,42240000000,103250000000,36155,6
7350035148254145,thread,-1,producer,70,70000000,90000000,36155,6
7350035148254145,thread,-1,sampler,75,20000000,60000000,362,1
7350035148254145,thread,0,account_worker,74,21720000000,14570000000,0,502
7350035148254145,thread,0,trader_callback,71,6900000000,29420000000,0,156
7350035148254145,thread,0,trace_writer,72,6750000000,29560000000,0,237
7350035148254145,thread,0,latency_writer,73,6760000000,29520000000,2,870
7350035248538552,process,-1,process,70,42360000000,103530000000,36255,6
7350035248538552,thread,-1,producer,70,80000000,90000000,36255,6
7350035248538552,thread,-1,sampler,75,20000000,60000000,363,1
7350035248538552,thread,0,account_worker,74,21790000000,14600000000,0,504
7350035248538552,thread,0,trader_callback,71,6920000000,29500000000,0,156
7350035248538552,thread,0,trace_writer,72,6760000000,29650000000,0,237
7350035248538552,thread,0,latency_writer,73,6780000000,29600000000,2,876
7350035348806861,process,-1,process,70,42480000000,103810000000,36355,6
7350035348806861,thread,-1,producer,70,80000000,90000000,36355,6
7350035348806861,thread,-1,sampler,75,20000000,60000000,364,1
7350035348806861,thread,0,account_worker,74,21860000000,14630000000,0,504
7350035348806861,thread,0,trader_callback,71,6950000000,29570000000,0,156
7350035348806861,thread,0,trace_writer,72,6770000000,29730000000,0,237
7350035348806861,thread,0,latency_writer,73,6790000000,29690000000,2,882
7350035449071639,process,-1,process,70,42580000000,104110000000,36456,6
7350035449071639,thread,-1,producer,70,80000000,90000000,36456,6
7350035449071639,thread,-1,sampler,75,20000000,60000000,365,1
7350035449071639,thread,0,account_worker,74,21910000000,14680000000,0,505
7350035449071639,thread,0,trader_callback,71,6970000000,29650000000,0,156
7350035449071639,thread,0,trace_writer,72,6800000000,29810000000,0,237
7350035449071639,thread,0,latency_writer,73,6790000000,29790000000,2,889
7350035549360558,process,-1,process,70,42710000000,104390000000,36556,6
7350035549360558,thread,-1,producer,70,80000000,90000000,36556,6
7350035549360558,thread,-1,sampler,75,20000000,60000000,366,1
7350035549360558,thread,0,account_worker,74,21990000000,14700000000,0,506
7350035549360558,thread,0,trader_callback,71,6970000000,29750000000,0,156
7350035549360558,thread,0,trace_writer,72,6830000000,29880000000,0,237
7350035549360558,thread,0,latency_writer,73,6810000000,29870000000,2,899
7350035649621481,process,-1,process,70,42810000000,104690000000,36656,6
7350035649621481,thread,-1,producer,70,80000000,90000000,36656,6
7350035649621481,thread,-1,sampler,75,20000000,60000000,367,1
7350035649621481,thread,0,account_worker,74,22050000000,14740000000,0,507
7350035649621481,thread,0,trader_callback,71,7000000000,29820000000,0,157
7350035649621481,thread,0,trace_writer,72,6830000000,29980000000,0,237
7350035649621481,thread,0,latency_writer,73,6820000000,29960000000,2,903
7350035749909370,process,-1,process,70,42920000000,104970000000,36756,6
7350035749909370,thread,-1,producer,70,80000000,90000000,36756,6
7350035749909370,thread,-1,sampler,75,20000000,60000000,368,1
7350035749909370,thread,0,account_worker,74,22100000000,14790000000,0,508
7350035749909370,thread,0,trader_callback,71,7020000000,29890000000,0,157
7350035749909370,thread,0,trace_writer,72,6860000000,30050000000,0,238
7350035749909370,thread,0,latency_writer,73,6830000000,30050000000,2,909
7350035850181765,process,-1,process,70,43010000000,105280000000,36857,6
7350035850181765,thread,-1,producer,70,80000000,90000000,36857,6
7350035850181765,thread,-1,sampler,75,20000000,60000000,369,1
7350035850181765,thread,0,account_worker,74,22150000000,14840000000,0,509
7350035850181765,thread,0,trader_callback,71,7040000000,29970000000,0,157
7350035850181765,thread,0,trace_writer,72,6880000000,30130000000,0,238
7350035850181765,thread,0,latency_writer,73,6840000000,30140000000,2,912
7350035950482079,process,-1,process,70,43120000000,105570000000,36957,6
7350035950482079,thread,-1,producer,70,80000000,90000000,36957,6
7350035950482079,thread,-1,sampler,75,20000000,60000000,370,1
7350035950482079,thread,0,account_worker,74,22220000000,14880000000,0,509
7350035950482079,thread,0,trader_callback,71,7050000000,30060000000,0,158
7350035950482079,thread,0,trace_writer,72,6890000000,30220000000,0,239
7350035950482079,thread,0,latency_writer,73,6850000000,30230000000,2,913
7350036050750599,process,-1,process,70,43260000000,105840000000,37057,6
7350036050750599,thread,-1,producer,70,80000000,90000000,37057,6
7350036050750599,thread,-1,sampler,75,20000000,60000000,371,1
7350036050750599,thread,0,account_worker,74,22290000000,14900000000,0,509
7350036050750599,thread,0,trader_callback,71,7070000000,30140000000,0,158
7350036050750599,thread,0,trace_writer,72,6910000000,30300000000,0,240
7350036050750599,thread,0,latency_writer,73,6870000000,30310000000,2,919
7350036150985249,process,-1,process,70,43360000000,106140000000,37158,6
7350036150985249,thread,-1,producer,70,80000000,90000000,37158,6
7350036150985249,thread,-1,sampler,75,20000000,60000000,372,1
7350036150985249,thread,0,account_worker,74,22350000000,14950000000,0,510
7350036150985249,thread,0,trader_callback,71,7090000000,30230000000,0,158
7350036150985249,thread,0,trace_writer,72,6920000000,30390000000,0,240
7350036150985249,thread,0,latency_writer,73,6900000000,30380000000,2,922
7350036251261195,process,-1,process,70,43510000000,106390000000,37258,6
7350036251261195,thread,-1,producer,70,80000000,90000000,37258,6
7350036251261195,thread,-1,sampler,75,20000000,60000000,373,1
7350036251261195,thread,0,account_worker,74,22410000000,14980000000,0,510
7350036251261195,thread,0,trader_callback,71,7120000000,30300000000,0,158
7350036251261195,thread,0,trace_writer,72,6940000000,30460000000,0,240
7350036251261195,thread,0,latency_writer,73,6920000000,30460000000,2,927
7350036351524143,process,-1,process,70,43630000000,106680000000,37358,6
7350036351524143,thread,-1,producer,70,80000000,90000000,37358,6
7350036351524143,thread,-1,sampler,75,20000000,60000000,374,1
7350036351524143,thread,0,account_worker,74,22470000000,15030000000,0,511
7350036351524143,thread,0,trader_callback,71,7140000000,30380000000,0,158
7350036351524143,thread,0,trace_writer,72,6960000000,30540000000,0,240
7350036351524143,thread,0,latency_writer,73,6950000000,30530000000,2,933
7350036451786878,process,-1,process,70,43740000000,106960000000,37458,6
7350036451786878,thread,-1,producer,70,80000000,90000000,37458,6
7350036451786878,thread,-1,sampler,75,20000000,60000000,375,1
7350036451786878,thread,0,account_worker,74,22530000000,15060000000,0,512
7350036451786878,thread,0,trader_callback,71,7150000000,30470000000,0,158
7350036451786878,thread,0,trace_writer,72,6980000000,30620000000,0,240
7350036451786878,thread,0,latency_writer,73,6970000000,30620000000,2,936
7350036552092031,process,-1,process,70,43860000000,107240000000,37559,6
7350036552092031,thread,-1,producer,70,80000000,90000000,37559,6
7350036552092031,thread,-1,sampler,75,20000000,60000000,376,1
7350036552092031,thread,0,account_worker,74,22580000000,15110000000,0,513
7350036552092031,thread,0,trader_callback,71,7170000000,30550000000,0,158
7350036552092031,thread,0,trace_writer,72,7020000000,30690000000,0,240
7350036552092031,thread,0,latency_writer,73,6990000000,30690000000,2,939
7350036652354220,process,-1,process,70,43980000000,107530000000,37659,6
7350036652354220,thread,-1,producer,70,80000000,90000000,37659,6
7350036652354220,thread,-1,sampler,75,20000000,60000000,377,1
7350036652354220,thread,0,account_worker,74,22640000000,15160000000,0,514
7350036652354220,thread,0,trader_callback,71,7170000000,30650000000,0,158
7350036652354220,thread,0,trace_writer,72,7040000000,30770000000,0,240
7350036652354220,thread,0,latency_writer,73,7030000000,30760000000,2,940
7350036752617670,process,-1,process,70,44090000000,107830000000,37759,6
7350036752617670,thread,-1,producer,70,80000000,90000000,37759,6
7350036752617670,thread,-1,sampler,75,20000000,60000000,378,1
7350036752617670,thread,0,account_worker,74,22700000000,15190000000,0,515
7350036752617670,thread,0,trader_callback,71,7180000000,30740000000,0,159
7350036752617670,thread,0,trace_writer,72,7060000000,30850000000,0,240
7350036752617670,thread,0,latency_writer,73,7030000000,30850000000,2,944
7350036852884082,process,-1,process,70,44210000000,108110000000,37856,6
7350036852884082,thread,-1,producer,70,80000000,90000000,37856,6
7350036852884082,thread,-1,sampler,75,20000000,60000000,379,1
7350036852884082,thread,0,account_worker,74,22760000000,15240000000,0,524
7350036852884082,thread,0,trader_callback,71,7200000000,30820000000,0,167
7350036852884082,thread,0,trace_writer,72,7080000000,30930000000,0,248
7350036852884082,thread,0,latency_writer,73,7060000000,30920000000,2,952
