sample_mono_ns,scope,account_index,role,tid,user_cpu_ns,system_cpu_ns,voluntary_context_switches,nonvoluntary_context_switches
7339360756403027,process,-1,process,71,0,30000000,1,1
7339360756403027,thread,-1,producer,71,0,10000000,1,1
7339360756403027,thread,-1,sampler,76,0,0,0,0
7339360756403027,thread,0,account_worker,75,0,0,0,0
7339360756403027,thread,0,trader_callback,72,0,10000000,0,0
7339360756403027,thread,0,trace_writer,73,0,0,0,0
7339360756403027,thread,0,latency_writer,74,0,0,0,0
7339360856780751,process,-1,process,71,100000000,330000000,2,1
7339360856780751,thread,-1,producer,71,0,10000000,2,1
7339360856780751,thread,-1,sampler,76,0,0,1,0
7339360856780751,thread,0,account_worker,75,30000000,60000000,0,0
7339360856780751,thread,0,trader_callback,72,20000000,90000000,0,0
7339360856780751,thread,0,trace_writer,73,20000000,70000000,0,0
7339360856780751,thread,0,latency_writer,74,20000000,80000000,0,0
7339360957059952,process,-1,process,71,210000000,620000000,103,1
7339360957059952,thread,-1,producer,71,0,10000000,103,1
7339360957059952,thread,-1,sampler,76,0,0,2,0
7339360957059952,thread,0,account_worker,75,70000000,120000000,0,0
7339360957059952,thread,0,trader_callback,72,40000000,170000000,0,0
7339360957059952,thread,0,trace_writer,73,60000000,140000000,0,0
7339360957059952,thread,0,latency_writer,74,30000000,160000000,0,5
7339361057339976,process,-1,process,71,320000000,910000000,203,1
7339361057339976,thread,-1,producer,71,0,10000000,203,1
7339361057339976,thread,-1,sampler,76,0,0,3,0
7339361057339976,thread,0,account_worker,75,130000000,160000000,0,1
7339361057339976,thread,0,trader_callback,72,70000000,240000000,0,1
7339361057339976,thread,0,trace_writer,73,60000000,230000000,0,1
7339361057339976,thread,0,latency_writer,74,40000000,250000000,0,9
7339361157708804,process,-1,process,71,410000000,1220000000,301,1
7339361157708804,thread,-1,producer,71,0,10000000,301,1
7339361157708804,thread,-1,sampler,76,0,0,4,0
7339361157708804,thread,0,account_worker,75,170000000,220000000,0,2
7339361157708804,thread,0,trader_callback,72,80000000,320000000,0,1
7339361157708804,thread,0,trace_writer,73,80000000,320000000,0,1
7339361157708804,thread,0,latency_writer,74,60000000,330000000,0,10
7339361258069836,process,-1,process,71,460000000,1570000000,402,1
7339361258069836,thread,-1,producer,71,0,10000000,402,1
7339361258069836,thread,-1,sampler,76,0,0,5,0
7339361258069836,thread,0,account_worker,75,210000000,280000000,0,2
7339361258069836,thread,0,trader_callback,72,90000000,420000000,0,1
7339361258069836,thread,0,trace_writer,73,80000000,420000000,0,2
7339361258069836,thread,0,latency_writer,74,80000000,420000000,0,10
7339361358428634,process,-1,process,71,550000000,1880000000,502,1
7339361358428634,thread,-1,producer,71,0,10000000,502,1
7339361358428634,thread,-1,sampler,76,0,0,6,0
7339361358428634,thread,0,account_worker,75,240000000,350000000,0,5
7339361358428634,thread,0,trader_callback,72,100000000,500000000,0,3
7339361358428634,thread,0,trace_writer,73,100000000,500000000,0,3
7339361358428634,thread,0,latency_writer,74,100000000,490000000,0,12
7339361458765653,process,-1,process,71,640000000,2190000000,602,1
7339361458765653,thread,-1,producer,71,0,10000000,602,1
7339361458765653,thread,-1,sampler,76,0,0,7,0
7339361458765653,thread,0,account_worker,75,280000000,410000000,0,5
7339361458765653,thread,0,trader_callback,72,110000000,590000000,0,4
7339361458765653,thread,0,trace_writer,73,110000000,580000000,0,3
7339361458765653,thread,0,latency_writer,74,110000000,570000000,0,16
7339361559115774,process,-1,process,71,730000000,2510000000,703,1
7339361559115774,thread,-1,producer,71,0,20000000,703,1
7339361559115774,thread,-1,sampler,76,0,0,8,0
7339361559115774,thread,0,account_worker,75,320000000,480000000,0,6
7339361559115774,thread,0,trader_callback,72,130000000,670000000,0,7
7339361559115774,thread,0,trace_writer,73,130000000,660000000,0,3
7339361559115774,thread,0,latency_writer,74,130000000,660000000,0,17
7339361659435616,process,-1,process,71,800000000,2840000000,803,1
7339361659435616,thread,-1,producer,71,0,20000000,803,1
7339361659435616,thread,-1,sampler,76,0,0,9,0
7339361659435616,thread,0,account_worker,75,340000000,550000000,0,7
7339361659435616,thread,0,trader_callback,72,140000000,760000000,0,7
7339361659435616,thread,0,trace_writer,73,150000000,750000000,0,6
7339361659435616,thread,0,latency_writer,74,150000000,740000000,0,18
7339361759788393,process,-1,process,71,860000000,3180000000,903,1
7339361759788393,thread,-1,producer,71,0,20000000,903,1
7339361759788393,thread,-1,sampler,76,0,0,10,0
7339361759788393,thread,0,account_worker,75,380000000,620000000,0,7
7339361759788393,thread,0,trader_callback,72,150000000,850000000,0,7
7339361759788393,thread,0,trace_writer,73,150000000,840000000,0,6
7339361759788393,thread,0,latency_writer,74,160000000,830000000,0,18
7339361860150738,process,-1,process,71,940000000,3500000000,1004,1
7339361860150738,thread,-1,producer,71,0,20000000,1004,1
7339361860150738,thread,-1,sampler,76,0,0,11,0
7339361860150738,thread,0,account_worker,75,400000000,690000000,0,8
7339361860150738,thread,0,trader_callback,72,170000000,940000000,0,7
7339361860150738,thread,0,trace_writer,73,160000000,940000000,0,6
7339361860150738,thread,0,latency_writer,74,190000000,900000000,0,18
7339361960440381,process,-1,process,71,1030000000,3810000000,1104,1
7339361960440381,thread,-1,producer,71,0,20000000,1104,1
7339361960440381,thread,-1,sampler,76,0,0,12,0
7339361960440381,thread,0,account_worker,75,450000000,740000000,0,9
7339361960440381,thread,0,trader_callback,72,180000000,1030000000,0,7
7339361960440381,thread,0,trace_writer,73,180000000,1020000000,0,6
7339361960440381,thread,0,latency_writer,74,210000000,990000000,0,18
7339362060756610,process,-1,process,71,1120000000,4120000000,1204,1
7339362060756610,thread,-1,producer,71,0,20000000,1204,1
7339362060756610,thread,-1,sampler,76,0,0,13,0
7339362060756610,thread,0,account_worker,75,480000000,820000000,0,10
7339362060756610,thread,0,trader_callback,72,200000000,1110000000,0,9
7339362060756610,thread,0,trace_writer,73,200000000,1100000000,0,7
7339362060756610,thread,0,latency_writer,74,230000000,1060000000,0,26
7339362161040072,process,-1,process,71,1240000000,4410000000,1305,1
7339362161040072,thread,-1,producer,71,0,20000000,1305,1
7339362161040072,thread,-1,sampler,76,0,0,14,0
7339362161040072,thread,0,account_worker,75,540000000,850000000,0,10
7339362161040072,thread,0,trader_callback,72,210000000,1200000000,0,9
7339362161040072,thread,0,trace_writer,73,210000000,1190000000,0,7
7339362161040072,thread,0,latency_writer,74,250000000,1140000000,0,30
7339362261328724,process,-1,process,71,1310000000,4740000000,1405,1
7339362261328724,thread,-1,producer,71,0,20000000,1405,1
7339362261328724,thread,-1,sampler,76,0,0,15,0
7339362261328724,thread,0,account_worker,75,570000000,920000000,0,10
7339362261328724,thread,0,trader_callback,72,230000000,1280000000,0,9
7339362261328724,thread,0,trace_writer,73,230000000,1260000000,0,7
7339362261328724,thread,0,latency_writer,74,260000000,1230000000,0,31
7339362361617315,process,-1,process,71,1420000000,5030000000,1505,1
7339362361617315,thread,-1,producer,71,0,20000000,1505,1
7339362361617315,thread,-1,sampler,76,0,0,16,0
7339362361617315,thread,0,account_worker,75,620000000,980000000,0,10
7339362361617315,thread,0,trader_callback,72,250000000,1360000000,0,10
7339362361617315,thread,0,trace_writer,73,240000000,1350000000,0,8
7339362361617315,thread,0,latency_writer,74,290000000,1300000000,0,34
7339362461926201,process,-1,process,71,1500000000,5350000000,1602,1
7339362461926201,thread,-1,producer,71,0,20000000,1602,1
7339362461926201,thread,-1,sampler,76,0,0,17,0
7339362461926201,thread,0,account_worker,75,660000000,1040000000,0,10
7339362461926201,thread,0,trader_callback,72,270000000,1440000000,0,10
7339362461926201,thread,0,trace_writer,73,250000000,1450000000,0,8
7339362461926201,thread,0,latency_writer,74,310000000,1380000000,0,34
7339362562227499,process,-1,process,71,1610000000,5640000000,1703,1
7339362562227499,thread,-1,producer,71,0,20000000,1703,1
7339362562227499,thread,-1,sampler,76,0,0,18,0
7339362562227499,thread,0,account_worker,75,710000000,1080000000,0,10
7339362562227499,thread,0,trader_callback,72,280000000,1530000000,0,10
7339362562227499,thread,0,trace_writer,73,270000000,1530000000,0,8
7339362562227499,thread,0,latency_writer,74,330000000,1460000000,0,35
7339362662560838,process,-1,process,71,1720000000,5940000000,1803,1
7339362662560838,thread,-1,producer,71,0,20000000,1803,1
7339362662560838,thread,-1,sampler,76,0,0,19,0
7339362662560838,thread,0,account_worker,75,750000000,1140000000,0,10
7339362662560838,thread,0,trader_callback,72,290000000,1620000000,0,10
7339362662560838,thread,0,trace_writer,73,290000000,1610000000,0,8
7339362662560838,thread,0,latency_writer,74,370000000,1530000000,0,39
7339362762855426,process,-1,process,71,1810000000,6250000000,1903,1
7339362762855426,thread,-1,producer,71,0,20000000,1903,1
7339362762855426,thread,-1,sampler,76,0,0,20,0
7339362762855426,thread,0,account_worker,75,790000000,1210000000,0,10
7339362762855426,thread,0,trader_callback,72,310000000,1700000000,0,13
7339362762855426,thread,0,trace_writer,73,320000000,1680000000,0,8
7339362762855426,thread,0,latency_writer,74,380000000,1610000000,0,43
7339362863135380,process,-1,process,71,1900000000,6560000000,2004,1
7339362863135380,thread,-1,producer,71,0,20000000,2004,1
7339362863135380,thread,-1,sampler,76,0,0,21,0
7339362863135380,thread,0,account_worker,75,820000000,1280000000,0,10
7339362863135380,thread,0,trader_callback,72,330000000,1780000000,0,22
7339362863135380,thread,0,trace_writer,73,340000000,1760000000,0,11
7339362863135380,thread,0,latency_writer,74,390000000,1700000000,0,43
7339362963431368,process,-1,process,71,1980000000,6890000000,2104,1
7339362963431368,thread,-1,producer,71,0,20000000,2104,1
7339362963431368,thread,-1,sampler,76,0,0,22,0
7339362963431368,thread,0,account_worker,75,850000000,1350000000,0,11
7339362963431368,thread,0,trader_callback,72,340000000,1870000000,0,22
7339362963431368,thread,0,trace_writer,73,350000000,1850000000,0,12
7339362963431368,thread,0,latency_writer,74,420000000,1780000000,0,43
7339363063692159,process,-1,process,71,2090000000,7180000000,2204,1
7339363063692159,thread,-1,producer,71,0,20000000,2204,1
7339363063692159,thread,-1,sampler,76,0,0,23,0
7339363063692159,thread,0,account_worker,75,890000000,1400000000,0,12
7339363063692159,thread,0,trader_callback,72,350000000,1960000000,0,26
7339363063692159,thread,0,trace_writer,73,380000000,1920000000,0,13
7339363063692159,thread,0,latency_writer,74,450000000,1840000000,0,44
7339363163982278,process,-1,process,71,2190000000,7480000000,2304,1
7339363163982278,thread,-1,producer,71,0,20000000,2305,1
7339363163982278,thread,-1,sampler,76,0,0,24,0
7339363163982278,thread,0,account_worker,75,930000000,1460000000,0,12
7339363163982278,thread,0,trader_callback,72,360000000,2050000000,0,26
7339363163982278,thread,0,trace_writer,73,400000000,1990000000,0,13
7339363163982278,thread,0,latency_writer,74,470000000,1920000000,0,48
7339363264301893,process,-1,process,71,2280000000,7790000000,2405,1
7339363264301893,thread,-1,producer,71,0,20000000,2405,1
7339363264301893,thread,-1,sampler,76,0,0,25,0
7339363264301893,thread,0,account_worker,75,970000000,1530000000,0,12
7339363264301893,thread,0,trader_callback,72,380000000,2130000000,0,29
7339363264301893,thread,0,trace_writer,73,420000000,2080000000,0,14
7339363264301893,thread,0,latency_writer,74,500000000,2000000000,0,52
7339363364588641,process,-1,process,71,2400000000,8070000000,2505,1
7339363364588641,thread,-1,producer,71,0,20000000,2505,1
7339363364588641,thread,-1,sampler,76,0,0,26,0
7339363364588641,thread,0,account_worker,75,1020000000,1580000000,0,12
7339363364588641,thread,0,trader_callback,72,410000000,2200000000,0,30
7339363364588641,thread,0,trace_writer,73,440000000,2160000000,0,15
7339363364588641,thread,0,latency_writer,74,510000000,2080000000,0,55
7339363464956288,process,-1,process,71,2520000000,8350000000,2605,1
7339363464956288,thread,-1,producer,71,0,20000000,2605,1
7339363464956288,thread,-1,sampler,76,0,0,27,0
7339363464956288,thread,0,account_worker,75,1070000000,1630000000,0,12
7339363464956288,thread,0,trader_callback,72,440000000,2280000000,0,30
7339363464956288,thread,0,trace_writer,73,460000000,2240000000,0,15
7339363464956288,thread,0,latency_writer,74,540000000,2150000000,0,56
7339363565253982,process,-1,process,71,2630000000,8640000000,2706,1
7339363565253982,thread,-1,producer,71,0,20000000,2706,1
7339363565253982,thread,-1,sampler,76,0,0,28,0
7339363565253982,thread,0,account_worker,75,1100000000,1700000000,0,12
7339363565253982,thread,0,trader_callback,72,460000000,2350000000,0,31
7339363565253982,thread,0,trace_writer,73,480000000,2320000000,0,15
7339363565253982,thread,0,latency_writer,74,570000000,2230000000,0,60
7339363665542705,process,-1,process,71,2730000000,8950000000,2806,1
7339363665542705,thread,-1,producer,71,0,20000000,2806,1
7339363665542705,thread,-1,sampler,76,0,0,29,0
7339363665542705,thread,0,account_worker,75,1140000000,1760000000,0,12
7339363665542705,thread,0,trader_callback,72,480000000,2430000000,0,34
7339363665542705,thread,0,trace_writer,73,500000000,2400000000,0,15
7339363665542705,thread,0,latency_writer,74,590000000,2310000000,0,61
7339363765843270,process,-1,process,71,2820000000,9260000000,2906,1
7339363765843270,thread,-1,producer,71,0,20000000,2906,1
7339363765843270,thread,-1,sampler,76,0,0,30,0
7339363765843270,thread,0,account_worker,75,1160000000,1840000000,0,23
7339363765843270,thread,0,trader_callback,72,500000000,2510000000,0,44
7339363765843270,thread,0,trace_writer,73,520000000,2480000000,0,25
7339363765843270,thread,0,latency_writer,74,620000000,2380000000,0,72
7339363866164830,process,-1,process,71,2940000000,9540000000,3007,1
7339363866164830,thread,-1,producer,71,0,20000000,3007,1
7339363866164830,thread,-1,sampler,76,0,0,31,0
7339363866164830,thread,0,account_worker,75,1210000000,1890000000,0,23
7339363866164830,thread,0,trader_callback,72,520000000,2590000000,0,45
7339363866164830,thread,0,trace_writer,73,550000000,2550000000,0,25
7339363866164830,thread,0,latency_writer,74,630000000,2460000000,0,73
7339363966479689,process,-1,process,71,3040000000,9840000000,3107,1
7339363966479689,thread,-1,producer,71,0,20000000,3107,1
7339363966479689,thread,-1,sampler,76,0,0,32,0
7339363966479689,thread,0,account_worker,75,1250000000,1950000000,0,24
7339363966479689,thread,0,trader_callback,72,540000000,2670000000,0,48
7339363966479689,thread,0,trace_writer,73,580000000,2620000000,0,25
7339363966479689,thread,0,latency_writer,74,650000000,2540000000,0,73
7339364066767289,process,-1,process,71,3140000000,10140000000,3207,1
7339364066767289,thread,-1,producer,71,0,30000000,3207,1
7339364066767289,thread,-1,sampler,76,0,0,33,0
7339364066767289,thread,0,account_worker,75,1280000000,2020000000,0,25
7339364066767289,thread,0,trader_callback,72,560000000,2750000000,0,50
7339364066767289,thread,0,trace_writer,73,590000000,2710000000,0,25
7339364066767289,thread,0,latency_writer,74,690000000,2610000000,0,80
7339364167055884,process,-1,process,71,3220000000,10470000000,3308,1
7339364167055884,thread,-1,producer,71,0,30000000,3308,1
7339364167055884,thread,-1,sampler,76,0,0,34,0
7339364167055884,thread,0,account_worker,75,1290000000,2110000000,0,25
7339364167055884,thread,0,trader_callback,72,580000000,2830000000,0,53
7339364167055884,thread,0,trace_writer,73,600000000,2800000000,0,29
7339364167055884,thread,0,latency_writer,74,720000000,2670000000,0,81
7339364267344740,process,-1,process,71,3320000000,10770000000,3408,1
7339364267344740,thread,-1,producer,71,0,30000000,3408,1
7339364267344740,thread,-1,sampler,76,0,0,35,0
7339364267344740,thread,0,account_worker,75,1340000000,2160000000,0,25
7339364267344740,thread,0,trader_callback,72,600000000,2910000000,0,56
7339364267344740,thread,0,trace_writer,73,620000000,2890000000,0,29
7339364267344740,thread,0,latency_writer,74,730000000,2760000000,0,82
7339364367634230,process,-1,process,71,3410000000,11080000000,3508,1
7339364367634230,thread,-1,producer,71,0,30000000,3508,1
7339364367634230,thread,-1,sampler,76,0,0,36,0
7339364367634230,thread,0,account_worker,75,1400000000,2200000000,0,25
7339364367634230,thread,0,trader_callback,72,620000000,2990000000,0,60
7339364367634230,thread,0,trace_writer,73,630000000,2970000000,0,29
7339364367634230,thread,0,latency_writer,74,740000000,2850000000,0,83
7339364467965232,process,-1,process,71,3520000000,11370000000,3608,1
7339364467965232,thread,-1,producer,71,0,30000000,3608,1
7339364467965232,thread,-1,sampler,76,0,0,37,0
7339364467965232,thread,0,account_worker,75,1440000000,2260000000,0,25
7339364467965232,thread,0,trader_callback,72,640000000,3070000000,0,60
7339364467965232,thread,0,trace_writer,73,650000000,3050000000,0,32
7339364467965232,thread,0,latency_writer,74,770000000,2930000000,0,83
7339364568260610,process,-1,process,71,3630000000,11660000000,3709,1
7339364568260610,thread,-1,producer,71,0,30000000,3709,1
7339364568260610,thread,-1,sampler,76,0,0,38,0
7339364568260610,thread,0,account_worker,75,1510000000,2290000000,0,25
7339364568260610,thread,0,trader_callback,72,650000000,3160000000,0,60
7339364568260610,thread,0,trace_writer,73,650000000,3150000000,0,32
7339364568260610,thread,0,latency_writer,74,790000000,3010000000,0,84
7339364668543154,process,-1,process,71,3720000000,11980000000,3809,1
7339364668543154,thread,-1,producer,71,0,30000000,3809,1
7339364668543154,thread,-1,sampler,76,0,0,39,0
7339364668543154,thread,0,account_worker,75,1520000000,2380000000,0,25
7339364668543154,thread,0,trader_callback,72,690000000,3230000000,0,60
7339364668543154,thread,0,trace_writer,73,680000000,3220000000,0,33
7339364668543154,thread,0,latency_writer,74,800000000,3100000000,0,84
7339364768829355,process,-1,process,71,3790000000,12310000000,3909,1
7339364768829355,thread,-1,producer,71,0,30000000,3909,1
7339364768829355,thread,-1,sampler,76,0,0,40,0
7339364768829355,thread,0,account_worker,75,1560000000,2440000000,0,25
7339364768829355,thread,0,trader_callback,72,700000000,3310000000,0,60
7339364768829355,thread,0,trace_writer,73,700000000,3310000000,0,33
7339364768829355,thread,0,latency_writer,74,810000000,3190000000,0,85
7339364869106679,process,-1,process,71,3870000000,12630000000,4010,1
7339364869106679,thread,-1,producer,71,0,30000000,4010,1
7339364869106679,thread,-1,sampler,76,0,0,41,0
7339364869106679,thread,0,account_worker,75,1580000000,2530000000,0,25
7339364869106679,thread,0,trader_callback,72,710000000,3400000000,0,60
7339364869106679,thread,0,trace_writer,73,730000000,3380000000,0,36
7339364869106679,thread,0,latency_writer,74,830000000,3270000000,0,85
7339364969387341,process,-1,process,71,3950000000,12950000000,4110,1
7339364969387341,thread,-1,producer,71,0,30000000,4110,1
7339364969387341,thread,-1,sampler,76,0,0,42,0
7339364969387341,thread,0,account_worker,75,1610000000,2600000000,0,25
7339364969387341,thread,0,trader_callback,72,740000000,3480000000,0,60
7339364969387341,thread,0,trace_writer,73,740000000,3470000000,0,36
7339364969387341,thread,0,latency_writer,74,840000000,3360000000,0,85
7339365069703066,process,-1,process,71,4050000000,13250000000,4210,1
7339365069703066,thread,-1,producer,71,0,30000000,4210,1
7339365069703066,thread,-1,sampler,76,0,0,43,0
7339365069703066,thread,0,account_worker,75,1650000000,2660000000,0,28
7339365069703066,thread,0,trader_callback,72,770000000,3540000000,0,62
7339365069703066,thread,0,trace_writer,73,750000000,3550000000,0,39
7339365069703066,thread,0,latency_writer,74,860000000,3440000000,0,86
7339365169986939,process,-1,process,71,4160000000,13540000000,4310,1
7339365169986939,thread,-1,producer,71,0,30000000,4311,1
7339365169986939,thread,-1,sampler,76,0,0,44,0
7339365169986939,thread,0,account_worker,75,1700000000,2700000000,0,28
7339365169986939,thread,0,trader_callback,72,810000000,3610000000,0,62
7339365169986939,thread,0,trace_writer,73,760000000,3640000000,0,40
7339365169986939,thread,0,latency_writer,74,860000000,3540000000,0,90
7339365270276756,process,-1,process,71,4260000000,13850000000,4411,1
7339365270276756,thread,-1,producer,71,0,30000000,4411,1
7339365270276756,thread,-1,sampler,76,0,0,45,0
7339365270276756,thread,0,account_worker,75,1750000000,2760000000,0,28
7339365270276756,thread,0,trader_callback,72,840000000,3680000000,0,62
7339365270276756,thread,0,trace_writer,73,780000000,3730000000,0,40
7339365270276756,thread,0,latency_writer,74,870000000,3630000000,0,91
7339365370552659,process,-1,process,71,4330000000,14170000000,4511,1
7339365370552659,thread,-1,producer,71,0,30000000,4511,1
7339365370552659,thread,-1,sampler,76,0,0,46,0
7339365370552659,thread,0,account_worker,75,1780000000,2820000000,0,28
7339365370552659,thread,0,trader_callback,72,860000000,3760000000,0,63
7339365370552659,thread,0,trace_writer,73,780000000,3820000000,0,44
7339365370552659,thread,0,latency_writer,74,880000000,3720000000,0,92
7339365470835244,process,-1,process,71,4430000000,14480000000,4611,1
7339365470835244,thread,-1,producer,71,0,30000000,4611,1
7339365470835244,thread,-1,sampler,76,0,0,47,0
7339365470835244,thread,0,account_worker,75,1830000000,2880000000,0,28
7339365470835244,thread,0,trader_callback,72,870000000,3850000000,0,63
7339365470835244,thread,0,trace_writer,73,820000000,3880000000,0,44
7339365470835244,thread,0,latency_writer,74,890000000,3810000000,0,93
7339365571117148,process,-1,process,71,4550000000,14760000000,4712,1
7339365571117148,thread,-1,producer,71,0,30000000,4712,1
7339365571117148,thread,-1,sampler,76,0,0,48,0
7339365571117148,thread,0,account_worker,75,1870000000,2930000000,0,28
7339365571117148,thread,0,trader_callback,72,890000000,3930000000,0,64
7339365571117148,thread,0,trace_writer,73,850000000,3960000000,0,44
7339365571117148,thread,0,latency_writer,74,910000000,3890000000,0,93
7339365671462252,process,-1,process,71,4650000000,15070000000,4812,1
7339365671462252,thread,-1,producer,71,0,30000000,4812,1
7339365671462252,thread,-1,sampler,76,0,0,49,0
7339365671462252,thread,0,account_worker,75,1910000000,3000000000,0,28
7339365671462252,thread,0,trader_callback,72,910000000,4000000000,0,65
7339365671462252,thread,0,trace_writer,73,870000000,4040000000,0,44
7339365671462252,thread,0,latency_writer,74,930000000,3970000000,0,94
7339365771749759,process,-1,process,71,4730000000,15380000000,4912,1
7339365771749759,thread,-1,producer,71,0,30000000,4912,1
7339365771749759,thread,-1,sampler,76,0,0,50,0
7339365771749759,thread,0,account_worker,75,1940000000,3060000000,0,28
7339365771749759,thread,0,trader_callback,72,930000000,4090000000,0,65
7339365771749759,thread,0,trace_writer,73,890000000,4120000000,0,44
7339365771749759,thread,0,latency_writer,74,940000000,4060000000,0,94
7339365872023835,process,-1,process,71,4810000000,15700000000,5013,1
7339365872023835,thread,-1,producer,71,0,30000000,5013,1
7339365872023835,thread,-1,sampler,76,0,0,51,0
7339365872023835,thread,0,account_worker,75,1980000000,3130000000,0,28
7339365872023835,thread,0,trader_callback,72,960000000,4160000000,0,65
7339365872023835,thread,0,trace_writer,73,890000000,4210000000,0,44
7339365872023835,thread,0,latency_writer,74,950000000,4150000000,0,94
7339365972409873,process,-1,process,71,4910000000,16010000000,5113,1
7339365972409873,thread,-1,producer,71,0,30000000,5113,1
7339365972409873,thread,-1,sampler,76,0,0,52,0
7339365972409873,thread,0,account_worker,75,2020000000,3180000000,0,28
7339365972409873,thread,0,trader_callback,72,970000000,4240000000,0,66
7339365972409873,thread,0,trace_writer,73,920000000,4290000000,0,47
7339365972409873,thread,0,latency_writer,74,970000000,4240000000,0,95
7339366072806333,process,-1,process,71,5000000000,16320000000,5213,1
7339366072806333,thread,-1,producer,71,0,30000000,5213,1
7339366072806333,thread,-1,sampler,76,0,0,53,0
7339366072806333,thread,0,account_worker,75,2060000000,3250000000,0,29
7339366072806333,thread,0,trader_callback,72,1000000000,4320000000,0,67
7339366072806333,thread,0,trace_writer,73,940000000,4360000000,0,48
7339366072806333,thread,0,latency_writer,74,980000000,4320000000,0,97
7339366173092395,process,-1,process,71,5100000000,16620000000,5314,1
7339366173092395,thread,-1,producer,71,0,30000000,5314,1
7339366173092395,thread,-1,sampler,76,0,0,54,0
7339366173092395,thread,0,account_worker,75,2090000000,3320000000,0,29
7339366173092395,thread,0,trader_callback,72,1020000000,4390000000,0,68
7339366173092395,thread,0,trace_writer,73,950000000,4460000000,0,51
7339366173092395,thread,0,latency_writer,74,1010000000,4400000000,0,99
7339366273431824,process,-1,process,71,5200000000,16930000000,5414,1
7339366273431824,thread,-1,producer,71,0,30000000,5414,1
7339366273431824,thread,-1,sampler,76,0,0,55,0
7339366273431824,thread,0,account_worker,75,2130000000,3380000000,0,29
7339366273431824,thread,0,trader_callback,72,1050000000,4470000000,0,68
7339366273431824,thread,0,trace_writer,73,970000000,4540000000,0,54
7339366273431824,thread,0,latency_writer,74,1020000000,4480000000,0,100
7339366373731801,process,-1,process,71,5300000000,17230000000,5514,1
7339366373731801,thread,-1,producer,71,0,30000000,5514,1
7339366373731801,thread,-1,sampler,76,0,0,56,0
7339366373731801,thread,0,account_worker,75,2170000000,3440000000,0,29
7339366373731801,thread,0,trader_callback,72,1070000000,4550000000,0,69
7339366373731801,thread,0,trace_writer,73,1000000000,4610000000,0,57
7339366373731801,thread,0,latency_writer,74,1040000000,4560000000,0,101
7339366474087234,process,-1,process,71,5390000000,17540000000,5615,1
7339366474087234,thread,-1,producer,71,0,30000000,5615,1
7339366474087234,thread,-1,sampler,76,0,0,57,0
7339366474087234,thread,0,account_worker,75,2220000000,3490000000,0,29
7339366474087234,thread,0,trader_callback,72,1080000000,4640000000,0,69
7339366474087234,thread,0,trace_writer,73,1000000000,4700000000,0,57
7339366474087234,thread,0,latency_writer,74,1060000000,4640000000,0,101
7339366574424671,process,-1,process,71,5490000000,17850000000,5715,1
7339366574424671,thread,-1,producer,71,0,40000000,5715,1
7339366574424671,thread,-1,sampler,76,0,10000000,58,0
7339366574424671,thread,0,account_worker,75,2270000000,3540000000,0,29
7339366574424671,thread,0,trader_callback,72,1100000000,4720000000,0,69
7339366574424671,thread,0,trace_writer,73,1020000000,4790000000,0,60
7339366574424671,thread,0,latency_writer,74,1070000000,4730000000,0,103
7339366674755190,process,-1,process,71,5560000000,18170000000,5815,1
7339366674755190,thread,-1,producer,71,0,40000000,5815,1
7339366674755190,thread,-1,sampler,76,0,10000000,59,0
7339366674755190,thread,0,account_worker,75,2300000000,3610000000,0,29
7339366674755190,thread,0,trader_callback,72,1120000000,4800000000,0,69
7339366674755190,thread,0,trace_writer,73,1030000000,4880000000,0,61
7339366674755190,thread,0,latency_writer,74,1080000000,4830000000,0,107
7339366775042165,process,-1,process,71,5670000000,18460000000,5916,1
7339366775042165,thread,-1,producer,71,0,40000000,5916,1
7339366775042165,thread,-1,sampler,76,0,10000000,60,0
7339366775042165,thread,0,account_worker,75,2360000000,3650000000,0,30
7339366775042165,thread,0,trader_callback,72,1150000000,4870000000,0,69
7339366775042165,thread,0,trace_writer,73,1050000000,4960000000,0,64
7339366775042165,thread,0,latency_writer,74,1090000000,4910000000,0,109
7339366875330808,process,-1,process,71,5760000000,18780000000,6016,1
7339366875330808,thread,-1,producer,71,0,40000000,6016,1
7339366875330808,thread,-1,sampler,76,0,10000000,61,0
7339366875330808,thread,0,account_worker,75,2400000000,3700000000,0,30
7339366875330808,thread,0,trader_callback,72,1160000000,4960000000,0,69
7339366875330808,thread,0,trace_writer,73,1060000000,5050000000,0,64
7339366875330808,thread,0,latency_writer,74,1110000000,5000000000,0,112
7339366975621706,process,-1,process,71,5880000000,19060000000,6116,1
7339366975621706,thread,-1,producer,71,0,40000000,6116,1
7339366975621706,thread,-1,sampler,76,0,10000000,62,0
7339366975621706,thread,0,account_worker,75,2470000000,3740000000,0,31
7339366975621706,thread,0,trader_callback,72,1170000000,5050000000,0,69
7339366975621706,thread,0,trace_writer,73,1080000000,5130000000,0,67
7339366975621706,thread,0,latency_writer,74,1140000000,5070000000,0,113
7339367075921276,process,-1,process,71,5990000000,19350000000,6216,1
7339367075921276,thread,-1,producer,71,0,40000000,6216,1
7339367075921276,thread,-1,sampler,76,0,10000000,63,0
7339367075921276,thread,0,account_worker,75,2510000000,3790000000,0,35
7339367075921276,thread,0,trader_callback,72,1190000000,5130000000,0,70
7339367075921276,thread,0,trace_writer,73,1100000000,5210000000,0,68
7339367075921276,thread,0,latency_writer,74,1170000000,5140000000,0,116
7339367176292659,process,-1,process,71,6080000000,19670000000,6317,1
7339367176292659,thread,-1,producer,71,0,40000000,6317,1
7339367176292659,thread,-1,sampler,76,0,10000000,64,0
7339367176292659,thread,0,account_worker,75,2540000000,3870000000,0,35
7339367176292659,thread,0,trader_callback,72,1190000000,5230000000,0,70
7339367176292659,thread,0,trace_writer,73,1110000000,5290000000,0,71
7339367176292659,thread,0,latency_writer,74,1190000000,5220000000,0,119
7339367276573775,process,-1,process,71,6160000000,19980000000,6417,1
7339367276573775,thread,-1,producer,71,0,40000000,6417,1
7339367276573775,thread,-1,sampler,76,0,10000000,65,0
7339367276573775,thread,0,account_worker,75,2580000000,3930000000,0,36
7339367276573775,thread,0,trader_callback,72,1210000000,5310000000,0,70
7339367276573775,thread,0,trace_writer,73,1120000000,5390000000,0,72
7339367276573775,thread,0,latency_writer,74,1220000000,5290000000,0,121
7339367376855543,process,-1,process,71,6220000000,20320000000,6517,1
7339367376855543,thread,-1,producer,71,0,40000000,6517,1
7339367376855543,thread,-1,sampler,76,0,10000000,66,0
7339367376855543,thread,0,account_worker,75,2610000000,4000000000,0,36
7339367376855543,thread,0,trader_callback,72,1230000000,5390000000,0,74
7339367376855543,thread,0,trace_writer,73,1140000000,5480000000,0,76
7339367376855543,thread,0,latency_writer,74,1220000000,5380000000,0,121
7339367477204158,process,-1,process,71,6310000000,20640000000,6618,1
7339367477204158,thread,-1,producer,71,0,40000000,6618,1
7339367477204158,thread,-1,sampler,76,0,10000000,67,0
7339367477204158,thread,0,account_worker,75,2650000000,4060000000,0,36
7339367477204158,thread,0,trader_callback,72,1240000000,5480000000,0,75
7339367477204158,thread,0,trace_writer,73,1150000000,5560000000,0,76
7339367477204158,thread,0,latency_writer,74,1240000000,5470000000,0,123
7339367577561609,process,-1,process,71,6420000000,20930000000,6718,1
7339367577561609,thread,-1,producer,71,0,40000000,6718,1
7339367577561609,thread,-1,sampler,76,0,10000000,68,0
7339367577561609,thread,0,account_worker,75,2700000000,4110000000,0,36
7339367577561609,thread,0,trader_callback,72,1260000000,5560000000,0,75
7339367577561609,thread,0,trace_writer,73,1170000000,5640000000,0,79
7339367577561609,thread,0,latency_writer,74,1250000000,5560000000,0,123
7339367677920436,process,-1,process,71,6540000000,21210000000,6818,1
7339367677920436,thread,-1,producer,71,0,40000000,6818,1
7339367677920436,thread,-1,sampler,76,0,10000000,69,0
7339367677920436,thread,0,account_worker,75,2750000000,4160000000,0,36
7339367677920436,thread,0,trader_callback,72,1280000000,5640000000,0,78
7339367677920436,thread,0,trace_writer,73,1200000000,5720000000,0,79
7339367677920436,thread,0,latency_writer,74,1280000000,5620000000,0,124
7339367778206896,process,-1,process,71,6630000000,21520000000,6919,1
7339367778206896,thread,-1,producer,71,0,40000000,6919,1
7339367778206896,thread,-1,sampler,76,0,10000000,70,0
7339367778206896,thread,0,account_worker,75,2790000000,4220000000,0,37
7339367778206896,thread,0,trader_callback,72,1300000000,5720000000,0,78
7339367778206896,thread,0,trace_writer,73,1210000000,5800000000,0,82
7339367778206896,thread,0,latency_writer,74,1300000000,5710000000,0,124
7339367878503901,process,-1,process,71,6730000000,21830000000,7019,1
7339367878503901,thread,-1,producer,71,0,40000000,7019,1
7339367878503901,thread,-1,sampler,76,0,10000000,71,0
7339367878503901,thread,0,account_worker,75,2830000000,4280000000,0,37
7339367878503901,thread,0,trader_callback,72,1320000000,5800000000,0,79
7339367878503901,thread,0,trace_writer,73,1220000000,5890000000,0,85
7339367878503901,thread,0,latency_writer,74,1330000000,5780000000,0,124
7339367978791361,process,-1,process,71,6800000000,22160000000,7119,1
7339367978791361,thread,-1,producer,71,0,40000000,7119,1
7339367978791361,thread,-1,sampler,76,0,10000000,72,0
7339367978791361,thread,0,account_worker,75,2840000000,4370000000,0,37
7339367978791361,thread,0,trader_callback,72,1340000000,5890000000,0,82
7339367978791361,thread,0,trace_writer,73,1240000000,5970000000,0,85
7339367978791361,thread,0,latency_writer,74,1340000000,5860000000,0,125
7339368079109739,process,-1,process,71,6910000000,22450000000,7220,1
7339368079109739,thread,-1,producer,71,0,40000000,7220,1
7339368079109739,thread,-1,sampler,76,0,10000000,73,0
7339368079109739,thread,0,account_worker,75,2890000000,4420000000,0,38
7339368079109739,thread,0,trader_callback,72,1360000000,5960000000,0,86
7339368079109739,thread,0,trace_writer,73,1260000000,6050000000,0,88
7339368079109739,thread,0,latency_writer,74,1370000000,5940000000,0,125
7339368179416294,process,-1,process,71,7010000000,22750000000,7320,1
7339368179416294,thread,-1,producer,71,0,40000000,7320,1
7339368179416294,thread,-1,sampler,76,0,10000000,74,0
7339368179416294,thread,0,account_worker,75,2930000000,4480000000,0,39
7339368179416294,thread,0,trader_callback,72,1380000000,6040000000,0,90
7339368179416294,thread,0,trace_writer,73,1280000000,6140000000,0,89
7339368179416294,thread,0,latency_writer,74,1390000000,6020000000,0,126
7339368279695333,process,-1,process,71,7100000000,23070000000,7420,1
7339368279695333,thread,-1,producer,71,0,40000000,7420,1
7339368279695333,thread,-1,sampler,76,0,10000000,75,0
7339368279695333,thread,0,account_worker,75,2960000000,4550000000,0,41
7339368279695333,thread,0,trader_callback,72,1400000000,6120000000,0,92
7339368279695333,thread,0,trace_writer,73,1300000000,6220000000,1,94
7339368279695333,thread,0,latency_writer,74,1400000000,6110000000,0,128
7339368379983030,process,-1,process,71,7190000000,23370000000,7521,1
7339368379983030,thread,-1,producer,71,0,40000000,7521,1
7339368379983030,thread,-1,sampler,76,0,10000000,76,0
7339368379983030,thread,0,account_worker,75,2990000000,4620000000,0,41
7339368379983030,thread,0,trader_callback,72,1430000000,6190000000,0,93
7339368379983030,thread,0,trace_writer,73,1320000000,6290000000,1,94
7339368379983030,thread,0,latency_writer,74,1410000000,6200000000,0,130
7339368480339853,process,-1,process,71,7270000000,23700000000,7621,1
7339368480339853,thread,-1,producer,71,0,40000000,7621,1
7339368480339853,thread,-1,sampler,76,0,10000000,77,0
7339368480339853,thread,0,account_worker,75,3020000000,4690000000,0,41
7339368480339853,thread,0,trader_callback,72,1440000000,6280000000,0,96
7339368480339853,thread,0,trace_writer,73,1340000000,6370000000,1,94
7339368480339853,thread,0,latency_writer,74,1430000000,6280000000,0,132
7339368580673465,process,-1,process,71,7390000000,23980000000,7721,1
7339368580673465,thread,-1,producer,71,0,40000000,7721,1
7339368580673465,thread,-1,sampler,76,0,10000000,78,0
7339368580673465,thread,0,account_worker,75,3060000000,4750000000,0,42
7339368580673465,thread,0,trader_callback,72,1460000000,6360000000,0,96
7339368580673465,thread,0,trace_writer,73,1370000000,6440000000,1,94
7339368580673465,thread,0,latency_writer,74,1450000000,6360000000,0,132
7339368681028408,process,-1,process,71,7450000000,24320000000,7822,1
7339368681028408,thread,-1,producer,71,0,40000000,7822,1
7339368681028408,thread,-1,sampler,76,0,10000000,79,0
7339368681028408,thread,0,account_worker,75,3110000000,4810000000,0,43
7339368681028408,thread,0,trader_callback,72,1460000000,6460000000,0,99
7339368681028408,thread,0,trace_writer,73,1380000000,6530000000,1,97
7339368681028408,thread,0,latency_writer,74,1460000000,6450000000,0,132
7339368781315029,process,-1,process,71,7580000000,24590000000,7922,1
7339368781315029,thread,-1,producer,71,0,40000000,7922,1
7339368781315029,thread,-1,sampler,76,10000000,10000000,80,0
7339368781315029,thread,0,account_worker,75,3170000000,4840000000,0,56
7339368781315029,thread,0,trader_callback,72,1480000000,6550000000,0,113
7339368781315029,thread,0,trace_writer,73,1410000000,6600000000,1,111
7339368781315029,thread,0,latency_writer,74,1480000000,6530000000,0,145
7339368881554497,process,-1,process,71,7700000000,24870000000,8021,1
7339368881554497,thread,-1,producer,71,0,40000000,8021,1
7339368881554497,thread,-1,sampler,76,10000000,10000000,81,0
7339368881554497,thread,0,account_worker,75,3240000000,4880000000,0,56
7339368881554497,thread,0,trader_callback,72,1490000000,6640000000,0,121
7339368881554497,thread,0,trace_writer,73,1440000000,6670000000,1,111
7339368881554497,thread,0,latency_writer,74,1500000000,6610000000,0,145
7339368981837118,process,-1,process,71,7790000000,25180000000,8121,1
7339368981837118,thread,-1,producer,71,0,40000000,8121,1
7339368981837118,thread,-1,sampler,76,10000000,10000000,82,0
7339368981837118,thread,0,account_worker,75,3260000000,4950000000,0,56
7339368981837118,thread,0,trader_callback,72,1520000000,6710000000,0,126
7339368981837118,thread,0,trace_writer,73,1460000000,6760000000,1,111
7339368981837118,thread,0,latency_writer,74,1510000000,6700000000,0,146
7339369082137962,process,-1,process,71,7890000000,25490000000,8222,1
7339369082137962,thread,-1,producer,71,0,40000000,8222,1
7339369082137962,thread,-1,sampler,76,10000000,10000000,83,0
7339369082137962,thread,0,account_worker,75,3300000000,5020000000,0,58
7339369082137962,thread,0,trader_callback,72,1540000000,6790000000,0,126
7339369082137962,thread,0,trace_writer,73,1480000000,6830000000,1,115
7339369082137962,thread,0,latency_writer,74,1530000000,6780000000,0,147
7339369182444307,process,-1,process,71,7960000000,25810000000,8322,1
7339369182444307,thread,-1,producer,71,10000000,50000000,8322,1
7339369182444307,thread,-1,sampler,76,10000000,10000000,84,0
7339369182444307,thread,0,account_worker,75,3340000000,5080000000,0,59
7339369182444307,thread,0,trader_callback,72,1540000000,6880000000,0,129
7339369182444307,thread,0,trace_writer,73,1490000000,6920000000,1,123
7339369182444307,thread,0,latency_writer,74,1550000000,6860000000,0,147
7339369282734172,process,-1,process,71,8080000000,26100000000,8422,1
7339369282734172,thread,-1,producer,71,10000000,50000000,8422,1
7339369282734172,thread,-1,sampler,76,10000000,10000000,85,0
7339369282734172,thread,0,account_worker,75,3370000000,5140000000,0,59
7339369282734172,thread,0,trader_callback,72,1570000000,6960000000,0,129
7339369282734172,thread,0,trace_writer,73,1510000000,7010000000,1,126
7339369282734172,thread,0,latency_writer,74,1590000000,6920000000,0,147
7339369383011449,process,-1,process,71,8190000000,26390000000,8523,1
7339369383011449,thread,-1,producer,71,10000000,50000000,8523,1
7339369383011449,thread,-1,sampler,76,10000000,10000000,86,0
7339369383011449,thread,0,account_worker,75,3430000000,5180000000,0,60
7339369383011449,thread,0,trader_callback,72,1580000000,7040000000,0,130
7339369383011449,thread,0,trace_writer,73,1520000000,7090000000,1,126
7339369383011449,thread,0,latency_writer,74,1610000000,7000000000,0,147
7339369483295370,process,-1,process,71,8270000000,26710000000,8623,1
7339369483295370,thread,-1,producer,71,10000000,50000000,8623,1
7339369483295370,thread,-1,sampler,76,10000000,10000000,87,0
7339369483295370,thread,0,account_worker,75,3470000000,5240000000,0,60
7339369483295370,thread,0,trader_callback,72,1580000000,7140000000,0,133
7339369483295370,thread,0,trace_writer,73,1540000000,7170000000,1,126
7339369483295370,thread,0,latency_writer,74,1630000000,7080000000,0,148
7339369583579193,process,-1,process,71,8400000000,26990000000,8723,1
7339369583579193,thread,-1,producer,71,10000000,50000000,8723,1
7339369583579193,thread,-1,sampler,76,10000000,10000000,88,0
7339369583579193,thread,0,account_worker,75,3530000000,5290000000,0,60
7339369583579193,thread,0,trader_callback,72,1610000000,7220000000,0,133
7339369583579193,thread,0,trace_writer,73,1580000000,7240000000,1,126
7339369583579193,thread,0,latency_writer,74,1650000000,7170000000,0,148
7339369683854695,process,-1,process,71,8480000000,27310000000,8823,1
7339369683854695,thread,-1,producer,71,10000000,50000000,8823,1
7339369683854695,thread,-1,sampler,76,10000000,10000000,89,0
7339369683854695,thread,0,account_worker,75,3560000000,5360000000,0,60
7339369683854695,thread,0,trader_callback,72,1630000000,7290000000,0,133
7339369683854695,thread,0,trace_writer,73,1580000000,7330000000,1,127
7339369683854695,thread,0,latency_writer,74,1660000000,7250000000,0,149
7339369784170276,process,-1,process,71,8560000000,27620000000,8924,1
7339369784170276,thread,-1,producer,71,10000000,50000000,8924,1
7339369784170276,thread,-1,sampler,76,10000000,10000000,90,0
7339369784170276,thread,0,account_worker,75,3590000000,5430000000,0,60
7339369784170276,thread,0,trader_callback,72,1650000000,7370000000,0,133
7339369784170276,thread,0,trace_writer,73,1600000000,7410000000,1,127
7339369784170276,thread,0,latency_writer,74,1680000000,7330000000,0,150
7339369884448157,process,-1,process,71,8660000000,27930000000,9024,1
7339369884448157,thread,-1,producer,71,10000000,50000000,9024,1
7339369884448157,thread,-1,sampler,76,10000000,10000000,91,0
7339369884448157,thread,0,account_worker,75,3630000000,5490000000,0,60
7339369884448157,thread,0,trader_callback,72,1670000000,7450000000,0,136
7339369884448157,thread,0,trace_writer,73,1620000000,7490000000,1,128
7339369884448157,thread,0,latency_writer,74,1690000000,7420000000,0,150
7339369984733029,process,-1,process,71,8780000000,28210000000,9124,1
7339369984733029,thread,-1,producer,71,10000000,50000000,9124,1
7339369984733029,thread,-1,sampler,76,10000000,10000000,92,0
7339369984733029,thread,0,account_worker,75,3690000000,5530000000,0,60
7339369984733029,thread,0,trader_callback,72,1690000000,7530000000,0,137
7339369984733029,thread,0,trace_writer,73,1650000000,7560000000,1,130
7339369984733029,thread,0,latency_writer,74,1710000000,7500000000,0,151
7339370085015080,process,-1,process,71,8880000000,28510000000,9225,1
7339370085015080,thread,-1,producer,71,10000000,50000000,9225,1
7339370085015080,thread,-1,sampler,76,10000000,10000000,93,0
7339370085015080,thread,0,account_worker,75,3750000000,5570000000,0,61
7339370085015080,thread,0,trader_callback,72,1700000000,7630000000,0,137
7339370085015080,thread,0,trace_writer,73,1670000000,7640000000,1,130
7339370085015080,thread,0,latency_writer,74,1720000000,7590000000,0,151
7339370185381837,process,-1,process,71,8970000000,28810000000,9325,1
7339370185381837,thread,-1,producer,71,10000000,50000000,9325,1
7339370185381837,thread,-1,sampler,76,10000000,10000000,94,0
7339370185381837,thread,0,account_worker,75,3790000000,5630000000,0,62
7339370185381837,thread,0,trader_callback,72,1710000000,7710000000,0,140
7339370185381837,thread,0,trace_writer,73,1680000000,7730000000,1,132
7339370185381837,thread,0,latency_writer,74,1750000000,7660000000,0,152
7339370285756051,process,-1,process,71,9100000000,29090000000,9425,1
7339370285756051,thread,-1,producer,71,10000000,50000000,9425,1
7339370285756051,thread,-1,sampler,76,10000000,10000000,95,0
7339370285756051,thread,0,account_worker,75,3840000000,5680000000,0,62
7339370285756051,thread,0,trader_callback,72,1740000000,7790000000,0,140
7339370285756051,thread,0,trace_writer,73,1710000000,7800000000,1,136
7339370285756051,thread,0,latency_writer,74,1770000000,7740000000,0,152
7339370386109146,process,-1,process,71,9180000000,29420000000,9526,1
7339370386109146,thread,-1,producer,71,10000000,50000000,9526,1
7339370386109146,thread,-1,sampler,76,10000000,10000000,96,0
7339370386109146,thread,0,account_worker,75,3870000000,5750000000,0,62
7339370386109146,thread,0,trader_callback,72,1760000000,7870000000,0,140
7339370386109146,thread,0,trace_writer,73,1730000000,7880000000,1,140
7339370386109146,thread,0,latency_writer,74,1780000000,7840000000,0,154
7339370486389491,process,-1,process,71,9290000000,29700000000,9626,1
7339370486389491,thread,-1,producer,71,10000000,50000000,9626,1
7339370486389491,thread,-1,sampler,76,10000000,10000000,97,0
7339370486389491,thread,0,account_worker,75,3910000000,5810000000,0,62
7339370486389491,thread,0,trader_callback,72,1790000000,7940000000,0,140
7339370486389491,thread,0,trace_writer,73,1750000000,7960000000,1,140
7339370486389491,thread,0,latency_writer,74,1800000000,7920000000,0,156
7339370586669316,process,-1,process,71,9370000000,30030000000,9726,1
7339370586669316,thread,-1,producer,71,10000000,50000000,9726,1
7339370586669316,thread,-1,sampler,76,10000000,10000000,98,0
7339370586669316,thread,0,account_worker,75,3940000000,5880000000,0,62
7339370586669316,thread,0,trader_callback,72,1810000000,8020000000,0,141
7339370586669316,thread,0,trace_writer,73,1760000000,8050000000,1,140
7339370586669316,thread,0,latency_writer,74,1830000000,7990000000,0,156
7339370686956136,process,-1,process,71,9460000000,30340000000,9826,1
7339370686956136,thread,-1,producer,71,10000000,50000000,9826,1
7339370686956136,thread,-1,sampler,76,10000000,10000000,99,0
7339370686956136,thread,0,account_worker,75,3980000000,5940000000,0,62
7339370686956136,thread,0,trader_callback,72,1830000000,8100000000,0,145
7339370686956136,thread,0,trace_writer,73,1770000000,8140000000,1,141
7339370686956136,thread,0,latency_writer,74,1840000000,8070000000,0,157
7339370787251896,process,-1,process,71,9560000000,30630000000,9927,1
7339370787251896,thread,-1,producer,71,10000000,50000000,9927,1
7339370787251896,thread,-1,sampler,76,10000000,10000000,100,0
7339370787251896,thread,0,account_worker,75,4020000000,6000000000,0,62
7339370787251896,thread,0,trader_callback,72,1850000000,8180000000,0,146
7339370787251896,thread,0,trace_writer,73,1780000000,8230000000,1,143
7339370787251896,thread,0,latency_writer,74,1870000000,8140000000,0,158
7339370887531850,process,-1,process,71,9670000000,30930000000,10027,1
7339370887531850,thread,-1,producer,71,10000000,50000000,10027,1
7339370887531850,thread,-1,sampler,76,10000000,10000000,101,0
7339370887531850,thread,0,account_worker,75,4080000000,6040000000,0,62
7339370887531850,thread,0,trader_callback,72,1850000000,8280000000,0,146
7339370887531850,thread,0,trace_writer,73,1810000000,8310000000,1,143
7339370887531850,thread,0,latency_writer,74,1890000000,8220000000,0,158
7339370987800136,process,-1,process,71,9770000000,31230000000,10127,2
7339370987800136,thread,-1,producer,71,10000000,50000000,10127,2
7339370987800136,thread,-1,sampler,76,10000000,10000000,102,0
7339370987800136,thread,0,account_worker,75,4120000000,6100000000,0,62
7339370987800136,thread,0,trader_callback,72,1880000000,8350000000,0,146
7339370987800136,thread,0,trace_writer,73,1820000000,8390000000,1,144
7339370987800136,thread,0,latency_writer,74,1910000000,8310000000,0,158
7339371088094393,process,-1,process,71,9870000000,31530000000,10228,2
7339371088094393,thread,-1,producer,71,10000000,50000000,10228,2
7339371088094393,thread,-1,sampler,76,10000000,10000000,103,0
7339371088094393,thread,0,account_worker,75,4150000000,6170000000,0,64
7339371088094393,thread,0,trader_callback,72,1900000000,8430000000,0,146
7339371088094393,thread,0,trace_writer,73,1850000000,8470000000,1,145
7339371088094393,thread,0,latency_writer,74,1930000000,8390000000,0,160
7339371188377929,process,-1,process,71,9960000000,31850000000,10328,2
7339371188377929,thread,-1,producer,71,10000000,50000000,10328,2
7339371188377929,thread,-1,sampler,76,10000000,10000000,104,0
7339371188377929,thread,0,account_worker,75,4190000000,6230000000,0,65
7339371188377929,thread,0,trader_callback,72,1920000000,8510000000,0,146
7339371188377929,thread,0,trace_writer,73,1860000000,8550000000,1,147
7339371188377929,thread,0,latency_writer,74,1940000000,8470000000,0,161
7339371288659407,process,-1,process,71,10050000000,32150000000,10428,2
7339371288659407,thread,-1,producer,71,10000000,50000000,10428,2
7339371288659407,thread,-1,sampler,76,10000000,10000000,105,0
7339371288659407,thread,0,account_worker,75,4220000000,6300000000,0,65
7339371288659407,thread,0,trader_callback,72,1940000000,8590000000,0,146
7339371288659407,thread,0,trace_writer,73,1890000000,8620000000,1,147
7339371288659407,thread,0,latency_writer,74,1950000000,8570000000,0,161
7339371388932168,process,-1,process,71,10110000000,32490000000,10528,2
7339371388932168,thread,-1,producer,71,10000000,50000000,10528,2
7339371388932168,thread,-1,sampler,76,10000000,10000000,106,0
7339371388932168,thread,0,account_worker,75,4250000000,6370000000,0,65
7339371388932168,thread,0,trader_callback,72,1950000000,8690000000,0,147
7339371388932168,thread,0,trace_writer,73,1910000000,8700000000,1,147
7339371388932168,thread,0,latency_writer,74,1960000000,8660000000,0,161
7339371489243126,process,-1,process,71,10190000000,32820000000,10628,2
7339371489243126,thread,-1,producer,71,10000000,50000000,10628,2
7339371489243126,thread,-1,sampler,76,10000000,10000000,107,0
7339371489243126,thread,0,account_worker,75,4290000000,6430000000,0,65
7339371489243126,thread,0,trader_callback,72,1960000000,8770000000,0,151
7339371489243126,thread,0,trace_writer,73,1930000000,8780000000,1,148
7339371489243126,thread,0,latency_writer,74,1960000000,8750000000,0,162
7339371589524899,process,-1,process,71,10280000000,33130000000,10728,2
7339371589524899,thread,-1,producer,71,10000000,50000000,10728,2
7339371589524899,thread,-1,sampler,76,10000000,10000000,108,0
7339371589524899,thread,0,account_worker,75,4320000000,6500000000,0,66
7339371589524899,thread,0,trader_callback,72,1980000000,8850000000,0,152
7339371589524899,thread,0,trace_writer,73,1960000000,8850000000,1,153
7339371589524899,thread,0,latency_writer,74,1970000000,8850000000,0,163
7339371689803446,process,-1,process,71,10380000000,33430000000,10828,2
7339371689803446,thread,-1,producer,71,10000000,50000000,10828,2
7339371689803446,thread,-1,sampler,76,10000000,10000000,109,0
7339371689803446,thread,0,account_worker,75,4360000000,6560000000,0,66
7339371689803446,thread,0,trader_callback,72,1990000000,8940000000,0,152
7339371689803446,thread,0,trace_writer,73,1990000000,8920000000,1,154
7339371689803446,thread,0,latency_writer,74,1990000000,8930000000,0,164
7339371790083770,process,-1,process,71,10480000000,33740000000,10929,2
7339371790083770,thread,-1,producer,71,10000000,50000000,10929,2
7339371790083770,thread,-1,sampler,76,10000000,10000000,110,0
7339371790083770,thread,0,account_worker,75,4400000000,6630000000,0,67
7339371790083770,thread,0,trader_callback,72,2010000000,9020000000,0,152
7339371790083770,thread,0,trace_writer,73,2020000000,8990000000,1,154
7339371790083770,thread,0,latency_writer,74,2000000000,9020000000,0,164
7339371890385799,process,-1,process,71,10560000000,34060000000,11029,2
7339371890385799,thread,-1,producer,71,10000000,50000000,11029,2
7339371890385799,thread,-1,sampler,76,10000000,10000000,111,0
7339371890385799,thread,0,account_worker,75,4410000000,6710000000,0,67
7339371890385799,thread,0,trader_callback,72,2040000000,9100000000,0,153
7339371890385799,thread,0,trace_writer,73,2050000000,9060000000,1,157
7339371890385799,thread,0,latency_writer,74,2010000000,9100000000,0,164
7339371990667284,process,-1,process,71,10640000000,34370000000,11129,2
7339371990667284,thread,-1,producer,71,10000000,50000000,11129,2
7339371990667284,thread,-1,sampler,76,10000000,10000000,112,0
7339371990667284,thread,0,account_worker,75,4460000000,6770000000,0,67
7339371990667284,thread,0,trader_callback,72,2050000000,9180000000,0,156
7339371990667284,thread,0,trace_writer,73,2070000000,9140000000,1,163
7339371990667284,thread,0,latency_writer,74,2020000000,9200000000,0,165
7339372090950313,process,-1,process,71,10740000000,34680000000,11229,2
7339372090950313,thread,-1,producer,71,10000000,60000000,11229,2
7339372090950313,thread,-1,sampler,76,10000000,10000000,113,0
7339372090950313,thread,0,account_worker,75,4490000000,6830000000,0,68
7339372090950313,thread,0,trader_callback,72,2080000000,9260000000,0,157
7339372090950313,thread,0,trace_writer,73,2080000000,9220000000,2,164
7339372090950313,thread,0,latency_writer,74,2030000000,9280000000,0,167
7339372191229730,process,-1,process,71,10800000000,35010000000,11330,2
7339372191229730,thread,-1,producer,71,10000000,60000000,11330,2
7339372191229730,thread,-1,sampler,76,10000000,10000000,114,0
7339372191229730,thread,0,account_worker,75,4520000000,6910000000,0,69
7339372191229730,thread,0,trader_callback,72,2090000000,9350000000,0,159
7339372191229730,thread,0,trace_writer,73,2100000000,9300000000,2,164
7339372191229730,thread,0,latency_writer,74,2050000000,9370000000,0,167
7339372291511280,process,-1,process,71,10900000000,35310000000,11430,2
7339372291511280,thread,-1,producer,71,10000000,60000000,11430,2
7339372291511280,thread,-1,sampler,76,10000000,10000000,115,0
7339372291511280,thread,0,account_worker,75,4560000000,6970000000,0,69
7339372291511280,thread,0,trader_callback,72,2110000000,9430000000,0,159
7339372291511280,thread,0,trace_writer,73,2120000000,9390000000,2,165
7339372291511280,thread,0,latency_writer,74,2070000000,9440000000,0,168
7339372391786895,process,-1,process,71,11010000000,35610000000,11530,2
7339372391786895,thread,-1,producer,71,10000000,60000000,11530,2
7339372391786895,thread,-1,sampler,76,10000000,10000000,116,0
7339372391786895,thread,0,account_worker,75,4600000000,7020000000,0,69
7339372391786895,thread,0,trader_callback,72,2120000000,9510000000,0,159
7339372391786895,thread,0,trace_writer,73,2150000000,9460000000,2,165
7339372391786895,thread,0,latency_writer,74,2090000000,9530000000,0,170
7339372492092516,process,-1,process,71,11110000000,35910000000,11631,2
7339372492092516,thread,-1,producer,71,10000000,60000000,11631,2
7339372492092516,thread,-1,sampler,76,10000000,10000000,117,0
7339372492092516,thread,0,account_worker,75,4640000000,7080000000,0,69
7339372492092516,thread,0,trader_callback,72,2130000000,9600000000,0,162
7339372492092516,thread,0,trace_writer,73,2170000000,9540000000,2,165
7339372492092516,thread,0,latency_writer,74,2120000000,9600000000,0,171
7339372592390911,process,-1,process,71,11210000000,36210000000,11731,2
7339372592390911,thread,-1,producer,71,10000000,60000000,11731,2
7339372592390911,thread,-1,sampler,76,10000000,10000000,118,0
7339372592390911,thread,0,account_worker,75,4680000000,7150000000,0,69
7339372592390911,thread,0,trader_callback,72,2160000000,9680000000,0,163
7339372592390911,thread,0,trace_writer,73,2200000000,9610000000,2,165
7339372592390911,thread,0,latency_writer,74,2130000000,9690000000,0,171
7339372692674914,process,-1,process,71,11310000000,36520000000,11831,2
7339372692674914,thread,-1,producer,71,10000000,60000000,11831,2
7339372692674914,thread,-1,sampler,76,10000000,10000000,119,0
7339372692674914,thread,0,account_worker,75,4730000000,7190000000,0,69
7339372692674914,thread,0,trader_callback,72,2170000000,9770000000,0,166
7339372692674914,thread,0,trace_writer,73,2210000000,9700000000,2,165
7339372692674914,thread,0,latency_writer,74,2140000000,9780000000,0,172
7339372792947771,process,-1,process,71,11400000000,36820000000,11931,2
7339372792947771,thread,-1,producer,71,10000000,60000000,11931,2
7339372792947771,thread,-1,sampler,76,10000000,10000000,120,0
7339372792947771,thread,0,account_worker,75,4770000000,7260000000,0,69
7339372792947771,thread,0,trader_callback,72,2180000000,9850000000,0,166
7339372792947771,thread,0,trace_writer,73,2220000000,9790000000,2,165
7339372792947771,thread,0,latency_writer,74,2180000000,9840000000,0,172
7339372893218674,process,-1,process,71,11510000000,37120000000,12032,2
7339372893218674,thread,-1,producer,71,10000000,60000000,12032,2
7339372893218674,thread,-1,sampler,76,10000000,10000000,121,0
7339372893218674,thread,0,account_worker,75,4810000000,7320000000,0,70
7339372893218674,thread,0,trader_callback,72,2200000000,9940000000,0,171
7339372893218674,thread,0,trace_writer,73,2250000000,9860000000,2,166
7339372893218674,thread,0,latency_writer,74,2210000000,9910000000,0,173
7339372993504393,process,-1,process,71,11600000000,37430000000,12132,2
7339372993504393,thread,-1,producer,71,10000000,60000000,12132,2
7339372993504393,thread,-1,sampler,76,10000000,10000000,122,0
7339372993504393,thread,0,account_worker,75,4840000000,7380000000,0,70
7339372993504393,thread,0,trader_callback,72,2210000000,10020000000,0,172
7339372993504393,thread,0,trace_writer,73,2260000000,9950000000,2,167
7339372993504393,thread,0,latency_writer,74,2230000000,9990000000,0,174
7339373093789754,process,-1,process,71,11700000000,37730000000,12232,2
7339373093789754,thread,-1,producer,71,10000000,60000000,12232,2
7339373093789754,thread,-1,sampler,76,10000000,10000000,123,0
7339373093789754,thread,0,account_worker,75,4890000000,7440000000,0,72
7339373093789754,thread,0,trader_callback,72,2230000000,10110000000,0,176
7339373093789754,thread,0,trace_writer,73,2280000000,10030000000,2,167
7339373093789754,thread,0,latency_writer,74,2250000000,10070000000,0,175
7339373194107054,process,-1,process,71,11780000000,38050000000,12333,2
7339373194107054,thread,-1,producer,71,10000000,60000000,12333,2
7339373194107054,thread,-1,sampler,76,10000000,10000000,124,0
7339373194107054,thread,0,account_worker,75,4920000000,7510000000,0,72
7339373194107054,thread,0,trader_callback,72,2250000000,10190000000,0,176
7339373194107054,thread,0,trace_writer,73,2290000000,10120000000,2,167
7339373194107054,thread,0,latency_writer,74,2270000000,10150000000,0,175
7339373294376115,process,-1,process,71,11890000000,38350000000,12433,2
7339373294376115,thread,-1,producer,71,10000000,60000000,12433,2
7339373294376115,thread,-1,sampler,76,10000000,10000000,125,0
7339373294376115,thread,0,account_worker,75,4940000000,7590000000,0,73
7339373294376115,thread,0,trader_callback,72,2280000000,10260000000,0,180
7339373294376115,thread,0,trace_writer,73,2310000000,10200000000,2,167
7339373294376115,thread,0,latency_writer,74,2310000000,10210000000,0,175
7339373394647477,process,-1,process,71,11990000000,38650000000,12531,2
7339373394647477,thread,-1,producer,71,10000000,60000000,12531,2
7339373394647477,thread,-1,sampler,76,10000000,10000000,126,0
7339373394647477,thread,0,account_worker,75,4980000000,7650000000,0,73
7339373394647477,thread,0,trader_callback,72,2290000000,10340000000,0,180
7339373394647477,thread,0,trace_writer,73,2340000000,10280000000,2,167
7339373394647477,thread,0,latency_writer,74,2330000000,10290000000,0,175
7339373494924549,process,-1,process,71,12090000000,38950000000,12631,2
7339373494924549,thread,-1,producer,71,10000000,60000000,12631,2
7339373494924549,thread,-1,sampler,76,10000000,10000000,127,0
7339373494924549,thread,0,account_worker,75,5020000000,7710000000,0,73
7339373494924549,thread,0,trader_callback,72,2320000000,10420000000,0,183
7339373494924549,thread,0,trace_writer,73,2350000000,10360000000,2,167
7339373494924549,thread,0,latency_writer,74,2350000000,10370000000,0,176
7339373595197848,process,-1,process,71,12180000000,39260000000,12732,2
7339373595197848,thread,-1,producer,71,10000000,60000000,12732,2
7339373595197848,thread,-1,sampler,76,10000000,10000000,128,0
7339373595197848,thread,0,account_worker,75,5060000000,7770000000,0,73
7339373595197848,thread,0,trader_callback,72,2330000000,10510000000,0,187
7339373595197848,thread,0,trace_writer,73,2380000000,10430000000,2,168
7339373595197848,thread,0,latency_writer,74,2360000000,10460000000,0,176
7339373695473681,process,-1,process,71,12280000000,39560000000,12832,2
7339373695473681,thread,-1,producer,71,10000000,60000000,12832,2
7339373695473681,thread,-1,sampler,76,10000000,10000000,129,0
7339373695473681,thread,0,account_worker,75,5100000000,7830000000,0,74
7339373695473681,thread,0,trader_callback,72,2350000000,10590000000,0,189
7339373695473681,thread,0,trace_writer,73,2400000000,10510000000,2,170
7339373695473681,thread,0,latency_writer,74,2370000000,10550000000,0,178
7339373795746887,process,-1,process,71,12360000000,39890000000,12932,2
7339373795746887,thread,-1,producer,71,10000000,60000000,12932,2
7339373795746887,thread,-1,sampler,76,10000000,10000000,130,0
7339373795746887,thread,0,account_worker,75,5140000000,7890000000,0,84
7339373795746887,thread,0,trader_callback,72,2360000000,10680000000,0,203
7339373795746887,thread,0,trace_writer,73,2420000000,10590000000,2,180
7339373795746887,thread,0,latency_writer,74,2390000000,10640000000,0,188
7339373896020917,process,-1,process,71,12440000000,40210000000,13033,2
7339373896020917,thread,-1,producer,71,10000000,60000000,13033,2
7339373896020917,thread,-1,sampler,76,10000000,10000000,131,0
7339373896020917,thread,0,account_worker,75,5180000000,7950000000,0,84
7339373896020917,thread,0,trader_callback,72,2370000000,10760000000,0,203
7339373896020917,thread,0,trace_writer,73,2440000000,10680000000,2,180
7339373896020917,thread,0,latency_writer,74,2390000000,10730000000,0,188
7339373996300930,process,-1,process,71,12570000000,40480000000,13133,2
7339373996300930,thread,-1,producer,71,10000000,60000000,13133,2
7339373996300930,thread,-1,sampler,76,20000000,10000000,132,0
7339373996300930,thread,0,account_worker,75,5230000000,7990000000,0,85
7339373996300930,thread,0,trader_callback,72,2400000000,10840000000,0,207
7339373996300930,thread,0,trace_writer,73,2470000000,10750000000,2,181
7339373996300930,thread,0,latency_writer,74,2420000000,10810000000,0,189
7339374096576509,process,-1,process,71,12670000000,40780000000,13233,2
7339374096576509,thread,-1,producer,71,10000000,60000000,13233,2
7339374096576509,thread,-1,sampler,76,20000000,10000000,133,0
7339374096576509,thread,0,account_worker,75,5270000000,8050000000,0,85
7339374096576509,thread,0,trader_callback,72,2410000000,10920000000,0,208
7339374096576509,thread,0,trace_writer,73,2500000000,10820000000,2,181
7339374096576509,thread,0,latency_writer,74,2430000000,10890000000,0,190
7339374196860338,process,-1,process,71,12760000000,41090000000,13333,2
7339374196860338,thread,-1,producer,71,10000000,60000000,13333,2
7339374196860338,thread,-1,sampler,76,20000000,10000000,134,0
7339374196860338,thread,0,account_worker,75,5310000000,8120000000,0,85
7339374196860338,thread,0,trader_callback,72,2420000000,11020000000,0,212
7339374196860338,thread,0,trace_writer,73,2530000000,10890000000,2,181
7339374196860338,thread,0,latency_writer,74,2450000000,10980000000,0,190
7339374297177864,process,-1,process,71,12850000000,41400000000,13434,2
7339374297177864,thread,-1,producer,71,10000000,60000000,13434,2
7339374297177864,thread,-1,sampler,76,20000000,10000000,135,0
7339374297177864,thread,0,account_worker,75,5340000000,8190000000,0,85
7339374297177864,thread,0,trader_callback,72,2430000000,11110000000,0,212
7339374297177864,thread,0,trace_writer,73,2540000000,10970000000,2,182
7339374297177864,thread,0,latency_writer,74,2480000000,11050000000,0,192
7339374397488634,process,-1,process,71,12920000000,41730000000,13534,2
7339374397488634,thread,-1,producer,71,10000000,60000000,13534,2
7339374397488634,thread,-1,sampler,76,20000000,10000000,136,0
7339374397488634,thread,0,account_worker,75,5370000000,8250000000,0,85
7339374397488634,thread,0,trader_callback,72,2440000000,11200000000,0,215
7339374397488634,thread,0,trace_writer,73,2560000000,11060000000,2,182
7339374397488634,thread,0,latency_writer,74,2490000000,11130000000,0,194
7339374497793856,process,-1,process,71,12990000000,42060000000,13634,2
7339374497793856,thread,-1,producer,71,10000000,60000000,13634,2
7339374497793856,thread,-1,sampler,76,20000000,10000000,137,0
7339374497793856,thread,0,account_worker,75,5400000000,8330000000,0,85
7339374497793856,thread,0,trader_callback,72,2450000000,11290000000,0,215
7339374497793856,thread,0,trace_writer,73,2580000000,11140000000,2,182
7339374497793856,thread,0,latency_writer,74,2510000000,11210000000,0,195
7339374598068667,process,-1,process,71,13070000000,42380000000,13735,2
7339374598068667,thread,-1,producer,71,10000000,60000000,13735,2
7339374598068667,thread,-1,sampler,76,20000000,10000000,138,0
7339374598068667,thread,0,account_worker,75,5440000000,8400000000,0,85
7339374598068667,thread,0,trader_callback,72,2470000000,11370000000,0,215
7339374598068667,thread,0,trace_writer,73,2590000000,11220000000,2,182
7339374598068667,thread,0,latency_writer,74,2520000000,11310000000,0,196
7339374698341262,process,-1,process,71,13140000000,42720000000,13835,2
7339374698341262,thread,-1,producer,71,10000000,60000000,13835,2
7339374698341262,thread,-1,sampler,76,20000000,10000000,139,0
7339374698341262,thread,0,account_worker,75,5460000000,8470000000,0,85
7339374698341262,thread,0,trader_callback,72,2480000000,11460000000,0,219
7339374698341262,thread,0,trace_writer,73,2600000000,11320000000,2,182
7339374698341262,thread,0,latency_writer,74,2540000000,11380000000,0,197
7339374798625200,process,-1,process,71,13230000000,43030000000,13935,2
7339374798625200,thread,-1,producer,71,10000000,60000000,13935,2
7339374798625200,thread,-1,sampler,76,20000000,10000000,140,0
7339374798625200,thread,0,account_worker,75,5500000000,8540000000,0,85
7339374798625200,thread,0,trader_callback,72,2510000000,11530000000,0,219
7339374798625200,thread,0,trace_writer,73,2620000000,11400000000,2,182
7339374798625200,thread,0,latency_writer,74,2560000000,11470000000,0,197
7339374898927502,process,-1,process,71,13370000000,43300000000,14035,3
7339374898927502,thread,-1,producer,71,10000000,70000000,14035,3
7339374898927502,thread,-1,sampler,76,20000000,10000000,141,0
7339374898927502,thread,0,account_worker,75,5540000000,8590000000,0,85
7339374898927502,thread,0,trader_callback,72,2540000000,11600000000,0,222
7339374898927502,thread,0,trace_writer,73,2640000000,11480000000,2,182
7339374898927502,thread,0,latency_writer,74,2590000000,11540000000,0,197
7339374999194583,process,-1,process,71,13450000000,43620000000,14136,3
7339374999194583,thread,-1,producer,71,10000000,70000000,14136,3
7339374999194583,thread,-1,sampler,76,20000000,10000000,142,0
7339374999194583,thread,0,account_worker,75,5580000000,8650000000,0,85
7339374999194583,thread,0,trader_callback,72,2560000000,11680000000,0,223
7339374999194583,thread,0,trace_writer,73,2650000000,11570000000,2,183
7339374999194583,thread,0,latency_writer,74,2600000000,11630000000,0,198
7339375099466677,process,-1,process,71,13520000000,43940000000,14236,3
7339375099466677,thread,-1,producer,71,10000000,70000000,14236,3
7339375099466677,thread,-1,sampler,76,20000000,10000000,143,0
7339375099466677,thread,0,account_worker,75,5620000000,8710000000,0,88
7339375099466677,thread,0,trader_callback,72,2570000000,11770000000,0,226
7339375099466677,thread,0,trace_writer,73,2670000000,11640000000,2,184
7339375099466677,thread,0,latency_writer,74,2600000000,11720000000,0,200
7339375199756450,process,-1,process,71,13630000000,44240000000,14336,3
7339375199756450,thread,-1,producer,71,10000000,70000000,14336,3
7339375199756450,thread,-1,sampler,76,20000000,10000000,144,0
7339375199756450,thread,0,account_worker,75,5680000000,8760000000,0,89
7339375199756450,thread,0,trader_callback,72,2580000000,11860000000,0,226
7339375199756450,thread,0,trace_writer,73,2700000000,11710000000,2,184
7339375199756450,thread,0,latency_writer,74,2620000000,11810000000,0,201
7339375300019051,process,-1,process,71,13740000000,44530000000,14436,3
7339375300019051,thread,-1,producer,71,10000000,70000000,14436,3
7339375300019051,thread,-1,sampler,76,20000000,10000000,145,0
7339375300019051,thread,0,account_worker,75,5720000000,8810000000,0,89
7339375300019051,thread,0,trader_callback,72,2610000000,11930000000,0,227
7339375300019051,thread,0,trace_writer,73,2720000000,11800000000,2,184
7339375300019051,thread,0,latency_writer,74,2630000000,11890000000,0,202
7339375400300730,process,-1,process,71,13820000000,44850000000,14537,3
7339375400300730,thread,-1,producer,71,10000000,70000000,14537,3
7339375400300730,thread,-1,sampler,76,20000000,10000000,146,0
7339375400300730,thread,0,account_worker,75,5760000000,8870000000,0,89
7339375400300730,thread,0,trader_callback,72,2630000000,12020000000,0,228
7339375400300730,thread,0,trace_writer,73,2730000000,11890000000,2,184
7339375400300730,thread,0,latency_writer,74,2650000000,11970000000,0,202
7339375500583715,process,-1,process,71,13960000000,45110000000,14637,3
7339375500583715,thread,-1,producer,71,10000000,70000000,14637,3
7339375500583715,thread,-1,sampler,76,20000000,10000000,147,0
7339375500583715,thread,0,account_worker,75,5820000000,8910000000,0,89
7339375500583715,thread,0,trader_callback,72,2650000000,12090000000,0,231
7339375500583715,thread,0,trace_writer,73,2750000000,11970000000,2,184
7339375500583715,thread,0,latency_writer,74,2690000000,12040000000,0,203
7339375600890995,process,-1,process,71,14070000000,45410000000,14737,4
7339375600890995,thread,-1,producer,71,10000000,70000000,14737,4
7339375600890995,thread,-1,sampler,76,20000000,10000000,148,0
7339375600890995,thread,0,account_worker,75,5860000000,8970000000,0,89
7339375600890995,thread,0,trader_callback,72,2670000000,12170000000,0,231
7339375600890995,thread,0,trace_writer,73,2760000000,12060000000,2,184
7339375600890995,thread,0,latency_writer,74,2720000000,12110000000,0,203
7339375701169158,process,-1,process,71,14190000000,45690000000,14838,4
7339375701169158,thread,-1,producer,71,10000000,70000000,14838,4
7339375701169158,thread,-1,sampler,76,20000000,10000000,149,0
7339375701169158,thread,0,account_worker,75,5910000000,9020000000,0,89
7339375701169158,thread,0,trader_callback,72,2690000000,12250000000,0,232
7339375701169158,thread,0,trace_writer,73,2790000000,12130000000,2,184
7339375701169158,thread,0,latency_writer,74,2730000000,12190000000,0,204
7339375801453786,process,-1,process,71,14250000000,46020000000,14938,4
7339375801453786,thread,-1,producer,71,10000000,70000000,14938,4
7339375801453786,thread,-1,sampler,76,20000000,10000000,150,0
7339375801453786,thread,0,account_worker,75,5940000000,9090000000,0,91
7339375801453786,thread,0,trader_callback,72,2710000000,12330000000,0,233
7339375801453786,thread,0,trace_writer,73,2800000000,12220000000,2,185
7339375801453786,thread,0,latency_writer,74,2750000000,12270000000,0,205
7339375901739804,process,-1,process,71,14360000000,46320000000,15036,4
7339375901739804,thread,-1,producer,71,10000000,70000000,15036,4
7339375901739804,thread,-1,sampler,76,20000000,10000000,151,0
7339375901739804,thread,0,account_worker,75,5990000000,9140000000,0,91
7339375901739804,thread,0,trader_callback,72,2730000000,12420000000,0,237
7339375901739804,thread,0,trace_writer,73,2820000000,12300000000,2,185
7339375901739804,thread,0,latency_writer,74,2770000000,12360000000,0,205
7339376002035173,process,-1,process,71,14450000000,46630000000,15137,4
7339376002035173,thread,-1,producer,71,10000000,70000000,15137,4
7339376002035173,thread,-1,sampler,76,20000000,10000000,152,0
7339376002035173,thread,0,account_worker,75,6040000000,9200000000,0,91
7339376002035173,thread,0,trader_callback,72,2730000000,12510000000,0,238
7339376002035173,thread,0,trace_writer,73,2830000000,12390000000,2,187
7339376002035173,thread,0,latency_writer,74,2800000000,12430000000,0,206
7339376102313098,process,-1,process,71,14540000000,46940000000,15237,4
7339376102313098,thread,-1,producer,71,10000000,70000000,15237,4
7339376102313098,thread,-1,sampler,76,20000000,10000000,153,0
7339376102313098,thread,0,account_worker,75,6080000000,9250000000,0,93
7339376102313098,thread,0,trader_callback,72,2740000000,12610000000,0,238
7339376102313098,thread,0,trace_writer,73,2850000000,12470000000,2,188
7339376102313098,thread,0,latency_writer,74,2820000000,12510000000,0,208
7339376202697653,process,-1,process,71,14670000000,47210000000,15336,4
7339376202697653,thread,-1,producer,71,10000000,70000000,15336,4
7339376202697653,thread,-1,sampler,76,20000000,10000000,154,0
7339376202697653,thread,0,account_worker,75,6150000000,9290000000,0,93
7339376202697653,thread,0,trader_callback,72,2760000000,12690000000,0,242
7339376202697653,thread,0,trace_writer,73,2880000000,12540000000,2,188
7339376202697653,thread,0,latency_writer,74,2830000000,12600000000,0,209
7339376303643290,process,-1,process,71,14780000000,47510000000,15434,4
7339376303643290,thread,-1,producer,71,10000000,70000000,15434,4
7339376303643290,thread,-1,sampler,76,20000000,10000000,155,0
7339376303643290,thread,0,account_worker,75,6200000000,9340000000,0,94
7339376303643290,thread,0,trader_callback,72,2770000000,12780000000,0,243
7339376303643290,thread,0,trace_writer,73,2920000000,12610000000,2,190
7339376303643290,thread,0,latency_writer,74,2840000000,12690000000,0,211
7339376405668628,process,-1,process,71,14880000000,47830000000,15529,5
7339376405668628,thread,-1,producer,71,10000000,70000000,15529,5
7339376405668628,thread,-1,sampler,76,20000000,10000000,156,0
7339376405668628,thread,0,account_worker,75,6240000000,9390000000,0,94
7339376405668628,thread,0,trader_callback,72,2780000000,12870000000,0,244
7339376405668628,thread,0,trace_writer,73,2940000000,12690000000,2,190
7339376405668628,thread,0,latency_writer,74,2860000000,12770000000,0,212
7339376508406997,process,-1,process,71,14960000000,48150000000,15623,5
7339376508406997,thread,-1,producer,71,10000000,70000000,15623,5
7339376508406997,thread,-1,sampler,76,20000000,10000000,157,0
7339376508406997,thread,0,account_worker,75,6290000000,9450000000,0,94
7339376508406997,thread,0,trader_callback,72,2790000000,12960000000,0,245
7339376508406997,thread,0,trace_writer,73,2960000000,12770000000,2,190
7339376508406997,thread,0,latency_writer,74,2870000000,12870000000,0,213
7339376610231286,process,-1,process,71,15070000000,48450000000,15725,5
7339376610231286,thread,-1,producer,71,10000000,70000000,15725,5
7339376610231286,thread,-1,sampler,76,20000000,10000000,158,0
7339376610231286,thread,0,account_worker,75,6340000000,9500000000,0,94
7339376610231286,thread,0,trader_callback,72,2810000000,13040000000,0,245
7339376610231286,thread,0,trace_writer,73,2970000000,12860000000,2,190
7339376610231286,thread,0,latency_writer,74,2890000000,12950000000,0,213
7339376711402671,process,-1,process,71,15170000000,48760000000,15826,5
7339376711402671,thread,-1,producer,71,10000000,70000000,15826,5
7339376711402671,thread,-1,sampler,76,30000000,10000000,159,0
7339376711402671,thread,0,account_worker,75,6390000000,9560000000,0,94
7339376711402671,thread,0,trader_callback,72,2830000000,13120000000,0,249
7339376711402671,thread,0,trace_writer,73,2990000000,12940000000,2,190
7339376711402671,thread,0,latency_writer,74,2900000000,13040000000,0,213
7339376811682416,process,-1,process,71,15240000000,49090000000,15926,5
7339376811682416,thread,-1,producer,71,10000000,70000000,15926,5
7339376811682416,thread,-1,sampler,76,30000000,10000000,160,0
7339376811682416,thread,0,account_worker,75,6420000000,9620000000,0,94
7339376811682416,thread,0,trader_callback,72,2840000000,13210000000,0,249
7339376811682416,thread,0,trace_writer,73,3000000000,13030000000,2,190
7339376811682416,thread,0,latency_writer,74,2910000000,13120000000,0,213
7339376911961712,process,-1,process,71,15350000000,49380000000,16026,5
7339376911961712,thread,-1,producer,71,10000000,70000000,16027,5
7339376911961712,thread,-1,sampler,76,30000000,10000000,161,0
7339376911961712,thread,0,account_worker,75,6460000000,9690000000,0,94
7339376911961712,thread,0,trader_callback,72,2860000000,13290000000,0,249
7339376911961712,thread,0,trace_writer,73,3030000000,13100000000,2,190
7339376911961712,thread,0,latency_writer,74,2940000000,13200000000,0,213
7339377012355193,process,-1,process,71,15460000000,49680000000,16127,5
7339377012355193,thread,-1,producer,71,10000000,70000000,16127,5
7339377012355193,thread,-1,sampler,76,30000000,10000000,162,0
7339377012355193,thread,0,account_worker,75,6510000000,9730000000,0,96
7339377012355193,thread,0,trader_callback,72,2880000000,13380000000,0,250
7339377012355193,thread,0,trace_writer,73,3050000000,13180000000,2,192
7339377012355193,thread,0,latency_writer,74,2950000000,13280000000,0,215
7339377112630726,process,-1,process,71,15550000000,49980000000,16227,5
7339377112630726,thread,-1,producer,71,10000000,70000000,16227,5
7339377112630726,thread,-1,sampler,76,30000000,10000000,163,0
7339377112630726,thread,0,account_worker,75,6560000000,9790000000,0,97
7339377112630726,thread,0,trader_callback,72,2890000000,13470000000,0,251
7339377112630726,thread,0,trace_writer,73,3060000000,13270000000,2,192
7339377112630726,thread,0,latency_writer,74,2980000000,13360000000,0,216
7339377213029962,process,-1,process,71,15650000000,50290000000,16324,5
7339377213029962,thread,-1,producer,71,10000000,70000000,16324,5
7339377213029962,thread,-1,sampler,76,30000000,10000000,164,0
7339377213029962,thread,0,account_worker,75,6590000000,9850000000,0,98
7339377213029962,thread,0,trader_callback,72,2910000000,13550000000,0,255
7339377213029962,thread,0,trace_writer,73,3080000000,13350000000,2,192
7339377213029962,thread,0,latency_writer,74,3000000000,13440000000,0,216
7339377313391403,process,-1,process,71,15740000000,50610000000,16421,5
7339377313391403,thread,-1,producer,71,10000000,70000000,16421,5
7339377313391403,thread,-1,sampler,76,30000000,10000000,165,0
7339377313391403,thread,0,account_worker,75,6630000000,9910000000,0,98
7339377313391403,thread,0,trader_callback,72,2910000000,13640000000,0,256
7339377313391403,thread,0,trace_writer,73,3100000000,13430000000,2,192
7339377313391403,thread,0,latency_writer,74,3030000000,13510000000,0,216
7339377413689140,process,-1,process,71,15820000000,50920000000,16514,5
7339377413689140,thread,-1,producer,71,10000000,70000000,16514,5
7339377413689140,thread,-1,sampler,76,30000000,10000000,166,0
7339377413689140,thread,0,account_worker,75,6680000000,9970000000,0,98
7339377413689140,thread,0,trader_callback,72,2920000000,13730000000,0,257
7339377413689140,thread,0,trace_writer,73,3120000000,13520000000,2,192
7339377413689140,thread,0,latency_writer,74,3040000000,13600000000,0,216
7339377514026146,process,-1,process,71,15920000000,51220000000,16611,5
7339377514026146,thread,-1,producer,71,10000000,80000000,16611,5
7339377514026146,thread,-1,sampler,76,30000000,10000000,167,0
7339377514026146,thread,0,account_worker,75,6720000000,10030000000,0,98
7339377514026146,thread,0,trader_callback,72,2950000000,13810000000,0,257
7339377514026146,thread,0,trace_writer,73,3130000000,13600000000,2,192
7339377514026146,thread,0,latency_writer,74,3060000000,13680000000,0,217
7339377614307619,process,-1,process,71,16020000000,51530000000,16704,5
7339377614307619,thread,-1,producer,71,10000000,80000000,16704,5
7339377614307619,thread,-1,sampler,76,30000000,10000000,168,0
7339377614307619,thread,0,account_worker,75,6760000000,10080000000,0,98
7339377614307619,thread,0,trader_callback,72,2970000000,13880000000,0,258
7339377614307619,thread,0,trace_writer,73,3140000000,13690000000,2,192
7339377614307619,thread,0,latency_writer,74,3080000000,13760000000,0,217
7339377714656810,process,-1,process,71,16110000000,51840000000,16797,5
7339377714656810,thread,-1,producer,71,10000000,80000000,16797,5
7339377714656810,thread,-1,sampler,76,30000000,10000000,169,0
7339377714656810,thread,0,account_worker,75,6800000000,10150000000,0,98
7339377714656810,thread,0,trader_callback,72,3000000000,13960000000,0,262
7339377714656810,thread,0,trace_writer,73,3160000000,13780000000,2,192
7339377714656810,thread,0,latency_writer,74,3100000000,13840000000,0,218
7339377814938635,process,-1,process,71,16210000000,52150000000,16892,5
7339377814938635,thread,-1,producer,71,10000000,80000000,16892,5
7339377814938635,thread,-1,sampler,76,30000000,10000000,170,0
7339377814938635,thread,0,account_worker,75,6840000000,10210000000,0,98
7339377814938635,thread,0,trader_callback,72,3000000000,14050000000,0,262
7339377814938635,thread,0,trace_writer,73,3180000000,13850000000,2,192
7339377814938635,thread,0,latency_writer,74,3110000000,13930000000,0,218
7339377915280945,process,-1,process,71,16330000000,52420000000,16989,5
7339377915280945,thread,-1,producer,71,10000000,80000000,16989,5
7339377915280945,thread,-1,sampler,76,30000000,10000000,171,0
7339377915280945,thread,0,account_worker,75,6890000000,10260000000,0,98
7339377915280945,thread,0,trader_callback,72,3020000000,14140000000,0,262
7339377915280945,thread,0,trace_writer,73,3210000000,13920000000,2,192
7339377915280945,thread,0,latency_writer,74,3150000000,13990000000,0,218
7339378015575907,process,-1,process,71,16420000000,52740000000,17085,5
7339378015575907,thread,-1,producer,71,10000000,80000000,17085,5
7339378015575907,thread,-1,sampler,76,30000000,10000000,172,0
7339378015575907,thread,0,account_worker,75,6910000000,10340000000,0,99
7339378015575907,thread,0,trader_callback,72,3040000000,14220000000,0,266
7339378015575907,thread,0,trace_writer,73,3230000000,14000000000,2,193
7339378015575907,thread,0,latency_writer,74,3170000000,14070000000,0,219
7339378116044348,process,-1,process,71,16520000000,53040000000,17165,5
7339378116044348,thread,-1,producer,71,10000000,80000000,17165,5
7339378116044348,thread,-1,sampler,76,30000000,10000000,173,0
7339378116044348,thread,0,account_worker,75,6970000000,10380000000,0,99
7339378116044348,thread,0,trader_callback,72,3040000000,14320000000,0,268
7339378116044348,thread,0,trace_writer,73,3250000000,14080000000,2,193
7339378116044348,thread,0,latency_writer,74,3200000000,14140000000,0,220
7339378220130037,process,-1,process,71,16620000000,53360000000,17254,5
7339378220130037,thread,-1,producer,71,10000000,80000000,17254,5
7339378220130037,thread,-1,sampler,76,30000000,10000000,174,0
7339378220130037,thread,0,account_worker,75,7010000000,10440000000,0,99
7339378220130037,thread,0,trader_callback,72,3070000000,14390000000,0,269
7339378220130037,thread,0,trace_writer,73,3250000000,14190000000,2,193
7339378220130037,thread,0,latency_writer,74,3210000000,14230000000,0,221
7339378320478660,process,-1,process,71,16730000000,53640000000,17354,5
7339378320478660,thread,-1,producer,71,10000000,80000000,17354,5
7339378320478660,thread,-1,sampler,76,30000000,10000000,175,0
7339378320478660,thread,0,account_worker,75,7050000000,10510000000,0,99
7339378320478660,thread,0,trader_callback,72,3100000000,14460000000,0,274
7339378320478660,thread,0,trace_writer,73,3280000000,14260000000,2,194
7339378320478660,thread,0,latency_writer,74,3250000000,14300000000,0,222
7339378420765109,process,-1,process,71,16830000000,53950000000,17453,5
7339378420765109,thread,-1,producer,71,10000000,80000000,17453,5
7339378420765109,thread,-1,sampler,76,30000000,10000000,176,0
7339378420765109,thread,0,account_worker,75,7090000000,10560000000,0,99
7339378420765109,thread,0,trader_callback,72,3120000000,14540000000,0,274
7339378420765109,thread,0,trace_writer,73,3280000000,14360000000,2,194
7339378420765109,thread,0,latency_writer,74,3270000000,14380000000,0,224
7339378521051116,process,-1,process,71,16930000000,54250000000,17554,5
7339378521051116,thread,-1,producer,71,10000000,80000000,17554,5
7339378521051116,thread,-1,sampler,76,30000000,10000000,177,0
7339378521051116,thread,0,account_worker,75,7140000000,10610000000,0,99
7339378521051116,thread,0,trader_callback,72,3140000000,14620000000,0,274
7339378521051116,thread,0,trace_writer,73,3300000000,14440000000,2,194
7339378521051116,thread,0,latency_writer,74,3280000000,14460000000,0,225
7339378621338763,process,-1,process,71,17010000000,54570000000,17654,5
7339378621338763,thread,-1,producer,71,10000000,80000000,17654,5
7339378621338763,thread,-1,sampler,76,30000000,10000000,178,0
7339378621338763,thread,0,account_worker,75,7190000000,10670000000,0,99
7339378621338763,thread,0,trader_callback,72,3150000000,14710000000,0,277
7339378621338763,thread,0,trace_writer,73,3310000000,14530000000,2,194
7339378621338763,thread,0,latency_writer,74,3300000000,14550000000,0,225
7339378721626483,process,-1,process,71,17100000000,54880000000,17754,5
7339378721626483,thread,-1,producer,71,10000000,80000000,17754,5
7339378721626483,thread,-1,sampler,76,30000000,10000000,179,0
7339378721626483,thread,0,account_worker,75,7220000000,10730000000,0,99
7339378721626483,thread,0,trader_callback,72,3170000000,14790000000,0,278
7339378721626483,thread,0,trace_writer,73,3320000000,14620000000,2,194
7339378721626483,thread,0,latency_writer,74,3320000000,14620000000,0,225
7339378821969129,process,-1,process,71,17190000000,55200000000,17855,5
7339378821969129,thread,-1,producer,71,10000000,80000000,17855,5
7339378821969129,thread,-1,sampler,76,30000000,10000000,180,0
7339378821969129,thread,0,account_worker,75,7260000000,10800000000,0,110
7339378821969129,thread,0,trader_callback,72,3190000000,14870000000,0,289
7339378821969129,thread,0,trace_writer,73,3330000000,14710000000,2,205
7339378821969129,thread,0,latency_writer,74,3340000000,14710000000,0,236
7339378922441354,process,-1,process,71,17290000000,55500000000,17955,5
7339378922441354,thread,-1,producer,71,10000000,80000000,17955,5
7339378922441354,thread,-1,sampler,76,30000000,10000000,181,0
7339378922441354,thread,0,account_worker,75,7300000000,10860000000,0,111
7339378922441354,thread,0,trader_callback,72,3220000000,14940000000,0,289
7339378922441354,thread,0,trace_writer,73,3340000000,14800000000,2,206
7339378922441354,thread,0,latency_writer,74,3370000000,14780000000,0,237
7339379022706340,process,-1,process,71,17370000000,55820000000,18054,5
7339379022706340,thread,-1,producer,71,10000000,80000000,18054,5
7339379022706340,thread,-1,sampler,76,30000000,10000000,182,0
7339379022706340,thread,0,account_worker,75,7330000000,10920000000,0,112
7339379022706340,thread,0,trader_callback,72,3240000000,15030000000,0,290
7339379022706340,thread,0,trace_writer,73,3350000000,14890000000,2,207
7339379022706340,thread,0,latency_writer,74,3380000000,14870000000,0,238
7339379123002509,process,-1,process,71,17470000000,56120000000,18154,5
7339379123002509,thread,-1,producer,71,10000000,80000000,18155,5
7339379123002509,thread,-1,sampler,76,30000000,10000000,183,0
7339379123002509,thread,0,account_worker,75,7380000000,10980000000,0,113
7339379123002509,thread,0,trader_callback,72,3260000000,15110000000,0,290
7339379123002509,thread,0,trace_writer,73,3370000000,14970000000,2,207
7339379123002509,thread,0,latency_writer,74,3390000000,14950000000,0,239
7339379223321332,process,-1,process,71,17550000000,56450000000,18255,5
7339379223321332,thread,-1,producer,71,10000000,80000000,18255,5
7339379223321332,thread,-1,sampler,76,30000000,10000000,184,0
7339379223321332,thread,0,account_worker,75,7400000000,11060000000,0,115
7339379223321332,thread,0,trader_callback,72,3280000000,15190000000,0,293
7339379223321332,thread,0,trace_writer,73,3400000000,15040000000,2,208
7339379223321332,thread,0,latency_writer,74,3410000000,15040000000,0,241
7339379323596487,process,-1,process,71,17630000000,56760000000,18355,5
7339379323596487,thread,-1,producer,71,10000000,80000000,18355,5
7339379323596487,thread,-1,sampler,76,30000000,10000000,185,0
7339379323596487,thread,0,account_worker,75,7440000000,11120000000,0,115
7339379323596487,thread,0,trader_callback,72,3290000000,15280000000,0,295
7339379323596487,thread,0,trace_writer,73,3420000000,15120000000,2,208
7339379323596487,thread,0,latency_writer,74,3420000000,15130000000,0,241
7339379423889183,process,-1,process,71,17750000000,57040000000,18455,5
7339379423889183,thread,-1,producer,71,10000000,80000000,18455,5
7339379423889183,thread,-1,sampler,76,30000000,10000000,186,0
7339379423889183,thread,0,account_worker,75,7490000000,11170000000,0,115
7339379423889183,thread,0,trader_callback,72,3310000000,15350000000,0,295
7339379423889183,thread,0,trace_writer,73,3440000000,15200000000,2,208
7339379423889183,thread,0,latency_writer,74,3450000000,15200000000,0,241
7339379524184818,process,-1,process,71,17840000000,57360000000,18556,5
7339379524184818,thread,-1,producer,71,10000000,80000000,18556,5
7339379524184818,thread,-1,sampler,76,30000000,10000000,187,0
7339379524184818,thread,0,account_worker,75,7530000000,11230000000,0,115
7339379524184818,thread,0,trader_callback,72,3330000000,15440000000,0,299
7339379524184818,thread,0,trace_writer,73,3460000000,15290000000,2,208
7339379524184818,thread,0,latency_writer,74,3450000000,15300000000,0,243
7339379624472325,process,-1,process,71,17920000000,57680000000,18656,5
7339379624472325,thread,-1,producer,71,10000000,80000000,18656,5
7339379624472325,thread,-1,sampler,76,30000000,10000000,188,0
7339379624472325,thread,0,account_worker,75,7550000000,11300000000,0,115
7339379624472325,thread,0,trader_callback,72,3340000000,15530000000,0,299
7339379624472325,thread,0,trace_writer,73,3470000000,15370000000,2,208
7339379624472325,thread,0,latency_writer,74,3480000000,15370000000,0,244
7339379724773396,process,-1,process,71,18010000000,57990000000,18756,5
7339379724773396,thread,-1,producer,71,10000000,80000000,18756,5
7339379724773396,thread,-1,sampler,76,30000000,10000000,189,0
7339379724773396,thread,0,account_worker,75,7600000000,11350000000,0,115
7339379724773396,thread,0,trader_callback,72,3360000000,15610000000,0,303
7339379724773396,thread,0,trace_writer,73,3480000000,15460000000,2,208
7339379724773396,thread,0,latency_writer,74,3500000000,15450000000,0,245
7339379825121928,process,-1,process,71,18110000000,58290000000,18857,5
7339379825121928,thread,-1,producer,71,10000000,80000000,18857,5
7339379825121928,thread,-1,sampler,76,30000000,10000000,190,0
7339379825121928,thread,0,account_worker,75,7630000000,11420000000,0,116
7339379825121928,thread,0,trader_callback,72,3390000000,15680000000,0,304
7339379825121928,thread,0,trace_writer,73,3500000000,15540000000,2,208
7339379825121928,thread,0,latency_writer,74,3520000000,15530000000,0,245
7339379925426561,process,-1,process,71,18190000000,58620000000,18957,5
7339379925426561,thread,-1,producer,71,10000000,80000000,18957,5
7339379925426561,thread,-1,sampler,76,30000000,10000000,191,0
7339379925426561,thread,0,account_worker,75,7660000000,11490000000,0,116
7339379925426561,thread,0,trader_callback,72,3400000000,15770000000,0,304
7339379925426561,thread,0,trace_writer,73,3530000000,15610000000,2,209
7339379925426561,thread,0,latency_writer,74,3530000000,15620000000,0,245
7339380025699803,process,-1,process,71,18290000000,58920000000,19057,5
7339380025699803,thread,-1,producer,71,10000000,80000000,19057,5
7339380025699803,thread,-1,sampler,76,30000000,10000000,192,0
7339380025699803,thread,0,account_worker,75,7700000000,11550000000,0,117
7339380025699803,thread,0,trader_callback,72,3420000000,15850000000,0,304
7339380025699803,thread,0,trace_writer,73,3550000000,15700000000,2,210
7339380025699803,thread,0,latency_writer,74,3550000000,15700000000,0,246
7339380125976927,process,-1,process,71,18410000000,59200000000,19157,5
7339380125976927,thread,-1,producer,71,10000000,90000000,19157,5
7339380125976927,thread,-1,sampler,76,30000000,10000000,193,0
7339380125976927,thread,0,account_worker,75,7760000000,11590000000,0,117
7339380125976927,thread,0,trader_callback,72,3430000000,15940000000,0,308
7339380125976927,thread,0,trace_writer,73,3570000000,15770000000,2,210
7339380125976927,thread,0,latency_writer,74,3570000000,15780000000,0,247
7339380226264095,process,-1,process,71,18500000000,59520000000,19258,5
7339380226264095,thread,-1,producer,71,10000000,90000000,19258,5
7339380226264095,thread,-1,sampler,76,30000000,10000000,194,0
7339380226264095,thread,0,account_worker,75,7800000000,11660000000,0,117
7339380226264095,thread,0,trader_callback,72,3450000000,16020000000,0,309
7339380226264095,thread,0,trace_writer,73,3580000000,15860000000,2,210
7339380226264095,thread,0,latency_writer,74,3590000000,15860000000,0,249
7339380326547517,process,-1,process,71,18570000000,59840000000,19358,5
7339380326547517,thread,-1,producer,71,10000000,90000000,19358,5
7339380326547517,thread,-1,sampler,76,30000000,10000000,195,0
7339380326547517,thread,0,account_worker,75,7830000000,11730000000,0,117
7339380326547517,thread,0,trader_callback,72,3480000000,16080000000,0,313
7339380326547517,thread,0,trace_writer,73,3600000000,15950000000,2,211
7339380326547517,thread,0,latency_writer,74,3590000000,15960000000,0,250
7339380426828894,process,-1,process,71,18650000000,60170000000,19458,5
7339380426828894,thread,-1,producer,71,10000000,90000000,19458,5
7339380426828894,thread,-1,sampler,76,30000000,10000000,196,0
7339380426828894,thread,0,account_worker,75,7860000000,11800000000,0,117
7339380426828894,thread,0,trader_callback,72,3490000000,16170000000,0,313
7339380426828894,thread,0,trace_writer,73,3610000000,16030000000,2,211
7339380426828894,thread,0,latency_writer,74,3610000000,16050000000,0,252
7339380527155648,process,-1,process,71,18730000000,60480000000,19559,5
7339380527155648,thread,-1,producer,71,10000000,90000000,19559,5
7339380527155648,thread,-1,sampler,76,30000000,10000000,197,0
7339380527155648,thread,0,account_worker,75,7900000000,11860000000,0,117
7339380527155648,thread,0,trader_callback,72,3510000000,16260000000,0,317
7339380527155648,thread,0,trace_writer,73,3630000000,16120000000,2,211
7339380527155648,thread,0,latency_writer,74,3620000000,16130000000,0,253
7339380627448665,process,-1,process,71,18830000000,60780000000,19659,5
7339380627448665,thread,-1,producer,71,10000000,90000000,19659,5
7339380627448665,thread,-1,sampler,76,30000000,10000000,198,0
7339380627448665,thread,0,account_worker,75,7940000000,11920000000,0,117
7339380627448665,thread,0,trader_callback,72,3530000000,16340000000,0,317
7339380627448665,thread,0,trace_writer,73,3650000000,16200000000,2,211
7339380627448665,thread,0,latency_writer,74,3650000000,16210000000,0,254
7339380727758045,process,-1,process,71,18950000000,61070000000,19759,5
7339380727758045,thread,-1,producer,71,10000000,90000000,19759,5
7339380727758045,thread,-1,sampler,76,40000000,10000000,199,0
7339380727758045,thread,0,account_worker,75,7970000000,11990000000,0,117
7339380727758045,thread,0,trader_callback,72,3560000000,16410000000,0,322
7339380727758045,thread,0,trace_writer,73,3670000000,16270000000,2,211
7339380727758045,thread,0,latency_writer,74,3670000000,16290000000,0,254
7339380828029308,process,-1,process,71,19040000000,61380000000,19860,5
7339380828029308,thread,-1,producer,71,10000000,90000000,19860,5
7339380828029308,thread,-1,sampler,76,40000000,10000000,200,0
7339380828029308,thread,0,account_worker,75,8020000000,12040000000,0,117
7339380828029308,thread,0,trader_callback,72,3590000000,16480000000,0,322
7339380828029308,thread,0,trace_writer,73,3690000000,16360000000,2,211
7339380828029308,thread,0,latency_writer,74,3670000000,16380000000,0,254
7339380928311404,process,-1,process,71,19130000000,61690000000,19960,5
7339380928311404,thread,-1,producer,71,10000000,90000000,19960,5
7339380928311404,thread,-1,sampler,76,40000000,10000000,201,0
7339380928311404,thread,0,account_worker,75,8050000000,12110000000,0,117
7339380928311404,thread,0,trader_callback,72,3610000000,16560000000,0,325
7339380928311404,thread,0,trace_writer,73,3700000000,16450000000,2,211
7339380928311404,thread,0,latency_writer,74,3700000000,16460000000,0,254
7339381028602801,process,-1,process,71,19220000000,62000000000,20060,5
7339381028602801,thread,-1,producer,71,10000000,90000000,20060,5
7339381028602801,thread,-1,sampler,76,40000000,10000000,202,0
7339381028602801,thread,0,account_worker,75,8100000000,12160000000,0,118
7339381028602801,thread,0,trader_callback,72,3620000000,16650000000,0,327
7339381028602801,thread,0,trace_writer,73,3720000000,16530000000,2,212
7339381028602801,thread,0,latency_writer,74,3710000000,16540000000,0,255
7339381128883059,process,-1,process,71,19320000000,62300000000,20160,5
7339381128883059,thread,-1,producer,71,10000000,90000000,20160,5
7339381128883059,thread,-1,sampler,76,40000000,10000000,203,0
7339381128883059,thread,0,account_worker,75,8150000000,12210000000,0,119
7339381128883059,thread,0,trader_callback,72,3630000000,16730000000,0,328
7339381128883059,thread,0,trace_writer,73,3730000000,16620000000,2,212
7339381128883059,thread,0,latency_writer,74,3740000000,16620000000,0,256
7339381229156403,process,-1,process,71,19380000000,62640000000,20261,5
7339381229156403,thread,-1,producer,71,10000000,90000000,20261,5
7339381229156403,thread,-1,sampler,76,40000000,10000000,204,0
7339381229156403,thread,0,account_worker,75,8180000000,12280000000,0,120
7339381229156403,thread,0,trader_callback,72,3640000000,16830000000,0,331
7339381229156403,thread,0,trace_writer,73,3730000000,16710000000,2,212
7339381229156403,thread,0,latency_writer,74,3760000000,16700000000,0,256
7339381329439521,process,-1,process,71,19450000000,62980000000,20361,5
7339381329439521,thread,-1,producer,71,10000000,90000000,20361,5
7339381329439521,thread,-1,sampler,76,40000000,10000000,205,0
7339381329439521,thread,0,account_worker,75,8210000000,12350000000,0,120
7339381329439521,thread,0,trader_callback,72,3650000000,16910000000,0,332
7339381329439521,thread,0,trace_writer,73,3740000000,16810000000,2,212
7339381329439521,thread,0,latency_writer,74,3770000000,16780000000,0,256
7339381429717569,process,-1,process,71,19570000000,63270000000,20461,5
7339381429717569,thread,-1,producer,71,10000000,90000000,20461,5
7339381429717569,thread,-1,sampler,76,40000000,10000000,206,0
7339381429717569,thread,0,account_worker,75,8250000000,12410000000,0,120
7339381429717569,thread,0,trader_callback,72,3690000000,16980000000,0,335
7339381429717569,thread,0,trace_writer,73,3760000000,16890000000,2,212
7339381429717569,thread,0,latency_writer,74,3790000000,16870000000,0,257
7339381529999802,process,-1,process,71,19670000000,63570000000,20561,5
7339381529999802,thread,-1,producer,71,10000000,90000000,20562,5
7339381529999802,thread,-1,sampler,76,40000000,10000000,207,0
7339381529999802,thread,0,account_worker,75,8290000000,12470000000,0,120
7339381529999802,thread,0,trader_callback,72,3710000000,17060000000,0,336
7339381529999802,thread,0,trace_writer,73,3780000000,16970000000,2,212
7339381529999802,thread,0,latency_writer,74,3810000000,16950000000,0,259
7339381630298913,process,-1,process,71,19780000000,63860000000,20662,5
7339381630298913,thread,-1,producer,71,10000000,90000000,20662,5
7339381630298913,thread,-1,sampler,76,40000000,10000000,208,0
7339381630298913,thread,0,account_worker,75,8350000000,12510000000,0,120
7339381630298913,thread,0,trader_callback,72,3730000000,17140000000,0,339
7339381630298913,thread,0,trace_writer,73,3800000000,17050000000,2,212
7339381630298913,thread,0,latency_writer,74,3830000000,17020000000,0,259
7339381730576658,process,-1,process,71,19880000000,64150000000,20762,5
7339381730576658,thread,-1,producer,71,10000000,90000000,20762,5
7339381730576658,thread,-1,sampler,76,40000000,10000000,209,0
7339381730576658,thread,0,account_worker,75,8400000000,12560000000,0,120
7339381730576658,thread,0,trader_callback,72,3740000000,17230000000,0,340
7339381730576658,thread,0,trace_writer,73,3810000000,17140000000,2,212
7339381730576658,thread,0,latency_writer,74,3860000000,17100000000,0,260
7339381830852484,process,-1,process,71,19990000000,64440000000,20862,5
7339381830852484,thread,-1,producer,71,10000000,90000000,20862,5
7339381830852484,thread,-1,sampler,76,40000000,10000000,210,0
7339381830852484,thread,0,account_worker,75,8440000000,12620000000,0,121
7339381830852484,thread,0,trader_callback,72,3750000000,17320000000,0,343
7339381830852484,thread,0,trace_writer,73,3840000000,17200000000,2,213
7339381830852484,thread,0,latency_writer,74,3880000000,17180000000,0,261
7339381931191149,process,-1,process,71,20120000000,64730000000,20963,5
7339381931191149,thread,-1,producer,71,10000000,90000000,20963,5
7339381931191149,thread,-1,sampler,76,40000000,10000000,211,0
7339381931191149,thread,0,account_worker,75,8480000000,12680000000,0,121
7339381931191149,thread,0,trader_callback,72,3780000000,17390000000,0,344
7339381931191149,thread,0,trace_writer,73,3870000000,17280000000,2,213
7339381931191149,thread,0,latency_writer,74,3910000000,17250000000,0,261
7339382031514309,process,-1,process,71,20230000000,65010000000,21063,5
7339382031514309,thread,-1,producer,71,10000000,90000000,21063,5
7339382031514309,thread,-1,sampler,76,40000000,10000000,212,0
7339382031514309,thread,0,account_worker,75,8520000000,12740000000,0,122
7339382031514309,thread,0,trader_callback,72,3820000000,17450000000,0,347
7339382031514309,thread,0,trace_writer,73,3880000000,17360000000,2,214
7339382031514309,thread,0,latency_writer,74,3930000000,17330000000,0,262
7339382131813340,process,-1,process,71,20350000000,65300000000,21163,5
7339382131813340,thread,-1,producer,71,10000000,90000000,21163,5
7339382131813340,thread,-1,sampler,76,40000000,10000000,213,0
7339382131813340,thread,0,account_worker,75,8560000000,12810000000,0,122
7339382131813340,thread,0,trader_callback,72,3830000000,17540000000,0,348
7339382131813340,thread,0,trace_writer,73,3920000000,17430000000,2,214
7339382131813340,thread,0,latency_writer,74,3970000000,17390000000,0,263
7339382232112192,process,-1,process,71,20440000000,65610000000,21264,5
7339382232112192,thread,-1,producer,71,10000000,90000000,21264,5
7339382232112192,thread,-1,sampler,76,40000000,10000000,214,0
7339382232112192,thread,0,account_worker,75,8600000000,12860000000,0,122
7339382232112192,thread,0,trader_callback,72,3850000000,17620000000,0,352
7339382232112192,thread,0,trace_writer,73,3930000000,17520000000,2,214
7339382232112192,thread,0,latency_writer,74,3980000000,17480000000,0,264
7339382332385379,process,-1,process,71,20540000000,65910000000,21364,5
7339382332385379,thread,-1,producer,71,10000000,90000000,21364,5
7339382332385379,thread,-1,sampler,76,40000000,10000000,215,0
7339382332385379,thread,0,account_worker,75,8660000000,12910000000,0,122
7339382332385379,thread,0,trader_callback,72,3870000000,17700000000,0,352
7339382332385379,thread,0,trace_writer,73,3940000000,17610000000,2,215
7339382332385379,thread,0,latency_writer,74,3990000000,17560000000,0,265
7339382432658293,process,-1,process,71,20600000000,66250000000,21464,5
7339382432658293,thread,-1,producer,71,10000000,90000000,21464,5
7339382432658293,thread,-1,sampler,76,40000000,10000000,216,0
7339382432658293,thread,0,account_worker,75,8690000000,12980000000,0,122
7339382432658293,thread,0,trader_callback,72,3880000000,17790000000,0,357
7339382432658293,thread,0,trace_writer,73,3950000000,17700000000,2,215
7339382432658293,thread,0,latency_writer,74,4010000000,17650000000,0,267
7339382532931843,process,-1,process,71,20650000000,66600000000,21564,5
7339382532931843,thread,-1,producer,71,10000000,90000000,21564,5
7339382532931843,thread,-1,sampler,76,40000000,10000000,217,0
7339382532931843,thread,0,account_worker,75,8710000000,13050000000,0,122
7339382532931843,thread,0,trader_callback,72,3890000000,17880000000,0,359
7339382532931843,thread,0,trace_writer,73,3960000000,17790000000,2,215
7339382532931843,thread,0,latency_writer,74,4010000000,17750000000,0,268
7339382633225413,process,-1,process,71,20740000000,66910000000,21665,5
7339382633225413,thread,-1,producer,71,10000000,90000000,21665,5
7339382633225413,thread,-1,sampler,76,40000000,10000000,218,0
7339382633225413,thread,0,account_worker,75,8750000000,13110000000,0,124
7339382633225413,thread,0,trader_callback,72,3920000000,17950000000,0,362
7339382633225413,thread,0,trace_writer,73,3960000000,17890000000,2,217
7339382633225413,thread,0,latency_writer,74,4030000000,17830000000,0,270
7339382733505340,process,-1,process,71,20830000000,67220000000,21765,5
7339382733505340,thread,-1,producer,71,10000000,90000000,21765,5
7339382733505340,thread,-1,sampler,76,40000000,10000000,219,0
7339382733505340,thread,0,account_worker,75,8790000000,13170000000,0,124
7339382733505340,thread,0,trader_callback,72,3930000000,18050000000,0,367
7339382733505340,thread,0,trace_writer,73,3990000000,17960000000,2,217
7339382733505340,thread,0,latency_writer,74,4050000000,17910000000,0,273
7339382833781253,process,-1,process,71,20940000000,67510000000,21865,5
7339382833781253,thread,-1,producer,71,10000000,90000000,21865,5
7339382833781253,thread,-1,sampler,76,40000000,10000000,220,0
7339382833781253,thread,0,account_worker,75,8830000000,13230000000,0,124
7339382833781253,thread,0,trader_callback,72,3940000000,18130000000,0,372
7339382833781253,thread,0,trace_writer,73,4000000000,18050000000,2,217
7339382833781253,thread,0,latency_writer,74,4080000000,17980000000,0,274
7339382934081671,process,-1,process,71,21010000000,67850000000,21966,5
7339382934081671,thread,-1,producer,71,10000000,90000000,21966,5
7339382934081671,thread,-1,sampler,76,40000000,10000000,221,0
7339382934081671,thread,0,account_worker,75,8850000000,13310000000,0,124
7339382934081671,thread,0,trader_callback,72,3960000000,18210000000,0,373
7339382934081671,thread,0,trace_writer,73,4020000000,18140000000,2,217
7339382934081671,thread,0,latency_writer,74,4110000000,18050000000,0,275
7339383034355763,process,-1,process,71,21120000000,68140000000,22066,5
7339383034355763,thread,-1,producer,71,10000000,90000000,22066,5
7339383034355763,thread,-1,sampler,76,40000000,10000000,222,0
7339383034355763,thread,0,account_worker,75,8900000000,13360000000,0,125
7339383034355763,thread,0,trader_callback,72,3970000000,18300000000,0,375
7339383034355763,thread,0,trace_writer,73,4030000000,18220000000,2,218
7339383034355763,thread,0,latency_writer,74,4130000000,18120000000,0,276
7339383134623014,process,-1,process,71,21210000000,68450000000,22166,5
7339383134623014,thread,-1,producer,71,10000000,90000000,22166,5
7339383134623014,thread,-1,sampler,76,40000000,10000000,223,0
7339383134623014,thread,0,account_worker,75,8930000000,13440000000,0,127
7339383134623014,thread,0,trader_callback,72,4000000000,18380000000,0,376
7339383134623014,thread,0,trace_writer,73,4040000000,18310000000,2,219
7339383134623014,thread,0,latency_writer,74,4160000000,18200000000,0,278
7339383234908632,process,-1,process,71,21330000000,68730000000,22266,5
7339383234908632,thread,-1,producer,71,20000000,100000000,22266,5
7339383234908632,thread,-1,sampler,76,40000000,10000000,224,0
7339383234908632,thread,0,account_worker,75,8990000000,13480000000,0,128
7339383234908632,thread,0,trader_callback,72,4020000000,18450000000,0,377
7339383234908632,thread,0,trace_writer,73,4060000000,18400000000,2,219
7339383234908632,thread,0,latency_writer,74,4180000000,18280000000,0,281
7339383335218940,process,-1,process,71,21410000000,69050000000,22367,5
7339383335218940,thread,-1,producer,71,20000000,100000000,22367,5
7339383335218940,thread,-1,sampler,76,40000000,10000000,225,1
7339383335218940,thread,0,account_worker,75,9040000000,13530000000,0,128
7339383335218940,thread,0,trader_callback,72,4030000000,18550000000,0,379
7339383335218940,thread,0,trace_writer,73,4080000000,18470000000,2,219
7339383335218940,thread,0,latency_writer,74,4190000000,18370000000,0,283
7339383435498747,process,-1,process,71,21520000000,69340000000,22467,5
7339383435498747,thread,-1,producer,71,20000000,100000000,22467,5
7339383435498747,thread,-1,sampler,76,40000000,10000000,226,1
7339383435498747,thread,0,account_worker,75,9080000000,13590000000,0,128
7339383435498747,thread,0,trader_callback,72,4050000000,18620000000,0,381
7339383435498747,thread,0,trace_writer,73,4100000000,18560000000,2,219
7339383435498747,thread,0,latency_writer,74,4220000000,18440000000,0,284
7339383535842064,process,-1,process,71,21600000000,69670000000,22566,7
7339383535842064,thread,-1,producer,71,20000000,100000000,22566,7
7339383535842064,thread,-1,sampler,76,40000000,10000000,227,1
7339383535842064,thread,0,account_worker,75,9120000000,13650000000,0,128
7339383535842064,thread,0,trader_callback,72,4070000000,18710000000,0,383
7339383535842064,thread,0,trace_writer,73,4100000000,18650000000,2,219
7339383535842064,thread,0,latency_writer,74,4230000000,18530000000,0,286
7339383636137746,process,-1,process,71,21680000000,69990000000,22667,7
7339383636137746,thread,-1,producer,71,20000000,100000000,22667,7
7339383636137746,thread,-1,sampler,76,40000000,10000000,228,1
7339383636137746,thread,0,account_worker,75,9140000000,13730000000,0,128
7339383636137746,thread,0,trader_callback,72,4090000000,18780000000,0,388
7339383636137746,thread,0,trace_writer,73,4120000000,18730000000,2,219
7339383636137746,thread,0,latency_writer,74,4240000000,18620000000,0,294
7339383736422890,process,-1,process,71,21760000000,70310000000,22767,7
7339383736422890,thread,-1,producer,71,20000000,100000000,22767,7
7339383736422890,thread,-1,sampler,76,40000000,10000000,229,1
7339383736422890,thread,0,account_worker,75,9180000000,13790000000,0,129
7339383736422890,thread,0,trader_callback,72,4100000000,18870000000,0,389
7339383736422890,thread,0,trace_writer,73,4140000000,18810000000,2,219
7339383736422890,thread,0,latency_writer,74,4250000000,18710000000,0,295
7339383836777244,process,-1,process,71,21870000000,70600000000,22867,7
7339383836777244,thread,-1,producer,71,20000000,100000000,22867,7
7339383836777244,thread,-1,sampler,76,40000000,10000000,230,1
7339383836777244,thread,0,account_worker,75,9210000000,13860000000,0,138
7339383836777244,thread,0,trader_callback,72,4130000000,18950000000,0,399
7339383836777244,thread,0,trace_writer,73,4170000000,18890000000,2,228
7339383836777244,thread,0,latency_writer,74,4280000000,18780000000,0,304
7339383937103836,process,-1,process,71,21980000000,70890000000,22968,7
7339383937103836,thread,-1,producer,71,20000000,100000000,22968,7
7339383937103836,thread,-1,sampler,76,40000000,10000000,231,1
7339383937103836,thread,0,account_worker,75,9250000000,13910000000,0,138
7339383937103836,thread,0,trader_callback,72,4160000000,19020000000,0,399
7339383937103836,thread,0,trace_writer,73,4180000000,18970000000,2,229
7339383937103836,thread,0,latency_writer,74,4300000000,18860000000,0,304
7339384037374044,process,-1,process,71,22050000000,71230000000,23068,7
7339384037374044,thread,-1,producer,71,20000000,100000000,23068,7
7339384037374044,thread,-1,sampler,76,40000000,10000000,232,1
7339384037374044,thread,0,account_worker,75,9270000000,13990000000,0,139
7339384037374044,thread,0,trader_callback,72,4170000000,19110000000,0,400
7339384037374044,thread,0,trace_writer,73,4190000000,19060000000,2,230
7339384037374044,thread,0,latency_writer,74,4330000000,18930000000,0,305
7339384137663087,process,-1,process,71,22150000000,71520000000,23168,7
7339384137663087,thread,-1,producer,71,20000000,100000000,23168,7
7339384137663087,thread,-1,sampler,76,40000000,10000000,233,1
7339384137663087,thread,0,account_worker,75,9320000000,14050000000,0,139
7339384137663087,thread,0,trader_callback,72,4190000000,19190000000,0,400
7339384137663087,thread,0,trace_writer,73,4220000000,19140000000,2,230
7339384137663087,thread,0,latency_writer,74,4350000000,19010000000,0,306
7339384237995522,process,-1,process,71,22230000000,71840000000,23269,7
7339384237995522,thread,-1,producer,71,20000000,100000000,23269,7
7339384237995522,thread,-1,sampler,76,40000000,10000000,234,1
7339384237995522,thread,0,account_worker,75,9350000000,14110000000,0,139
7339384237995522,thread,0,trader_callback,72,4200000000,19270000000,0,401
7339384237995522,thread,0,trace_writer,73,4230000000,19230000000,2,230
7339384237995522,thread,0,latency_writer,74,4370000000,19100000000,0,306
7339384338356335,process,-1,process,71,22350000000,72130000000,23369,7
7339384338356335,thread,-1,producer,71,20000000,100000000,23369,7
7339384338356335,thread,-1,sampler,76,40000000,10000000,235,1
7339384338356335,thread,0,account_worker,75,9390000000,14180000000,0,139
7339384338356335,thread,0,trader_callback,72,4230000000,19340000000,0,402
7339384338356335,thread,0,trace_writer,73,4250000000,19310000000,2,231
7339384338356335,thread,0,latency_writer,74,4390000000,19170000000,0,307
7339384438687701,process,-1,process,71,22450000000,72430000000,23469,7
7339384438687701,thread,-1,producer,71,20000000,100000000,23469,7
7339384438687701,thread,-1,sampler,76,40000000,10000000,236,1
7339384438687701,thread,0,account_worker,75,9430000000,14240000000,0,139
7339384438687701,thread,0,trader_callback,72,4250000000,19420000000,0,402
7339384438687701,thread,0,trace_writer,73,4260000000,19400000000,2,231
7339384438687701,thread,0,latency_writer,74,4420000000,19240000000,0,308
7339384539030235,process,-1,process,71,22540000000,72750000000,23570,7
7339384539030235,thread,-1,producer,71,20000000,100000000,23570,7
7339384539030235,thread,-1,sampler,76,40000000,10000000,237,1
7339384539030235,thread,0,account_worker,75,9480000000,14290000000,0,139
7339384539030235,thread,0,trader_callback,72,4270000000,19510000000,0,403
7339384539030235,thread,0,trace_writer,73,4270000000,19480000000,2,231
7339384539030235,thread,0,latency_writer,74,4430000000,19330000000,0,310
7339384639341060,process,-1,process,71,22640000000,73050000000,23670,7
7339384639341060,thread,-1,producer,71,20000000,100000000,23670,7
7339384639341060,thread,-1,sampler,76,40000000,10000000,238,1
7339384639341060,thread,0,account_worker,75,9520000000,14350000000,0,139
7339384639341060,thread,0,trader_callback,72,4290000000,19590000000,0,403
7339384639341060,thread,0,trace_writer,73,4300000000,19560000000,2,231
7339384639341060,thread,0,latency_writer,74,4450000000,19410000000,0,310
7339384739666251,process,-1,process,71,22730000000,73360000000,23770,7
7339384739666251,thread,-1,producer,71,20000000,100000000,23770,7
7339384739666251,thread,-1,sampler,76,40000000,10000000,239,1
7339384739666251,thread,0,account_worker,75,9560000000,14410000000,0,139
7339384739666251,thread,0,trader_callback,72,4300000000,19680000000,0,404
7339384739666251,thread,0,trace_writer,73,4310000000,19650000000,2,231
7339384739666251,thread,0,latency_writer,74,4470000000,19490000000,0,311
7339384839958226,process,-1,process,71,22810000000,73680000000,23870,7
7339384839958226,thread,-1,producer,71,20000000,100000000,23870,7
7339384839958226,thread,-1,sampler,76,40000000,10000000,240,1
7339384839958226,thread,0,account_worker,75,9590000000,14490000000,0,139
7339384839958226,thread,0,trader_callback,72,4320000000,19760000000,0,406
7339384839958226,thread,0,trace_writer,73,4340000000,19720000000,2,231
7339384839958226,thread,0,latency_writer,74,4490000000,19570000000,0,311
7339384940255453,process,-1,process,71,22900000000,73990000000,23971,7
7339384940255453,thread,-1,producer,71,20000000,100000000,23971,7
7339384940255453,thread,-1,sampler,76,40000000,10000000,241,1
7339384940255453,thread,0,account_worker,75,9610000000,14560000000,0,139
7339384940255453,thread,0,trader_callback,72,4340000000,19840000000,0,406
7339384940255453,thread,0,trace_writer,73,4350000000,19810000000,2,231
7339384940255453,thread,0,latency_writer,74,4520000000,19650000000,0,311
7339385040592361,process,-1,process,71,22980000000,74310000000,24071,7
7339385040592361,thread,-1,producer,71,20000000,100000000,24071,7
7339385040592361,thread,-1,sampler,76,40000000,10000000,242,1
7339385040592361,thread,0,account_worker,75,9640000000,14630000000,0,140
7339385040592361,thread,0,trader_callback,72,4360000000,19920000000,0,410
7339385040592361,thread,0,trace_writer,73,4360000000,19900000000,2,232
7339385040592361,thread,0,latency_writer,74,4540000000,19730000000,0,312
7339385140930331,process,-1,process,71,23070000000,74630000000,24171,7
7339385140930331,thread,-1,producer,71,20000000,100000000,24171,7
7339385140930331,thread,-1,sampler,76,40000000,10000000,243,1
7339385140930331,thread,0,account_worker,75,9660000000,14710000000,0,141
7339385140930331,thread,0,trader_callback,72,4380000000,20000000000,0,412
7339385140930331,thread,0,trace_writer,73,4380000000,19980000000,2,232
7339385140930331,thread,0,latency_writer,74,4560000000,19800000000,0,313
7339385241266293,process,-1,process,71,23150000000,74940000000,24272,7
7339385241266293,thread,-1,producer,71,20000000,100000000,24272,7
7339385241266293,thread,-1,sampler,76,40000000,10000000,244,1
7339385241266293,thread,0,account_worker,75,9690000000,14780000000,0,142
7339385241266293,thread,0,trader_callback,72,4400000000,20080000000,0,415
7339385241266293,thread,0,trace_writer,73,4400000000,20060000000,2,232
7339385241266293,thread,0,latency_writer,74,4580000000,19890000000,0,313
7339385341599761,process,-1,process,71,23230000000,75270000000,24372,7
7339385341599761,thread,-1,producer,71,20000000,100000000,24372,7
7339385341599761,thread,-1,sampler,76,40000000,10000000,245,1
7339385341599761,thread,0,account_worker,75,9710000000,14860000000,0,142
7339385341599761,thread,0,trader_callback,72,4420000000,20160000000,0,416
7339385341599761,thread,0,trace_writer,73,4420000000,20140000000,2,232
7339385341599761,thread,0,latency_writer,74,4600000000,19970000000,0,314
7339385441946743,process,-1,process,71,23330000000,75570000000,24472,7
7339385441946743,thread,-1,producer,71,20000000,100000000,24472,7
7339385441946743,thread,-1,sampler,76,40000000,10000000,246,1
7339385441946743,thread,0,account_worker,75,9750000000,14920000000,0,142
7339385441946743,thread,0,trader_callback,72,4450000000,20230000000,0,420
7339385441946743,thread,0,trace_writer,73,4430000000,20230000000,2,232
7339385441946743,thread,0,latency_writer,74,4610000000,20050000000,0,315
7339385542283368,process,-1,process,71,23430000000,75880000000,24573,7
7339385542283368,thread,-1,producer,71,20000000,100000000,24573,7
7339385542283368,thread,-1,sampler,76,40000000,10000000,247,1
7339385542283368,thread,0,account_worker,75,9800000000,14970000000,0,142
7339385542283368,thread,0,trader_callback,72,4470000000,20310000000,0,420
7339385542283368,thread,0,trace_writer,73,4440000000,20320000000,2,232
7339385542283368,thread,0,latency_writer,74,4640000000,20130000000,0,317
7339385642597380,process,-1,process,71,23530000000,76180000000,24673,7
7339385642597380,thread,-1,producer,71,20000000,100000000,24673,7
7339385642597380,thread,-1,sampler,76,40000000,10000000,248,1
7339385642597380,thread,0,account_worker,75,9830000000,15040000000,0,142
7339385642597380,thread,0,trader_callback,72,4480000000,20400000000,0,421
7339385642597380,thread,0,trace_writer,73,4470000000,20390000000,2,232
7339385642597380,thread,0,latency_writer,74,4660000000,20200000000,0,317
7339385742921180,process,-1,process,71,23640000000,76470000000,24773,7
7339385742921180,thread,-1,producer,71,20000000,100000000,24773,7
7339385742921180,thread,-1,sampler,76,40000000,10000000,249,1
7339385742921180,thread,0,account_worker,75,9880000000,15100000000,0,142
7339385742921180,thread,0,trader_callback,72,4490000000,20490000000,0,425
7339385742921180,thread,0,trace_writer,73,4510000000,20450000000,2,232
7339385742921180,thread,0,latency_writer,74,4670000000,20290000000,0,318
7339385843230319,process,-1,process,71,23710000000,76800000000,24874,7
7339385843230319,thread,-1,producer,71,20000000,100000000,24874,7
7339385843230319,thread,-1,sampler,76,40000000,10000000,250,1
7339385843230319,thread,0,account_worker,75,9900000000,15170000000,0,142
7339385843230319,thread,0,trader_callback,72,4500000000,20580000000,0,429
7339385843230319,thread,0,trace_writer,73,4530000000,20530000000,2,232
7339385843230319,thread,0,latency_writer,74,4690000000,20370000000,0,318
7339385943551377,process,-1,process,71,23780000000,77130000000,24974,7
7339385943551377,thread,-1,producer,71,20000000,100000000,24974,7
7339385943551377,thread,-1,sampler,76,40000000,10000000,251,1
7339385943551377,thread,0,account_worker,75,9940000000,15240000000,0,142
7339385943551377,thread,0,trader_callback,72,4510000000,20670000000,0,431
7339385943551377,thread,0,trace_writer,73,4540000000,20620000000,2,232
7339385943551377,thread,0,latency_writer,74,4710000000,20460000000,0,318
7339386043876462,process,-1,process,71,23890000000,77430000000,25074,7
7339386043876462,thread,-1,producer,71,20000000,100000000,25074,7
7339386043876462,thread,-1,sampler,76,40000000,10000000,252,1
7339386043876462,thread,0,account_worker,75,9960000000,15320000000,0,143
7339386043876462,thread,0,trader_callback,72,4530000000,20750000000,0,431
7339386043876462,thread,0,trace_writer,73,4580000000,20690000000,2,233
7339386043876462,thread,0,latency_writer,74,4730000000,20540000000,0,319
7339386144228715,process,-1,process,71,23970000000,77750000000,25175,7
7339386144228715,thread,-1,producer,71,20000000,100000000,25175,7
7339386144228715,thread,-1,sampler,76,40000000,10000000,253,1
7339386144228715,thread,0,account_worker,75,10000000000,15380000000,0,143
7339386144228715,thread,0,trader_callback,72,4550000000,20840000000,0,434
7339386144228715,thread,0,trace_writer,73,4580000000,20780000000,2,233
7339386144228715,thread,0,latency_writer,74,4750000000,20620000000,0,321
7339386244563793,process,-1,process,71,24070000000,78050000000,25275,7
7339386244563793,thread,-1,producer,71,20000000,100000000,25275,7
7339386244563793,thread,-1,sampler,76,50000000,10000000,254,1
7339386244563793,thread,0,account_worker,75,10040000000,15440000000,0,143
7339386244563793,thread,0,trader_callback,72,4570000000,20920000000,0,436
7339386244563793,thread,0,trace_writer,73,4600000000,20860000000,2,233
7339386244563793,thread,0,latency_writer,74,4770000000,20700000000,0,321
7339386344880862,process,-1,process,71,24160000000,78360000000,25375,7
7339386344880862,thread,-1,producer,71,20000000,110000000,25375,7
7339386344880862,thread,-1,sampler,76,50000000,10000000,255,1
7339386344880862,thread,0,account_worker,75,10080000000,15490000000,0,143
7339386344880862,thread,0,trader_callback,72,4580000000,21000000000,0,437
7339386344880862,thread,0,trace_writer,73,4630000000,20930000000,2,233
7339386344880862,thread,0,latency_writer,74,4780000000,20780000000,0,321
7339386445186462,process,-1,process,71,24260000000,78660000000,25476,7
7339386445186462,thread,-1,producer,71,20000000,110000000,25476,7
7339386445186462,thread,-1,sampler,76,50000000,10000000,256,1
7339386445186462,thread,0,account_worker,75,10120000000,15560000000,0,143
7339386445186462,thread,0,trader_callback,72,4590000000,21090000000,0,437
7339386445186462,thread,0,trace_writer,73,4670000000,20990000000,2,233
7339386445186462,thread,0,latency_writer,74,4800000000,20870000000,0,323
7339386545505424,process,-1,process,71,24330000000,78990000000,25576,7
7339386545505424,thread,-1,producer,71,20000000,110000000,25576,7
7339386545505424,thread,-1,sampler,76,50000000,10000000,257,1
7339386545505424,thread,0,account_worker,75,10150000000,15620000000,0,143
7339386545505424,thread,0,trader_callback,72,4600000000,21180000000,0,437
7339386545505424,thread,0,trace_writer,73,4680000000,21090000000,2,233
7339386545505424,thread,0,latency_writer,74,4800000000,20960000000,0,324
7339386645810446,process,-1,process,71,24440000000,79290000000,25676,7
7339386645810446,thread,-1,producer,71,20000000,110000000,25676,7
7339386645810446,thread,-1,sampler,76,50000000,10000000,258,1
7339386645810446,thread,0,account_worker,75,10190000000,15690000000,0,143
7339386645810446,thread,0,trader_callback,72,4630000000,21260000000,0,437
7339386645810446,thread,0,trace_writer,73,4700000000,21170000000,2,233
7339386645810446,thread,0,latency_writer,74,4840000000,21030000000,0,324
7339386746085548,process,-1,process,71,24520000000,79610000000,25777,7
7339386746085548,thread,-1,producer,71,20000000,110000000,25777,7
7339386746085548,thread,-1,sampler,76,50000000,10000000,259,1
7339386746085548,thread,0,account_worker,75,10230000000,15750000000,0,143
7339386746085548,thread,0,trader_callback,72,4650000000,21340000000,0,442
7339386746085548,thread,0,trace_writer,73,4700000000,21260000000,2,233
7339386746085548,thread,0,latency_writer,74,4850000000,21120000000,0,325
7339386846359758,process,-1,process,71,24610000000,79910000000,25877,7
7339386846359758,thread,-1,producer,71,20000000,110000000,25877,7
7339386846359758,thread,-1,sampler,76,50000000,10000000,260,1
7339386846359758,thread,0,account_worker,75,10270000000,15810000000,0,143
7339386846359758,thread,0,trader_callback,72,4660000000,21430000000,0,442
7339386846359758,thread,0,trace_writer,73,4730000000,21340000000,2,233
7339386846359758,thread,0,latency_writer,74,4870000000,21200000000,0,325
7339386946628544,process,-1,process,71,24730000000,80200000000,25977,7
7339386946628544,thread,-1,producer,71,20000000,110000000,25977,7
7339386946628544,thread,-1,sampler,76,50000000,10000000,261,1
7339386946628544,thread,0,account_worker,75,10320000000,15860000000,0,143
7339386946628544,thread,0,trader_callback,72,4680000000,21500000000,0,445
7339386946628544,thread,0,trace_writer,73,4750000000,21410000000,2,233
7339386946628544,thread,0,latency_writer,74,4890000000,21280000000,0,325
7339387046890066,process,-1,process,71,24810000000,80520000000,26077,7
7339387046890066,thread,-1,producer,71,20000000,110000000,26077,7
7339387046890066,thread,-1,sampler,76,50000000,10000000,262,1
7339387046890066,thread,0,account_worker,75,10350000000,15930000000,0,144
7339387046890066,thread,0,trader_callback,72,4700000000,21580000000,0,446
7339387046890066,thread,0,trace_writer,73,4770000000,21490000000,2,234
7339387046890066,thread,0,latency_writer,74,4900000000,21370000000,0,326
7339387147157320,process,-1,process,71,24910000000,80820000000,26178,7
7339387147157320,thread,-1,producer,71,20000000,110000000,26178,7
7339387147157320,thread,-1,sampler,76,50000000,10000000,263,1
7339387147157320,thread,0,account_worker,75,10380000000,16000000000,0,145
7339387147157320,thread,0,trader_callback,72,4720000000,21660000000,0,451
7339387147157320,thread,0,trace_writer,73,4800000000,21560000000,2,234
7339387147157320,thread,0,latency_writer,74,4910000000,21460000000,0,329
7339387247433926,process,-1,process,71,25010000000,81120000000,26278,7
7339387247433926,thread,-1,producer,71,20000000,110000000,26278,7
7339387247433926,thread,-1,sampler,76,50000000,10000000,264,1
7339387247433926,thread,0,account_worker,75,10420000000,16060000000,0,146
7339387247433926,thread,0,trader_callback,72,4740000000,21740000000,0,453
7339387247433926,thread,0,trace_writer,73,4830000000,21640000000,2,234
7339387247433926,thread,0,latency_writer,74,4930000000,21540000000,0,330
7339387347705183,process,-1,process,71,25120000000,81410000000,26378,7
7339387347705183,thread,-1,producer,71,20000000,110000000,26378,7
7339387347705183,thread,-1,sampler,76,50000000,10000000,265,1
7339387347705183,thread,0,account_worker,75,10470000000,16110000000,0,146
7339387347705183,thread,0,trader_callback,72,4770000000,21820000000,0,455
7339387347705183,thread,0,trace_writer,73,4850000000,21720000000,2,234
7339387347705183,thread,0,latency_writer,74,4950000000,21620000000,0,330
7339387447975353,process,-1,process,71,25200000000,81730000000,26478,7
7339387447975353,thread,-1,producer,71,20000000,110000000,26479,7
7339387447975353,thread,-1,sampler,76,50000000,10000000,266,1
7339387447975353,thread,0,account_worker,75,10500000000,16180000000,0,146
7339387447975353,thread,0,trader_callback,72,4790000000,21900000000,0,456
7339387447975353,thread,0,trace_writer,73,4860000000,21800000000,2,234
7339387447975353,thread,0,latency_writer,74,4960000000,21700000000,0,331
7339387548257298,process,-1,process,71,25290000000,82050000000,26579,7
7339387548257298,thread,-1,producer,71,20000000,110000000,26579,7
7339387548257298,thread,-1,sampler,76,50000000,20000000,267,1
7339387548257298,thread,0,account_worker,75,10550000000,16230000000,0,146
7339387548257298,thread,0,trader_callback,72,4800000000,21990000000,0,457
7339387548257298,thread,0,trace_writer,73,4880000000,21890000000,2,234
7339387548257298,thread,0,latency_writer,74,4980000000,21790000000,0,333
7339387648575154,process,-1,process,71,25390000000,82350000000,26679,7
7339387648575154,thread,-1,producer,71,20000000,110000000,26679,7
7339387648575154,thread,-1,sampler,76,50000000,20000000,268,1
7339387648575154,thread,0,account_worker,75,10590000000,16290000000,0,146
7339387648575154,thread,0,trader_callback,72,4810000000,22080000000,0,457
7339387648575154,thread,0,trace_writer,73,4900000000,21960000000,2,234
7339387648575154,thread,0,latency_writer,74,4990000000,21880000000,0,333
7339387748860529,process,-1,process,71,25490000000,82650000000,26779,7
7339387748860529,thread,-1,producer,71,20000000,110000000,26779,7
7339387748860529,thread,-1,sampler,76,50000000,20000000,269,1
7339387748860529,thread,0,account_worker,75,10650000000,16330000000,0,147
7339387748860529,thread,0,trader_callback,72,4820000000,22170000000,0,458
7339387748860529,thread,0,trace_writer,73,4930000000,22040000000,2,234
7339387748860529,thread,0,latency_writer,74,5000000000,21970000000,0,334
7339387849161742,process,-1,process,71,25570000000,82970000000,26880,7
7339387849161742,thread,-1,producer,71,20000000,110000000,26880,7
7339387849161742,thread,-1,sampler,76,50000000,20000000,270,1
7339387849161742,thread,0,account_worker,75,10680000000,16400000000,0,147
7339387849161742,thread,0,trader_callback,72,4840000000,22240000000,0,461
7339387849161742,thread,0,trace_writer,73,4940000000,22130000000,2,234
7339387849161742,thread,0,latency_writer,74,5020000000,22050000000,0,334
7339387949454304,process,-1,process,71,25650000000,83300000000,26980,7
7339387949454304,thread,-1,producer,71,20000000,110000000,26980,7
7339387949454304,thread,-1,sampler,76,50000000,20000000,271,1
7339387949454304,thread,0,account_worker,75,10720000000,16460000000,0,147
7339387949454304,thread,0,trader_callback,72,4850000000,22340000000,0,464
7339387949454304,thread,0,trace_writer,73,4960000000,22210000000,2,235
7339387949454304,thread,0,latency_writer,74,5040000000,22130000000,0,335
7339388049728679,process,-1,process,71,25760000000,83590000000,27080,7
7339388049728679,thread,-1,producer,71,20000000,110000000,27080,7
7339388049728679,thread,-1,sampler,76,50000000,20000000,272,1
7339388049728679,thread,0,account_worker,75,10760000000,16520000000,0,148
7339388049728679,thread,0,trader_callback,72,4860000000,22420000000,0,464
7339388049728679,thread,0,trace_writer,73,4980000000,22280000000,2,236
7339388049728679,thread,0,latency_writer,74,5060000000,22210000000,0,336
7339388149991852,process,-1,process,71,25850000000,83900000000,27180,7
7339388149991852,thread,-1,producer,71,20000000,110000000,27181,7
7339388149991852,thread,-1,sampler,76,50000000,20000000,273,1
7339388149991852,thread,0,account_worker,75,10800000000,16580000000,0,148
7339388149991852,thread,0,trader_callback,72,4880000000,22510000000,0,468
7339388149991852,thread,0,trace_writer,73,5000000000,22370000000,2,236
7339388149991852,thread,0,latency_writer,74,5080000000,22290000000,0,337
7339388250267731,process,-1,process,71,25910000000,84240000000,27281,7
7339388250267731,thread,-1,producer,71,20000000,110000000,27281,7
7339388250267731,thread,-1,sampler,76,50000000,20000000,274,1
7339388250267731,thread,0,account_worker,75,10820000000,16660000000,0,148
7339388250267731,thread,0,trader_callback,72,4890000000,22600000000,0,469
7339388250267731,thread,0,trace_writer,73,5010000000,22460000000,2,236
7339388250267731,thread,0,latency_writer,74,5100000000,22370000000,0,337
7339388350569045,process,-1,process,71,26020000000,84530000000,27381,7
7339388350569045,thread,-1,producer,71,20000000,110000000,27381,7
7339388350569045,thread,-1,sampler,76,50000000,20000000,275,1
7339388350569045,thread,0,account_worker,75,10870000000,16710000000,0,148
7339388350569045,thread,0,trader_callback,72,4900000000,22690000000,0,472
7339388350569045,thread,0,trace_writer,73,5040000000,22530000000,2,236
7339388350569045,thread,0,latency_writer,74,5130000000,22450000000,0,337
7339388450831627,process,-1,process,71,26090000000,84860000000,27481,7
7339388450831627,thread,-1,producer,71,20000000,110000000,27481,7
7339388450831627,thread,-1,sampler,76,50000000,20000000,276,1
7339388450831627,thread,0,account_worker,75,10900000000,16780000000,0,148
7339388450831627,thread,0,trader_callback,72,4910000000,22770000000,0,472
7339388450831627,thread,0,trace_writer,73,5050000000,22620000000,2,236
7339388450831627,thread,0,latency_writer,74,5140000000,22530000000,0,338
7339388551079821,process,-1,process,71,26190000000,85160000000,27582,7
7339388551079821,thread,-1,producer,71,20000000,110000000,27582,7
7339388551079821,thread,-1,sampler,76,50000000,20000000,277,1
7339388551079821,thread,0,account_worker,75,10940000000,16840000000,0,148
7339388551079821,thread,0,trader_callback,72,4930000000,22860000000,0,475
7339388551079821,thread,0,trace_writer,73,5080000000,22680000000,2,236
7339388551079821,thread,0,latency_writer,74,5150000000,22630000000,0,339
7339388651346221,process,-1,process,71,26290000000,85470000000,27682,7
7339388651346221,thread,-1,producer,71,20000000,110000000,27682,7
7339388651346221,thread,-1,sampler,76,50000000,20000000,278,1
7339388651346221,thread,0,account_worker,75,10980000000,16900000000,0,148
7339388651346221,thread,0,trader_callback,72,4960000000,22930000000,0,475
7339388651346221,thread,0,trace_writer,73,5100000000,22770000000,2,236
7339388651346221,thread,0,latency_writer,74,5150000000,22720000000,0,339
7339388751614471,process,-1,process,71,26390000000,85770000000,27782,7
7339388751614471,thread,-1,producer,71,20000000,110000000,27782,7
7339388751614471,thread,-1,sampler,76,50000000,20000000,279,1
7339388751614471,thread,0,account_worker,75,11030000000,16960000000,0,148
7339388751614471,thread,0,trader_callback,72,4980000000,23010000000,0,480
7339388751614471,thread,0,trace_writer,73,5120000000,22850000000,2,236
7339388751614471,thread,0,latency_writer,74,5170000000,22800000000,0,340
7339388851897011,process,-1,process,71,26490000000,86070000000,27882,7
7339388851897011,thread,-1,producer,71,20000000,110000000,27882,7
7339388851897011,thread,-1,sampler,76,50000000,20000000,280,1
7339388851897011,thread,0,account_worker,75,11070000000,17010000000,0,159
7339388851897011,thread,0,trader_callback,72,5000000000,23090000000,0,493
7339388851897011,thread,0,trace_writer,73,5140000000,22930000000,2,247
7339388851897011,thread,0,latency_writer,74,5200000000,22880000000,0,352
7339388952198294,process,-1,process,71,26590000000,86370000000,27983,7
7339388952198294,thread,-1,producer,71,20000000,110000000,27983,7
7339388952198294,thread,-1,sampler,76,50000000,20000000,281,1
7339388952198294,thread,0,account_worker,75,11110000000,17080000000,0,159
7339388952198294,thread,0,trader_callback,72,5010000000,23180000000,0,497
7339388952198294,thread,0,trace_writer,73,5160000000,23010000000,2,247
7339388952198294,thread,0,latency_writer,74,5230000000,22940000000,0,352
7339389052481999,process,-1,process,71,26680000000,86680000000,28083,7
7339389052481999,thread,-1,producer,71,20000000,110000000,28083,7
7339389052481999,thread,-1,sampler,76,50000000,20000000,282,1
7339389052481999,thread,0,account_worker,75,11150000000,17140000000,0,160
7339389052481999,thread,0,trader_callback,72,5030000000,23260000000,0,500
7339389052481999,thread,0,trace_writer,73,5170000000,23100000000,2,248
7339389052481999,thread,0,latency_writer,74,5240000000,23040000000,0,353
7339389152764056,process,-1,process,71,26770000000,86990000000,28183,7
7339389152764056,thread,-1,producer,71,20000000,110000000,28183,7
7339389152764056,thread,-1,sampler,76,50000000,20000000,283,1
7339389152764056,thread,0,account_worker,75,11180000000,17200000000,0,161
7339389152764056,thread,0,trader_callback,72,5040000000,23350000000,0,501
7339389152764056,thread,0,trace_writer,73,5200000000,23170000000,2,248
7339389152764056,thread,0,latency_writer,74,5260000000,23120000000,0,354
7339389253046303,process,-1,process,71,26850000000,87320000000,28284,7
7339389253046303,thread,-1,producer,71,20000000,110000000,28284,7
7339389253046303,thread,-1,sampler,76,50000000,20000000,284,1
7339389253046303,thread,0,account_worker,75,11230000000,17260000000,0,162
7339389253046303,thread,0,trader_callback,72,5050000000,23440000000,0,501
7339389253046303,thread,0,trace_writer,73,5220000000,23250000000,2,248
7339389253046303,thread,0,latency_writer,74,5270000000,23200000000,0,354
7339389353326283,process,-1,process,71,26950000000,87620000000,28384,7
7339389353326283,thread,-1,producer,71,20000000,110000000,28384,7
7339389353326283,thread,-1,sampler,76,50000000,20000000,285,1
7339389353326283,thread,0,account_worker,75,11270000000,17310000000,0,162
7339389353326283,thread,0,trader_callback,72,5070000000,23520000000,0,505
7339389353326283,thread,0,trace_writer,73,5220000000,23350000000,2,248
7339389353326283,thread,0,latency_writer,74,5280000000,23290000000,0,354
7339389453601338,process,-1,process,71,27010000000,87960000000,28484,7
7339389453601338,thread,-1,producer,71,20000000,110000000,28484,7
7339389453601338,thread,-1,sampler,76,50000000,20000000,286,1
7339389453601338,thread,0,account_worker,75,11300000000,17380000000,0,162
7339389453601338,thread,0,trader_callback,72,5090000000,23600000000,0,505
7339389453601338,thread,0,trace_writer,73,5230000000,23440000000,2,248
7339389453601338,thread,0,latency_writer,74,5290000000,23380000000,0,356
7339389553881580,process,-1,process,71,27080000000,88290000000,28584,7
7339389553881580,thread,-1,producer,71,20000000,110000000,28584,7
7339389553881580,thread,-1,sampler,76,50000000,20000000,287,1
7339389553881580,thread,0,account_worker,75,11330000000,17450000000,0,162
7339389553881580,thread,0,trader_callback,72,5100000000,23690000000,0,507
7339389553881580,thread,0,trace_writer,73,5240000000,23530000000,2,248
7339389553881580,thread,0,latency_writer,74,5310000000,23460000000,0,357
7339389654180884,process,-1,process,71,27190000000,88580000000,28685,7
7339389654180884,thread,-1,producer,71,20000000,120000000,28685,7
7339389654180884,thread,-1,sampler,76,50000000,20000000,288,1
7339389654180884,thread,0,account_worker,75,11380000000,17500000000,0,162
7339389654180884,thread,0,trader_callback,72,5120000000,23770000000,0,510
7339389654180884,thread,0,trace_writer,73,5270000000,23600000000,2,249
7339389654180884,thread,0,latency_writer,74,5330000000,23550000000,0,357
7339389754460279,process,-1,process,71,27310000000,88870000000,28785,7
7339389754460279,thread,-1,producer,71,20000000,120000000,28785,7
7339389754460279,thread,-1,sampler,76,50000000,20000000,289,1
7339389754460279,thread,0,account_worker,75,11430000000,17560000000,0,162
7339389754460279,thread,0,trader_callback,72,5150000000,23840000000,0,514
7339389754460279,thread,0,trace_writer,73,5290000000,23680000000,2,250
7339389754460279,thread,0,latency_writer,74,5350000000,23620000000,0,358
7339389854742921,process,-1,process,71,27390000000,89180000000,28885,7
7339389854742921,thread,-1,producer,71,20000000,120000000,28885,7
7339389854742921,thread,-1,sampler,76,50000000,20000000,290,1
7339389854742921,thread,0,account_worker,75,11470000000,17620000000,0,162
7339389854742921,thread,0,trader_callback,72,5170000000,23920000000,0,520
7339389854742921,thread,0,trace_writer,73,5300000000,23780000000,2,250
7339389854742921,thread,0,latency_writer,74,5370000000,23710000000,0,358
7339389955041476,process,-1,process,71,27490000000,89490000000,28986,7
7339389955041476,thread,-1,producer,71,20000000,120000000,28986,7
7339389955041476,thread,-1,sampler,76,50000000,20000000,291,1
7339389955041476,thread,0,account_worker,75,11500000000,17690000000,0,162
7339389955041476,thread,0,trader_callback,72,5180000000,24010000000,0,524
7339389955041476,thread,0,trace_writer,73,5320000000,23850000000,2,251
7339389955041476,thread,0,latency_writer,74,5390000000,23780000000,0,358
7339390055351754,process,-1,process,71,27570000000,89810000000,29086,7
7339390055351754,thread,-1,producer,71,20000000,120000000,29086,7
7339390055351754,thread,-1,sampler,76,50000000,20000000,292,1
7339390055351754,thread,0,account_worker,75,11540000000,17750000000,0,163
7339390055351754,thread,0,trader_callback,72,5210000000,24090000000,0,528
7339390055351754,thread,0,trace_writer,73,5340000000,23940000000,2,251
7339390055351754,thread,0,latency_writer,74,5400000000,23880000000,0,360
7339390155637686,process,-1,process,71,27660000000,90120000000,29186,7
7339390155637686,thread,-1,producer,71,20000000,120000000,29186,7
7339390155637686,thread,-1,sampler,76,50000000,20000000,293,1
7339390155637686,thread,0,account_worker,75,11570000000,17820000000,0,163
7339390155637686,thread,0,trader_callback,72,5230000000,24160000000,0,531
7339390155637686,thread,0,trace_writer,73,5360000000,24010000000,2,252
7339390155637686,thread,0,latency_writer,74,5410000000,23970000000,0,361
7339390255992198,process,-1,process,71,27790000000,90390000000,29286,7
7339390255992198,thread,-1,producer,71,20000000,120000000,29287,7
7339390255992198,thread,-1,sampler,76,50000000,20000000,294,1
7339390255992198,thread,0,account_worker,75,11620000000,17870000000,0,163
7339390255992198,thread,0,trader_callback,72,5260000000,24230000000,0,533
7339390255992198,thread,0,trace_writer,73,5380000000,24090000000,2,253
7339390255992198,thread,0,latency_writer,74,5440000000,24040000000,0,361
7339390356414422,process,-1,process,71,27900000000,90680000000,29387,7
7339390356414422,thread,-1,producer,71,20000000,120000000,29387,7
7339390356414422,thread,-1,sampler,76,50000000,20000000,295,1
7339390356414422,thread,0,account_worker,75,11670000000,17920000000,0,163
7339390356414422,thread,0,trader_callback,72,5290000000,24310000000,0,537
7339390356414422,thread,0,trace_writer,73,5400000000,24170000000,2,254
7339390356414422,thread,0,latency_writer,74,5450000000,24120000000,0,361
7339390456772669,process,-1,process,71,28000000000,90990000000,29486,7
7339390456772669,thread,-1,producer,71,20000000,120000000,29486,7
7339390456772669,thread,-1,sampler,76,50000000,20000000,296,1
7339390456772669,thread,0,account_worker,75,11710000000,17980000000,0,163
7339390456772669,thread,0,trader_callback,72,5310000000,24380000000,0,537
7339390456772669,thread,0,trace_writer,73,5410000000,24270000000,2,254
7339390456772669,thread,0,latency_writer,74,5480000000,24200000000,0,362
7339390557085039,process,-1,process,71,28090000000,91300000000,29587,7
7339390557085039,thread,-1,producer,71,20000000,120000000,29587,7
7339390557085039,thread,-1,sampler,76,50000000,20000000,297,1
7339390557085039,thread,0,account_worker,75,11750000000,18040000000,0,163
7339390557085039,thread,0,trader_callback,72,5330000000,24470000000,0,540
7339390557085039,thread,0,trace_writer,73,5430000000,24350000000,2,254
7339390557085039,thread,0,latency_writer,74,5490000000,24280000000,0,364
7339390657459572,process,-1,process,71,28190000000,91610000000,29684,7
7339390657459572,thread,-1,producer,71,20000000,120000000,29684,7
7339390657459572,thread,-1,sampler,76,50000000,20000000,298,1
7339390657459572,thread,0,account_worker,75,11790000000,18100000000,0,163
7339390657459572,thread,0,trader_callback,72,5350000000,24540000000,0,541
7339390657459572,thread,0,trace_writer,73,5440000000,24430000000,2,254
7339390657459572,thread,0,latency_writer,74,5500000000,24380000000,0,364
7339390757741428,process,-1,process,71,28270000000,91920000000,29782,7
7339390757741428,thread,-1,producer,71,20000000,120000000,29782,7
7339390757741428,thread,-1,sampler,76,50000000,20000000,299,1
7339390757741428,thread,0,account_worker,75,11820000000,18170000000,0,163
7339390757741428,thread,0,trader_callback,72,5370000000,24630000000,0,546
7339390757741428,thread,0,trace_writer,73,5470000000,24510000000,2,254
7339390757741428,thread,0,latency_writer,74,5520000000,24450000000,0,365
7339390858023932,process,-1,process,71,28370000000,92220000000,29883,7
7339390858023932,thread,-1,producer,71,20000000,120000000,29883,7
7339390858023932,thread,-1,sampler,76,50000000,20000000,300,1
7339390858023932,thread,0,account_worker,75,11870000000,18220000000,0,163
7339390858023932,thread,0,trader_callback,72,5370000000,24720000000,0,548
7339390858023932,thread,0,trace_writer,73,5480000000,24600000000,2,254
7339390858023932,thread,0,latency_writer,74,5560000000,24520000000,0,366
7339390958297917,process,-1,process,71,28490000000,92500000000,29983,7
7339390958297917,thread,-1,producer,71,20000000,120000000,29983,7
7339390958297917,thread,-1,sampler,76,50000000,20000000,301,1
7339390958297917,thread,0,account_worker,75,11910000000,18280000000,0,163
7339390958297917,thread,0,trader_callback,72,5410000000,24780000000,0,548
7339390958297917,thread,0,trace_writer,73,5490000000,24690000000,2,254
7339390958297917,thread,0,latency_writer,74,5580000000,24590000000,0,366
7339391058574061,process,-1,process,71,28560000000,92840000000,30083,7
7339391058574061,thread,-1,producer,71,20000000,120000000,30083,7
7339391058574061,thread,-1,sampler,76,50000000,20000000,302,1
7339391058574061,thread,0,account_worker,75,11950000000,18330000000,0,164
7339391058574061,thread,0,trader_callback,72,5420000000,24880000000,0,549
7339391058574061,thread,0,trace_writer,73,5500000000,24780000000,2,255
7339391058574061,thread,0,latency_writer,74,5590000000,24690000000,0,367
7339391158863779,process,-1,process,71,28620000000,93180000000,30183,7
7339391158863779,thread,-1,producer,71,20000000,120000000,30183,7
7339391158863779,thread,-1,sampler,76,50000000,20000000,303,1
7339391158863779,thread,0,account_worker,75,11980000000,18410000000,0,165
7339391158863779,thread,0,trader_callback,72,5420000000,24970000000,0,552
7339391158863779,thread,0,trace_writer,73,5510000000,24870000000,2,255
7339391158863779,thread,0,latency_writer,74,5600000000,24770000000,0,369
7339391259153594,process,-1,process,71,28720000000,93490000000,30284,7
7339391259153594,thread,-1,producer,71,20000000,120000000,30284,7
7339391259153594,thread,-1,sampler,76,50000000,20000000,304,1
7339391259153594,thread,0,account_worker,75,12030000000,18460000000,0,166
7339391259153594,thread,0,trader_callback,72,5440000000,25050000000,0,557
7339391259153594,thread,0,trace_writer,73,5520000000,24960000000,2,255
7339391259153594,thread,0,latency_writer,74,5620000000,24850000000,0,370
7339391359438474,process,-1,process,71,28810000000,93790000000,30384,7
7339391359438474,thread,-1,producer,71,20000000,120000000,30384,7
7339391359438474,thread,-1,sampler,76,50000000,20000000,305,1
7339391359438474,thread,0,account_worker,75,12070000000,18520000000,0,166
7339391359438474,thread,0,trader_callback,72,5450000000,25140000000,0,558
7339391359438474,thread,0,trace_writer,73,5540000000,25030000000,2,256
7339391359438474,thread,0,latency_writer,74,5640000000,24930000000,0,370
7339391459714338,process,-1,process,71,28920000000,94090000000,30484,7
7339391459714338,thread,-1,producer,71,20000000,120000000,30484,7
7339391459714338,thread,-1,sampler,76,50000000,20000000,306,1
7339391459714338,thread,0,account_worker,75,12120000000,18570000000,0,166
7339391459714338,thread,0,trader_callback,72,5450000000,25240000000,0,561
7339391459714338,thread,0,trace_writer,73,5570000000,25110000000,2,256
7339391459714338,thread,0,latency_writer,74,5670000000,25010000000,0,372
7339391560027803,process,-1,process,71,29020000000,94390000000,30585,7
7339391560027803,thread,-1,producer,71,20000000,120000000,30585,7
7339391560027803,thread,-1,sampler,76,50000000,20000000,307,1
7339391560027803,thread,0,account_worker,75,12170000000,18620000000,0,166
7339391560027803,thread,0,trader_callback,72,5470000000,25320000000,0,565
7339391560027803,thread,0,trace_writer,73,5580000000,25200000000,2,256
7339391560027803,thread,0,latency_writer,74,5700000000,25080000000,0,374
7339391660342623,process,-1,process,71,29100000000,94710000000,30685,7
7339391660342623,thread,-1,producer,71,20000000,120000000,30685,7
7339391660342623,thread,-1,sampler,76,50000000,20000000,308,1
7339391660342623,thread,0,account_worker,75,12210000000,18690000000,0,166
7339391660342623,thread,0,trader_callback,72,5490000000,25410000000,0,566
7339391660342623,thread,0,trace_writer,73,5590000000,25290000000,2,256
7339391660342623,thread,0,latency_writer,74,5720000000,25160000000,0,376
7339391760617862,process,-1,process,71,29210000000,95000000000,30785,7
7339391760617862,thread,-1,producer,71,20000000,120000000,30785,7
7339391760617862,thread,-1,sampler,76,50000000,20000000,309,1
7339391760617862,thread,0,account_worker,75,12250000000,18740000000,0,167
7339391760617862,thread,0,trader_callback,72,5510000000,25490000000,0,570
7339391760617862,thread,0,trace_writer,73,5610000000,25370000000,2,257
7339391760617862,thread,0,latency_writer,74,5730000000,25250000000,0,377
7339391860912351,process,-1,process,71,29310000000,95300000000,30885,7
7339391860912351,thread,-1,producer,71,20000000,120000000,30885,7
7339391860912351,thread,-1,sampler,76,50000000,20000000,310,1
7339391860912351,thread,0,account_worker,75,12300000000,18790000000,0,167
7339391860912351,thread,0,trader_callback,72,5530000000,25570000000,0,571
7339391860912351,thread,0,trace_writer,73,5630000000,25450000000,2,257
7339391860912351,thread,0,latency_writer,74,5760000000,25320000000,0,377
7339391961191219,process,-1,process,71,29400000000,95610000000,30985,7
7339391961191219,thread,-1,producer,71,20000000,120000000,30985,7
7339391961191219,thread,-1,sampler,76,50000000,20000000,311,1
7339391961191219,thread,0,account_worker,75,12340000000,18850000000,0,167
7339391961191219,thread,0,trader_callback,72,5540000000,25660000000,0,575
7339391961191219,thread,0,trace_writer,73,5650000000,25530000000,2,258
7339391961191219,thread,0,latency_writer,74,5780000000,25400000000,0,378
7339392061473725,process,-1,process,71,29480000000,95940000000,31083,7
7339392061473725,thread,-1,producer,71,20000000,120000000,31083,7
7339392061473725,thread,-1,sampler,76,50000000,20000000,312,1
7339392061473725,thread,0,account_worker,75,12360000000,18930000000,0,169
7339392061473725,thread,0,trader_callback,72,5550000000,25740000000,0,576
7339392061473725,thread,0,trace_writer,73,5670000000,25610000000,2,259
7339392061473725,thread,0,latency_writer,74,5800000000,25480000000,0,381
7339392162015167,process,-1,process,71,29570000000,96250000000,31184,7
7339392162015167,thread,-1,producer,71,20000000,120000000,31184,7
7339392162015167,thread,-1,sampler,76,50000000,20000000,313,1
7339392162015167,thread,0,account_worker,75,12390000000,19010000000,0,169
7339392162015167,thread,0,trader_callback,72,5580000000,25820000000,0,577
7339392162015167,thread,0,trace_writer,73,5690000000,25690000000,2,259
7339392162015167,thread,0,latency_writer,74,5810000000,25570000000,0,382
7339392262357386,process,-1,process,71,29670000000,96550000000,31284,7
7339392262357386,thread,-1,producer,71,20000000,120000000,31284,7
7339392262357386,thread,-1,sampler,76,50000000,20000000,314,1
7339392262357386,thread,0,account_worker,75,12430000000,19070000000,0,169
7339392262357386,thread,0,trader_callback,72,5600000000,25900000000,0,582
7339392262357386,thread,0,trace_writer,73,5720000000,25760000000,2,259
7339392262357386,thread,0,latency_writer,74,5830000000,25650000000,0,382
7339392362636123,process,-1,process,71,29770000000,96850000000,31384,7
7339392362636123,thread,-1,producer,71,20000000,120000000,31384,7
7339392362636123,thread,-1,sampler,76,50000000,20000000,315,1
7339392362636123,thread,0,account_worker,75,12470000000,19120000000,0,169
7339392362636123,thread,0,trader_callback,72,5610000000,25990000000,0,586
7339392362636123,thread,0,trace_writer,73,5740000000,25840000000,2,260
7339392362636123,thread,0,latency_writer,74,5850000000,25730000000,0,383
7339392462914805,process,-1,process,71,29860000000,97160000000,31484,7
7339392462914805,thread,-1,producer,71,20000000,130000000,31484,7
7339392462914805,thread,-1,sampler,76,50000000,20000000,316,1
7339392462914805,thread,0,account_worker,75,12520000000,19170000000,0,169
7339392462914805,thread,0,trader_callback,72,5620000000,26080000000,0,587
7339392462914805,thread,0,trace_writer,73,5740000000,25930000000,2,261
7339392462914805,thread,0,latency_writer,74,5880000000,25800000000,0,386
7339392563233800,process,-1,process,71,29970000000,97460000000,31585,7
7339392563233800,thread,-1,producer,71,20000000,130000000,31585,7
7339392563233800,thread,-1,sampler,76,50000000,20000000,317,1
7339392563233800,thread,0,account_worker,75,12570000000,19220000000,0,169
7339392563233800,thread,0,trader_callback,72,5630000000,26160000000,0,591
7339392563233800,thread,0,trace_writer,73,5760000000,26020000000,2,261
7339392563233800,thread,0,latency_writer,74,5900000000,25880000000,0,386
7339392663553236,process,-1,process,71,30060000000,97760000000,31685,7
7339392663553236,thread,-1,producer,71,20000000,130000000,31685,7
7339392663553236,thread,-1,sampler,76,50000000,20000000,318,1
7339392663553236,thread,0,account_worker,75,12610000000,19280000000,0,169
7339392663553236,thread,0,trader_callback,72,5660000000,26240000000,0,591
7339392663553236,thread,0,trace_writer,73,5780000000,26100000000,2,261
7339392663553236,thread,0,latency_writer,74,5910000000,25970000000,0,386
7339392763808366,process,-1,process,71,30180000000,98050000000,31782,7
7339392763808366,thread,-1,producer,71,20000000,130000000,31782,7
7339392763808366,thread,-1,sampler,76,50000000,20000000,319,1
7339392763808366,thread,0,account_worker,75,12670000000,19330000000,0,169
7339392763808366,thread,0,trader_callback,72,5680000000,26320000000,0,596
7339392763808366,thread,0,trace_writer,73,5800000000,26180000000,2,261
7339392763808366,thread,0,latency_writer,74,5930000000,26050000000,0,386
7339392864085370,process,-1,process,71,30290000000,98340000000,31883,7
7339392864085370,thread,-1,producer,71,20000000,130000000,31883,7
7339392864085370,thread,-1,sampler,76,50000000,20000000,320,1
7339392864085370,thread,0,account_worker,75,12710000000,19390000000,0,169
7339392864085370,thread,0,trader_callback,72,5700000000,26390000000,0,596
7339392864085370,thread,0,trace_writer,73,5810000000,26270000000,2,261
7339392864085370,thread,0,latency_writer,74,5960000000,26120000000,0,386
7339392964820139,process,-1,process,71,30400000000,98630000000,31983,7
7339392964820139,thread,-1,producer,71,20000000,130000000,31983,7
7339392964820139,thread,-1,sampler,76,50000000,20000000,321,1
7339392964820139,thread,0,account_worker,75,12740000000,19450000000,0,169
7339392964820139,thread,0,trader_callback,72,5740000000,26460000000,0,596
7339392964820139,thread,0,trace_writer,73,5820000000,26360000000,2,261
7339392964820139,thread,0,latency_writer,74,5990000000,26190000000,0,387
7339393065110327,process,-1,process,71,30540000000,98900000000,32084,7
7339393065110327,thread,-1,producer,71,20000000,130000000,32084,7
7339393065110327,thread,-1,sampler,76,50000000,20000000,322,1
7339393065110327,thread,0,account_worker,75,12810000000,19480000000,0,170
7339393065110327,thread,0,trader_callback,72,5760000000,26540000000,0,597
7339393065110327,thread,0,trace_writer,73,5850000000,26430000000,2,261
7339393065110327,thread,0,latency_writer,74,6000000000,26280000000,0,388
7339393165393260,process,-1,process,71,30650000000,99190000000,32184,7
7339393165393260,thread,-1,producer,71,20000000,130000000,32184,7
7339393165393260,thread,-1,sampler,76,50000000,20000000,323,1
7339393165393260,thread,0,account_worker,75,12870000000,19530000000,0,171
7339393165393260,thread,0,trader_callback,72,5790000000,26610000000,0,601
7339393165393260,thread,0,trace_writer,73,5860000000,26520000000,2,262
7339393165393260,thread,0,latency_writer,74,6030000000,26360000000,0,389
7339393265689763,process,-1,process,71,30750000000,99490000000,32284,7
7339393265689763,thread,-1,producer,71,20000000,130000000,32284,7
7339393265689763,thread,-1,sampler,76,50000000,20000000,324,1
7339393265689763,thread,0,account_worker,75,12910000000,19590000000,0,172
7339393265689763,thread,0,trader_callback,72,5810000000,26690000000,0,602
7339393265689763,thread,0,trace_writer,73,5890000000,26590000000,2,262
7339393265689763,thread,0,latency_writer,74,6040000000,26440000000,0,390
7339393365988312,process,-1,process,71,30820000000,99820000000,32384,7
7339393365988312,thread,-1,producer,71,20000000,130000000,32385,7
7339393365988312,thread,-1,sampler,76,50000000,20000000,325,1
7339393365988312,thread,0,account_worker,75,12940000000,19650000000,0,172
7339393365988312,thread,0,trader_callback,72,5830000000,26770000000,0,608
7339393365988312,thread,0,trace_writer,73,5900000000,26680000000,2,262
7339393365988312,thread,0,latency_writer,74,6040000000,26540000000,0,390
7339393466261984,process,-1,process,71,30910000000,100130000000,32485,7
7339393466261984,thread,-1,producer,71,20000000,130000000,32485,7
7339393466261984,thread,-1,sampler,76,50000000,20000000,326,1
7339393466261984,thread,0,account_worker,75,12980000000,19710000000,0,172
7339393466261984,thread,0,trader_callback,72,5850000000,26850000000,0,608
7339393466261984,thread,0,trace_writer,73,5920000000,26760000000,2,262
7339393466261984,thread,0,latency_writer,74,6050000000,26630000000,0,393
7339393566534615,process,-1,process,71,31010000000,100430000000,32585,7
7339393566534615,thread,-1,producer,71,20000000,130000000,32585,7
7339393566534615,thread,-1,sampler,76,50000000,20000000,327,1
7339393566534615,thread,0,account_worker,75,13030000000,19770000000,0,172
7339393566534615,thread,0,trader_callback,72,5860000000,26940000000,0,613
7339393566534615,thread,0,trace_writer,73,5940000000,26840000000,2,262
7339393566534615,thread,0,latency_writer,74,6080000000,26710000000,0,395
7339393667066909,process,-1,process,71,31100000000,100750000000,32686,7
7339393667066909,thread,-1,producer,71,20000000,130000000,32686,7
7339393667066909,thread,-1,sampler,76,50000000,20000000,328,1
7339393667066909,thread,0,account_worker,75,13060000000,19840000000,0,172
7339393667066909,thread,0,trader_callback,72,5870000000,27030000000,0,617
7339393667066909,thread,0,trace_writer,73,5960000000,26920000000,2,262
7339393667066909,thread,0,latency_writer,74,6100000000,26790000000,0,395
7339393767416164,process,-1,process,71,31170000000,101080000000,32786,7
7339393767416164,thread,-1,producer,71,20000000,130000000,32786,7
7339393767416164,thread,-1,sampler,76,50000000,20000000,329,1
7339393767416164,thread,0,account_worker,75,13100000000,19900000000,0,172
7339393767416164,thread,0,trader_callback,72,5890000000,27120000000,0,619
7339393767416164,thread,0,trace_writer,73,5970000000,27020000000,2,263
7339393767416164,thread,0,latency_writer,74,6110000000,26880000000,0,397
7339393867765947,process,-1,process,71,31240000000,101410000000,32886,7
7339393867765947,thread,-1,producer,71,20000000,130000000,32886,7
7339393867765947,thread,-1,sampler,76,50000000,20000000,330,1
7339393867765947,thread,0,account_worker,75,13120000000,19980000000,0,186
7339393867765947,thread,0,trader_callback,72,5910000000,27200000000,0,637
7339393867765947,thread,0,trace_writer,73,5980000000,27100000000,2,277
7339393867765947,thread,0,latency_writer,74,6130000000,26960000000,0,411
7339393968158922,process,-1,process,71,31320000000,101730000000,32987,7
7339393968158922,thread,-1,producer,71,20000000,130000000,32987,7
7339393968158922,thread,-1,sampler,76,50000000,20000000,331,1
7339393968158922,thread,0,account_worker,75,13170000000,20030000000,0,186
7339393968158922,thread,0,trader_callback,72,5920000000,27280000000,0,641
7339393968158922,thread,0,trace_writer,73,5990000000,27190000000,2,278
7339393968158922,thread,0,latency_writer,74,6140000000,27050000000,0,414
7339394068517682,process,-1,process,71,31410000000,102050000000,33087,7
7339394068517682,thread,-1,producer,71,20000000,130000000,33087,7
7339394068517682,thread,-1,sampler,76,50000000,20000000,332,1
7339394068517682,thread,0,account_worker,75,13200000000,20100000000,0,187
7339394068517682,thread,0,trader_callback,72,5930000000,27370000000,0,645
7339394068517682,thread,0,trace_writer,73,6020000000,27260000000,2,279
7339394068517682,thread,0,latency_writer,74,6150000000,27130000000,0,415
7339394168798670,process,-1,process,71,31480000000,102380000000,33187,7
7339394168798670,thread,-1,producer,71,20000000,130000000,33187,7
7339394168798670,thread,-1,sampler,76,50000000,20000000,333,1
7339394168798670,thread,0,account_worker,75,13220000000,20180000000,0,187
7339394168798670,thread,0,trader_callback,72,5950000000,27450000000,0,648
7339394168798670,thread,0,trace_writer,73,6040000000,27340000000,2,279
7339394168798670,thread,0,latency_writer,74,6160000000,27230000000,0,416
7339394269069562,process,-1,process,71,31580000000,102680000000,33288,7
7339394269069562,thread,-1,producer,71,20000000,130000000,33288,7
7339394269069562,thread,-1,sampler,76,50000000,20000000,334,1
7339394269069562,thread,0,account_worker,75,13270000000,20230000000,0,187
7339394269069562,thread,0,trader_callback,72,5960000000,27540000000,0,652
7339394269069562,thread,0,trace_writer,73,6060000000,27430000000,2,279
7339394269069562,thread,0,latency_writer,74,6180000000,27310000000,0,417
7339394369342628,process,-1,process,71,31690000000,102970000000,33388,7
7339394369342628,thread,-1,producer,71,20000000,130000000,33388,7
7339394369342628,thread,-1,sampler,76,50000000,20000000,335,1
7339394369342628,thread,0,account_worker,75,13330000000,20270000000,0,187
7339394369342628,thread,0,trader_callback,72,5990000000,27610000000,0,652
7339394369342628,thread,0,trace_writer,73,6070000000,27510000000,2,280
7339394369342628,thread,0,latency_writer,74,6190000000,27390000000,0,417
7339394469618946,process,-1,process,71,31780000000,103280000000,33488,7
7339394469618946,thread,-1,producer,71,20000000,130000000,33488,7
7339394469618946,thread,-1,sampler,76,50000000,30000000,336,1
7339394469618946,thread,0,account_worker,75,13370000000,20330000000,0,187
7339394469618946,thread,0,trader_callback,72,6010000000,27690000000,0,656
7339394469618946,thread,0,trace_writer,73,6090000000,27600000000,2,280
7339394469618946,thread,0,latency_writer,74,6200000000,27490000000,0,418
7339394569900718,process,-1,process,71,31840000000,103620000000,33587,7
7339394569900718,thread,-1,producer,71,20000000,130000000,33587,7
7339394569900718,thread,-1,sampler,76,50000000,30000000,337,1
7339394569900718,thread,0,account_worker,75,13400000000,20400000000,0,187
7339394569900718,thread,0,trader_callback,72,6030000000,27770000000,0,658
7339394569900718,thread,0,trace_writer,73,6100000000,27680000000,2,280
7339394569900718,thread,0,latency_writer,74,6200000000,27580000000,0,419
7339394670178707,process,-1,process,71,31910000000,103960000000,33687,8
7339394670178707,thread,-1,producer,71,20000000,130000000,33687,8
7339394670178707,thread,-1,sampler,76,50000000,30000000,338,1
7339394670178707,thread,0,account_worker,75,13430000000,20470000000,0,187
7339394670178707,thread,0,trader_callback,72,6040000000,27870000000,0,658
7339394670178707,thread,0,trace_writer,73,6110000000,27770000000,2,280
7339394670178707,thread,0,latency_writer,74,6220000000,27670000000,0,421
7339394770495721,process,-1,process,71,32030000000,104240000000,33787,8
7339394770495721,thread,-1,producer,71,20000000,130000000,33787,8
7339394770495721,thread,-1,sampler,76,50000000,30000000,339,1
7339394770495721,thread,0,account_worker,75,13470000000,20530000000,0,187
7339394770495721,thread,0,trader_callback,72,6070000000,27940000000,0,661
7339394770495721,thread,0,trace_writer,73,6140000000,27840000000,2,280
7339394770495721,thread,0,latency_writer,74,6240000000,27750000000,0,422
7339394870776515,process,-1,process,71,32120000000,104540000000,33887,8
7339394870776515,thread,-1,producer,71,20000000,130000000,33887,8
7339394870776515,thread,-1,sampler,76,50000000,30000000,340,1
7339394870776515,thread,0,account_worker,75,13510000000,20590000000,0,187
7339394870776515,thread,0,trader_callback,72,6080000000,28020000000,0,667
7339394870776515,thread,0,trace_writer,73,6170000000,27920000000,2,280
7339394870776515,thread,0,latency_writer,74,6260000000,27830000000,0,423
7339394971055732,process,-1,process,71,32200000000,104860000000,33988,8
7339394971055732,thread,-1,producer,71,20000000,130000000,33988,8
7339394971055732,thread,-1,sampler,76,50000000,30000000,341,1
7339394971055732,thread,0,account_worker,75,13540000000,20660000000,0,187
7339394971055732,thread,0,trader_callback,72,6100000000,28110000000,0,669
7339394971055732,thread,0,trace_writer,73,6190000000,27990000000,2,280
7339394971055732,thread,0,latency_writer,74,6270000000,27920000000,0,423
7339395071354970,process,-1,process,71,32310000000,105160000000,34088,8
7339395071354970,thread,-1,producer,71,20000000,130000000,34088,8
7339395071354970,thread,-1,sampler,76,50000000,30000000,342,1
7339395071354970,thread,0,account_worker,75,13580000000,20720000000,0,188
7339395071354970,thread,0,trader_callback,72,6110000000,28190000000,0,672
7339395071354970,thread,0,trace_writer,73,6220000000,28070000000,2,281
7339395071354970,thread,0,latency_writer,74,6300000000,27990000000,0,424
7339395171619428,process,-1,process,71,32400000000,105470000000,34188,8
7339395171619428,thread,-1,producer,71,20000000,130000000,34188,8
7339395171619428,thread,-1,sampler,76,50000000,30000000,343,1
7339395171619428,thread,0,account_worker,75,13620000000,20780000000,0,189
7339395171619428,thread,0,trader_callback,72,6130000000,28270000000,0,673
7339395171619428,thread,0,trace_writer,73,6230000000,28160000000,2,281
7339395171619428,thread,0,latency_writer,74,6320000000,28070000000,0,426
7339395271891788,process,-1,process,71,32480000000,105790000000,34288,8
7339395271891788,thread,-1,producer,71,20000000,130000000,34288,8
7339395271891788,thread,-1,sampler,76,50000000,30000000,344,1
7339395271891788,thread,0,account_worker,75,13660000000,20840000000,0,190
7339395271891788,thread,0,trader_callback,72,6140000000,28360000000,0,678
7339395271891788,thread,0,trace_writer,73,6240000000,28250000000,2,281
7339395271891788,thread,0,latency_writer,74,6340000000,28150000000,0,427
7339395372174780,process,-1,process,71,32580000000,106100000000,34389,8
7339395372174780,thread,-1,producer,71,20000000,130000000,34389,8
7339395372174780,thread,-1,sampler,76,50000000,30000000,345,1
7339395372174780,thread,0,account_worker,75,13690000000,20910000000,0,190
7339395372174780,thread,0,trader_callback,72,6160000000,28440000000,0,678
7339395372174780,thread,0,trace_writer,73,6250000000,28340000000,2,282
7339395372174780,thread,0,latency_writer,74,6360000000,28230000000,0,429
7339395472445653,process,-1,process,71,32700000000,106370000000,34489,8
7339395472445653,thread,-1,producer,71,20000000,130000000,34489,8
7339395472445653,thread,-1,sampler,76,50000000,30000000,346,1
7339395472445653,thread,0,account_worker,75,13740000000,20970000000,0,190
7339395472445653,thread,0,trader_callback,72,6180000000,28520000000,0,681
7339395472445653,thread,0,trace_writer,73,6290000000,28400000000,2,282
7339395472445653,thread,0,latency_writer,74,6390000000,28300000000,0,430
7339395572720178,process,-1,process,71,32810000000,106670000000,34589,8
7339395572720178,thread,-1,producer,71,20000000,140000000,34589,8
7339395572720178,thread,-1,sampler,76,50000000,30000000,347,1
7339395572720178,thread,0,account_worker,75,13770000000,21030000000,0,190
7339395572720178,thread,0,trader_callback,72,6200000000,28600000000,0,682
7339395572720178,thread,0,trace_writer,73,6320000000,28460000000,2,282
7339395572720178,thread,0,latency_writer,74,6400000000,28390000000,0,432
7339395673009467,process,-1,process,71,32920000000,106960000000,34689,8
7339395673009467,thread,-1,producer,71,20000000,140000000,34690,8
7339395673009467,thread,-1,sampler,76,50000000,30000000,348,1
7339395673009467,thread,0,account_worker,75,13820000000,21080000000,0,190
7339395673009467,thread,0,trader_callback,72,6230000000,28680000000,0,686
7339395673009467,thread,0,trace_writer,73,6340000000,28550000000,2,282
7339395673009467,thread,0,latency_writer,74,6420000000,28470000000,0,432
7339395773283367,process,-1,process,71,33000000000,107280000000,34790,8
7339395773283367,thread,-1,producer,71,20000000,140000000,34790,8
7339395773283367,thread,-1,sampler,76,50000000,30000000,349,1
7339395773283367,thread,0,account_worker,75,13850000000,21150000000,0,191
7339395773283367,thread,0,trader_callback,72,6250000000,28760000000,0,689
7339395773283367,thread,0,trace_writer,73,6360000000,28630000000,2,283
7339395773283367,thread,0,latency_writer,74,6440000000,28550000000,0,434
7339395873558568,process,-1,process,71,33090000000,107590000000,34890,8
7339395873558568,thread,-1,producer,71,20000000,140000000,34890,8
7339395873558568,thread,-1,sampler,76,50000000,30000000,350,1
7339395873558568,thread,0,account_worker,75,13890000000,21210000000,0,193
7339395873558568,thread,0,trader_callback,72,6270000000,28830000000,0,694
7339395873558568,thread,0,trace_writer,73,6380000000,28710000000,2,285
7339395873558568,thread,0,latency_writer,74,6450000000,28640000000,0,436
7339395973838245,process,-1,process,71,33210000000,107880000000,34990,8
7339395973838245,thread,-1,producer,71,20000000,140000000,34990,8
7339395973838245,thread,-1,sampler,76,50000000,30000000,351,1
7339395973838245,thread,0,account_worker,75,13930000000,21270000000,0,193
7339395973838245,thread,0,trader_callback,72,6280000000,28920000000,0,694
7339395973838245,thread,0,trace_writer,73,6400000000,28790000000,2,286
7339395973838245,thread,0,latency_writer,74,6480000000,28710000000,0,436
7339396074113935,process,-1,process,71,33320000000,108160000000,35091,8
7339396074113935,thread,-1,producer,71,20000000,140000000,35091,8
7339396074113935,thread,-1,sampler,76,50000000,30000000,352,1
7339396074113935,thread,0,account_worker,75,13990000000,21320000000,0,194
7339396074113935,thread,0,trader_callback,72,6300000000,29010000000,0,697
7339396074113935,thread,0,trace_writer,73,6420000000,28870000000,2,287
7339396074113935,thread,0,latency_writer,74,6510000000,28780000000,0,437
7339396174442424,process,-1,process,71,33400000000,108490000000,35191,8
7339396174442424,thread,-1,producer,71,20000000,140000000,35191,8
7339396174442424,thread,-1,sampler,76,50000000,30000000,353,1
7339396174442424,thread,0,account_worker,75,14020000000,21390000000,0,194
7339396174442424,thread,0,trader_callback,72,6310000000,29090000000,0,697
7339396174442424,thread,0,trace_writer,73,6430000000,28960000000,2,287
7339396174442424,thread,0,latency_writer,74,6530000000,28860000000,0,438
7339396274784800,process,-1,process,71,33480000000,108810000000,35291,8
7339396274784800,thread,-1,producer,71,20000000,140000000,35291,8
7339396274784800,thread,-1,sampler,76,50000000,30000000,354,1
7339396274784800,thread,0,account_worker,75,14060000000,21450000000,0,194
7339396274784800,thread,0,trader_callback,72,6330000000,29170000000,0,701
7339396274784800,thread,0,trace_writer,73,6450000000,29040000000,2,287
7339396274784800,thread,0,latency_writer,74,6530000000,28960000000,0,439
7339396375057798,process,-1,process,71,33600000000,109090000000,35392,8
7339396375057798,thread,-1,producer,71,20000000,140000000,35392,8
7339396375057798,thread,-1,sampler,76,50000000,30000000,355,1
7339396375057798,thread,0,account_worker,75,14100000000,21510000000,0,194
7339396375057798,thread,0,trader_callback,72,6370000000,29240000000,0,705
7339396375057798,thread,0,trace_writer,73,6470000000,29120000000,2,289
7339396375057798,thread,0,latency_writer,74,6560000000,29040000000,0,439
7339396475328050,process,-1,process,71,33700000000,109400000000,35492,8
7339396475328050,thread,-1,producer,71,20000000,140000000,35492,8
7339396475328050,thread,-1,sampler,76,50000000,30000000,356,1
7339396475328050,thread,0,account_worker,75,14140000000,21560000000,0,194
7339396475328050,thread,0,trader_callback,72,6390000000,29320000000,0,706
7339396475328050,thread,0,trace_writer,73,6480000000,29210000000,2,289
7339396475328050,thread,0,latency_writer,74,6580000000,29110000000,0,440
7339396575585752,process,-1,process,71,33780000000,109710000000,35592,8
7339396575585752,thread,-1,producer,71,20000000,140000000,35592,8
7339396575585752,thread,-1,sampler,76,50000000,30000000,357,1
7339396575585752,thread,0,account_worker,75,14180000000,21620000000,0,194
7339396575585752,thread,0,trader_callback,72,6400000000,29410000000,0,709
7339396575585752,thread,0,trace_writer,73,6480000000,29310000000,2,289
7339396575585752,thread,0,latency_writer,74,6610000000,29180000000,0,441
7339396675885078,process,-1,process,71,33890000000,110010000000,35692,8
7339396675885078,thread,-1,producer,71,20000000,140000000,35692,8
7339396675885078,thread,-1,sampler,76,50000000,30000000,358,1
7339396675885078,thread,0,account_worker,75,14230000000,21680000000,0,194
7339396675885078,thread,0,trader_callback,72,6430000000,29470000000,0,710
7339396675885078,thread,0,trace_writer,73,6490000000,29400000000,2,289
7339396675885078,thread,0,latency_writer,74,6630000000,29260000000,0,442
7339396776173374,process,-1,process,71,33950000000,110340000000,35793,8
7339396776173374,thread,-1,producer,71,20000000,140000000,35793,8
7339396776173374,thread,-1,sampler,76,60000000,30000000,359,1
7339396776173374,thread,0,account_worker,75,14270000000,21740000000,0,194
7339396776173374,thread,0,trader_callback,72,6440000000,29570000000,0,714
7339396776173374,thread,0,trace_writer,73,6500000000,29500000000,2,289
7339396776173374,thread,0,latency_writer,74,6640000000,29350000000,0,442
7339396876440224,process,-1,process,71,34040000000,110660000000,35893,8
7339396876440224,thread,-1,producer,71,20000000,140000000,35893,8
7339396876440224,thread,-1,sampler,76,60000000,30000000,360,1
7339396876440224,thread,0,account_worker,75,14300000000,21810000000,0,194
7339396876440224,thread,0,trader_callback,72,6460000000,29640000000,0,714
7339396876440224,thread,0,trace_writer,73,6500000000,29590000000,2,289
7339396876440224,thread,0,latency_writer,74,6660000000,29430000000,0,443
7339396976706727,process,-1,process,71,34160000000,110940000000,35993,8
7339396976706727,thread,-1,producer,71,20000000,140000000,35993,8
7339396976706727,thread,-1,sampler,76,60000000,30000000,361,1
7339396976706727,thread,0,account_worker,75,14360000000,21850000000,0,194
7339396976706727,thread,0,trader_callback,72,6480000000,29720000000,0,717
7339396976706727,thread,0,trace_writer,73,6530000000,29660000000,2,289
7339396976706727,thread,0,latency_writer,74,6670000000,29520000000,0,443
7339397076971011,process,-1,process,71,34250000000,111250000000,36093,8
7339397076971011,thread,-1,producer,71,20000000,140000000,36093,8
7339397076971011,thread,-1,sampler,76,60000000,30000000,362,1
7339397076971011,thread,0,account_worker,75,14400000000,21910000000,0,195
7339397076971011,thread,0,trader_callback,72,6500000000,29810000000,0,717
7339397076971011,thread,0,trace_writer,73,6560000000,29740000000,2,290
7339397076971011,thread,0,latency_writer,74,6680000000,29610000000,0,445
7339397177251055,process,-1,process,71,34340000000,111560000000,36194,8
7339397177251055,thread,-1,producer,71,20000000,140000000,36194,8
7339397177251055,thread,-1,sampler,76,60000000,30000000,363,1
7339397177251055,thread,0,account_worker,75,14440000000,21970000000,0,196
7339397177251055,thread,0,trader_callback,72,6520000000,29880000000,0,720
7339397177251055,thread,0,trace_writer,73,6570000000,29830000000,2,290
7339397177251055,thread,0,latency_writer,74,6700000000,29700000000,0,445
7339397277532777,process,-1,process,71,34430000000,111870000000,36294,8
7339397277532777,thread,-1,producer,71,20000000,140000000,36294,8
7339397277532777,thread,-1,sampler,76,60000000,30000000,364,1
7339397277532777,thread,0,account_worker,75,14480000000,22030000000,0,197
7339397277532777,thread,0,trader_callback,72,6540000000,29970000000,0,724
7339397277532777,thread,0,trace_writer,73,6580000000,29920000000,2,290
7339397277532777,thread,0,latency_writer,74,6720000000,29770000000,0,446
7339397377803433,process,-1,process,71,34540000000,112160000000,36394,8
7339397377803433,thread,-1,producer,71,20000000,140000000,36394,8
7339397377803433,thread,-1,sampler,76,60000000,30000000,365,1
7339397377803433,thread,0,account_worker,75,14520000000,22090000000,0,197
7339397377803433,thread,0,trader_callback,72,6580000000,30030000000,0,724
7339397377803433,thread,0,trace_writer,73,6600000000,29990000000,2,290
7339397377803433,thread,0,latency_writer,74,6730000000,29870000000,0,446
7339397478069137,process,-1,process,71,34660000000,112450000000,36495,8
7339397478069137,thread,-1,producer,71,20000000,140000000,36495,8
7339397478069137,thread,-1,sampler,76,60000000,30000000,366,1
7339397478069137,thread,0,account_worker,75,14570000000,22140000000,0,197
7339397478069137,thread,0,trader_callback,72,6610000000,30100000000,0,724
7339397478069137,thread,0,trace_writer,73,6620000000,30080000000,2,290
7339397478069137,thread,0,latency_writer,74,6750000000,29940000000,0,446
7339397578343443,process,-1,process,71,34770000000,112740000000,36595,8
7339397578343443,thread,-1,producer,71,20000000,140000000,36595,8
7339397578343443,thread,-1,sampler,76,60000000,30000000,367,1
7339397578343443,thread,0,account_worker,75,14610000000,22200000000,0,197
7339397578343443,thread,0,trader_callback,72,6650000000,30160000000,0,730
7339397578343443,thread,0,trace_writer,73,6630000000,30160000000,2,290
7339397578343443,thread,0,latency_writer,74,6770000000,30020000000,0,448
7339397678635973,process,-1,process,71,34890000000,113020000000,36695,8
7339397678635973,thread,-1,producer,71,20000000,140000000,36695,8
7339397678635973,thread,-1,sampler,76,60000000,30000000,368,1
7339397678635973,thread,0,account_worker,75,14650000000,22260000000,0,197
7339397678635973,thread,0,trader_callback,72,6680000000,30220000000,0,733
7339397678635973,thread,0,trace_writer,73,6650000000,30240000000,2,290
7339397678635973,thread,0,latency_writer,74,6790000000,30100000000,0,448
7339397778941974,process,-1,process,71,35010000000,113300000000,36795,8
7339397778941974,thread,-1,producer,71,20000000,140000000,36795,8
7339397778941974,thread,-1,sampler,76,60000000,30000000,369,1
7339397778941974,thread,0,account_worker,75,14700000000,22310000000,0,197
7339397778941974,thread,0,trader_callback,72,6700000000,30310000000,0,735
7339397778941974,thread,0,trace_writer,73,6690000000,30300000000,2,291
7339397778941974,thread,0,latency_writer,74,6800000000,30200000000,0,449
7339397879211015,process,-1,process,71,35110000000,113610000000,36896,8
7339397879211015,thread,-1,producer,71,20000000,140000000,36896,8
7339397879211015,thread,-1,sampler,76,60000000,30000000,370,1
7339397879211015,thread,0,account_worker,75,14750000000,22360000000,0,197
7339397879211015,thread,0,trader_callback,72,6720000000,30390000000,0,738
7339397879211015,thread,0,trace_writer,73,6700000000,30390000000,2,291
7339397879211015,thread,0,latency_writer,74,6820000000,30280000000,0,449
7339397979488464,process,-1,process,71,35210000000,113910000000,36996,8
7339397979488464,thread,-1,producer,71,20000000,140000000,36996,8
7339397979488464,thread,-1,sampler,76,60000000,30000000,371,1
7339397979488464,thread,0,account_worker,75,14800000000,22410000000,0,197
7339397979488464,thread,0,trader_callback,72,6740000000,30470000000,0,739
7339397979488464,thread,0,trace_writer,73,6730000000,30470000000,2,293
7339397979488464,thread,0,latency_writer,74,6830000000,30370000000,0,450
7339398079755141,process,-1,process,71,35280000000,114240000000,37096,8
7339398079755141,thread,-1,producer,71,20000000,140000000,37096,8
7339398079755141,thread,-1,sampler,76,60000000,30000000,372,1
7339398079755141,thread,0,account_worker,75,14830000000,22480000000,0,198
7339398079755141,thread,0,trader_callback,72,6740000000,30570000000,0,742
7339398079755141,thread,0,trace_writer,73,6740000000,30550000000,2,294
7339398079755141,thread,0,latency_writer,74,6850000000,30440000000,0,450
7339398180022832,process,-1,process,71,35350000000,114570000000,37196,8
7339398180022832,thread,-1,producer,71,20000000,140000000,37197,8
7339398180022832,thread,-1,sampler,76,60000000,30000000,373,1
7339398180022832,thread,0,account_worker,75,14850000000,22560000000,0,198
7339398180022832,thread,0,trader_callback,72,6760000000,30650000000,0,742
7339398180022832,thread,0,trace_writer,73,6760000000,30640000000,3,294
7339398180022832,thread,0,latency_writer,74,6860000000,30530000000,0,452
7339398280301560,process,-1,process,71,35440000000,114880000000,37297,8
7339398280301560,thread,-1,producer,71,20000000,140000000,37297,8
7339398280301560,thread,-1,sampler,76,60000000,30000000,374,1
7339398280301560,thread,0,account_worker,75,14890000000,22620000000,0,198
7339398280301560,thread,0,trader_callback,72,6780000000,30730000000,0,745
7339398280301560,thread,0,trace_writer,73,6770000000,30730000000,3,294
7339398280301560,thread,0,latency_writer,74,6890000000,30610000000,0,452
7339398380586969,process,-1,process,71,35540000000,115180000000,37397,8
7339398380586969,thread,-1,producer,71,20000000,140000000,37397,8
7339398380586969,thread,-1,sampler,76,60000000,30000000,375,1
7339398380586969,thread,0,account_worker,75,14930000000,22690000000,0,203
7339398380586969,thread,0,trader_callback,72,6800000000,30810000000,0,753
7339398380586969,thread,0,trace_writer,73,6790000000,30800000000,3,301
7339398380586969,thread,0,latency_writer,74,6910000000,30680000000,0,460
7339398480847342,process,-1,process,71,35600000000,115520000000,37497,8
7339398480847342,thread,-1,producer,71,20000000,140000000,37497,8
7339398480847342,thread,-1,sampler,76,60000000,30000000,376,1
7339398480847342,thread,0,account_worker,75,14960000000,22750000000,0,203
7339398480847342,thread,0,trader_callback,72,6800000000,30910000000,0,753
7339398480847342,thread,0,trace_writer,73,6800000000,30900000000,3,301
7339398480847342,thread,0,latency_writer,74,6920000000,30770000000,0,462
7339398581123499,process,-1,process,71,35660000000,115870000000,37598,8
7339398581123499,thread,-1,producer,71,20000000,140000000,37598,8
7339398581123499,thread,-1,sampler,76,60000000,30000000,377,1
7339398581123499,thread,0,account_worker,75,14980000000,22830000000,0,203
7339398581123499,thread,0,trader_callback,72,6810000000,31010000000,0,757
7339398581123499,thread,0,trace_writer,73,6820000000,30980000000,3,301
7339398581123499,thread,0,latency_writer,74,6940000000,30860000000,0,462
7339398681387259,process,-1,process,71,35740000000,116180000000,37698,8
7339398681387259,thread,-1,producer,71,20000000,140000000,37698,8
7339398681387259,thread,-1,sampler,76,60000000,30000000,378,1
7339398681387259,thread,0,account_worker,75,15010000000,22910000000,0,203
7339398681387259,thread,0,trader_callback,72,6830000000,31080000000,0,757
7339398681387259,thread,0,trace_writer,73,6830000000,31060000000,3,301
7339398681387259,thread,0,latency_writer,74,6960000000,30930000000,0,462
7339398781660656,process,-1,process,71,35840000000,116490000000,37798,8
7339398781660656,thread,-1,producer,71,20000000,140000000,37798,8
7339398781660656,thread,-1,sampler,76,60000000,30000000,379,1
7339398781660656,thread,0,account_worker,75,15050000000,22970000000,0,203
7339398781660656,thread,0,trader_callback,72,6850000000,31160000000,0,765
7339398781660656,thread,0,trace_writer,73,6850000000,31150000000,3,301
7339398781660656,thread,0,latency_writer,74,6980000000,31020000000,0,462
