sample_mono_ns,scope,account_index,role,tid,user_cpu_ns,system_cpu_ns,voluntary_context_switches,nonvoluntary_context_switches
7350075667218042,process,-1,process,90,320000000,1420000000,1,4
7350075667218042,thread,-1,producer,90,0,50000000,1,4
7350075667218042,thread,-1,sampler,107,0,0,1,0
7350075667218042,thread,0,account_worker,103,20000000,80000000,0,3
7350075667218042,thread,0,trader_callback,91,20000000,120000000,0,1
7350075667218042,thread,0,trace_writer,92,0,130000000,0,8
7350075667218042,thread,0,latency_writer,93,30000000,100000000,0,3
7350075667218042,thread,1,account_worker,104,40000000,50000000,0,4
7350075667218042,thread,1,trader_callback,94,30000000,100000000,0,3
7350075667218042,thread,1,trace_writer,95,10000000,110000000,0,0
7350075667218042,thread,1,latency_writer,96,10000000,110000000,0,2
7350075667218042,thread,2,account_worker,105,30000000,60000000,0,3
7350075667218042,thread,2,trader_callback,97,20000000,100000000,0,0
7350075667218042,thread,2,trace_writer,98,10000000,100000000,0,0
7350075667218042,thread,2,latency_writer,99,0,40000000,0,81250
7350075667218042,thread,3,account_worker,106,0,40000000,0,65915
7350075667218042,thread,3,trader_callback,100,10000000,40000000,0,65928
7350075667218042,thread,3,trace_writer,101,20000000,70000000,0,10
7350075667218042,thread,3,latency_writer,102,0,40000000,0,81316
7350075767768269,process,-1,process,90,650000000,2570000000,2,4
7350075767768269,thread,-1,producer,90,0,50000000,2,4
7350075767768269,thread,-1,sampler,107,0,0,2,0
7350075767768269,thread,0,account_worker,103,40000000,150000000,0,3
7350075767768269,thread,0,trader_callback,91,40000000,210000000,0,1
7350075767768269,thread,0,trace_writer,92,20000000,210000000,0,11
7350075767768269,thread,0,latency_writer,93,50000000,180000000,0,9
7350075767768269,thread,1,account_worker,104,80000000,110000000,0,8
7350075767768269,thread,1,trader_callback,94,40000000,190000000,0,3
7350075767768269,thread,1,trace_writer,95,20000000,200000000,0,0
7350075767768269,thread,1,latency_writer,96,30000000,190000000,0,4
7350075767768269,thread,2,account_worker,105,60000000,130000000,0,4
7350075767768269,thread,2,trader_callback,97,30000000,180000000,0,0
7350075767768269,thread,2,trace_writer,98,30000000,180000000,0,1
7350075767768269,thread,2,latency_writer,99,10000000,120000000,0,101021
7350075767768269,thread,3,account_worker,106,30000000,60000000,0,139604
7350075767768269,thread,3,trader_callback,100,30000000,80000000,0,139622
7350075767768269,thread,3,trace_writer,101,50000000,150000000,0,14
7350075767768269,thread,3,latency_writer,102,20000000,100000000,0,101020
7350075868332071,process,-1,process,90,1000000000,3730000000,103,4
7350075868332071,thread,-1,producer,90,0,50000000,103,4
7350075868332071,thread,-1,sampler,107,0,0,3,0
7350075868332071,thread,0,account_worker,103,80000000,210000000,0,7
7350075868332071,thread,0,trader_callback,91,50000000,300000000,0,1
7350075868332071,thread,0,trace_writer,92,40000000,290000000,0,15
7350075868332071,thread,0,latency_writer,93,50000000,280000000,0,19
7350075868332071,thread,1,account_worker,104,110000000,170000000,0,75
7350075868332071,thread,1,trader_callback,94,80000000,250000000,0,3
7350075868332071,thread,1,trace_writer,95,40000000,280000000,0,0
7350075868332071,thread,1,latency_writer,96,60000000,260000000,0,5
7350075868332071,thread,2,account_worker,105,110000000,190000000,0,7
7350075868332071,thread,2,trader_callback,97,60000000,260000000,0,1
7350075868332071,thread,2,trace_writer,98,50000000,250000000,0,1
7350075868332071,thread,2,latency_writer,99,10000000,220000000,0,101021
7350075868332071,thread,3,account_worker,106,30000000,110000000,0,208920
7350075868332071,thread,3,trader_callback,100,30000000,120000000,0,208939
7350075868332071,thread,3,trace_writer,101,60000000,230000000,0,20
7350075868332071,thread,3,latency_writer,102,50000000,180000000,0,101024
7350075969066679,process,-1,process,90,1370000000,4930000000,203,4
7350075969066679,thread,-1,producer,90,0,50000000,203,4
7350075969066679,thread,-1,sampler,107,0,0,4,0
7350075969066679,thread,0,account_worker,103,110000000,280000000,0,13
7350075969066679,thread,0,trader_callback,91,80000000,360000000,0,2
7350075969066679,thread,0,trace_writer,92,70000000,370000000,0,17
7350075969066679,thread,0,latency_writer,93,70000000,370000000,0,22
7350075969066679,thread,1,account_worker,104,140000000,250000000,0,176
7350075969066679,thread,1,trader_callback,94,90000000,340000000,0,3
7350075969066679,thread,1,trace_writer,95,50000000,370000000,0,0
7350075969066679,thread,1,latency_writer,96,70000000,350000000,0,6
7350075969066679,thread,2,account_worker,105,140000000,250000000,0,10
7350075969066679,thread,2,trader_callback,97,90000000,330000000,0,2
7350075969066679,thread,2,trace_writer,98,70000000,340000000,0,1
7350075969066679,thread,2,latency_writer,99,30000000,300000000,0,101021
7350075969066679,thread,3,account_worker,106,70000000,160000000,0,231200
7350075969066679,thread,3,trader_callback,100,40000000,200000000,0,231205
7350075969066679,thread,3,trace_writer,101,90000000,300000000,0,20
7350075969066679,thread,3,latency_writer,102,80000000,250000000,0,101028
7350076069574213,process,-1,process,90,1690000000,6220000000,304,4
7350076069574213,thread,-1,producer,90,0,50000000,304,4
7350076069574213,thread,-1,sampler,107,0,0,5,0
7350076069574213,thread,0,account_worker,103,120000000,370000000,0,16
7350076069574213,thread,0,trader_callback,91,100000000,450000000,0,3
7350076069574213,thread,0,trace_writer,92,70000000,460000000,0,25
7350076069574213,thread,0,latency_writer,93,70000000,460000000,0,26
7350076069574213,thread,1,account_worker,104,180000000,310000000,0,277
7350076069574213,thread,1,trader_callback,94,110000000,430000000,0,4
7350076069574213,thread,1,trace_writer,95,70000000,450000000,0,0
7350076069574213,thread,1,latency_writer,96,80000000,440000000,0,8
7350076069574213,thread,2,account_worker,105,170000000,320000000,0,10
7350076069574213,thread,2,trader_callback,97,100000000,420000000,0,3
7350076069574213,thread,2,trace_writer,98,90000000,420000000,0,2
7350076069574213,thread,2,latency_writer,99,40000000,390000000,0,101022
7350076069574213,thread,3,account_worker,106,120000000,210000000,0,231207
7350076069574213,thread,3,trader_callback,100,70000000,270000000,0,231206
7350076069574213,thread,3,trace_writer,101,120000000,380000000,0,22
7350076069574213,thread,3,latency_writer,102,100000000,330000000,0,101034
7350076170019194,process,-1,process,90,2040000000,7470000000,404,4
7350076170019194,thread,-1,producer,90,0,50000000,404,4
7350076170019194,thread,-1,sampler,107,0,0,6,0
7350076170019194,thread,0,account_worker,103,150000000,440000000,0,21
7350076170019194,thread,0,trader_callback,91,110000000,530000000,0,3
7350076170019194,thread,0,trace_writer,92,80000000,550000000,0,27
7350076170019194,thread,0,latency_writer,93,90000000,540000000,0,32
7350076170019194,thread,1,account_worker,104,220000000,370000000,0,378
7350076170019194,thread,1,trader_callback,94,130000000,510000000,0,8
7350076170019194,thread,1,trace_writer,95,80000000,540000000,0,1
7350076170019194,thread,1,latency_writer,96,90000000,530000000,0,11
7350076170019194,thread,2,account_worker,105,200000000,390000000,0,11
7350076170019194,thread,2,trader_callback,97,130000000,490000000,0,4
7350076170019194,thread,2,trace_writer,98,90000000,510000000,0,2
7350076170019194,thread,2,latency_writer,99,70000000,460000000,0,101022
7350076170019194,thread,3,account_worker,106,150000000,270000000,0,231207
7350076170019194,thread,3,trader_callback,100,90000000,350000000,0,231208
7350076170019194,thread,3,trace_writer,101,160000000,440000000,0,22
7350076170019194,thread,3,latency_writer,102,120000000,410000000,0,101044
7350076270468068,process,-1,process,90,2420000000,8700000000,505,4
7350076270468068,thread,-1,producer,90,0,50000000,505,4
7350076270468068,thread,-1,sampler,107,0,0,7,0
7350076270468068,thread,0,account_worker,103,170000000,520000000,0,24
7350076270468068,thread,0,trader_callback,91,140000000,610000000,0,3
7350076270468068,thread,0,trace_writer,92,90000000,640000000,0,30
7350076270468068,thread,0,latency_writer,93,100000000,630000000,0,38
7350076270468068,thread,1,account_worker,104,250000000,440000000,0,479
7350076270468068,thread,1,trader_callback,94,140000000,590000000,0,8
7350076270468068,thread,1,trace_writer,95,100000000,620000000,0,2
7350076270468068,thread,1,latency_writer,96,100000000,620000000,0,12
7350076270468068,thread,2,account_worker,105,250000000,440000000,0,11
7350076270468068,thread,2,trader_callback,97,160000000,560000000,0,5
7350076270468068,thread,2,trace_writer,98,110000000,600000000,0,2
7350076270468068,thread,2,latency_writer,99,90000000,540000000,0,101022
7350076270468068,thread,3,account_worker,106,180000000,340000000,0,231210
7350076270468068,thread,3,trader_callback,100,130000000,410000000,0,231209
7350076270468068,thread,3,trace_writer,101,170000000,520000000,0,22
7350076270468068,thread,3,latency_writer,102,160000000,470000000,0,101047
7350076370918531,process,-1,process,90,2770000000,9940000000,605,4
7350076370918531,thread,-1,producer,90,0,50000000,605,4
7350076370918531,thread,-1,sampler,107,0,0,8,0
7350076370918531,thread,0,account_worker,103,180000000,600000000,0,29
7350076370918531,thread,0,trader_callback,91,150000000,690000000,0,3
7350076370918531,thread,0,trace_writer,92,110000000,720000000,0,34
7350076370918531,thread,0,latency_writer,93,130000000,700000000,0,45
7350076370918531,thread,1,account_worker,104,290000000,500000000,0,579
7350076370918531,thread,1,trader_callback,94,160000000,670000000,0,8
7350076370918531,thread,1,trace_writer,95,110000000,710000000,0,3
7350076370918531,thread,1,latency_writer,96,110000000,700000000,0,15
7350076370918531,thread,2,account_worker,105,290000000,500000000,0,11
7350076370918531,thread,2,trader_callback,97,160000000,660000000,0,5
7350076370918531,thread,2,trace_writer,98,140000000,670000000,0,2
7350076370918531,thread,2,latency_writer,99,120000000,620000000,0,101022
7350076370918531,thread,3,account_worker,106,220000000,410000000,0,231210
7350076370918531,thread,3,trader_callback,100,150000000,490000000,0,231212
7350076370918531,thread,3,trace_writer,101,190000000,610000000,0,22
7350076370918531,thread,3,latency_writer,102,170000000,550000000,0,101051
7350076471403027,process,-1,process,90,3080000000,11240000000,706,4
7350076471403027,thread,-1,producer,90,0,50000000,706,4
7350076471403027,thread,-1,sampler,107,0,0,9,0
7350076471403027,thread,0,account_worker,103,220000000,670000000,0,33
7350076471403027,thread,0,trader_callback,91,170000000,780000000,0,3
7350076471403027,thread,0,trace_writer,92,130000000,810000000,0,38
7350076471403027,thread,0,latency_writer,93,160000000,780000000,0,54
7350076471403027,thread,1,account_worker,104,320000000,570000000,0,680
7350076471403027,thread,1,trader_callback,94,180000000,760000000,0,11
7350076471403027,thread,1,trace_writer,95,120000000,800000000,0,3
7350076471403027,thread,1,latency_writer,96,130000000,790000000,0,23
7350076471403027,thread,2,account_worker,105,320000000,570000000,0,11
7350076471403027,thread,2,trader_callback,97,180000000,740000000,0,6
7350076471403027,thread,2,trace_writer,98,150000000,760000000,0,2
7350076471403027,thread,2,latency_writer,99,130000000,700000000,0,101022
7350076471403027,thread,3,account_worker,106,250000000,480000000,0,231213
7350076471403027,thread,3,trader_callback,100,160000000,580000000,0,231214
7350076471403027,thread,3,trace_writer,101,200000000,700000000,0,22
7350076471403027,thread,3,latency_writer,102,200000000,630000000,0,101058
7350076571894966,process,-1,process,90,3510000000,12420000000,806,4
7350076571894966,thread,-1,producer,90,0,50000000,806,4
7350076571894966,thread,-1,sampler,107,0,0,10,0
7350076571894966,thread,0,account_worker,103,250000000,730000000,0,36
7350076571894966,thread,0,trader_callback,91,190000000,850000000,0,3
7350076571894966,thread,0,trace_writer,92,130000000,900000000,0,40
7350076571894966,thread,0,latency_writer,93,170000000,860000000,0,63
7350076571894966,thread,1,account_worker,104,380000000,610000000,0,780
7350076571894966,thread,1,trader_callback,94,180000000,850000000,0,14
7350076571894966,thread,1,trace_writer,95,150000000,870000000,0,4
7350076571894966,thread,1,latency_writer,96,140000000,870000000,0,30
7350076571894966,thread,2,account_worker,105,380000000,620000000,0,11
7350076571894966,thread,2,trader_callback,97,200000000,820000000,0,7
7350076571894966,thread,2,trace_writer,98,180000000,830000000,0,2
7350076571894966,thread,2,latency_writer,99,140000000,790000000,0,101023
7350076571894966,thread,3,account_worker,106,290000000,540000000,0,231216
7350076571894966,thread,3,trader_callback,100,190000000,650000000,0,231217
7350076571894966,thread,3,trace_writer,101,210000000,790000000,0,22
7350076571894966,thread,3,latency_writer,102,230000000,700000000,0,101063
7350076672405345,process,-1,process,90,3880000000,13650000000,907,4
7350076672405345,thread,-1,producer,90,0,50000000,907,4
7350076672405345,thread,-1,sampler,107,0,0,11,0
7350076672405345,thread,0,account_worker,103,290000000,800000000,0,43
7350076672405345,thread,0,trader_callback,91,210000000,930000000,0,3
7350076672405345,thread,0,trace_writer,92,150000000,980000000,0,42
7350076672405345,thread,0,latency_writer,93,190000000,950000000,0,72
7350076672405345,thread,1,account_worker,104,420000000,660000000,0,881
7350076672405345,thread,1,trader_callback,94,200000000,940000000,0,14
7350076672405345,thread,1,trace_writer,95,160000000,960000000,0,4
7350076672405345,thread,1,latency_writer,96,170000000,940000000,0,31
7350076672405345,thread,2,account_worker,105,430000000,670000000,0,11
7350076672405345,thread,2,trader_callback,97,220000000,900000000,0,7
7350076672405345,thread,2,trace_writer,98,190000000,920000000,0,2
7350076672405345,thread,2,latency_writer,99,160000000,870000000,0,101023
7350076672405345,thread,3,account_worker,106,330000000,600000000,0,231219
7350076672405345,thread,3,trader_callback,100,210000000,730000000,0,231219
7350076672405345,thread,3,trace_writer,101,210000000,880000000,0,25
7350076672405345,thread,3,latency_writer,102,250000000,770000000,0,101068
7350076772857467,process,-1,process,90,4290000000,14840000000,1007,4
7350076772857467,thread,-1,producer,90,0,50000000,1007,4
7350076772857467,thread,-1,sampler,107,0,0,12,0
7350076772857467,thread,0,account_worker,103,330000000,850000000,0,45
7350076772857467,thread,0,trader_callback,91,240000000,1010000000,0,3
7350076772857467,thread,0,trace_writer,92,160000000,1070000000,0,43
7350076772857467,thread,0,latency_writer,93,210000000,1030000000,0,81
7350076772857467,thread,1,account_worker,104,470000000,720000000,0,981
7350076772857467,thread,1,trader_callback,94,210000000,1030000000,0,17
7350076772857467,thread,1,trace_writer,95,180000000,1040000000,0,4
7350076772857467,thread,1,latency_writer,96,190000000,1030000000,0,32
7350076772857467,thread,2,account_worker,105,480000000,720000000,0,11
7350076772857467,thread,2,trader_callback,97,250000000,980000000,0,7
7350076772857467,thread,2,trace_writer,98,220000000,990000000,0,2
7350076772857467,thread,2,latency_writer,99,190000000,950000000,0,101023
7350076772857467,thread,3,account_worker,106,350000000,680000000,0,231222
7350076772857467,thread,3,trader_callback,100,220000000,820000000,0,231220
7350076772857467,thread,3,trace_writer,101,240000000,960000000,0,34
7350076772857467,thread,3,latency_writer,102,270000000,850000000,0,101073
7350076873304437,process,-1,process,90,4640000000,16090000000,1108,4
7350076873304437,thread,-1,producer,90,0,50000000,1108,4
7350076873304437,thread,-1,sampler,107,0,0,13,0
7350076873304437,thread,0,account_worker,103,350000000,930000000,0,64
7350076873304437,thread,0,trader_callback,91,260000000,1090000000,0,20
7350076873304437,thread,0,trace_writer,92,170000000,1160000000,0,64
7350076873304437,thread,0,latency_writer,93,230000000,1110000000,0,110
7350076873304437,thread,1,account_worker,104,530000000,760000000,0,1098
7350076873304437,thread,1,trader_callback,94,230000000,1110000000,0,36
7350076873304437,thread,1,trace_writer,95,200000000,1120000000,0,21
7350076873304437,thread,1,latency_writer,96,200000000,1120000000,0,49
7350076873304437,thread,2,account_worker,105,510000000,790000000,0,27
7350076873304437,thread,2,trader_callback,97,280000000,1050000000,0,25
7350076873304437,thread,2,trace_writer,98,230000000,1090000000,0,18
7350076873304437,thread,2,latency_writer,99,200000000,1030000000,0,101039
7350076873304437,thread,3,account_worker,106,380000000,750000000,0,231238
7350076873304437,thread,3,trader_callback,100,240000000,890000000,0,231239
7350076873304437,thread,3,trace_writer,101,250000000,1040000000,0,51
7350076873304437,thread,3,latency_writer,102,290000000,930000000,0,101115
7350076973827233,process,-1,process,90,5060000000,17280000000,1208,4
7350076973827233,thread,-1,producer,90,0,50000000,1208,4
7350076973827233,thread,-1,sampler,107,0,0,14,0
7350076973827233,thread,0,account_worker,103,390000000,990000000,0,66
7350076973827233,thread,0,trader_callback,91,270000000,1180000000,0,20
7350076973827233,thread,0,trace_writer,92,190000000,1240000000,0,68
7350076973827233,thread,0,latency_writer,93,240000000,1190000000,0,113
7350076973827233,thread,1,account_worker,104,560000000,820000000,0,1198
7350076973827233,thread,1,trader_callback,94,240000000,1190000000,0,36
7350076973827233,thread,1,trace_writer,95,230000000,1190000000,0,21
7350076973827233,thread,1,latency_writer,96,210000000,1200000000,0,50
7350076973827233,thread,2,account_worker,105,560000000,840000000,0,27
7350076973827233,thread,2,trader_callback,97,290000000,1130000000,0,25
7350076973827233,thread,2,trace_writer,98,250000000,1160000000,0,18
7350076973827233,thread,2,latency_writer,99,230000000,1110000000,0,101039
7350076973827233,thread,3,account_worker,106,440000000,790000000,0,231238
7350076973827233,thread,3,trader_callback,100,250000000,980000000,0,231242
7350076973827233,thread,3,trace_writer,101,280000000,1120000000,0,55
7350076973827233,thread,3,latency_writer,102,320000000,1000000000,0,101121
7350077074259936,process,-1,process,90,5440000000,18500000000,1308,4
7350077074259936,thread,-1,producer,90,0,50000000,1308,4
7350077074259936,thread,-1,sampler,107,0,0,15,0
7350077074259936,thread,0,account_worker,103,430000000,1060000000,0,70
7350077074259936,thread,0,trader_callback,91,290000000,1250000000,0,22
7350077074259936,thread,0,trace_writer,92,220000000,1310000000,0,72
7350077074259936,thread,0,latency_writer,93,260000000,1270000000,0,120
7350077074259936,thread,1,account_worker,104,600000000,890000000,0,1300
7350077074259936,thread,1,trader_callback,94,280000000,1260000000,0,40
7350077074259936,thread,1,trace_writer,95,250000000,1270000000,0,23
7350077074259936,thread,1,latency_writer,96,250000000,1270000000,0,51
7350077074259936,thread,2,account_worker,105,600000000,900000000,0,28
7350077074259936,thread,2,trader_callback,97,310000000,1210000000,0,28
7350077074259936,thread,2,trace_writer,98,260000000,1250000000,0,19
7350077074259936,thread,2,latency_writer,99,240000000,1190000000,0,101040
7350077074259936,thread,3,account_worker,106,480000000,850000000,0,231239
7350077074259936,thread,3,trader_callback,100,270000000,1070000000,0,231244
7350077074259936,thread,3,trace_writer,101,280000000,1220000000,0,64
7350077074259936,thread,3,latency_writer,102,340000000,1080000000,0,101126
7350077174690249,process,-1,process,90,5830000000,19720000000,1409,4
7350077174690249,thread,-1,producer,90,0,50000000,1409,4
7350077174690249,thread,-1,sampler,107,0,0,16,0
7350077174690249,thread,0,account_worker,103,460000000,1130000000,0,74
7350077174690249,thread,0,trader_callback,91,300000000,1350000000,0,22
7350077174690249,thread,0,trace_writer,92,250000000,1390000000,0,77
7350077174690249,thread,0,latency_writer,93,280000000,1360000000,0,127
7350077174690249,thread,1,account_worker,104,650000000,940000000,0,1400
7350077174690249,thread,1,trader_callback,94,300000000,1330000000,0,40
7350077174690249,thread,1,trace_writer,95,270000000,1350000000,0,23
7350077174690249,thread,1,latency_writer,96,260000000,1360000000,0,53
7350077174690249,thread,2,account_worker,105,640000000,960000000,0,28
7350077174690249,thread,2,trader_callback,97,330000000,1300000000,0,29
7350077174690249,thread,2,trace_writer,98,290000000,1330000000,0,19
7350077174690249,thread,2,latency_writer,99,270000000,1270000000,0,101040
7350077174690249,thread,3,account_worker,106,510000000,920000000,0,231239
7350077174690249,thread,3,trader_callback,100,280000000,1160000000,0,231246
7350077174690249,thread,3,trace_writer,101,300000000,1300000000,0,67
7350077174690249,thread,3,latency_writer,102,380000000,1140000000,0,101134
7350077275221749,process,-1,process,90,6190000000,20970000000,1509,4
7350077275221749,thread,-1,producer,90,0,50000000,1509,4
7350077275221749,thread,-1,sampler,107,0,0,17,0
7350077275221749,thread,0,account_worker,103,510000000,1170000000,0,80
7350077275221749,thread,0,trader_callback,91,310000000,1440000000,0,22
7350077275221749,thread,0,trace_writer,92,280000000,1460000000,0,81
7350077275221749,thread,0,latency_writer,93,290000000,1450000000,0,136
7350077275221749,thread,1,account_worker,104,690000000,1000000000,0,1501
7350077275221749,thread,1,trader_callback,94,320000000,1420000000,0,40
7350077275221749,thread,1,trace_writer,95,280000000,1440000000,0,23
7350077275221749,thread,1,latency_writer,96,270000000,1450000000,0,54
7350077275221749,thread,2,account_worker,105,680000000,1020000000,0,28
7350077275221749,thread,2,trader_callback,97,340000000,1380000000,0,31
7350077275221749,thread,2,trace_writer,98,300000000,1410000000,0,19
7350077275221749,thread,2,latency_writer,99,280000000,1360000000,0,101040
7350077275221749,thread,3,account_worker,106,570000000,960000000,0,231245
7350077275221749,thread,3,trader_callback,100,290000000,1240000000,0,231248
7350077275221749,thread,3,trace_writer,101,300000000,1400000000,0,70
7350077275221749,thread,3,latency_writer,102,390000000,1240000000,0,101137
7350077375744060,process,-1,process,90,6510000000,22250000000,1610,4
7350077375744060,thread,-1,producer,90,0,50000000,1610,4
7350077375744060,thread,-1,sampler,107,0,0,18,0
7350077375744060,thread,0,account_worker,103,530000000,1250000000,0,82
7350077375744060,thread,0,trader_callback,91,330000000,1520000000,0,22
7350077375744060,thread,0,trace_writer,92,310000000,1530000000,0,81
7350077375744060,thread,0,latency_writer,93,300000000,1540000000,0,140
7350077375744060,thread,1,account_worker,104,710000000,1080000000,0,1601
7350077375744060,thread,1,trader_callback,94,330000000,1510000000,0,43
7350077375744060,thread,1,trace_writer,95,290000000,1540000000,0,23
7350077375744060,thread,1,latency_writer,96,290000000,1530000000,0,56
7350077375744060,thread,2,account_worker,105,720000000,1080000000,0,28
7350077375744060,thread,2,trader_callback,97,360000000,1470000000,0,33
7350077375744060,thread,2,trace_writer,98,320000000,1500000000,0,19
7350077375744060,thread,2,latency_writer,99,300000000,1430000000,0,101040
7350077375744060,thread,3,account_worker,106,610000000,1020000000,0,231248
7350077375744060,thread,3,trader_callback,100,300000000,1330000000,0,231251
7350077375744060,thread,3,trace_writer,101,330000000,1470000000,0,73
7350077375744060,thread,3,latency_writer,102,410000000,1320000000,0,101140
7350077476260695,process,-1,process,90,6840000000,23520000000,1710,4
7350077476260695,thread,-1,producer,90,0,50000000,1711,4
7350077476260695,thread,-1,sampler,107,0,0,19,0
7350077476260695,thread,0,account_worker,103,580000000,1310000000,0,85
7350077476260695,thread,0,trader_callback,91,350000000,1600000000,0,22
7350077476260695,thread,0,trace_writer,92,310000000,1630000000,0,82
7350077476260695,thread,0,latency_writer,93,330000000,1610000000,0,143
7350077476260695,thread,1,account_worker,104,760000000,1130000000,0,1702
7350077476260695,thread,1,trader_callback,94,340000000,1600000000,0,47
7350077476260695,thread,1,trace_writer,95,300000000,1620000000,0,23
7350077476260695,thread,1,latency_writer,96,300000000,1610000000,0,57
7350077476260695,thread,2,account_worker,105,750000000,1150000000,0,28
7350077476260695,thread,2,trader_callback,97,370000000,1560000000,0,34
7350077476260695,thread,2,trace_writer,98,330000000,1580000000,0,19
7350077476260695,thread,2,latency_writer,99,320000000,1510000000,0,101040
7350077476260695,thread,3,account_worker,106,630000000,1100000000,0,231248
7350077476260695,thread,3,trader_callback,100,320000000,1420000000,0,231252
7350077476260695,thread,3,trace_writer,101,340000000,1560000000,0,76
7350077476260695,thread,3,latency_writer,102,420000000,1400000000,0,101143
7350077576835342,process,-1,process,90,7180000000,24800000000,1811,4
7350077576835342,thread,-1,producer,90,0,50000000,1811,4
7350077576835342,thread,-1,sampler,107,0,0,20,0
7350077576835342,thread,0,account_worker,103,610000000,1380000000,0,88
7350077576835342,thread,0,trader_callback,91,360000000,1690000000,0,22
7350077576835342,thread,0,trace_writer,92,330000000,1710000000,0,86
7350077576835342,thread,0,latency_writer,93,340000000,1700000000,0,146
7350077576835342,thread,1,account_worker,104,800000000,1190000000,0,1802
7350077576835342,thread,1,trader_callback,94,360000000,1680000000,0,50
7350077576835342,thread,1,trace_writer,95,310000000,1710000000,0,23
7350077576835342,thread,1,latency_writer,96,310000000,1700000000,0,58
7350077576835342,thread,2,account_worker,105,770000000,1230000000,0,28
7350077576835342,thread,2,trader_callback,97,380000000,1650000000,0,36
7350077576835342,thread,2,trace_writer,98,360000000,1660000000,0,19
7350077576835342,thread,2,latency_writer,99,340000000,1600000000,0,101040
7350077576835342,thread,3,account_worker,106,670000000,1170000000,0,231251
7350077576835342,thread,3,trader_callback,100,350000000,1490000000,0,231253
7350077576835342,thread,3,trace_writer,101,360000000,1640000000,0,79
7350077576835342,thread,3,latency_writer,102,450000000,1470000000,0,101147
7350077677380160,process,-1,process,90,7590000000,25990000000,1912,4
7350077677380160,thread,-1,producer,90,0,50000000,1912,4
7350077677380160,thread,-1,sampler,107,0,0,21,0
7350077677380160,thread,0,account_worker,103,650000000,1430000000,0,90
7350077677380160,thread,0,trader_callback,91,390000000,1760000000,0,23
7350077677380160,thread,0,trace_writer,92,350000000,1790000000,0,86
7350077677380160,thread,0,latency_writer,93,350000000,1790000000,0,149
7350077677380160,thread,1,account_worker,104,840000000,1250000000,0,1904
7350077677380160,thread,1,trader_callback,94,380000000,1760000000,0,51
7350077677380160,thread,1,trace_writer,95,340000000,1790000000,0,23
7350077677380160,thread,1,latency_writer,96,330000000,1790000000,0,68
7350077677380160,thread,2,account_worker,105,820000000,1280000000,0,31
7350077677380160,thread,2,trader_callback,97,410000000,1710000000,0,36
7350077677380160,thread,2,trace_writer,98,360000000,1750000000,0,19
7350077677380160,thread,2,latency_writer,99,350000000,1680000000,0,101040
7350077677380160,thread,3,account_worker,106,710000000,1220000000,0,231251
7350077677380160,thread,3,trader_callback,100,370000000,1570000000,0,231254
7350077677380160,thread,3,trace_writer,101,390000000,1710000000,0,82
7350077677380160,thread,3,latency_writer,102,460000000,1560000000,0,101160
7350077777900224,process,-1,process,90,7990000000,27190000000,2012,4
7350077777900224,thread,-1,producer,90,0,50000000,2012,4
7350077777900224,thread,-1,sampler,107,0,0,22,0
7350077777900224,thread,0,account_worker,103,690000000,1490000000,0,93
7350077777900224,thread,0,trader_callback,91,410000000,1850000000,0,23
7350077777900224,thread,0,trace_writer,92,370000000,1870000000,0,93
7350077777900224,thread,0,latency_writer,93,350000000,1890000000,0,152
7350077777900224,thread,1,account_worker,104,870000000,1320000000,0,2004
7350077777900224,thread,1,trader_callback,94,400000000,1840000000,0,51
7350077777900224,thread,1,trace_writer,95,350000000,1880000000,0,23
7350077777900224,thread,1,latency_writer,96,350000000,1870000000,0,71
7350077777900224,thread,2,account_worker,105,880000000,1320000000,0,32
7350077777900224,thread,2,trader_callback,97,440000000,1790000000,0,36
7350077777900224,thread,2,trace_writer,98,390000000,1830000000,0,19
7350077777900224,thread,2,latency_writer,99,380000000,1760000000,0,101040
7350077777900224,thread,3,account_worker,106,770000000,1260000000,0,231257
7350077777900224,thread,3,trader_callback,100,380000000,1650000000,0,231255
7350077777900224,thread,3,trace_writer,101,410000000,1790000000,0,85
7350077777900224,thread,3,latency_writer,102,480000000,1640000000,0,101164
7350077878405255,process,-1,process,90,8360000000,28440000000,2113,4
7350077878405255,thread,-1,producer,90,0,50000000,2113,4
7350077878405255,thread,-1,sampler,107,0,0,23,0
7350077878405255,thread,0,account_worker,103,730000000,1560000000,0,95
7350077878405255,thread,0,trader_callback,91,430000000,1920000000,0,23
7350077878405255,thread,0,trace_writer,92,370000000,1970000000,0,97
7350077878405255,thread,0,latency_writer,93,370000000,1970000000,0,153
7350077878405255,thread,1,account_worker,104,910000000,1380000000,0,2105
7350077878405255,thread,1,trader_callback,94,410000000,1930000000,0,51
7350077878405255,thread,1,trace_writer,95,360000000,1970000000,0,23
7350077878405255,thread,1,latency_writer,96,370000000,1950000000,0,72
7350077878405255,thread,2,account_worker,105,890000000,1410000000,0,36
7350077878405255,thread,2,trader_callback,97,480000000,1850000000,0,36
7350077878405255,thread,2,trace_writer,98,410000000,1910000000,0,19
7350077878405255,thread,2,latency_writer,99,380000000,1850000000,0,101040
7350077878405255,thread,3,account_worker,106,800000000,1330000000,0,231257
7350077878405255,thread,3,trader_callback,100,420000000,1720000000,0,231256
7350077878405255,thread,3,trace_writer,101,440000000,1860000000,0,88
7350077878405255,thread,3,latency_writer,102,500000000,1720000000,0,101167
7350077978950904,process,-1,process,90,8660000000,29740000000,2213,4
7350077978950904,thread,-1,producer,90,0,50000000,2213,4
7350077978950904,thread,-1,sampler,107,0,10000000,24,0
7350077978950904,thread,0,account_worker,103,780000000,1600000000,0,100
7350077978950904,thread,0,trader_callback,91,460000000,1990000000,0,23
7350077978950904,thread,0,trace_writer,92,390000000,2050000000,0,104
7350077978950904,thread,0,latency_writer,93,390000000,2050000000,0,159
7350077978950904,thread,1,account_worker,104,940000000,1450000000,0,2206
7350077978950904,thread,1,trader_callback,94,420000000,2020000000,0,51
7350077978950904,thread,1,trace_writer,95,370000000,2050000000,0,23
7350077978950904,thread,1,latency_writer,96,380000000,2040000000,0,74
7350077978950904,thread,2,account_worker,105,930000000,1470000000,0,36
7350077978950904,thread,2,trader_callback,97,490000000,1940000000,0,36
7350077978950904,thread,2,trace_writer,98,420000000,2000000000,0,19
7350077978950904,thread,2,latency_writer,99,400000000,1940000000,0,101040
7350077978950904,thread,3,account_worker,106,820000000,1410000000,0,231257
7350077978950904,thread,3,trader_callback,100,430000000,1810000000,0,231258
7350077978950904,thread,3,trace_writer,101,450000000,1950000000,0,92
7350077978950904,thread,3,latency_writer,102,510000000,1820000000,0,101170
7350078079448700,process,-1,process,90,9000000000,31010000000,2314,4
7350078079448700,thread,-1,producer,90,0,50000000,2314,4
7350078079448700,thread,-1,sampler,107,0,10000000,25,0
7350078079448700,thread,0,account_worker,103,810000000,1680000000,0,102
7350078079448700,thread,0,trader_callback,91,480000000,2070000000,0,23
7350078079448700,thread,0,trace_writer,92,400000000,2140000000,0,111
7350078079448700,thread,0,latency_writer,93,410000000,2130000000,0,166
7350078079448700,thread,1,account_worker,104,980000000,1510000000,0,2308
7350078079448700,thread,1,trader_callback,94,430000000,2110000000,0,55
7350078079448700,thread,1,trace_writer,95,400000000,2140000000,0,23
7350078079448700,thread,1,latency_writer,96,390000000,2120000000,0,75
7350078079448700,thread,2,account_worker,105,960000000,1550000000,0,40
7350078079448700,thread,2,trader_callback,97,530000000,2000000000,0,37
7350078079448700,thread,2,trace_writer,98,430000000,2090000000,0,21
7350078079448700,thread,2,latency_writer,99,410000000,2030000000,0,101040
7350078079448700,thread,3,account_worker,106,870000000,1470000000,0,231258
7350078079448700,thread,3,trader_callback,100,430000000,1910000000,0,231259
7350078079448700,thread,3,trace_writer,101,470000000,2040000000,0,95
7350078079448700,thread,3,latency_writer,102,530000000,1890000000,0,101173
7350078179965379,process,-1,process,90,9320000000,32290000000,2414,4
7350078179965379,thread,-1,producer,90,0,60000000,2414,4
7350078179965379,thread,-1,sampler,107,0,10000000,26,0
7350078179965379,thread,0,account_worker,103,840000000,1750000000,0,104
7350078179965379,thread,0,trader_callback,91,490000000,2160000000,0,23
7350078179965379,thread,0,trace_writer,92,410000000,2230000000,0,119
7350078179965379,thread,0,latency_writer,93,430000000,2220000000,0,166
7350078179965379,thread,1,account_worker,104,1010000000,1580000000,0,2408
7350078179965379,thread,1,trader_callback,94,470000000,2170000000,0,56
7350078179965379,thread,1,trace_writer,95,410000000,2220000000,0,24
7350078179965379,thread,1,latency_writer,96,410000000,2200000000,0,78
7350078179965379,thread,2,account_worker,105,1000000000,1600000000,0,43
7350078179965379,thread,2,trader_callback,97,540000000,2090000000,0,37
7350078179965379,thread,2,trace_writer,98,440000000,2180000000,0,21
7350078179965379,thread,2,latency_writer,99,420000000,2120000000,0,101041
7350078179965379,thread,3,account_worker,106,910000000,1530000000,0,231258
7350078179965379,thread,3,trader_callback,100,440000000,2000000000,0,231264
7350078179965379,thread,3,trace_writer,101,480000000,2130000000,0,98
7350078179965379,thread,3,latency_writer,102,540000000,1980000000,0,101182
7350078280487096,process,-1,process,90,9690000000,33540000000,2515,4
7350078280487096,thread,-1,producer,90,0,60000000,2515,4
7350078280487096,thread,-1,sampler,107,0,10000000,27,0
7350078280487096,thread,0,account_worker,103,880000000,1810000000,0,106
7350078280487096,thread,0,trader_callback,91,510000000,2250000000,0,23
7350078280487096,thread,0,trace_writer,92,420000000,2320000000,0,120
7350078280487096,thread,0,latency_writer,93,440000000,2300000000,0,169
7350078280487096,thread,1,account_worker,104,1030000000,1650000000,0,2509
7350078280487096,thread,1,trader_callback,94,490000000,2250000000,0,56
7350078280487096,thread,1,trace_writer,95,430000000,2300000000,0,24
7350078280487096,thread,1,latency_writer,96,430000000,2290000000,0,79
7350078280487096,thread,2,account_worker,105,1030000000,1670000000,0,43
7350078280487096,thread,2,trader_callback,97,570000000,2160000000,0,37
7350078280487096,thread,2,trace_writer,98,450000000,2270000000,0,21
7350078280487096,thread,2,latency_writer,99,430000000,2210000000,0,101041
7350078280487096,thread,3,account_worker,106,960000000,1580000000,0,231258
7350078280487096,thread,3,trader_callback,100,460000000,2070000000,0,231265
7350078280487096,thread,3,trace_writer,101,500000000,2210000000,0,98
7350078280487096,thread,3,latency_writer,102,570000000,2060000000,0,101187
7350078380980652,process,-1,process,90,10040000000,34790000000,2615,4
7350078380980652,thread,-1,producer,90,0,60000000,2615,4
7350078380980652,thread,-1,sampler,107,0,10000000,28,0
7350078380980652,thread,0,account_worker,103,910000000,1870000000,0,111
7350078380980652,thread,0,trader_callback,91,520000000,2330000000,0,23
7350078380980652,thread,0,trace_writer,92,430000000,2420000000,0,125
7350078380980652,thread,0,latency_writer,93,460000000,2380000000,0,172
7350078380980652,thread,1,account_worker,104,1080000000,1710000000,0,2609
7350078380980652,thread,1,trader_callback,94,500000000,2340000000,0,62
7350078380980652,thread,1,trace_writer,95,450000000,2380000000,0,25
7350078380980652,thread,1,latency_writer,96,440000000,2380000000,0,80
7350078380980652,thread,2,account_worker,105,1050000000,1750000000,0,43
7350078380980652,thread,2,trader_callback,97,590000000,2240000000,0,37
7350078380980652,thread,2,trace_writer,98,470000000,2350000000,0,21
7350078380980652,thread,2,latency_writer,99,460000000,2280000000,0,101041
7350078380980652,thread,3,account_worker,106,1000000000,1640000000,0,231258
7350078380980652,thread,3,trader_callback,100,470000000,2170000000,0,231267
7350078380980652,thread,3,trace_writer,101,530000000,2270000000,0,98
7350078380980652,thread,3,latency_writer,102,590000000,2130000000,0,101191
7350078481489044,process,-1,process,90,10380000000,36050000000,2716,4
7350078481489044,thread,-1,producer,90,0,60000000,2716,4
7350078481489044,thread,-1,sampler,107,0,10000000,29,0
7350078481489044,thread,0,account_worker,103,930000000,1950000000,0,113
7350078481489044,thread,0,trader_callback,91,540000000,2420000000,0,23
7350078481489044,thread,0,trace_writer,92,430000000,2510000000,0,127
7350078481489044,thread,0,latency_writer,93,480000000,2470000000,0,178
7350078481489044,thread,1,account_worker,104,1120000000,1770000000,0,2710
7350078481489044,thread,1,trader_callback,94,520000000,2430000000,0,62
7350078481489044,thread,1,trace_writer,95,470000000,2470000000,0,25
7350078481489044,thread,1,latency_writer,96,450000000,2460000000,0,82
7350078481489044,thread,2,account_worker,105,1090000000,1810000000,0,43
7350078481489044,thread,2,trader_callback,97,620000000,2310000000,0,38
7350078481489044,thread,2,trace_writer,98,490000000,2430000000,0,21
7350078481489044,thread,2,latency_writer,99,470000000,2370000000,0,101041
7350078481489044,thread,3,account_worker,106,1030000000,1700000000,0,231258
7350078481489044,thread,3,trader_callback,100,490000000,2250000000,0,231269
7350078481489044,thread,3,trace_writer,101,540000000,2360000000,0,101
7350078481489044,thread,3,latency_writer,102,610000000,2210000000,0,101196
7350078581994578,process,-1,process,90,10770000000,37260000000,2816,4
7350078581994578,thread,-1,producer,90,0,60000000,2816,4
7350078581994578,thread,-1,sampler,107,0,10000000,30,0
7350078581994578,thread,0,account_worker,103,960000000,2030000000,0,116
7350078581994578,thread,0,trader_callback,91,570000000,2490000000,0,23
7350078581994578,thread,0,trace_writer,92,440000000,2600000000,0,133
7350078581994578,thread,0,latency_writer,93,490000000,2550000000,0,188
7350078581994578,thread,1,account_worker,104,1170000000,1820000000,0,2810
7350078581994578,thread,1,trader_callback,94,540000000,2510000000,0,65
7350078581994578,thread,1,trace_writer,95,470000000,2570000000,0,26
7350078581994578,thread,1,latency_writer,96,470000000,2550000000,0,84
7350078581994578,thread,2,account_worker,105,1150000000,1850000000,0,46
7350078581994578,thread,2,trader_callback,97,660000000,2380000000,0,39
7350078581994578,thread,2,trace_writer,98,510000000,2510000000,0,21
7350078581994578,thread,2,latency_writer,99,480000000,2460000000,0,101042
7350078581994578,thread,3,account_worker,106,1090000000,1750000000,0,231258
7350078581994578,thread,3,trader_callback,100,510000000,2330000000,0,231271
7350078581994578,thread,3,trace_writer,101,560000000,2440000000,0,105
7350078581994578,thread,3,latency_writer,102,630000000,2290000000,0,101197
7350078682487962,process,-1,process,90,11130000000,38510000000,2917,4
7350078682487962,thread,-1,producer,90,0,60000000,2917,4
7350078682487962,thread,-1,sampler,107,0,10000000,31,0
7350078682487962,thread,0,account_worker,103,990000000,2100000000,0,122
7350078682487962,thread,0,trader_callback,91,590000000,2570000000,0,23
7350078682487962,thread,0,trace_writer,92,450000000,2690000000,0,141
7350078682487962,thread,0,latency_writer,93,520000000,2630000000,0,197
7350078682487962,thread,1,account_worker,104,1190000000,1890000000,0,2911
7350078682487962,thread,1,trader_callback,94,540000000,2600000000,0,68
7350078682487962,thread,1,trace_writer,95,470000000,2660000000,0,26
7350078682487962,thread,1,latency_writer,96,480000000,2630000000,0,84
7350078682487962,thread,2,account_worker,105,1190000000,1910000000,0,49
7350078682487962,thread,2,trader_callback,97,680000000,2450000000,0,39
7350078682487962,thread,2,trace_writer,98,530000000,2590000000,0,21
7350078682487962,thread,2,latency_writer,99,510000000,2530000000,0,101042
7350078682487962,thread,3,account_worker,106,1130000000,1810000000,0,231258
7350078682487962,thread,3,trader_callback,100,540000000,2400000000,0,231273
7350078682487962,thread,3,trace_writer,101,580000000,2530000000,0,105
7350078682487962,thread,3,latency_writer,102,640000000,2380000000,0,101200
7350078782977713,process,-1,process,90,11490000000,39760000000,3017,4
7350078782977713,thread,-1,producer,90,0,60000000,3017,4
7350078782977713,thread,-1,sampler,107,0,10000000,32,0
7350078782977713,thread,0,account_worker,103,1040000000,2150000000,0,125
7350078782977713,thread,0,trader_callback,91,590000000,2660000000,0,23
7350078782977713,thread,0,trace_writer,92,460000000,2780000000,0,141
7350078782977713,thread,0,latency_writer,93,520000000,2730000000,0,206
7350078782977713,thread,1,account_worker,104,1230000000,1950000000,0,3011
7350078782977713,thread,1,trader_callback,94,560000000,2690000000,0,68
7350078782977713,thread,1,trace_writer,95,490000000,2740000000,0,26
7350078782977713,thread,1,latency_writer,96,500000000,2710000000,0,91
7350078782977713,thread,2,account_worker,105,1210000000,1990000000,0,49
7350078782977713,thread,2,trader_callback,97,690000000,2540000000,0,39
7350078782977713,thread,2,trace_writer,98,550000000,2670000000,0,21
7350078782977713,thread,2,latency_writer,99,520000000,2620000000,0,101042
7350078782977713,thread,3,account_worker,106,1190000000,1850000000,0,231258
7350078782977713,thread,3,trader_callback,100,560000000,2480000000,0,231274
7350078782977713,thread,3,trace_writer,101,590000000,2620000000,0,108
7350078782977713,thread,3,latency_writer,102,690000000,2430000000,0,101210
7350078883476052,process,-1,process,90,11840000000,41020000000,3118,4
7350078883476052,thread,-1,producer,90,0,60000000,3118,4
7350078883476052,thread,-1,sampler,107,0,10000000,33,0
7350078883476052,thread,0,account_worker,103,1060000000,2220000000,0,127
7350078883476052,thread,0,trader_callback,91,610000000,2750000000,0,24
7350078883476052,thread,0,trace_writer,92,480000000,2860000000,0,147
7350078883476052,thread,0,latency_writer,93,540000000,2810000000,0,212
7350078883476052,thread,1,account_worker,104,1270000000,2020000000,0,3112
7350078883476052,thread,1,trader_callback,94,570000000,2780000000,0,71
7350078883476052,thread,1,trace_writer,95,500000000,2830000000,0,27
7350078883476052,thread,1,latency_writer,96,510000000,2800000000,0,93
7350078883476052,thread,2,account_worker,105,1250000000,2060000000,0,52
7350078883476052,thread,2,trader_callback,97,720000000,2620000000,0,41
7350078883476052,thread,2,trace_writer,98,570000000,2760000000,0,21
7350078883476052,thread,2,latency_writer,99,540000000,2700000000,0,101042
7350078883476052,thread,3,account_worker,106,1220000000,1920000000,0,231258
7350078883476052,thread,3,trader_callback,100,570000000,2560000000,0,231276
7350078883476052,thread,3,trace_writer,101,620000000,2680000000,0,111
7350078883476052,thread,3,latency_writer,102,710000000,2510000000,0,101218
7350078983931338,process,-1,process,90,12220000000,42240000000,3218,4
7350078983931338,thread,-1,producer,90,0,60000000,3218,4
7350078983931338,thread,-1,sampler,107,0,10000000,34,0
7350078983931338,thread,0,account_worker,103,1090000000,2290000000,0,128
7350078983931338,thread,0,trader_callback,91,620000000,2840000000,0,24
7350078983931338,thread,0,trace_writer,92,510000000,2940000000,0,153
7350078983931338,thread,0,latency_writer,93,550000000,2900000000,0,221
7350078983931338,thread,1,account_worker,104,1320000000,2060000000,0,3212
7350078983931338,thread,1,trader_callback,94,590000000,2850000000,0,71
7350078983931338,thread,1,trace_writer,95,510000000,2920000000,0,27
7350078983931338,thread,1,latency_writer,96,530000000,2890000000,0,93
7350078983931338,thread,2,account_worker,105,1300000000,2100000000,0,52
7350078983931338,thread,2,trader_callback,97,730000000,2710000000,0,42
7350078983931338,thread,2,trace_writer,98,600000000,2820000000,0,21
7350078983931338,thread,2,latency_writer,99,560000000,2780000000,0,101042
7350078983931338,thread,3,account_worker,106,1250000000,1990000000,0,231258
7350078983931338,thread,3,trader_callback,100,600000000,2640000000,0,231278
7350078983931338,thread,3,trace_writer,101,640000000,2770000000,0,112
7350078983931338,thread,3,latency_writer,102,730000000,2580000000,0,101225
7350079084419964,process,-1,process,90,12570000000,43490000000,3319,4
7350079084419964,thread,-1,producer,90,0,60000000,3319,4
7350079084419964,thread,-1,sampler,107,0,10000000,35,0
7350079084419964,thread,0,account_worker,103,1110000000,2370000000,0,134
7350079084419964,thread,0,trader_callback,91,630000000,2930000000,0,24
7350079084419964,thread,0,trace_writer,92,520000000,3030000000,1,164
7350079084419964,thread,0,latency_writer,93,560000000,2980000000,0,237
7350079084419964,thread,1,account_worker,104,1350000000,2140000000,0,3314
7350079084419964,thread,1,trader_callback,94,610000000,2940000000,0,72
7350079084419964,thread,1,trace_writer,95,530000000,3000000000,1,28
7350079084419964,thread,1,latency_writer,96,550000000,2970000000,0,93
7350079084419964,thread,2,account_worker,105,1350000000,2160000000,0,56
7350079084419964,thread,2,trader_callback,97,760000000,2770000000,0,44
7350079084419964,thread,2,trace_writer,98,620000000,2900000000,1,22
7350079084419964,thread,2,latency_writer,99,580000000,2860000000,0,101043
7350079084419964,thread,3,account_worker,106,1290000000,2050000000,0,231259
7350079084419964,thread,3,trader_callback,100,620000000,2710000000,0,231279
7350079084419964,thread,3,trace_writer,101,650000000,2860000000,0,115
7350079084419964,thread,3,latency_writer,102,750000000,2670000000,0,101233
7350079184898922,process,-1,process,90,12930000000,44740000000,3419,4
7350079184898922,thread,-1,producer,90,0,60000000,3419,4
7350079184898922,thread,-1,sampler,107,0,10000000,36,0
7350079184898922,thread,0,account_worker,103,1140000000,2450000000,0,137
7350079184898922,thread,0,trader_callback,91,640000000,3020000000,0,24
7350079184898922,thread,0,trace_writer,92,540000000,3110000000,1,171
7350079184898922,thread,0,latency_writer,93,570000000,3080000000,0,243
7350079184898922,thread,1,account_worker,104,1390000000,2200000000,0,3414
7350079184898922,thread,1,trader_callback,94,620000000,3030000000,0,75
7350079184898922,thread,1,trace_writer,95,550000000,3090000000,1,30
7350079184898922,thread,1,latency_writer,96,550000000,3060000000,0,95
7350079184898922,thread,2,account_worker,105,1390000000,2210000000,0,59
7350079184898922,thread,2,trader_callback,97,780000000,2850000000,0,44
7350079184898922,thread,2,trace_writer,98,640000000,2980000000,1,22
7350079184898922,thread,2,latency_writer,99,620000000,2920000000,0,101043
7350079184898922,thread,3,account_worker,106,1330000000,2110000000,0,231259
7350079184898922,thread,3,trader_callback,100,630000000,2800000000,0,231281
7350079184898922,thread,3,trace_writer,101,670000000,2930000000,0,115
7350079184898922,thread,3,latency_writer,102,760000000,2750000000,0,101236
7350079285412512,process,-1,process,90,13340000000,45930000000,3520,4
7350079285412512,thread,-1,producer,90,0,60000000,3520,4
7350079285412512,thread,-1,sampler,107,0,10000000,37,0
7350079285412512,thread,0,account_worker,103,1180000000,2510000000,0,142
7350079285412512,thread,0,trader_callback,91,670000000,3090000000,0,24
7350079285412512,thread,0,trace_writer,92,570000000,3180000000,1,179
7350079285412512,thread,0,latency_writer,93,600000000,3150000000,0,252
7350079285412512,thread,1,account_worker,104,1420000000,2260000000,0,3515
7350079285412512,thread,1,trader_callback,94,640000000,3110000000,0,78
7350079285412512,thread,1,trace_writer,95,560000000,3180000000,1,30
7350079285412512,thread,1,latency_writer,96,570000000,3140000000,0,96
7350079285412512,thread,2,account_worker,105,1430000000,2270000000,0,60
7350079285412512,thread,2,trader_callback,97,790000000,2950000000,0,46
7350079285412512,thread,2,trace_writer,98,660000000,3060000000,1,22
7350079285412512,thread,2,latency_writer,99,630000000,3010000000,0,101043
7350079285412512,thread,3,account_worker,106,1400000000,2140000000,0,231259
7350079285412512,thread,3,trader_callback,100,670000000,2870000000,0,231286
7350079285412512,thread,3,trace_writer,101,690000000,3020000000,0,121
7350079285412512,thread,3,latency_writer,102,780000000,2840000000,0,101238
7350079385921959,process,-1,process,90,13690000000,47190000000,3620,4
7350079385921959,thread,-1,producer,90,10000000,60000000,3620,4
7350079385921959,thread,-1,sampler,107,0,10000000,38,0
7350079385921959,thread,0,account_worker,103,1200000000,2590000000,0,144
7350079385921959,thread,0,trader_callback,91,670000000,3190000000,0,24
7350079385921959,thread,0,trace_writer,92,590000000,3260000000,1,185
7350079385921959,thread,0,latency_writer,93,620000000,3230000000,0,259
7350079385921959,thread,1,account_worker,104,1460000000,2320000000,0,3615
7350079385921959,thread,1,trader_callback,94,660000000,3190000000,0,81
7350079385921959,thread,1,trace_writer,95,570000000,3270000000,1,30
7350079385921959,thread,1,latency_writer,96,590000000,3220000000,0,97
7350079385921959,thread,2,account_worker,105,1460000000,2350000000,0,63
7350079385921959,thread,2,trader_callback,97,790000000,3040000000,0,46
7350079385921959,thread,2,trace_writer,98,690000000,3130000000,1,22
7350079385921959,thread,2,latency_writer,99,640000000,3110000000,0,101044
7350079385921959,thread,3,account_worker,106,1450000000,2200000000,0,231262
7350079385921959,thread,3,trader_callback,100,690000000,2950000000,0,231288
7350079385921959,thread,3,trace_writer,101,720000000,3100000000,0,124
7350079385921959,thread,3,latency_writer,102,800000000,2910000000,0,101243
7350079486459189,process,-1,process,90,14050000000,48430000000,3721,4
7350079486459189,thread,-1,producer,90,10000000,60000000,3721,4
7350079486459189,thread,-1,sampler,107,0,10000000,39,0
7350079486459189,thread,0,account_worker,103,1220000000,2660000000,0,147
7350079486459189,thread,0,trader_callback,91,690000000,3270000000,0,24
7350079486459189,thread,0,trace_writer,92,600000000,3350000000,1,189
7350079486459189,thread,0,latency_writer,93,640000000,3310000000,0,272
7350079486459189,thread,1,account_worker,104,1500000000,2380000000,0,3716
7350079486459189,thread,1,trader_callback,94,680000000,3270000000,0,85
7350079486459189,thread,1,trace_writer,95,600000000,3340000000,1,30
7350079486459189,thread,1,latency_writer,96,610000000,3300000000,0,97
7350079486459189,thread,2,account_worker,105,1520000000,2390000000,0,66
7350079486459189,thread,2,trader_callback,97,800000000,3130000000,0,47
7350079486459189,thread,2,trace_writer,98,710000000,3210000000,1,22
7350079486459189,thread,2,latency_writer,99,640000000,3200000000,0,101044
7350079486459189,thread,3,account_worker,106,1480000000,2260000000,0,231262
7350079486459189,thread,3,trader_callback,100,700000000,3030000000,0,231289
7350079486459189,thread,3,trace_writer,101,740000000,3170000000,0,130
7350079486459189,thread,3,latency_writer,102,810000000,3000000000,0,101248
7350079586968662,process,-1,process,90,14450000000,49640000000,3821,4
7350079586968662,thread,-1,producer,90,10000000,60000000,3821,4
7350079586968662,thread,-1,sampler,107,0,10000000,40,0
7350079586968662,thread,0,account_worker,103,1280000000,2710000000,0,149
7350079586968662,thread,0,trader_callback,91,720000000,3340000000,0,24
7350079586968662,thread,0,trace_writer,92,620000000,3430000000,1,195
7350079586968662,thread,0,latency_writer,93,660000000,3390000000,0,281
7350079586968662,thread,1,account_worker,104,1540000000,2450000000,0,3816
7350079586968662,thread,1,trader_callback,94,690000000,3360000000,0,91
7350079586968662,thread,1,trace_writer,95,610000000,3430000000,1,30
7350079586968662,thread,1,latency_writer,96,630000000,3390000000,0,97
7350079586968662,thread,2,account_worker,105,1550000000,2450000000,0,69
7350079586968662,thread,2,trader_callback,97,830000000,3210000000,0,48
7350079586968662,thread,2,trace_writer,98,730000000,3300000000,1,22
7350079586968662,thread,2,latency_writer,99,670000000,3280000000,0,101044
7350079586968662,thread,3,account_worker,106,1510000000,2330000000,0,231262
7350079586968662,thread,3,trader_callback,100,710000000,3120000000,0,231290
7350079586968662,thread,3,trace_writer,101,770000000,3240000000,0,133
7350079586968662,thread,3,latency_writer,102,840000000,3070000000,0,101251
7350079687487882,process,-1,process,90,14860000000,50830000000,3922,4
7350079687487882,thread,-1,producer,90,10000000,60000000,3922,4
7350079687487882,thread,-1,sampler,107,0,10000000,41,0
7350079687487882,thread,0,account_worker,103,1310000000,2780000000,0,152
7350079687487882,thread,0,trader_callback,91,740000000,3420000000,0,25
7350079687487882,thread,0,trace_writer,92,640000000,3510000000,1,201
7350079687487882,thread,0,latency_writer,93,670000000,3480000000,0,293
7350079687487882,thread,1,account_worker,104,1580000000,2510000000,0,3917
7350079687487882,thread,1,trader_callback,94,720000000,3430000000,0,96
7350079687487882,thread,1,trace_writer,95,620000000,3510000000,1,30
7350079687487882,thread,1,latency_writer,96,650000000,3460000000,0,98
7350079687487882,thread,2,account_worker,105,1610000000,2500000000,0,69
7350079687487882,thread,2,trader_callback,97,850000000,3280000000,0,48
7350079687487882,thread,2,trace_writer,98,740000000,3380000000,1,22
7350079687487882,thread,2,latency_writer,99,680000000,3370000000,0,101044
7350079687487882,thread,3,account_worker,106,1560000000,2380000000,0,231262
7350079687487882,thread,3,trader_callback,100,750000000,3180000000,0,231291
7350079687487882,thread,3,trace_writer,101,780000000,3330000000,0,133
7350079687487882,thread,3,latency_writer,102,860000000,3150000000,0,101255
7350079787991639,process,-1,process,90,15230000000,52070000000,4022,4
7350079787991639,thread,-1,producer,90,10000000,60000000,4022,4
7350079787991639,thread,-1,sampler,107,0,10000000,42,0
7350079787991639,thread,0,account_worker,103,1360000000,2830000000,0,158
7350079787991639,thread,0,trader_callback,91,750000000,3510000000,0,25
7350079787991639,thread,0,trace_writer,92,640000000,3610000000,1,207
7350079787991639,thread,0,latency_writer,93,680000000,3570000000,0,299
7350079787991639,thread,1,account_worker,104,1620000000,2570000000,0,4018
7350079787991639,thread,1,trader_callback,94,730000000,3510000000,0,103
7350079787991639,thread,1,trace_writer,95,630000000,3600000000,1,30
7350079787991639,thread,1,latency_writer,96,670000000,3540000000,0,100
7350079787991639,thread,2,account_worker,105,1650000000,2560000000,0,73
7350079787991639,thread,2,trader_callback,97,870000000,3360000000,0,48
7350079787991639,thread,2,trace_writer,98,760000000,3460000000,1,23
7350079787991639,thread,2,latency_writer,99,700000000,3440000000,0,101044
7350079787991639,thread,3,account_worker,106,1610000000,2430000000,0,231265
7350079787991639,thread,3,trader_callback,100,770000000,3260000000,0,231292
7350079787991639,thread,3,trace_writer,101,790000000,3420000000,0,136
7350079787991639,thread,3,latency_writer,102,880000000,3230000000,0,101261
7350079888547867,process,-1,process,90,15620000000,53290000000,4123,4
7350079888547867,thread,-1,producer,90,10000000,60000000,4123,4
7350079888547867,thread,-1,sampler,107,0,10000000,43,0
7350079888547867,thread,0,account_worker,103,1400000000,2890000000,0,160
7350079888547867,thread,0,trader_callback,91,760000000,3600000000,0,25
7350079888547867,thread,0,trace_writer,92,650000000,3690000000,1,211
7350079888547867,thread,0,latency_writer,93,700000000,3650000000,0,312
7350079888547867,thread,1,account_worker,104,1670000000,2620000000,0,4119
7350079888547867,thread,1,trader_callback,94,750000000,3600000000,0,103
7350079888547867,thread,1,trace_writer,95,650000000,3690000000,1,30
7350079888547867,thread,1,latency_writer,96,690000000,3620000000,0,101
7350079888547867,thread,2,account_worker,105,1690000000,2630000000,0,76
7350079888547867,thread,2,trader_callback,97,880000000,3450000000,0,48
7350079888547867,thread,2,trace_writer,98,780000000,3550000000,1,23
7350079888547867,thread,2,latency_writer,99,740000000,3510000000,0,101044
7350079888547867,thread,3,account_worker,106,1660000000,2480000000,0,231266
7350079888547867,thread,3,trader_callback,100,790000000,3340000000,0,231293
7350079888547867,thread,3,trace_writer,101,800000000,3510000000,0,142
7350079888547867,thread,3,latency_writer,102,900000000,3310000000,0,101266
7350079989011302,process,-1,process,90,16040000000,54470000000,4223,4
7350079989011302,thread,-1,producer,90,10000000,60000000,4223,4
7350079989011302,thread,-1,sampler,107,0,10000000,44,0
7350079989011302,thread,0,account_worker,103,1450000000,2940000000,0,771
7350079989011302,thread,0,trader_callback,91,780000000,3680000000,0,26
7350079989011302,thread,0,trace_writer,92,680000000,3770000000,1,216
7350079989011302,thread,0,latency_writer,93,730000000,3720000000,0,318
7350079989011302,thread,1,account_worker,104,1700000000,2690000000,0,4220
7350079989011302,thread,1,trader_callback,94,770000000,3680000000,0,103
7350079989011302,thread,1,trace_writer,95,680000000,3760000000,1,30
7350079989011302,thread,1,latency_writer,96,710000000,3710000000,0,110
7350079989011302,thread,2,account_worker,105,1710000000,2700000000,0,76
7350079989011302,thread,2,trader_callback,97,910000000,3530000000,0,49
7350079989011302,thread,2,trace_writer,98,790000000,3630000000,1,23
7350079989011302,thread,2,latency_writer,99,760000000,3590000000,0,101044
7350079989011302,thread,3,account_worker,106,1700000000,2540000000,0,232069
7350079989011302,thread,3,trader_callback,100,810000000,3420000000,0,231295
7350079989011302,thread,3,trace_writer,101,820000000,3590000000,0,143
7350079989011302,thread,3,latency_writer,102,940000000,3370000000,0,101278
7350080089595989,process,-1,process,90,16410000000,55610000000,4324,4
7350080089595989,thread,-1,producer,90,10000000,60000000,4324,4
7350080089595989,thread,-1,sampler,107,0,10000000,45,0
7350080089595989,thread,0,account_worker,103,1470000000,2960000000,0,69213
7350080089595989,thread,0,trader_callback,91,790000000,3770000000,0,26
7350080089595989,thread,0,trace_writer,92,710000000,3840000000,1,221
7350080089595989,thread,0,latency_writer,93,750000000,3800000000,0,319
7350080089595989,thread,1,account_worker,104,1740000000,2750000000,0,4322
7350080089595989,thread,1,trader_callback,94,790000000,3760000000,0,107
7350080089595989,thread,1,trace_writer,95,710000000,3830000000,1,31
7350080089595989,thread,1,latency_writer,96,730000000,3780000000,0,110
7350080089595989,thread,2,account_worker,105,1740000000,2770000000,0,77
7350080089595989,thread,2,trader_callback,97,940000000,3590000000,0,49
7350080089595989,thread,2,trace_writer,98,810000000,3720000000,1,24
7350080089595989,thread,2,latency_writer,99,770000000,3670000000,0,101045
7350080089595989,thread,3,account_worker,106,1730000000,2570000000,0,300519
7350080089595989,thread,3,trader_callback,100,830000000,3500000000,0,231296
7350080089595989,thread,3,trace_writer,101,830000000,3680000000,0,150
7350080089595989,thread,3,latency_writer,102,960000000,3450000000,0,101286
7350080190111672,process,-1,process,90,16710000000,56810000000,4424,4
7350080190111672,thread,-1,producer,90,10000000,60000000,4424,4
7350080190111672,thread,-1,sampler,107,0,10000000,46,0
7350080190111672,thread,0,account_worker,103,1490000000,2990000000,0,138662
7350080190111672,thread,0,trader_callback,91,800000000,3870000000,0,26
7350080190111672,thread,0,trace_writer,92,740000000,3910000000,1,222
7350080190111672,thread,0,latency_writer,93,760000000,3900000000,0,328
7350080190111672,thread,1,account_worker,104,1780000000,2810000000,0,4423
7350080190111672,thread,1,trader_callback,94,810000000,3840000000,0,114
7350080190111672,thread,1,trace_writer,95,730000000,3910000000,1,31
7350080190111672,thread,1,latency_writer,96,750000000,3870000000,0,112
7350080190111672,thread,2,account_worker,105,1770000000,2840000000,0,80
7350080190111672,thread,2,trader_callback,97,950000000,3690000000,0,49
7350080190111672,thread,2,trace_writer,98,820000000,3810000000,1,24
7350080190111672,thread,2,latency_writer,99,790000000,3750000000,0,101045
7350080190111672,thread,3,account_worker,106,1740000000,2600000000,0,370057
7350080190111672,thread,3,trader_callback,100,850000000,3580000000,0,231298
7350080190111672,thread,3,trace_writer,101,850000000,3760000000,0,153
7350080190111672,thread,3,latency_writer,102,980000000,3530000000,0,101290
7350080290849482,process,-1,process,90,17020000000,58010000000,4525,4
7350080290849482,thread,-1,producer,90,10000000,60000000,4525,4
7350080290849482,thread,-1,sampler,107,10000000,10000000,47,0
7350080290849482,thread,0,account_worker,103,1500000000,3030000000,0,207910
7350080290849482,thread,0,trader_callback,91,810000000,3960000000,0,27
7350080290849482,thread,0,trace_writer,92,760000000,3990000000,1,229
7350080290849482,thread,0,latency_writer,93,780000000,3970000000,0,332
7350080290849482,thread,1,account_worker,104,1820000000,2870000000,0,4523
7350080290849482,thread,1,trader_callback,94,820000000,3940000000,0,117
7350080290849482,thread,1,trace_writer,95,750000000,3990000000,1,31
7350080290849482,thread,1,latency_writer,96,770000000,3950000000,0,112
7350080290849482,thread,2,account_worker,105,1810000000,2910000000,0,80
7350080290849482,thread,2,trader_callback,97,980000000,3760000000,0,49
7350080290849482,thread,2,trace_writer,98,850000000,3880000000,1,24
7350080290849482,thread,2,latency_writer,99,820000000,3840000000,0,101045
7350080290849482,thread,3,account_worker,106,1750000000,2650000000,0,439303
7350080290849482,thread,3,trader_callback,100,850000000,3680000000,0,231298
7350080290849482,thread,3,trace_writer,101,860000000,3850000000,0,160
7350080290849482,thread,3,latency_writer,102,1010000000,3600000000,0,101293
7350080396807744,process,-1,process,90,17370000000,59260000000,4631,4
7350080396807744,thread,-1,producer,90,10000000,60000000,4631,4
7350080396807744,thread,-1,sampler,107,10000000,10000000,48,0
7350080396807744,thread,0,account_worker,103,1520000000,3070000000,0,279010
7350080396807744,thread,0,trader_callback,91,820000000,4050000000,0,27
7350080396807744,thread,0,trace_writer,92,780000000,4080000000,1,230
7350080396807744,thread,0,latency_writer,93,800000000,4060000000,0,335
7350080396807744,thread,1,account_worker,104,1850000000,2950000000,0,4629
7350080396807744,thread,1,trader_callback,94,830000000,4030000000,0,117
7350080396807744,thread,1,trace_writer,95,770000000,4080000000,1,32
7350080396807744,thread,1,latency_writer,96,790000000,4030000000,0,114
7350080396807744,thread,2,account_worker,105,1860000000,2960000000,0,80
7350080396807744,thread,2,trader_callback,97,1000000000,3850000000,0,49
7350080396807744,thread,2,trace_writer,98,860000000,3980000000,1,24
7350080396807744,thread,2,latency_writer,99,830000000,3920000000,0,101045
7350080396807744,thread,3,account_worker,106,1760000000,2690000000,0,510414
7350080396807744,thread,3,trader_callback,100,890000000,3740000000,0,231298
7350080396807744,thread,3,trace_writer,101,890000000,3930000000,0,166
7350080396807744,thread,3,latency_writer,102,1020000000,3690000000,0,101297
7350080497559139,process,-1,process,90,17690000000,60460000000,4732,4
7350080497559139,thread,-1,producer,90,10000000,60000000,4732,4
7350080497559139,thread,-1,sampler,107,10000000,10000000,49,0
7350080497559139,thread,0,account_worker,103,1540000000,3100000000,0,348119
7350080497559139,thread,0,trader_callback,91,840000000,4130000000,0,27
7350080497559139,thread,0,trace_writer,92,790000000,4160000000,1,231
7350080497559139,thread,0,latency_writer,93,810000000,4150000000,0,338
7350080497559139,thread,1,account_worker,104,1890000000,3010000000,0,4730
7350080497559139,thread,1,trader_callback,94,840000000,4120000000,0,117
7350080497559139,thread,1,trace_writer,95,790000000,4150000000,1,33
7350080497559139,thread,1,latency_writer,96,810000000,4110000000,0,116
7350080497559139,thread,2,account_worker,105,1890000000,3030000000,0,83
7350080497559139,thread,2,trader_callback,97,1020000000,3920000000,0,51
7350080497559139,thread,2,trace_writer,98,870000000,4070000000,1,24
7350080497559139,thread,2,latency_writer,99,850000000,4010000000,0,101046
7350080497559139,thread,3,account_worker,106,1770000000,2730000000,0,579531
7350080497559139,thread,3,trader_callback,100,920000000,3820000000,0,231299
7350080497559139,thread,3,trace_writer,101,890000000,4030000000,0,175
7350080497559139,thread,3,latency_writer,102,1050000000,3770000000,0,101302
7350080598274810,process,-1,process,90,18000000000,61650000000,4833,4
7350080598274810,thread,-1,producer,90,10000000,60000000,4833,4
7350080598274810,thread,-1,sampler,107,10000000,10000000,50,0
7350080598274810,thread,0,account_worker,103,1550000000,3150000000,0,414515
7350080598274810,thread,0,trader_callback,91,850000000,4230000000,0,27
7350080598274810,thread,0,trace_writer,92,810000000,4250000000,1,231
7350080598274810,thread,0,latency_writer,93,820000000,4240000000,0,344
7350080598274810,thread,1,account_worker,104,1920000000,3070000000,0,4800
7350080598274810,thread,1,trader_callback,94,860000000,4200000000,0,117
7350080598274810,thread,1,trace_writer,95,820000000,4230000000,1,33
7350080598274810,thread,1,latency_writer,96,830000000,4190000000,0,118
7350080598274810,thread,2,account_worker,105,1950000000,3070000000,0,83
7350080598274810,thread,2,trader_callback,97,1040000000,4010000000,0,51
7350080598274810,thread,2,trace_writer,98,890000000,4150000000,1,24
7350080598274810,thread,2,latency_writer,99,870000000,4090000000,0,101047
7350080598274810,thread,3,account_worker,106,1790000000,2760000000,0,645875
7350080598274810,thread,3,trader_callback,100,940000000,3900000000,0,231299
7350080598274810,thread,3,trace_writer,101,910000000,4110000000,0,181
7350080598274810,thread,3,latency_writer,102,1060000000,3850000000,0,101303
7350080699055209,process,-1,process,90,18320000000,62840000000,4932,4
7350080699055209,thread,-1,producer,90,10000000,60000000,4932,4
7350080699055209,thread,-1,sampler,107,10000000,10000000,51,0
7350080699055209,thread,0,account_worker,103,1570000000,3180000000,0,485966
7350080699055209,thread,0,trader_callback,91,860000000,4310000000,0,27
7350080699055209,thread,0,trace_writer,92,820000000,4340000000,1,235
7350080699055209,thread,0,latency_writer,93,840000000,4330000000,0,347
7350080699055209,thread,1,account_worker,104,1960000000,3130000000,0,4804
7350080699055209,thread,1,trader_callback,94,870000000,4290000000,0,117
7350080699055209,thread,1,trace_writer,95,830000000,4310000000,1,33
7350080699055209,thread,1,latency_writer,96,850000000,4270000000,0,118
7350080699055209,thread,2,account_worker,105,1980000000,3140000000,0,86
7350080699055209,thread,2,trader_callback,97,1060000000,4080000000,0,51
7350080699055209,thread,2,trace_writer,98,910000000,4230000000,1,24
7350080699055209,thread,2,latency_writer,99,880000000,4180000000,0,101048
7350080699055209,thread,3,account_worker,106,1800000000,2800000000,0,717162
7350080699055209,thread,3,trader_callback,100,960000000,3980000000,0,231299
7350080699055209,thread,3,trace_writer,101,940000000,4180000000,0,184
7350080699055209,thread,3,latency_writer,102,1080000000,3940000000,0,101308
7350080799776284,process,-1,process,90,18680000000,64000000000,5010,4
7350080799776284,thread,-1,producer,90,10000000,70000000,5010,4
7350080799776284,thread,-1,sampler,107,10000000,10000000,52,0
7350080799776284,thread,0,account_worker,103,1590000000,3200000000,0,553917
7350080799776284,thread,0,trader_callback,91,880000000,4400000000,0,27
7350080799776284,thread,0,trace_writer,92,850000000,4410000000,1,238
7350080799776284,thread,0,latency_writer,93,850000000,4410000000,0,353
7350080799776284,thread,1,account_worker,104,1990000000,3200000000,0,4807
7350080799776284,thread,1,trader_callback,94,890000000,4370000000,0,117
7350080799776284,thread,1,trace_writer,95,850000000,4400000000,1,34
7350080799776284,thread,1,latency_writer,96,870000000,4350000000,0,119
7350080799776284,thread,2,account_worker,105,2010000000,3210000000,0,89
7350080799776284,thread,2,trader_callback,97,1070000000,4180000000,0,51
7350080799776284,thread,2,trace_writer,98,940000000,4300000000,1,24
7350080799776284,thread,2,latency_writer,99,910000000,4250000000,0,101048
7350080799776284,thread,3,account_worker,106,1820000000,2830000000,0,785317
7350080799776284,thread,3,trader_callback,100,980000000,4060000000,0,231299
7350080799776284,thread,3,trace_writer,101,970000000,4260000000,0,187
7350080799776284,thread,3,latency_writer,102,1100000000,4020000000,0,101312
7350080900512317,process,-1,process,90,19000000000,65180000000,5110,4
7350080900512317,thread,-1,producer,90,10000000,70000000,5110,4
7350080900512317,thread,-1,sampler,107,10000000,10000000,53,0
7350080900512317,thread,0,account_worker,103,1620000000,3220000000,0,623317
7350080900512317,thread,0,trader_callback,91,900000000,4480000000,0,28
7350080900512317,thread,0,trace_writer,92,860000000,4500000000,1,247
7350080900512317,thread,0,latency_writer,93,860000000,4500000000,0,356
7350080900512317,thread,1,account_worker,104,2030000000,3270000000,0,4812
7350080900512317,thread,1,trader_callback,94,900000000,4460000000,0,117
7350080900512317,thread,1,trace_writer,95,870000000,4480000000,1,34
7350080900512317,thread,1,latency_writer,96,890000000,4440000000,0,125
7350080900512317,thread,2,account_worker,105,2060000000,3270000000,0,92
7350080900512317,thread,2,trader_callback,97,1090000000,4260000000,0,53
7350080900512317,thread,2,trace_writer,98,950000000,4390000000,1,24
7350080900512317,thread,2,latency_writer,99,930000000,4330000000,0,101048
7350080900512317,thread,3,account_worker,106,1830000000,2870000000,0,854713
7350080900512317,thread,3,trader_callback,100,1000000000,4140000000,0,231299
7350080900512317,thread,3,trace_writer,101,990000000,4340000000,0,190
7350080900512317,thread,3,latency_writer,102,1140000000,4080000000,0,101321
7350081001232820,process,-1,process,90,19330000000,66360000000,5210,4
7350081001232820,thread,-1,producer,90,10000000,70000000,5210,4
7350081001232820,thread,-1,sampler,107,10000000,10000000,54,0
7350081001232820,thread,0,account_worker,103,1630000000,3260000000,0,691993
7350081001232820,thread,0,trader_callback,91,910000000,4560000000,0,28
7350081001232820,thread,0,trace_writer,92,870000000,4590000000,1,250
7350081001232820,thread,0,latency_writer,93,900000000,4570000000,0,359
7350081001232820,thread,1,account_worker,104,2070000000,3330000000,0,4817
7350081001232820,thread,1,trader_callback,94,920000000,4550000000,0,117
7350081001232820,thread,1,trace_writer,95,880000000,4570000000,1,34
7350081001232820,thread,1,latency_writer,96,900000000,4530000000,0,125
7350081001232820,thread,2,account_worker,105,2110000000,3320000000,0,92
7350081001232820,thread,2,trader_callback,97,1110000000,4340000000,0,53
7350081001232820,thread,2,trace_writer,98,960000000,4480000000,1,24
7350081001232820,thread,2,latency_writer,99,950000000,4410000000,0,101048
7350081001232820,thread,3,account_worker,106,1840000000,2910000000,0,923381
7350081001232820,thread,3,trader_callback,100,1020000000,4220000000,0,231300
7350081001232820,thread,3,trace_writer,101,1010000000,4410000000,0,194
7350081001232820,thread,3,latency_writer,102,1160000000,4160000000,0,101329
7350081101923899,process,-1,process,90,19650000000,67550000000,5311,4
7350081101923899,thread,-1,producer,90,10000000,70000000,5311,4
7350081101923899,thread,-1,sampler,107,10000000,10000000,55,0
7350081101923899,thread,0,account_worker,103,1650000000,3290000000,0,760203
7350081101923899,thread,0,trader_callback,91,930000000,4650000000,0,28
7350081101923899,thread,0,trace_writer,92,880000000,4680000000,1,263
7350081101923899,thread,0,latency_writer,93,910000000,4660000000,0,360
7350081101923899,thread,1,account_worker,104,2130000000,3360000000,0,4821
7350081101923899,thread,1,trader_callback,94,940000000,4620000000,0,124
7350081101923899,thread,1,trace_writer,95,890000000,4660000000,1,37
7350081101923899,thread,1,latency_writer,96,910000000,4620000000,0,126
7350081101923899,thread,2,account_worker,105,2150000000,3380000000,0,96
7350081101923899,thread,2,trader_callback,97,1120000000,4430000000,0,56
7350081101923899,thread,2,trace_writer,98,970000000,4570000000,1,25
7350081101923899,thread,2,latency_writer,99,970000000,4490000000,0,101049
7350081101923899,thread,3,account_worker,106,1860000000,2940000000,0,991619
7350081101923899,thread,3,trader_callback,100,1030000000,4310000000,0,231302
7350081101923899,thread,3,trace_writer,101,1020000000,4510000000,0,194
7350081101923899,thread,3,latency_writer,102,1190000000,4230000000,0,101348
7350081202661684,process,-1,process,90,19920000000,68790000000,5412,4
7350081202661684,thread,-1,producer,90,10000000,70000000,5412,4
7350081202661684,thread,-1,sampler,107,10000000,20000000,56,0
7350081202661684,thread,0,account_worker,103,1660000000,3330000000,0,829053
7350081202661684,thread,0,trader_callback,91,930000000,4740000000,0,28
7350081202661684,thread,0,trace_writer,92,890000000,4770000000,1,265
7350081202661684,thread,0,latency_writer,93,930000000,4730000000,0,360
7350081202661684,thread,1,account_worker,104,2150000000,3440000000,0,4825
7350081202661684,thread,1,trader_callback,94,960000000,4710000000,0,124
7350081202661684,thread,1,trace_writer,95,910000000,4740000000,1,37
7350081202661684,thread,1,latency_writer,96,930000000,4700000000,0,127
7350081202661684,thread,2,account_worker,105,2170000000,3450000000,0,96
7350081202661684,thread,2,trader_callback,97,1140000000,4510000000,0,57
7350081202661684,thread,2,trace_writer,98,1000000000,4640000000,1,25
7350081202661684,thread,2,latency_writer,99,990000000,4570000000,0,101049
7350081202661684,thread,3,account_worker,106,1870000000,2980000000,0,1060411
7350081202661684,thread,3,trader_callback,100,1040000000,4400000000,0,231302
7350081202661684,thread,3,trace_writer,101,1040000000,4590000000,0,194
7350081202661684,thread,3,latency_writer,102,1210000000,4310000000,0,101354
7350081303387998,process,-1,process,90,20200000000,70020000000,5513,4
7350081303387998,thread,-1,producer,90,10000000,70000000,5513,4
7350081303387998,thread,-1,sampler,107,10000000,20000000,57,0
7350081303387998,thread,0,account_worker,103,1670000000,3370000000,0,898347
7350081303387998,thread,0,trader_callback,91,950000000,4830000000,0,28
7350081303387998,thread,0,trace_writer,92,900000000,4860000000,1,265
7350081303387998,thread,0,latency_writer,93,940000000,4830000000,0,360
7350081303387998,thread,1,account_worker,104,2190000000,3500000000,0,4829
7350081303387998,thread,1,trader_callback,94,970000000,4800000000,0,124
7350081303387998,thread,1,trace_writer,95,930000000,4830000000,1,37
7350081303387998,thread,1,latency_writer,96,940000000,4780000000,0,127
7350081303387998,thread,2,account_worker,105,2200000000,3520000000,0,99
7350081303387998,thread,2,trader_callback,97,1150000000,4600000000,0,59
7350081303387998,thread,2,trace_writer,98,1030000000,4710000000,1,26
7350081303387998,thread,2,latency_writer,99,1010000000,4660000000,0,101049
7350081303387998,thread,3,account_worker,106,1870000000,3030000000,0,1129727
7350081303387998,thread,3,trader_callback,100,1050000000,4490000000,0,231303
7350081303387998,thread,3,trace_writer,101,1060000000,4660000000,0,203
7350081303387998,thread,3,latency_writer,102,1240000000,4380000000,0,101357
7350081404113671,process,-1,process,90,20500000000,71230000000,5608,4
7350081404113671,thread,-1,producer,90,10000000,70000000,5608,4
7350081404113671,thread,-1,sampler,107,10000000,20000000,58,0
7350081404113671,thread,0,account_worker,103,1690000000,3410000000,0,966202
7350081404113671,thread,0,trader_callback,91,970000000,4910000000,0,28
7350081404113671,thread,0,trace_writer,92,910000000,4950000000,1,265
7350081404113671,thread,0,latency_writer,93,940000000,4920000000,0,367
7350081404113671,thread,1,account_worker,104,2230000000,3560000000,0,4832
7350081404113671,thread,1,trader_callback,94,990000000,4880000000,0,124
7350081404113671,thread,1,trace_writer,95,940000000,4920000000,1,37
7350081404113671,thread,1,latency_writer,96,970000000,4860000000,0,127
7350081404113671,thread,2,account_worker,105,2250000000,3570000000,0,102
7350081404113671,thread,2,trader_callback,97,1170000000,4680000000,0,60
7350081404113671,thread,2,trace_writer,98,1050000000,4800000000,1,26
7350081404113671,thread,2,latency_writer,99,1020000000,4740000000,0,101049
7350081404113671,thread,3,account_worker,106,1880000000,3080000000,0,1197590
7350081404113671,thread,3,trader_callback,100,1060000000,4580000000,0,231304
7350081404113671,thread,3,trace_writer,101,1080000000,4750000000,0,209
7350081404113671,thread,3,latency_writer,102,1260000000,4460000000,0,101371
7350081504865182,process,-1,process,90,20840000000,72400000000,5709,4
7350081504865182,thread,-1,producer,90,10000000,70000000,5709,4
7350081504865182,thread,-1,sampler,107,10000000,20000000,59,0
7350081504865182,thread,0,account_worker,103,1710000000,3440000000,0,1033993
7350081504865182,thread,0,trader_callback,91,990000000,4990000000,0,28
7350081504865182,thread,0,trace_writer,92,930000000,5030000000,1,266
7350081504865182,thread,0,latency_writer,93,970000000,5000000000,0,379
7350081504865182,thread,1,account_worker,104,2280000000,3620000000,0,4836
7350081504865182,thread,1,trader_callback,94,1010000000,4960000000,0,125
7350081504865182,thread,1,trace_writer,95,950000000,5000000000,1,37
7350081504865182,thread,1,latency_writer,96,980000000,4950000000,0,127
7350081504865182,thread,2,account_worker,105,2290000000,3640000000,0,102
7350081504865182,thread,2,trader_callback,97,1180000000,4770000000,0,61
7350081504865182,thread,2,trace_writer,98,1060000000,4880000000,1,26
7350081504865182,thread,2,latency_writer,99,1040000000,4830000000,0,101049
7350081504865182,thread,3,account_worker,106,1900000000,3100000000,0,1265296
7350081504865182,thread,3,trader_callback,100,1080000000,4660000000,0,231305
7350081504865182,thread,3,trace_writer,101,1080000000,4850000000,0,215
7350081504865182,thread,3,latency_writer,102,1280000000,4540000000,0,101374
7350081605600237,process,-1,process,90,21170000000,73580000000,5795,4
7350081605600237,thread,-1,producer,90,10000000,70000000,5795,4
7350081605600237,thread,-1,sampler,107,10000000,20000000,60,0
7350081605600237,thread,0,account_worker,103,1720000000,3470000000,0,1102347
7350081605600237,thread,0,trader_callback,91,1010000000,5070000000,0,28
7350081605600237,thread,0,trace_writer,92,950000000,5120000000,1,266
7350081605600237,thread,0,latency_writer,93,1000000000,5070000000,0,391
7350081605600237,thread,1,account_worker,104,2300000000,3690000000,0,4839
7350081605600237,thread,1,trader_callback,94,1030000000,5040000000,0,133
7350081605600237,thread,1,trace_writer,95,970000000,5090000000,1,37
7350081605600237,thread,1,latency_writer,96,990000000,5040000000,0,127
7350081605600237,thread,2,account_worker,105,2340000000,3690000000,0,105
7350081605600237,thread,2,trader_callback,97,1200000000,4850000000,0,62
7350081605600237,thread,2,trace_writer,98,1080000000,4970000000,1,26
7350081605600237,thread,2,latency_writer,99,1050000000,4910000000,0,101070
7350081605600237,thread,3,account_worker,106,1920000000,3130000000,0,1333703
7350081605600237,thread,3,trader_callback,100,1100000000,4740000000,0,231305
7350081605600237,thread,3,trace_writer,101,1110000000,4910000000,0,221
7350081605600237,thread,3,latency_writer,102,1300000000,4620000000,0,101379
7350081706303361,process,-1,process,90,21490000000,74760000000,5896,5
7350081706303361,thread,-1,producer,90,10000000,70000000,5896,5
7350081706303361,thread,-1,sampler,107,10000000,20000000,61,0
7350081706303361,thread,0,account_worker,103,1730000000,3510000000,0,1172215
7350081706303361,thread,0,trader_callback,91,1020000000,5160000000,0,29
7350081706303361,thread,0,trace_writer,92,970000000,5200000000,1,269
7350081706303361,thread,0,latency_writer,93,1010000000,5160000000,0,403
7350081706303361,thread,1,account_worker,104,2340000000,3760000000,0,4843
7350081706303361,thread,1,trader_callback,94,1060000000,5110000000,0,136
7350081706303361,thread,1,trace_writer,95,990000000,5160000000,1,37
7350081706303361,thread,1,latency_writer,96,1010000000,5120000000,0,129
7350081706303361,thread,2,account_worker,105,2370000000,3750000000,0,108
7350081706303361,thread,2,trader_callback,97,1210000000,4940000000,0,62
7350081706303361,thread,2,trace_writer,98,1100000000,5050000000,1,26
7350081706303361,thread,2,latency_writer,99,1060000000,5010000000,0,101070
7350081706303361,thread,3,account_worker,106,1930000000,3180000000,0,1403606
7350081706303361,thread,3,trader_callback,100,1120000000,4820000000,0,231305
7350081706303361,thread,3,trace_writer,101,1140000000,4990000000,0,227
7350081706303361,thread,3,latency_writer,102,1330000000,4690000000,0,101383
7350081807024659,process,-1,process,90,21800000000,75970000000,5995,8
7350081807024659,thread,-1,producer,90,10000000,70000000,5995,8
7350081807024659,thread,-1,sampler,107,10000000,20000000,62,0
7350081807024659,thread,0,account_worker,103,1750000000,3550000000,0,1241620
7350081807024659,thread,0,trader_callback,91,1030000000,5250000000,0,29
7350081807024659,thread,0,trace_writer,92,990000000,5280000000,1,272
7350081807024659,thread,0,latency_writer,93,1040000000,5230000000,0,409
7350081807024659,thread,1,account_worker,104,2370000000,3830000000,0,4849
7350081807024659,thread,1,trader_callback,94,1080000000,5180000000,0,139
7350081807024659,thread,1,trace_writer,95,1020000000,5230000000,1,37
7350081807024659,thread,1,latency_writer,96,1020000000,5210000000,0,129
7350081807024659,thread,2,account_worker,105,2400000000,3830000000,0,109
7350081807024659,thread,2,trader_callback,97,1240000000,5020000000,0,62
7350081807024659,thread,2,trace_writer,98,1100000000,5140000000,1,26
7350081807024659,thread,2,latency_writer,99,1080000000,5080000000,0,101070
7350081807024659,thread,3,account_worker,106,1930000000,3220000000,0,1473024
7350081807024659,thread,3,trader_callback,100,1150000000,4890000000,0,231305
7350081807024659,thread,3,trace_writer,101,1150000000,5080000000,0,230
7350081807024659,thread,3,latency_writer,102,1340000000,4780000000,0,101389
7350081907775157,process,-1,process,90,22090000000,77190000000,6093,8
7350081907775157,thread,-1,producer,90,10000000,70000000,6093,8
7350081907775157,thread,-1,sampler,107,10000000,20000000,63,0
7350081907775157,thread,0,account_worker,103,1770000000,3590000000,0,1288754
7350081907775157,thread,0,trader_callback,91,1060000000,5320000000,1,39
7350081907775157,thread,0,trace_writer,92,1000000000,5370000000,1,289
7350081907775157,thread,0,latency_writer,93,1040000000,5330000000,0,427
7350081907775157,thread,1,account_worker,104,2410000000,3880000000,0,4862
7350081907775157,thread,1,trader_callback,94,1090000000,5280000000,0,149
7350081907775157,thread,1,trace_writer,95,1030000000,5320000000,1,48
7350081907775157,thread,1,latency_writer,96,1030000000,5300000000,0,139
7350081907775157,thread,2,account_worker,105,2430000000,3900000000,0,125
7350081907775157,thread,2,trader_callback,97,1260000000,5090000000,0,72
7350081907775157,thread,2,trace_writer,98,1120000000,5230000000,1,37
7350081907775157,thread,2,latency_writer,99,1100000000,5170000000,0,101080
7350081907775157,thread,3,account_worker,106,1950000000,3260000000,0,1543677
7350081907775157,thread,3,trader_callback,100,1160000000,4960000000,0,255155
7350081907775157,thread,3,trace_writer,101,1160000000,5170000000,0,243
7350081907775157,thread,3,latency_writer,102,1370000000,4850000000,0,101397
7350082008517997,process,-1,process,90,22440000000,78340000000,6194,8
7350082008517997,thread,-1,producer,90,10000000,70000000,6194,8
7350082008517997,thread,-1,sampler,107,10000000,20000000,64,0
7350082008517997,thread,0,account_worker,103,1820000000,3650000000,0,1288758
7350082008517997,thread,0,trader_callback,91,1080000000,5400000000,1,39
7350082008517997,thread,0,trace_writer,92,1020000000,5450000000,1,293
7350082008517997,thread,0,latency_writer,93,1060000000,5410000000,0,433
7350082008517997,thread,1,account_worker,104,2440000000,3950000000,0,4866
7350082008517997,thread,1,trader_callback,94,1100000000,5370000000,0,149
7350082008517997,thread,1,trace_writer,95,1060000000,5400000000,1,49
7350082008517997,thread,1,latency_writer,96,1050000000,5380000000,0,140
7350082008517997,thread,2,account_worker,105,2470000000,3960000000,0,125
7350082008517997,thread,2,trader_callback,97,1270000000,5190000000,0,73
7350082008517997,thread,2,trace_writer,98,1140000000,5310000000,1,39
7350082008517997,thread,2,latency_writer,99,1110000000,5250000000,0,101080
7350082008517997,thread,3,account_worker,106,1960000000,3290000000,0,1614483
7350082008517997,thread,3,trader_callback,100,1180000000,5000000000,0,325957
7350082008517997,thread,3,trace_writer,101,1170000000,5260000000,0,250
7350082008517997,thread,3,latency_writer,102,1400000000,4920000000,0,101398
7350082109256248,process,-1,process,90,22770000000,79520000000,6294,8
7350082109256248,thread,-1,producer,90,10000000,70000000,6294,8
7350082109256248,thread,-1,sampler,107,10000000,20000000,65,0
7350082109256248,thread,0,account_worker,103,1850000000,3710000000,0,1288762
7350082109256248,thread,0,trader_callback,91,1090000000,5490000000,1,39
7350082109256248,thread,0,trace_writer,92,1050000000,5510000000,1,298
7350082109256248,thread,0,latency_writer,93,1080000000,5490000000,0,443
7350082109256248,thread,1,account_worker,104,2490000000,4000000000,0,4869
7350082109256248,thread,1,trader_callback,94,1120000000,5450000000,0,149
7350082109256248,thread,1,trace_writer,95,1090000000,5470000000,1,50
7350082109256248,thread,1,latency_writer,96,1060000000,5470000000,0,141
7350082109256248,thread,2,account_worker,105,2510000000,4020000000,0,126
7350082109256248,thread,2,trader_callback,97,1280000000,5280000000,0,73
7350082109256248,thread,2,trace_writer,98,1150000000,5400000000,1,40
7350082109256248,thread,2,latency_writer,99,1120000000,5350000000,0,101081
7350082109256248,thread,3,account_worker,106,1990000000,3320000000,0,1685827
7350082109256248,thread,3,trader_callback,100,1190000000,5030000000,0,397300
7350082109256248,thread,3,trace_writer,101,1190000000,5340000000,0,253
7350082109256248,thread,3,latency_writer,102,1400000000,5020000000,0,101398
7350082210017291,process,-1,process,90,23100000000,80710000000,6395,8
7350082210017291,thread,-1,producer,90,10000000,70000000,6395,8
7350082210017291,thread,-1,sampler,107,10000000,20000000,66,0
7350082210017291,thread,0,account_worker,103,1890000000,3780000000,0,1288762
7350082210017291,thread,0,trader_callback,91,1100000000,5580000000,1,40
7350082210017291,thread,0,trace_writer,92,1070000000,5600000000,1,302
7350082210017291,thread,0,latency_writer,93,1100000000,5570000000,0,446
7350082210017291,thread,1,account_worker,104,2540000000,4050000000,0,4873
7350082210017291,thread,1,trader_callback,94,1140000000,5530000000,0,153
7350082210017291,thread,1,trace_writer,95,1110000000,5550000000,1,50
7350082210017291,thread,1,latency_writer,96,1080000000,5560000000,0,141
7350082210017291,thread,2,account_worker,105,2530000000,4110000000,0,127
7350082210017291,thread,2,trader_callback,97,1300000000,5350000000,0,74
7350082210017291,thread,2,trace_writer,98,1170000000,5480000000,1,40
7350082210017291,thread,2,latency_writer,99,1140000000,5430000000,0,101081
7350082210017291,thread,3,account_worker,106,2000000000,3350000000,0,1754599
7350082210017291,thread,3,trader_callback,100,1200000000,5080000000,0,466077
7350082210017291,thread,3,trace_writer,101,1210000000,5430000000,0,253
7350082210017291,thread,3,latency_writer,102,1420000000,5100000000,0,101404
7350082310729669,process,-1,process,90,23510000000,81880000000,6493,8
7350082310729669,thread,-1,producer,90,10000000,70000000,6493,8
7350082310729669,thread,-1,sampler,107,10000000,20000000,67,0
7350082310729669,thread,0,account_worker,103,1930000000,3840000000,0,1288765
7350082310729669,thread,0,trader_callback,91,1120000000,5660000000,1,40
7350082310729669,thread,0,trace_writer,92,1090000000,5680000000,1,302
7350082310729669,thread,0,latency_writer,93,1120000000,5650000000,0,452
7350082310729669,thread,1,account_worker,104,2580000000,4110000000,0,4876
7350082310729669,thread,1,trader_callback,94,1160000000,5610000000,0,153
7350082310729669,thread,1,trace_writer,95,1110000000,5650000000,1,50
7350082310729669,thread,1,latency_writer,96,1100000000,5640000000,0,141
7350082310729669,thread,2,account_worker,105,2560000000,4170000000,0,128
7350082310729669,thread,2,trader_callback,97,1340000000,5420000000,0,74
7350082310729669,thread,2,trace_writer,98,1190000000,5560000000,1,41
7350082310729669,thread,2,latency_writer,99,1160000000,5510000000,0,101081
7350082310729669,thread,3,account_worker,106,2040000000,3410000000,0,1763889
7350082310729669,thread,3,trader_callback,100,1210000000,5150000000,0,475428
7350082310729669,thread,3,trace_writer,101,1250000000,5490000000,0,259
7350082310729669,thread,3,latency_writer,102,1440000000,5180000000,0,101409
7350082411449615,process,-1,process,90,23960000000,83040000000,6594,8
7350082411449615,thread,-1,producer,90,10000000,70000000,6594,8
7350082411449615,thread,-1,sampler,107,10000000,20000000,68,0
7350082411449615,thread,0,account_worker,103,1990000000,3880000000,0,1288765
7350082411449615,thread,0,trader_callback,91,1150000000,5740000000,1,40
7350082411449615,thread,0,trace_writer,92,1100000000,5770000000,1,306
7350082411449615,thread,0,latency_writer,93,1140000000,5740000000,0,458
7350082411449615,thread,1,account_worker,104,2640000000,4150000000,0,4900
7350082411449615,thread,1,trader_callback,94,1200000000,5670000000,0,153
7350082411449615,thread,1,trace_writer,95,1140000000,5720000000,1,51
7350082411449615,thread,1,latency_writer,96,1120000000,5710000000,0,141
7350082411449615,thread,2,account_worker,105,2610000000,4220000000,0,128
7350082411449615,thread,2,trader_callback,97,1340000000,5520000000,0,74
7350082411449615,thread,2,trace_writer,98,1200000000,5650000000,1,41
7350082411449615,thread,2,latency_writer,99,1200000000,5580000000,0,101081
7350082411449615,thread,3,account_worker,106,2060000000,3480000000,0,1763889
7350082411449615,thread,3,trader_callback,100,1240000000,5220000000,0,475516
7350082411449615,thread,3,trace_writer,101,1270000000,5560000000,0,262
7350082411449615,thread,3,latency_writer,102,1460000000,5260000000,0,101412
7350082512193754,process,-1,process,90,24350000000,84260000000,6694,8
7350082512193754,thread,-1,producer,90,10000000,70000000,6694,8
7350082512193754,thread,-1,sampler,107,10000000,20000000,69,0
7350082512193754,thread,0,account_worker,103,2020000000,3950000000,0,1288769
7350082512193754,thread,0,trader_callback,91,1160000000,5820000000,1,40
7350082512193754,thread,0,trace_writer,92,1120000000,5850000000,1,310
7350082512193754,thread,0,latency_writer,93,1160000000,5810000000,0,462
7350082512193754,thread,1,account_worker,104,2680000000,4210000000,0,5006
7350082512193754,thread,1,trader_callback,94,1220000000,5750000000,0,153
7350082512193754,thread,1,trace_writer,95,1150000000,5810000000,1,52
7350082512193754,thread,1,latency_writer,96,1150000000,5790000000,0,141
7350082512193754,thread,2,account_worker,105,2660000000,4280000000,0,128
7350082512193754,thread,2,trader_callback,97,1370000000,5580000000,0,76
7350082512193754,thread,2,trace_writer,98,1240000000,5710000000,1,41
7350082512193754,thread,2,latency_writer,99,1220000000,5650000000,0,101082
7350082512193754,thread,3,account_worker,106,2090000000,3560000000,0,1763891
7350082512193754,thread,3,trader_callback,100,1250000000,5310000000,0,475520
7350082512193754,thread,3,trace_writer,101,1280000000,5650000000,0,265
7350082512193754,thread,3,latency_writer,102,1470000000,5350000000,0,101413
7350082612832856,process,-1,process,90,24710000000,85410000000,6795,8
7350082612832856,thread,-1,producer,90,10000000,70000000,6795,8
7350082612832856,thread,-1,sampler,107,10000000,20000000,70,0
7350082612832856,thread,0,account_worker,103,2050000000,4020000000,0,1288773
7350082612832856,thread,0,trader_callback,91,1190000000,5900000000,1,41
7350082612832856,thread,0,trace_writer,92,1140000000,5930000000,1,315
7350082612832856,thread,0,latency_writer,93,1190000000,5890000000,0,466
7350082612832856,thread,1,account_worker,104,2690000000,4260000000,0,46380
7350082612832856,thread,1,trader_callback,94,1250000000,5830000000,0,154
7350082612832856,thread,1,trace_writer,95,1170000000,5900000000,1,53
7350082612832856,thread,1,latency_writer,96,1160000000,5880000000,0,142
7350082612832856,thread,2,account_worker,105,2700000000,4330000000,0,129
7350082612832856,thread,2,trader_callback,97,1400000000,5660000000,0,77
7350082612832856,thread,2,trace_writer,98,1250000000,5800000000,1,42
7350082612832856,thread,2,latency_writer,99,1230000000,5750000000,0,101083
7350082612832856,thread,3,account_worker,106,2120000000,3620000000,0,1763893
7350082612832856,thread,3,trader_callback,100,1250000000,5360000000,0,516893
7350082612832856,thread,3,trace_writer,101,1310000000,5720000000,0,272
7350082612832856,thread,3,latency_writer,102,1510000000,5410000000,0,101417
7350082713553473,process,-1,process,90,25080000000,86550000000,6896,8
7350082713553473,thread,-1,producer,90,10000000,70000000,6896,8
7350082713553473,thread,-1,sampler,107,10000000,20000000,71,0
7350082713553473,thread,0,account_worker,103,2090000000,4080000000,0,1288773
7350082713553473,thread,0,trader_callback,91,1210000000,5980000000,1,41
7350082713553473,thread,0,trace_writer,92,1170000000,6010000000,1,322
7350082713553473,thread,0,latency_writer,93,1200000000,5980000000,0,469
7350082713553473,thread,1,account_worker,104,2710000000,4290000000,0,105273
7350082713553473,thread,1,trader_callback,94,1270000000,5910000000,0,157
7350082713553473,thread,1,trace_writer,95,1170000000,5990000000,1,53
7350082713553473,thread,1,latency_writer,96,1170000000,5970000000,0,142
7350082713553473,thread,2,account_worker,105,2770000000,4370000000,0,129
7350082713553473,thread,2,trader_callback,97,1420000000,5740000000,0,77
7350082713553473,thread,2,trace_writer,98,1270000000,5890000000,1,42
7350082713553473,thread,2,latency_writer,99,1260000000,5810000000,0,101083
7350082713553473,thread,3,account_worker,106,2150000000,3690000000,0,1763893
7350082713553473,thread,3,trader_callback,100,1250000000,5410000000,0,575788
7350082713553473,thread,3,trace_writer,101,1340000000,5800000000,0,278
7350082713553473,thread,3,latency_writer,102,1540000000,5480000000,0,101428
7350082814053448,process,-1,process,90,25320000000,87820000000,6996,8
7350082814053448,thread,-1,producer,90,10000000,70000000,6996,8
7350082814053448,thread,-1,sampler,107,10000000,20000000,72,0
7350082814053448,thread,0,account_worker,103,2110000000,4160000000,0,1288773
7350082814053448,thread,0,trader_callback,91,1210000000,6080000000,1,42
7350082814053448,thread,0,trace_writer,92,1190000000,6080000000,1,328
7350082814053448,thread,0,latency_writer,93,1200000000,6080000000,0,476
7350082814053448,thread,1,account_worker,104,2720000000,4320000000,0,172886
7350082814053448,thread,1,trader_callback,94,1280000000,6000000000,0,157
7350082814053448,thread,1,trace_writer,95,1190000000,6080000000,1,54
7350082814053448,thread,1,latency_writer,96,1170000000,6060000000,0,142
7350082814053448,thread,2,account_worker,105,2810000000,4430000000,0,129
7350082814053448,thread,2,trader_callback,97,1440000000,5820000000,0,78
7350082814053448,thread,2,trace_writer,98,1280000000,5970000000,1,42
7350082814053448,thread,2,latency_writer,99,1270000000,5900000000,0,101083
7350082814053448,thread,3,account_worker,106,2180000000,3760000000,0,1763894
7350082814053448,thread,3,trader_callback,100,1250000000,5460000000,0,643401
7350082814053448,thread,3,trace_writer,101,1350000000,5880000000,0,278
7350082814053448,thread,3,latency_writer,102,1550000000,5570000000,0,101433
7350082914585823,process,-1,process,90,25640000000,89000000000,7097,8
7350082914585823,thread,-1,producer,90,10000000,70000000,7097,8
7350082914585823,thread,-1,sampler,107,10000000,20000000,73,0
7350082914585823,thread,0,account_worker,103,2170000000,4200000000,0,1288776
7350082914585823,thread,0,trader_callback,91,1230000000,6160000000,1,43
7350082914585823,thread,0,trace_writer,92,1220000000,6150000000,1,328
7350082914585823,thread,0,latency_writer,93,1210000000,6160000000,0,479
7350082914585823,thread,1,account_worker,104,2740000000,4360000000,0,242999
7350082914585823,thread,1,trader_callback,94,1280000000,6100000000,0,157
7350082914585823,thread,1,trace_writer,95,1200000000,6160000000,2,54
7350082914585823,thread,1,latency_writer,96,1200000000,6140000000,0,142
7350082914585823,thread,2,account_worker,105,2830000000,4510000000,0,132
7350082914585823,thread,2,trader_callback,97,1450000000,5910000000,0,79
7350082914585823,thread,2,trace_writer,98,1300000000,6050000000,2,42
7350082914585823,thread,2,latency_writer,99,1300000000,5970000000,0,101083
7350082914585823,thread,3,account_worker,106,2210000000,3830000000,0,1763899
7350082914585823,thread,3,trader_callback,100,1260000000,5500000000,0,713515
7350082914585823,thread,3,trace_writer,101,1380000000,5960000000,0,281
7350082914585823,thread,3,latency_writer,102,1560000000,5650000000,0,101437
7350083015095391,process,-1,process,90,26030000000,90120000000,7192,8
7350083015095391,thread,-1,producer,90,10000000,70000000,7192,8
7350083015095391,thread,-1,sampler,107,10000000,20000000,74,0
7350083015095391,thread,0,account_worker,103,2210000000,4260000000,0,1288777
7350083015095391,thread,0,trader_callback,91,1250000000,6240000000,1,44
7350083015095391,thread,0,trace_writer,92,1230000000,6240000000,1,331
7350083015095391,thread,0,latency_writer,93,1230000000,6250000000,0,482
7350083015095391,thread,1,account_worker,104,2750000000,4400000000,0,313318
7350083015095391,thread,1,trader_callback,94,1300000000,6170000000,0,160
7350083015095391,thread,1,trace_writer,95,1220000000,6250000000,2,54
7350083015095391,thread,1,latency_writer,96,1240000000,6200000000,0,142
7350083015095391,thread,2,account_worker,105,2870000000,4570000000,0,132
7350083015095391,thread,2,trader_callback,97,1470000000,5990000000,0,80
7350083015095391,thread,2,trace_writer,98,1330000000,6130000000,2,44
7350083015095391,thread,2,latency_writer,99,1310000000,6060000000,0,101083
7350083015095391,thread,3,account_worker,106,2250000000,3890000000,0,1763901
7350083015095391,thread,3,trader_callback,100,1260000000,5550000000,0,783834
7350083015095391,thread,3,trace_writer,101,1400000000,6040000000,0,286
7350083015095391,thread,3,latency_writer,102,1600000000,5720000000,0,101442
7350083115614022,process,-1,process,90,26390000000,91270000000,7291,8
7350083115614022,thread,-1,producer,90,10000000,80000000,7291,8
7350083115614022,thread,-1,sampler,107,10000000,20000000,75,0
7350083115614022,thread,0,account_worker,103,2250000000,4320000000,0,1288777
7350083115614022,thread,0,trader_callback,91,1260000000,6330000000,1,44
7350083115614022,thread,0,trace_writer,92,1230000000,6340000000,1,336
7350083115614022,thread,0,latency_writer,93,1240000000,6330000000,0,486
7350083115614022,thread,1,account_worker,104,2750000000,4440000000,0,384802
7350083115614022,thread,1,trader_callback,94,1320000000,6250000000,0,164
7350083115614022,thread,1,trace_writer,95,1240000000,6320000000,2,55
7350083115614022,thread,1,latency_writer,96,1250000000,6280000000,0,143
7350083115614022,thread,2,account_worker,105,2930000000,4600000000,0,136
7350083115614022,thread,2,trader_callback,97,1500000000,6070000000,0,82
7350083115614022,thread,2,trace_writer,98,1360000000,6190000000,2,45
7350083115614022,thread,2,latency_writer,99,1330000000,6140000000,0,101084
7350083115614022,thread,3,account_worker,106,2300000000,3940000000,0,1763903
7350083115614022,thread,3,trader_callback,100,1260000000,5600000000,0,855320
7350083115614022,thread,3,trace_writer,101,1410000000,6130000000,0,289
7350083115614022,thread,3,latency_writer,102,1620000000,5800000000,0,101451
7350083216109467,process,-1,process,90,26700000000,92450000000,7389,8
7350083216109467,thread,-1,producer,90,10000000,80000000,7389,8
7350083216109467,thread,-1,sampler,107,10000000,20000000,76,0
7350083216109467,thread,0,account_worker,103,2300000000,4380000000,0,1288777
7350083216109467,thread,0,trader_callback,91,1280000000,6410000000,1,45
7350083216109467,thread,0,trace_writer,92,1260000000,6420000000,1,336
7350083216109467,thread,0,latency_writer,93,1260000000,6410000000,0,486
7350083216109467,thread,1,account_worker,104,2770000000,4480000000,0,455623
7350083216109467,thread,1,trader_callback,94,1330000000,6350000000,0,174
7350083216109467,thread,1,trace_writer,95,1250000000,6420000000,2,56
7350083216109467,thread,1,latency_writer,96,1270000000,6370000000,0,143
7350083216109467,thread,2,account_worker,105,2980000000,4660000000,0,136
7350083216109467,thread,2,trader_callback,97,1510000000,6150000000,0,84
7350083216109467,thread,2,trace_writer,98,1380000000,6270000000,2,45
7350083216109467,thread,2,latency_writer,99,1350000000,6230000000,0,101087
7350083216109467,thread,3,account_worker,106,2340000000,4000000000,0,1763906
7350083216109467,thread,3,trader_callback,100,1260000000,5640000000,0,926142
7350083216109467,thread,3,trace_writer,101,1420000000,6220000000,0,295
7350083216109467,thread,3,latency_writer,102,1640000000,5880000000,0,101457
7350083316619381,process,-1,process,90,27040000000,93620000000,7486,8
7350083316619381,thread,-1,producer,90,10000000,80000000,7486,8
7350083316619381,thread,-1,sampler,107,10000000,20000000,77,0
7350083316619381,thread,0,account_worker,103,2340000000,4430000000,0,1288780
7350083316619381,thread,0,trader_callback,91,1290000000,6500000000,1,45
7350083316619381,thread,0,trace_writer,92,1280000000,6500000000,1,345
7350083316619381,thread,0,latency_writer,93,1270000000,6500000000,0,489
7350083316619381,thread,1,account_worker,104,2770000000,4520000000,0,522327
7350083316619381,thread,1,trader_callback,94,1360000000,6420000000,0,174
7350083316619381,thread,1,trace_writer,95,1260000000,6500000000,2,56
7350083316619381,thread,1,latency_writer,96,1300000000,6440000000,0,143
7350083316619381,thread,2,account_worker,105,3030000000,4710000000,0,137
7350083316619381,thread,2,trader_callback,97,1510000000,6250000000,0,85
7350083316619381,thread,2,trace_writer,98,1410000000,6350000000,2,45
7350083316619381,thread,2,latency_writer,99,1360000000,6310000000,0,101087
7350083316619381,thread,3,account_worker,106,2370000000,4070000000,0,1763908
7350083316619381,thread,3,trader_callback,100,1270000000,5690000000,0,992846
7350083316619381,thread,3,trace_writer,101,1460000000,6280000000,0,304
7350083316619381,thread,3,latency_writer,102,1650000000,5960000000,0,101462
7350083417117309,process,-1,process,90,27340000000,94830000000,7586,8
7350083417117309,thread,-1,producer,90,10000000,80000000,7586,8
7350083417117309,thread,-1,sampler,107,10000000,20000000,78,0
7350083417117309,thread,0,account_worker,103,2380000000,4490000000,0,1288780
7350083417117309,thread,0,trader_callback,91,1290000000,6600000000,1,45
7350083417117309,thread,0,trace_writer,92,1290000000,6590000000,1,348
7350083417117309,thread,0,latency_writer,93,1290000000,6590000000,0,493
7350083417117309,thread,1,account_worker,104,2800000000,4550000000,0,589748
7350083417117309,thread,1,trader_callback,94,1370000000,6500000000,0,183
7350083417117309,thread,1,trace_writer,95,1280000000,6580000000,2,56
7350083417117309,thread,1,latency_writer,96,1310000000,6530000000,0,143
7350083417117309,thread,2,account_worker,105,3050000000,4790000000,0,137
7350083417117309,thread,2,trader_callback,97,1540000000,6320000000,0,86
7350083417117309,thread,2,trace_writer,98,1410000000,6440000000,2,45
7350083417117309,thread,2,latency_writer,99,1380000000,6400000000,0,101088
7350083417117309,thread,3,account_worker,106,2420000000,4120000000,0,1763913
7350083417117309,thread,3,trader_callback,100,1280000000,5730000000,0,1060267
7350083417117309,thread,3,trace_writer,101,1470000000,6370000000,0,310
7350083417117309,thread,3,latency_writer,102,1660000000,6050000000,0,101477
7350083517609427,process,-1,process,90,27650000000,96020000000,7685,8
7350083517609427,thread,-1,producer,90,10000000,80000000,7685,8
7350083517609427,thread,-1,sampler,107,10000000,20000000,79,0
7350083517609427,thread,0,account_worker,103,2410000000,4560000000,0,1288780
7350083517609427,thread,0,trader_callback,91,1290000000,6700000000,1,45
7350083517609427,thread,0,trace_writer,92,1300000000,6670000000,1,349
7350083517609427,thread,0,latency_writer,93,1310000000,6670000000,0,506
7350083517609427,thread,1,account_worker,104,2810000000,4580000000,0,657122
7350083517609427,thread,1,trader_callback,94,1400000000,6580000000,0,187
7350083517609427,thread,1,trace_writer,95,1300000000,6670000000,2,56
7350083517609427,thread,1,latency_writer,96,1330000000,6610000000,0,143
7350083517609427,thread,2,account_worker,105,3100000000,4840000000,0,140
7350083517609427,thread,2,trader_callback,97,1540000000,6420000000,0,86
7350083517609427,thread,2,trace_writer,98,1430000000,6530000000,2,45
7350083517609427,thread,2,latency_writer,99,1390000000,6480000000,0,101088
7350083517609427,thread,3,account_worker,106,2460000000,4180000000,0,1763914
7350083517609427,thread,3,trader_callback,100,1290000000,5770000000,0,1127643
7350083517609427,thread,3,trace_writer,101,1490000000,6450000000,0,313
7350083517609427,thread,3,latency_writer,102,1680000000,6130000000,0,101482
7350083618124780,process,-1,process,90,27940000000,97240000000,7784,8
7350083618124780,thread,-1,producer,90,10000000,80000000,7784,8
7350083618124780,thread,-1,sampler,107,10000000,20000000,80,0
7350083618124780,thread,0,account_worker,103,2460000000,4620000000,0,1288780
7350083618124780,thread,0,trader_callback,91,1290000000,6800000000,1,45
7350083618124780,thread,0,trace_writer,92,1320000000,6760000000,1,349
7350083618124780,thread,0,latency_writer,93,1340000000,6740000000,0,509
7350083618124780,thread,1,account_worker,104,2820000000,4620000000,0,725429
7350083618124780,thread,1,trader_callback,94,1400000000,6680000000,0,191
7350083618124780,thread,1,trace_writer,95,1300000000,6770000000,2,56
7350083618124780,thread,1,latency_writer,96,1340000000,6700000000,0,144
7350083618124780,thread,2,account_worker,105,3130000000,4910000000,0,140
7350083618124780,thread,2,trader_callback,97,1560000000,6510000000,0,87
7350083618124780,thread,2,trace_writer,98,1450000000,6600000000,2,47
7350083618124780,thread,2,latency_writer,99,1410000000,6570000000,0,101088
7350083618124780,thread,3,account_worker,106,2500000000,4240000000,0,1763915
7350083618124780,thread,3,trader_callback,100,1300000000,5810000000,0,1195952
7350083618124780,thread,3,trace_writer,101,1510000000,6530000000,0,319
7350083618124780,thread,3,latency_writer,102,1700000000,6210000000,0,101486
7350083718653463,process,-1,process,90,28270000000,98410000000,7884,8
7350083718653463,thread,-1,producer,90,10000000,80000000,7884,8
7350083718653463,thread,-1,sampler,107,10000000,20000000,81,0
7350083718653463,thread,0,account_worker,103,2500000000,4680000000,0,1288783
7350083718653463,thread,0,trader_callback,91,1310000000,6890000000,1,46
7350083718653463,thread,0,trace_writer,92,1330000000,6850000000,1,349
7350083718653463,thread,0,latency_writer,93,1360000000,6820000000,0,515
7350083718653463,thread,1,account_worker,104,2840000000,4650000000,0,796621
7350083718653463,thread,1,trader_callback,94,1410000000,6770000000,0,192
7350083718653463,thread,1,trace_writer,95,1320000000,6850000000,2,56
7350083718653463,thread,1,latency_writer,96,1360000000,6780000000,0,145
7350083718653463,thread,2,account_worker,105,3170000000,4970000000,0,143
7350083718653463,thread,2,trader_callback,97,1600000000,6570000000,0,87
7350083718653463,thread,2,trace_writer,98,1470000000,6680000000,2,47
7350083718653463,thread,2,latency_writer,99,1430000000,6640000000,0,101088
7350083718653463,thread,3,account_worker,106,2510000000,4320000000,0,1763919
7350083718653463,thread,3,trader_callback,100,1300000000,5860000000,0,1267145
7350083718653463,thread,3,trace_writer,101,1530000000,6620000000,0,322
7350083718653463,thread,3,latency_writer,102,1700000000,6310000000,0,101491
7350083823171729,process,-1,process,90,28620000000,99630000000,7988,8
7350083823171729,thread,-1,producer,90,10000000,80000000,7988,8
7350083823171729,thread,-1,sampler,107,20000000,20000000,82,0
7350083823171729,thread,0,account_worker,103,2530000000,4750000000,0,1288789
7350083823171729,thread,0,trader_callback,91,1320000000,6980000000,1,46
7350083823171729,thread,0,trace_writer,92,1330000000,6940000000,1,13877
7350083823171729,thread,0,latency_writer,93,1390000000,6890000000,0,515
7350083823171729,thread,1,account_worker,104,2860000000,4690000000,0,858645
7350083823171729,thread,1,trader_callback,94,1420000000,6860000000,0,192
7350083823171729,thread,1,trace_writer,95,1340000000,6930000000,2,56
7350083823171729,thread,1,latency_writer,96,1390000000,6860000000,0,145
7350083823171729,thread,2,account_worker,105,3220000000,5030000000,0,144
7350083823171729,thread,2,trader_callback,97,1610000000,6660000000,0,87
7350083823171729,thread,2,trace_writer,98,1490000000,6770000000,2,48
7350083823171729,thread,2,latency_writer,99,1450000000,6740000000,0,101088
7350083823171729,thread,3,account_worker,106,2550000000,4390000000,0,1763920
7350083823171729,thread,3,trader_callback,100,1330000000,5880000000,0,1342885
7350083823171729,thread,3,trace_writer,101,1550000000,6700000000,0,322
7350083823171729,thread,3,latency_writer,102,1730000000,6380000000,0,101495
7350083923726046,process,-1,process,90,29040000000,100710000000,8088,8
7350083923726046,thread,-1,producer,90,10000000,80000000,8088,8
7350083923726046,thread,-1,sampler,107,20000000,20000000,83,0
7350083923726046,thread,0,account_worker,103,2590000000,4790000000,0,1288790
7350083923726046,thread,0,trader_callback,91,1340000000,7060000000,1,47
7350083923726046,thread,0,trace_writer,92,1340000000,6980000000,1,102518
7350083923726046,thread,0,latency_writer,93,1410000000,6970000000,0,516
7350083923726046,thread,1,account_worker,104,2900000000,4750000000,0,858688
7350083923726046,thread,1,trader_callback,94,1450000000,6940000000,0,204
7350083923726046,thread,1,trace_writer,95,1360000000,7010000000,2,56
7350083923726046,thread,1,latency_writer,96,1410000000,6930000000,0,145
7350083923726046,thread,2,account_worker,105,3270000000,5080000000,0,147
7350083923726046,thread,2,trader_callback,97,1630000000,6740000000,0,87
7350083923726046,thread,2,trace_writer,98,1510000000,6850000000,2,48
7350083923726046,thread,2,latency_writer,99,1460000000,6820000000,0,101088
7350083923726046,thread,3,account_worker,106,2590000000,4450000000,0,1763921
7350083923726046,thread,3,trader_callback,100,1340000000,5920000000,0,1431379
7350083923726046,thread,3,trace_writer,101,1580000000,6770000000,0,322
7350083923726046,thread,3,latency_writer,102,1760000000,6460000000,0,101500
7350084024283068,process,-1,process,90,29400000000,101770000000,8189,8
7350084024283068,thread,-1,producer,90,10000000,80000000,8189,8
7350084024283068,thread,-1,sampler,107,20000000,20000000,84,0
7350084024283068,thread,0,account_worker,103,2610000000,4870000000,0,1288796
7350084024283068,thread,0,trader_callback,91,1360000000,7140000000,1,48
7350084024283068,thread,0,trace_writer,92,1350000000,7030000000,1,192374
7350084024283068,thread,0,latency_writer,93,1430000000,7060000000,0,516
7350084024283068,thread,1,account_worker,104,2950000000,4800000000,0,859587
7350084024283068,thread,1,trader_callback,94,1470000000,7010000000,0,205
7350084024283068,thread,1,trace_writer,95,1380000000,7090000000,2,58
7350084024283068,thread,1,latency_writer,96,1430000000,7020000000,0,147
7350084024283068,thread,2,account_worker,105,3310000000,5140000000,1,147
7350084024283068,thread,2,trader_callback,97,1640000000,6830000000,0,88
7350084024283068,thread,2,trace_writer,98,1530000000,6890000000,2,85601
7350084024283068,thread,2,latency_writer,99,1480000000,6860000000,0,185742
7350084024283068,thread,3,account_worker,106,2630000000,4510000000,0,1763925
7350084024283068,thread,3,trader_callback,100,1340000000,5970000000,0,1521272
7350084024283068,thread,3,trace_writer,101,1600000000,6850000000,0,327
7350084024283068,thread,3,latency_writer,102,1780000000,6530000000,0,101501
7350084124801148,process,-1,process,90,29720000000,102850000000,8289,8
7350084124801148,thread,-1,producer,90,10000000,80000000,8289,8
7350084124801148,thread,-1,sampler,107,20000000,20000000,85,0
7350084124801148,thread,0,account_worker,103,2650000000,4930000000,0,1288796
7350084124801148,thread,0,trader_callback,91,1370000000,7230000000,1,48
7350084124801148,thread,0,trace_writer,92,1360000000,7070000000,1,281868
7350084124801148,thread,0,latency_writer,93,1440000000,7150000000,0,517
7350084124801148,thread,1,account_worker,104,2980000000,4870000000,0,859588
7350084124801148,thread,1,trader_callback,94,1490000000,7100000000,0,208
7350084124801148,thread,1,trace_writer,95,1390000000,7180000000,2,59
7350084124801148,thread,1,latency_writer,96,1450000000,7100000000,0,148
7350084124801148,thread,2,account_worker,105,3350000000,5190000000,1,151
7350084124801148,thread,2,trader_callback,97,1650000000,6920000000,0,89
7350084124801148,thread,2,trace_writer,98,1530000000,6930000000,2,174428
7350084124801148,thread,2,latency_writer,99,1490000000,6900000000,0,274568
7350084124801148,thread,3,account_worker,106,2670000000,4570000000,0,1763927
7350084124801148,thread,3,trader_callback,100,1350000000,6010000000,0,1610868
7350084124801148,thread,3,trace_writer,101,1610000000,6930000000,0,330
7350084124801148,thread,3,latency_writer,102,1820000000,6600000000,0,101502
7350084225284606,process,-1,process,90,30020000000,103960000000,8389,8
7350084225284606,thread,-1,producer,90,10000000,80000000,8389,8
7350084225284606,thread,-1,sampler,107,20000000,20000000,86,0
7350084225284606,thread,0,account_worker,103,2680000000,5000000000,0,1288796
7350084225284606,thread,0,trader_callback,91,1380000000,7320000000,1,49
7350084225284606,thread,0,trace_writer,92,1370000000,7110000000,1,370546
7350084225284606,thread,0,latency_writer,93,1450000000,7240000000,0,517
7350084225284606,thread,1,account_worker,104,3010000000,4940000000,0,859588
7350084225284606,thread,1,trader_callback,94,1510000000,7180000000,0,212
7350084225284606,thread,1,trace_writer,95,1410000000,7260000000,2,59
7350084225284606,thread,1,latency_writer,96,1470000000,7180000000,0,148
7350084225284606,thread,2,account_worker,105,3400000000,5250000000,1,152
7350084225284606,thread,2,trader_callback,97,1680000000,6990000000,0,89
7350084225284606,thread,2,trace_writer,98,1540000000,6980000000,2,262302
7350084225284606,thread,2,latency_writer,99,1490000000,6940000000,0,362445
7350084225284606,thread,3,account_worker,106,2700000000,4630000000,0,1763928
7350084225284606,thread,3,trader_callback,100,1350000000,6060000000,0,1699536
7350084225284606,thread,3,trace_writer,101,1630000000,7020000000,0,334
7350084225284606,thread,3,latency_writer,102,1830000000,6690000000,0,101503
7350084325759165,process,-1,process,90,30340000000,105040000000,8489,8
7350084325759165,thread,-1,producer,90,10000000,80000000,8489,8
7350084325759165,thread,-1,sampler,107,20000000,30000000,87,0
7350084325759165,thread,0,account_worker,103,2720000000,5060000000,0,1288796
7350084325759165,thread,0,trader_callback,91,1400000000,7400000000,1,49
7350084325759165,thread,0,trace_writer,92,1370000000,7160000000,1,460287
7350084325759165,thread,0,latency_writer,93,1480000000,7310000000,0,517
7350084325759165,thread,1,account_worker,104,3040000000,5010000000,0,859588
7350084325759165,thread,1,trader_callback,94,1520000000,7270000000,0,215
7350084325759165,thread,1,trace_writer,95,1440000000,7340000000,2,59
7350084325759165,thread,1,latency_writer,96,1480000000,7270000000,0,148
7350084325759165,thread,2,account_worker,105,3420000000,5330000000,1,155
7350084325759165,thread,2,trader_callback,97,1690000000,7080000000,0,89
7350084325759165,thread,2,trace_writer,98,1550000000,7010000000,2,350661
7350084325759165,thread,2,latency_writer,99,1500000000,6980000000,0,450803
7350084325759165,thread,3,account_worker,106,2730000000,4710000000,0,1763929
7350084325759165,thread,3,trader_callback,100,1370000000,6090000000,0,1789286
7350084325759165,thread,3,trace_writer,101,1670000000,7080000000,0,334
7350084325759165,thread,3,latency_writer,102,1850000000,6770000000,0,101503
7350084426248731,process,-1,process,90,30690000000,106100000000,8589,8
7350084426248731,thread,-1,producer,90,10000000,80000000,8589,8
7350084426248731,thread,-1,sampler,107,20000000,30000000,88,0
7350084426248731,thread,0,account_worker,103,2760000000,5120000000,0,1288796
7350084426248731,thread,0,trader_callback,91,1420000000,7480000000,1,49
7350084426248731,thread,0,trace_writer,92,1380000000,7200000000,1,549906
7350084426248731,thread,0,latency_writer,93,1490000000,7400000000,0,517
7350084426248731,thread,1,account_worker,104,3070000000,5080000000,0,859588
7350084426248731,thread,1,trader_callback,94,1540000000,7350000000,0,218
7350084426248731,thread,1,trace_writer,95,1470000000,7410000000,2,60
7350084426248731,thread,1,latency_writer,96,1500000000,7350000000,0,148
7350084426248731,thread,2,account_worker,105,3460000000,5390000000,1,158
7350084426248731,thread,2,trader_callback,97,1720000000,7150000000,0,89
7350084426248731,thread,2,trace_writer,98,1550000000,7060000000,2,440529
7350084426248731,thread,2,latency_writer,99,1510000000,7020000000,0,540670
7350084426248731,thread,3,account_worker,106,2770000000,4770000000,0,1763930
7350084426248731,thread,3,trader_callback,100,1380000000,6130000000,0,1878910
7350084426248731,thread,3,trace_writer,101,1690000000,7160000000,0,334
7350084426248731,thread,3,latency_writer,102,1860000000,6850000000,0,101510
7350084526720874,process,-1,process,90,31000000000,107190000000,8690,8
7350084526720874,thread,-1,producer,90,10000000,80000000,8690,8
7350084526720874,thread,-1,sampler,107,20000000,30000000,89,0
7350084526720874,thread,0,account_worker,103,2790000000,5190000000,0,1288796
7350084526720874,thread,0,trader_callback,91,1430000000,7570000000,1,49
7350084526720874,thread,0,trace_writer,92,1390000000,7240000000,1,638115
7350084526720874,thread,0,latency_writer,93,1520000000,7460000000,0,517
7350084526720874,thread,1,account_worker,104,3120000000,5140000000,0,859589
7350084526720874,thread,1,trader_callback,94,1560000000,7430000000,0,218
7350084526720874,thread,1,trace_writer,95,1490000000,7490000000,2,61
7350084526720874,thread,1,latency_writer,96,1530000000,7420000000,0,148
7350084526720874,thread,2,account_worker,105,3490000000,5460000000,1,158
7350084526720874,thread,2,trader_callback,97,1740000000,7230000000,0,90
7350084526720874,thread,2,trace_writer,98,1570000000,7100000000,2,527933
7350084526720874,thread,2,latency_writer,99,1530000000,7060000000,0,628072
7350084526720874,thread,3,account_worker,106,2790000000,4850000000,0,1763932
7350084526720874,thread,3,trader_callback,100,1380000000,6170000000,0,1967110
7350084526720874,thread,3,trace_writer,101,1690000000,7250000000,0,340
7350084526720874,thread,3,latency_writer,102,1870000000,6940000000,0,101517
7350084627181952,process,-1,process,90,31360000000,108240000000,8790,8
7350084627181952,thread,-1,producer,90,10000000,80000000,8790,8
7350084627181952,thread,-1,sampler,107,20000000,30000000,90,0
7350084627181952,thread,0,account_worker,103,2820000000,5260000000,0,1288800
7350084627181952,thread,0,trader_callback,91,1460000000,7640000000,1,49
7350084627181952,thread,0,trace_writer,92,1390000000,7280000000,1,724755
7350084627181952,thread,0,latency_writer,93,1550000000,7540000000,0,517
7350084627181952,thread,1,account_worker,104,3160000000,5190000000,0,859589
7350084627181952,thread,1,trader_callback,94,1570000000,7520000000,0,221
7350084627181952,thread,1,trace_writer,95,1510000000,7570000000,2,61
7350084627181952,thread,1,latency_writer,96,1550000000,7500000000,0,148
7350084627181952,thread,2,account_worker,105,3510000000,5540000000,1,161
7350084627181952,thread,2,trader_callback,97,1750000000,7320000000,0,90
7350084627181952,thread,2,trace_writer,98,1580000000,7130000000,2,614172
7350084627181952,thread,2,latency_writer,99,1540000000,7090000000,0,714313
7350084627181952,thread,3,account_worker,106,2830000000,4910000000,0,1763933
7350084627181952,thread,3,trader_callback,100,1400000000,6210000000,0,2053635
7350084627181952,thread,3,trace_writer,101,1720000000,7340000000,0,340
7350084627181952,thread,3,latency_writer,102,1890000000,7020000000,0,101522
7350084727652254,process,-1,process,90,31670000000,109340000000,8891,8
7350084727652254,thread,-1,producer,90,10000000,80000000,8891,8
7350084727652254,thread,-1,sampler,107,20000000,30000000,91,0
7350084727652254,thread,0,account_worker,103,2870000000,5310000000,0,1288803
7350084727652254,thread,0,trader_callback,91,1470000000,7730000000,1,49
7350084727652254,thread,0,trace_writer,92,1400000000,7330000000,1,809970
7350084727652254,thread,0,latency_writer,93,1570000000,7620000000,0,520
7350084727652254,thread,1,account_worker,104,3180000000,5270000000,0,859589
7350084727652254,thread,1,trader_callback,94,1580000000,7610000000,0,230
7350084727652254,thread,1,trace_writer,95,1520000000,7660000000,2,61
7350084727652254,thread,1,latency_writer,96,1570000000,7580000000,0,148
7350084727652254,thread,2,account_worker,105,3550000000,5600000000,1,164
7350084727652254,thread,2,trader_callback,97,1780000000,7390000000,0,90
7350084727652254,thread,2,trace_writer,98,1590000000,7180000000,2,698677
7350084727652254,thread,2,latency_writer,99,1550000000,7140000000,0,798817
7350084727652254,thread,3,account_worker,106,2860000000,4980000000,0,1763934
7350084727652254,thread,3,trader_callback,100,1410000000,6250000000,0,2138982
7350084727652254,thread,3,trace_writer,101,1740000000,7410000000,0,340
7350084727652254,thread,3,latency_writer,102,1910000000,7100000000,0,101523
7350084828150022,process,-1,process,90,32000000000,110410000000,8991,8
7350084828150022,thread,-1,producer,90,10000000,80000000,8991,8
7350084828150022,thread,-1,sampler,107,20000000,30000000,92,0
7350084828150022,thread,0,account_worker,103,2900000000,5380000000,0,1288803
7350084828150022,thread,0,trader_callback,91,1510000000,7790000000,1,50
7350084828150022,thread,0,trace_writer,92,1400000000,7380000000,1,895601
7350084828150022,thread,0,latency_writer,93,1570000000,7710000000,0,528
7350084828150022,thread,1,account_worker,104,3230000000,5330000000,0,859589
7350084828150022,thread,1,trader_callback,94,1590000000,7690000000,0,233
7350084828150022,thread,1,trace_writer,95,1530000000,7740000000,2,62
7350084828150022,thread,1,latency_writer,96,1590000000,7660000000,0,148
7350084828150022,thread,2,account_worker,105,3600000000,5650000000,1,165
7350084828150022,thread,2,trader_callback,97,1800000000,7480000000,0,91
7350084828150022,thread,2,trace_writer,98,1600000000,7220000000,2,781879
7350084828150022,thread,2,latency_writer,99,1550000000,7180000000,0,882020
7350084828150022,thread,3,account_worker,106,2910000000,5030000000,0,1763935
7350084828150022,thread,3,trader_callback,100,1420000000,6290000000,0,2224619
7350084828150022,thread,3,trace_writer,101,1750000000,7500000000,0,346
7350084828150022,thread,3,latency_writer,102,1930000000,7180000000,0,101523
7350084928674160,process,-1,process,90,32340000000,111480000000,9092,8
7350084928674160,thread,-1,producer,90,10000000,80000000,9092,8
7350084928674160,thread,-1,sampler,107,20000000,30000000,93,0
7350084928674160,thread,0,account_worker,103,2940000000,5440000000,0,1288806
7350084928674160,thread,0,trader_callback,91,1540000000,7860000000,1,50
7350084928674160,thread,0,trace_writer,92,1410000000,7420000000,1,984168
7350084928674160,thread,0,latency_writer,93,1580000000,7810000000,0,534
7350084928674160,thread,1,account_worker,104,3260000000,5390000000,0,859589
7350084928674160,thread,1,trader_callback,94,1600000000,7790000000,0,245
7350084928674160,thread,1,trace_writer,95,1550000000,7820000000,2,62
7350084928674160,thread,1,latency_writer,96,1610000000,7740000000,0,148
7350084928674160,thread,2,account_worker,105,3630000000,5720000000,1,168
7350084928674160,thread,2,trader_callback,97,1830000000,7540000000,0,92
7350084928674160,thread,2,trace_writer,98,1610000000,7250000000,2,870109
7350084928674160,thread,2,latency_writer,99,1560000000,7230000000,0,970250
7350084928674160,thread,3,account_worker,106,2940000000,5100000000,0,1763937
7350084928674160,thread,3,trader_callback,100,1430000000,6330000000,0,2313175
7350084928674160,thread,3,trace_writer,101,1760000000,7590000000,0,346
7350084928674160,thread,3,latency_writer,102,1960000000,7260000000,0,101523
7350085029146111,process,-1,process,90,32690000000,112530000000,9192,8
7350085029146111,thread,-1,producer,90,10000000,80000000,9192,8
7350085029146111,thread,-1,sampler,107,20000000,30000000,94,0
7350085029146111,thread,0,account_worker,103,2980000000,5500000000,0,1288807
7350085029146111,thread,0,trader_callback,91,1560000000,7940000000,1,51
7350085029146111,thread,0,trace_writer,92,1410000000,7470000000,1,1069627
7350085029146111,thread,0,latency_writer,93,1590000000,7890000000,0,537
7350085029146111,thread,1,account_worker,104,3300000000,5460000000,0,859589
7350085029146111,thread,1,trader_callback,94,1630000000,7860000000,0,249
7350085029146111,thread,1,trace_writer,95,1570000000,7910000000,2,62
7350085029146111,thread,1,latency_writer,96,1640000000,7810000000,0,148
7350085029146111,thread,2,account_worker,105,3670000000,5780000000,1,168
7350085029146111,thread,2,trader_callback,97,1850000000,7620000000,0,93
7350085029146111,thread,2,trace_writer,98,1620000000,7300000000,2,954806
7350085029146111,thread,2,latency_writer,99,1570000000,7270000000,0,1054948
7350085029146111,thread,3,account_worker,106,2990000000,5150000000,0,1763938
7350085029146111,thread,3,trader_callback,100,1450000000,6360000000,0,2398636
7350085029146111,thread,3,trace_writer,101,1780000000,7670000000,0,353
7350085029146111,thread,3,latency_writer,102,1980000000,7340000000,0,101524
7350085129620113,process,-1,process,90,33010000000,113620000000,9293,8
7350085129620113,thread,-1,producer,90,10000000,80000000,9293,8
7350085129620113,thread,-1,sampler,107,20000000,30000000,95,0
7350085129620113,thread,0,account_worker,103,3010000000,5580000000,0,1288807
7350085129620113,thread,0,trader_callback,91,1570000000,8030000000,1,51
7350085129620113,thread,0,trace_writer,92,1420000000,7510000000,1,1158295
7350085129620113,thread,0,latency_writer,93,1620000000,7970000000,0,544
7350085129620113,thread,1,account_worker,104,3350000000,5510000000,0,859590
7350085129620113,thread,1,trader_callback,94,1650000000,7940000000,0,252
7350085129620113,thread,1,trace_writer,95,1590000000,7990000000,2,63
7350085129620113,thread,1,latency_writer,96,1650000000,7910000000,0,149
7350085129620113,thread,2,account_worker,105,3700000000,5850000000,1,172
7350085129620113,thread,2,trader_callback,97,1870000000,7710000000,0,94
7350085129620113,thread,2,trace_writer,98,1630000000,7340000000,2,1043352
7350085129620113,thread,2,latency_writer,99,1570000000,7310000000,0,1143493
7350085129620113,thread,3,account_worker,106,3030000000,5210000000,0,1763943
7350085129620113,thread,3,trader_callback,100,1460000000,6400000000,0,2487295
7350085129620113,thread,3,trace_writer,101,1790000000,7760000000,0,365
7350085129620113,thread,3,latency_writer,102,2000000000,7420000000,0,101528
7350085230065904,process,-1,process,90,33300000000,114740000000,9393,8
7350085230065904,thread,-1,producer,90,10000000,80000000,9393,8
7350085230065904,thread,-1,sampler,107,20000000,30000000,96,0
7350085230065904,thread,0,account_worker,103,3050000000,5640000000,0,1288807
7350085230065904,thread,0,trader_callback,91,1590000000,8110000000,1,51
7350085230065904,thread,0,trace_writer,92,1420000000,7560000000,1,1245691
7350085230065904,thread,0,latency_writer,93,1620000000,8070000000,0,548
7350085230065904,thread,1,account_worker,104,3370000000,5590000000,0,859590
7350085230065904,thread,1,trader_callback,94,1660000000,8030000000,0,258
7350085230065904,thread,1,trace_writer,95,1610000000,8070000000,2,63
7350085230065904,thread,1,latency_writer,96,1660000000,7990000000,0,149
7350085230065904,thread,2,account_worker,105,3750000000,5900000000,1,172
7350085230065904,thread,2,trader_callback,97,1870000000,7800000000,0,95
7350085230065904,thread,2,trace_writer,98,1640000000,7380000000,2,1130084
7350085230065904,thread,2,latency_writer,99,1580000000,7350000000,0,1230225
7350085230065904,thread,3,account_worker,106,3060000000,5280000000,0,1763944
7350085230065904,thread,3,trader_callback,100,1470000000,6440000000,0,2574670
7350085230065904,thread,3,trace_writer,101,1810000000,7840000000,0,365
7350085230065904,thread,3,latency_writer,102,2020000000,7500000000,0,101530
7350085330521184,process,-1,process,90,33700000000,115740000000,9494,8
7350085330521184,thread,-1,producer,90,10000000,80000000,9494,8
7350085330521184,thread,-1,sampler,107,20000000,30000000,97,0
7350085330521184,thread,0,account_worker,103,3090000000,5690000000,0,1288810
7350085330521184,thread,0,trader_callback,91,1610000000,8190000000,1,51
7350085330521184,thread,0,trace_writer,92,1430000000,7590000000,1,1332035
7350085330521184,thread,0,latency_writer,93,1630000000,8160000000,0,552
7350085330521184,thread,1,account_worker,104,3410000000,5640000000,0,859590
7350085330521184,thread,1,trader_callback,94,1690000000,8100000000,0,258
7350085330521184,thread,1,trace_writer,95,1620000000,8160000000,2,63
7350085330521184,thread,1,latency_writer,96,1680000000,8070000000,0,149
7350085330521184,thread,2,account_worker,105,3790000000,5960000000,1,175
7350085330521184,thread,2,trader_callback,97,1900000000,7880000000,0,96
7350085330521184,thread,2,trace_writer,98,1640000000,7420000000,2,1214500
7350085330521184,thread,2,latency_writer,99,1590000000,7390000000,0,1314642
7350085330521184,thread,3,account_worker,106,3110000000,5330000000,0,1763946
7350085330521184,thread,3,trader_callback,100,1480000000,6490000000,0,2661048
7350085330521184,thread,3,trace_writer,101,1840000000,7910000000,0,368
7350085330521184,thread,3,latency_writer,102,2060000000,7560000000,0,101531
7350085431038793,process,-1,process,90,34060000000,116800000000,9594,8
7350085431038793,thread,-1,producer,90,10000000,80000000,9594,8
7350085431038793,thread,-1,sampler,107,20000000,30000000,98,0
7350085431038793,thread,0,account_worker,103,3130000000,5750000000,0,1288810
7350085431038793,thread,0,trader_callback,91,1620000000,8280000000,1,51
7350085431038793,thread,0,trace_writer,92,1450000000,7630000000,1,1418527
7350085431038793,thread,0,latency_writer,93,1660000000,8240000000,0,564
7350085431038793,thread,1,account_worker,104,3450000000,5710000000,0,859590
7350085431038793,thread,1,trader_callback,94,1710000000,8180000000,0,258
7350085431038793,thread,1,trace_writer,95,1640000000,8240000000,2,63
7350085431038793,thread,1,latency_writer,96,1700000000,8160000000,0,149
7350085431038793,thread,2,account_worker,105,3830000000,6020000000,1,181
7350085431038793,thread,2,trader_callback,97,1910000000,7960000000,0,97
7350085431038793,thread,2,trace_writer,98,1650000000,7480000000,2,1283776
7350085431038793,thread,2,latency_writer,99,1600000000,7440000000,0,1383900
7350085431038793,thread,3,account_worker,106,3160000000,5380000000,0,1763948
7350085431038793,thread,3,trader_callback,100,1490000000,6520000000,0,2747551
7350085431038793,thread,3,trace_writer,101,1860000000,8000000000,0,368
7350085431038793,thread,3,latency_writer,102,2090000000,7630000000,0,101531
7350085531575896,process,-1,process,90,34400000000,117980000000,9695,8
7350085531575896,thread,-1,producer,90,10000000,80000000,9695,8
7350085531575896,thread,-1,sampler,107,20000000,30000000,99,0
7350085531575896,thread,0,account_worker,103,3160000000,5830000000,0,1288810
7350085531575896,thread,0,trader_callback,91,1640000000,8360000000,1,51
7350085531575896,thread,0,trace_writer,92,1460000000,7670000000,1,1507236
7350085531575896,thread,0,latency_writer,93,1670000000,8320000000,0,570
7350085531575896,thread,1,account_worker,104,3480000000,5780000000,0,859590
7350085531575896,thread,1,trader_callback,94,1740000000,8260000000,0,262
7350085531575896,thread,1,trace_writer,95,1650000000,8330000000,2,63
7350085531575896,thread,1,latency_writer,96,1730000000,8230000000,0,149
7350085531575896,thread,2,account_worker,105,3860000000,6090000000,1,183
7350085531575896,thread,2,trader_callback,97,1940000000,8040000000,0,97
7350085531575896,thread,2,trace_writer,98,1660000000,7560000000,2,1283876
7350085531575896,thread,2,latency_writer,99,1610000000,7530000000,0,1383905
7350085531575896,thread,3,account_worker,106,3210000000,5430000000,0,1763949
7350085531575896,thread,3,trader_callback,100,1490000000,6570000000,0,2836256
7350085531575896,thread,3,trace_writer,101,1880000000,8080000000,0,374
7350085531575896,thread,3,latency_writer,102,2110000000,7710000000,0,101531
7350085632097716,process,-1,process,90,34740000000,119140000000,9795,8
7350085632097716,thread,-1,producer,90,10000000,80000000,9795,8
7350085632097716,thread,-1,sampler,107,20000000,30000000,100,0
7350085632097716,thread,0,account_worker,103,3200000000,5880000000,0,1288810
7350085632097716,thread,0,trader_callback,91,1660000000,8450000000,1,51
7350085632097716,thread,0,trace_writer,92,1460000000,7720000000,1,1595322
7350085632097716,thread,0,latency_writer,93,1690000000,8400000000,0,579
7350085632097716,thread,1,account_worker,104,3520000000,5840000000,0,859590
7350085632097716,thread,1,trader_callback,94,1770000000,8320000000,0,269
7350085632097716,thread,1,trace_writer,95,1660000000,8420000000,2,63
7350085632097716,thread,1,latency_writer,96,1750000000,8310000000,0,149
7350085632097716,thread,2,account_worker,105,3890000000,6160000000,1,186
7350085632097716,thread,2,trader_callback,97,1960000000,8120000000,0,98
7350085632097716,thread,2,trace_writer,98,1690000000,7640000000,2,1283977
7350085632097716,thread,2,latency_writer,99,1620000000,7620000000,0,1383913
7350085632097716,thread,3,account_worker,106,3250000000,5490000000,0,1763950
7350085632097716,thread,3,trader_callback,100,1500000000,6610000000,0,2924333
7350085632097716,thread,3,trace_writer,101,1880000000,8180000000,0,381
7350085632097716,thread,3,latency_writer,102,2120000000,7800000000,0,101535
7350085732622561,process,-1,process,90,35040000000,120210000000,9896,8
7350085732622561,thread,-1,producer,90,10000000,90000000,9896,8
7350085732622561,thread,-1,sampler,107,20000000,30000000,101,0
7350085732622561,thread,0,account_worker,103,3240000000,5940000000,0,1288810
7350085732622561,thread,0,trader_callback,91,1690000000,8520000000,1,52
7350085732622561,thread,0,trace_writer,92,1460000000,7760000000,1,1664160
7350085732622561,thread,0,latency_writer,93,1700000000,8490000000,0,583
7350085732622561,thread,1,account_worker,104,3570000000,5890000000,0,859590
7350085732622561,thread,1,trader_callback,94,1780000000,8410000000,0,272
7350085732622561,thread,1,trace_writer,95,1670000000,8510000000,2,64
7350085732622561,thread,1,latency_writer,96,1760000000,8370000000,0,25195
7350085732622561,thread,2,account_worker,105,3930000000,6220000000,1,186
7350085732622561,thread,2,trader_callback,97,1970000000,8200000000,0,98
7350085732622561,thread,2,trace_writer,98,1700000000,7700000000,2,1311922
7350085732622561,thread,2,latency_writer,99,1630000000,7680000000,0,1408393
7350085732622561,thread,3,account_worker,106,3280000000,5530000000,0,1779879
7350085732622561,thread,3,trader_callback,100,1510000000,6640000000,0,3000220
7350085732622561,thread,3,trace_writer,101,1890000000,8270000000,0,381
7350085732622561,thread,3,latency_writer,102,2130000000,7890000000,0,101541
7350085833198016,process,-1,process,90,35280000000,121180000000,9996,8
7350085833198016,thread,-1,producer,90,10000000,90000000,9996,8
7350085833198016,thread,-1,sampler,107,20000000,30000000,102,0
7350085833198016,thread,0,account_worker,103,3290000000,6000000000,0,1288813
7350085833198016,thread,0,trader_callback,91,1710000000,8600000000,1,52
7350085833198016,thread,0,trace_writer,92,1460000000,7790000000,1,1719975
7350085833198016,thread,0,latency_writer,93,1700000000,8590000000,0,593
7350085833198016,thread,1,account_worker,104,3590000000,5970000000,0,859590
7350085833198016,thread,1,trader_callback,94,1800000000,8490000000,0,275
7350085833198016,thread,1,trace_writer,95,1670000000,8610000000,2,65
7350085833198016,thread,1,latency_writer,96,1760000000,8400000000,0,79034
7350085833198016,thread,2,account_worker,105,3970000000,6280000000,1,190
7350085833198016,thread,2,trader_callback,97,1980000000,8300000000,0,98
7350085833198016,thread,2,trace_writer,98,1700000000,7720000000,2,1367931
7350085833198016,thread,2,latency_writer,99,1640000000,7710000000,0,1462570
7350085833198016,thread,3,account_worker,106,3290000000,5550000000,0,1820633
7350085833198016,thread,3,trader_callback,100,1520000000,6670000000,0,3055771
7350085833198016,thread,3,trace_writer,101,1900000000,8350000000,0,387
7350085833198016,thread,3,latency_writer,102,2160000000,7960000000,0,101543
7350085933752617,process,-1,process,90,35590000000,122070000000,10097,8
7350085933752617,thread,-1,producer,90,10000000,90000000,10097,8
7350085933752617,thread,-1,sampler,107,20000000,30000000,103,0
7350085933752617,thread,0,account_worker,103,3340000000,6050000000,0,1288813
7350085933752617,thread,0,trader_callback,91,1740000000,8660000000,1,52
7350085933752617,thread,0,trace_writer,92,1460000000,7820000000,1,1775387
7350085933752617,thread,0,latency_writer,93,1720000000,8680000000,0,602
7350085933752617,thread,1,account_worker,104,3640000000,6020000000,0,859590
7350085933752617,thread,1,trader_callback,94,1820000000,8570000000,0,276
7350085933752617,thread,1,trace_writer,95,1690000000,8690000000,2,67
7350085933752617,thread,1,latency_writer,96,1770000000,8430000000,0,132987
7350085933752617,thread,2,account_worker,105,4010000000,6340000000,1,193
7350085933752617,thread,2,trader_callback,97,1990000000,8380000000,0,98
7350085933752617,thread,2,trace_writer,98,1720000000,7750000000,2,1423437
7350085933752617,thread,2,latency_writer,99,1640000000,7730000000,0,1516832
7350085933752617,thread,3,account_worker,106,3290000000,5580000000,0,1862091
7350085933752617,thread,3,trader_callback,100,1530000000,6690000000,0,3110763
7350085933752617,thread,3,trace_writer,101,1920000000,8430000000,0,387
7350085933752617,thread,3,latency_writer,102,2170000000,8050000000,0,101544
7350086034276606,process,-1,process,90,35880000000,122990000000,10197,8
7350086034276606,thread,-1,producer,90,10000000,90000000,10198,8
7350086034276606,thread,-1,sampler,107,20000000,30000000,104,0
7350086034276606,thread,0,account_worker,103,3380000000,6110000000,0,1288814
7350086034276606,thread,0,trader_callback,91,1770000000,8740000000,1,52
7350086034276606,thread,0,trace_writer,92,1470000000,7850000000,1,1831593
7350086034276606,thread,0,latency_writer,93,1730000000,8760000000,0,606
7350086034276606,thread,1,account_worker,104,3650000000,6110000000,0,859590
7350086034276606,thread,1,trader_callback,94,1850000000,8640000000,0,282
7350086034276606,thread,1,trace_writer,95,1700000000,8780000000,2,67
7350086034276606,thread,1,latency_writer,96,1780000000,8450000000,0,187527
7350086034276606,thread,2,account_worker,105,4050000000,6400000000,1,193
7350086034276606,thread,2,trader_callback,97,2030000000,8450000000,0,99
7350086034276606,thread,2,trace_writer,98,1720000000,7770000000,2,1479735
7350086034276606,thread,2,latency_writer,99,1640000000,7770000000,0,1571407
7350086034276606,thread,3,account_worker,106,3300000000,5610000000,0,1903250
7350086034276606,thread,3,trader_callback,100,1540000000,6710000000,0,3166603
7350086034276606,thread,3,trace_writer,101,1940000000,8510000000,0,391
7350086034276606,thread,3,latency_writer,102,2200000000,8120000000,0,101547
7350086134816985,process,-1,process,90,36160000000,123920000000,10298,8
7350086134816985,thread,-1,producer,90,10000000,90000000,10298,8
7350086134816985,thread,-1,sampler,107,20000000,30000000,105,0
7350086134816985,thread,0,account_worker,103,3420000000,6170000000,0,1288817
7350086134816985,thread,0,trader_callback,91,1780000000,8830000000,1,52
7350086134816985,thread,0,trace_writer,92,1480000000,7870000000,1,1886713
7350086134816985,thread,0,latency_writer,93,1760000000,8840000000,0,618
7350086134816985,thread,1,account_worker,104,3700000000,6160000000,0,859591
7350086134816985,thread,1,trader_callback,94,1870000000,8720000000,0,285
7350086134816985,thread,1,trace_writer,95,1720000000,8860000000,2,68
7350086134816985,thread,1,latency_writer,96,1790000000,8470000000,0,241150
7350086134816985,thread,2,account_worker,105,4090000000,6470000000,1,197
7350086134816985,thread,2,trader_callback,97,2030000000,8550000000,0,100
7350086134816985,thread,2,trace_writer,98,1730000000,7800000000,2,1534839
7350086134816985,thread,2,latency_writer,99,1650000000,7800000000,0,1625317
7350086134816985,thread,3,account_worker,106,3300000000,5640000000,0,1943843
7350086134816985,thread,3,trader_callback,100,1550000000,6740000000,0,3221465
7350086134816985,thread,3,trace_writer,101,1950000000,8600000000,0,391
7350086134816985,thread,3,latency_writer,102,2220000000,8200000000,0,101548
7350086235338899,process,-1,process,90,36440000000,124840000000,10399,8
7350086235338899,thread,-1,producer,90,10000000,90000000,10399,8
7350086235338899,thread,-1,sampler,107,20000000,30000000,106,0
7350086235338899,thread,0,account_worker,103,3460000000,6230000000,0,1288817
7350086235338899,thread,0,trader_callback,91,1810000000,8900000000,1,53
7350086235338899,thread,0,trace_writer,92,1490000000,7900000000,1,1943849
7350086235338899,thread,0,latency_writer,93,1780000000,8920000000,0,621
7350086235338899,thread,1,account_worker,104,3720000000,6240000000,0,859591
7350086235338899,thread,1,trader_callback,94,1910000000,8790000000,0,289
7350086235338899,thread,1,trace_writer,95,1730000000,8950000000,2,69
7350086235338899,thread,1,latency_writer,96,1790000000,8500000000,0,296736
7350086235338899,thread,2,account_worker,105,4120000000,6540000000,1,197
7350086235338899,thread,2,trader_callback,97,2060000000,8620000000,0,100
7350086235338899,thread,2,trace_writer,98,1730000000,7830000000,2,1591874
7350086235338899,thread,2,latency_writer,99,1650000000,7830000000,0,1681065
7350086235338899,thread,3,account_worker,106,3320000000,5650000000,0,1985927
7350086235338899,thread,3,trader_callback,100,1560000000,6770000000,0,3278345
7350086235338899,thread,3,trace_writer,101,1970000000,8690000000,0,394
7350086235338899,thread,3,latency_writer,102,2230000000,8290000000,0,101548
7350086335860069,process,-1,process,90,36780000000,125710000000,10499,8
7350086335860069,thread,-1,producer,90,10000000,90000000,10499,8
7350086335860069,thread,-1,sampler,107,20000000,30000000,107,0
7350086335860069,thread,0,account_worker,103,3520000000,6270000000,0,1288817
7350086335860069,thread,0,trader_callback,91,1830000000,8970000000,1,53
7350086335860069,thread,0,trace_writer,92,1490000000,7930000000,1,2001843
7350086335860069,thread,0,latency_writer,93,1790000000,9010000000,0,624
7350086335860069,thread,1,account_worker,104,3780000000,6290000000,0,859591
7350086335860069,thread,1,trader_callback,94,1930000000,8870000000,0,292
7350086335860069,thread,1,trace_writer,95,1750000000,9030000000,2,69
7350086335860069,thread,1,latency_writer,96,1800000000,8520000000,0,352684
7350086335860069,thread,2,account_worker,105,4150000000,6600000000,1,199
7350086335860069,thread,2,trader_callback,97,2090000000,8700000000,0,100
7350086335860069,thread,2,trace_writer,98,1730000000,7860000000,2,1649874
7350086335860069,thread,2,latency_writer,99,1660000000,7850000000,0,1737111
7350086335860069,thread,3,account_worker,106,3330000000,5680000000,0,2027939
7350086335860069,thread,3,trader_callback,100,1560000000,6800000000,0,3336002
7350086335860069,thread,3,trace_writer,101,1990000000,8770000000,0,397
7350086335860069,thread,3,latency_writer,102,2260000000,8370000000,0,101549
7350086436388131,process,-1,process,90,37050000000,126650000000,10600,8
7350086436388131,thread,-1,producer,90,10000000,90000000,10600,8
7350086436388131,thread,-1,sampler,107,20000000,30000000,108,0
7350086436388131,thread,0,account_worker,103,3580000000,6320000000,0,1288817
7350086436388131,thread,0,trader_callback,91,1850000000,9060000000,1,53
7350086436388131,thread,0,trace_writer,92,1500000000,7960000000,1,2058020
7350086436388131,thread,0,latency_writer,93,1790000000,9100000000,0,630
7350086436388131,thread,1,account_worker,104,3810000000,6350000000,0,859591
7350086436388131,thread,1,trader_callback,94,1940000000,8960000000,0,295
7350086436388131,thread,1,trace_writer,95,1780000000,9100000000,2,70
7350086436388131,thread,1,latency_writer,96,1800000000,8550000000,0,408770
7350086436388131,thread,2,account_worker,105,4200000000,6660000000,1,202
7350086436388131,thread,2,trader_callback,97,2100000000,8780000000,0,100
7350086436388131,thread,2,trace_writer,98,1740000000,7890000000,2,1706131
7350086436388131,thread,2,latency_writer,99,1670000000,7880000000,0,1793146
7350086436388131,thread,3,account_worker,106,3340000000,5700000000,0,2070430
7350086436388131,thread,3,trader_callback,100,1560000000,6830000000,0,3391885
7350086436388131,thread,3,trace_writer,101,2000000000,8860000000,0,397
7350086436388131,thread,3,latency_writer,102,2280000000,8440000000,0,101551
7350086536898592,process,-1,process,90,37360000000,127540000000,10700,8
7350086536898592,thread,-1,producer,90,10000000,90000000,10700,8
7350086536898592,thread,-1,sampler,107,20000000,30000000,109,0
7350086536898592,thread,0,account_worker,103,3610000000,6380000000,0,1288820
7350086536898592,thread,0,trader_callback,91,1860000000,9150000000,1,53
7350086536898592,thread,0,trace_writer,92,1500000000,7990000000,1,2116489
7350086536898592,thread,0,latency_writer,93,1830000000,9170000000,0,633
7350086536898592,thread,1,account_worker,104,3840000000,6420000000,0,859592
7350086536898592,thread,1,trader_callback,94,1950000000,9050000000,0,295
7350086536898592,thread,1,trace_writer,95,1800000000,9180000000,2,71
7350086536898592,thread,1,latency_writer,96,1820000000,8580000000,0,466146
7350086536898592,thread,2,account_worker,105,4230000000,6730000000,1,202
7350086536898592,thread,2,trader_callback,97,2130000000,8850000000,0,101
7350086536898592,thread,2,trace_writer,98,1740000000,7920000000,2,1764533
7350086536898592,thread,2,latency_writer,99,1680000000,7890000000,0,1850584
7350086536898592,thread,3,account_worker,106,3350000000,5730000000,0,2113874
7350086536898592,thread,3,trader_callback,100,1560000000,6860000000,0,3449912
7350086536898592,thread,3,trace_writer,101,2030000000,8930000000,0,400
7350086536898592,thread,3,latency_writer,102,2310000000,8510000000,0,101553
7350086637412558,process,-1,process,90,37610000000,128530000000,10800,9
7350086637412558,thread,-1,producer,90,10000000,90000000,10800,9
7350086637412558,thread,-1,sampler,107,20000000,30000000,110,0
7350086637412558,thread,0,account_worker,103,3640000000,6450000000,0,1288820
7350086637412558,thread,0,trader_callback,91,1870000000,9240000000,1,53
7350086637412558,thread,0,trace_writer,92,1500000000,8020000000,1,2171797
7350086637412558,thread,0,latency_writer,93,1850000000,9250000000,0,645
7350086637412558,thread,1,account_worker,104,3880000000,6490000000,0,859592
7350086637412558,thread,1,trader_callback,94,1970000000,9130000000,0,295
7350086637412558,thread,1,trace_writer,95,1810000000,9280000000,2,71
7350086637412558,thread,1,latency_writer,96,1820000000,8610000000,0,526701
7350086637412558,thread,2,account_worker,105,4260000000,6800000000,1,206
7350086637412558,thread,2,trader_callback,97,2160000000,8920000000,0,101
7350086637412558,thread,2,trace_writer,98,1740000000,7950000000,2,1819778
7350086637412558,thread,2,latency_writer,99,1700000000,7930000000,0,1888144
7350086637412558,thread,3,account_worker,106,3360000000,5750000000,0,2165555
7350086637412558,thread,3,trader_callback,100,1570000000,6890000000,0,3504793
7350086637412558,thread,3,trace_writer,101,2050000000,9010000000,0,400
7350086637412558,thread,3,latency_writer,102,2320000000,8600000000,0,101555
7350086737949696,process,-1,process,90,37920000000,129520000000,10900,9
7350086737949696,thread,-1,producer,90,10000000,90000000,10900,9
7350086737949696,thread,-1,sampler,107,20000000,30000000,111,0
7350086737949696,thread,0,account_worker,103,3660000000,6540000000,0,1288820
7350086737949696,thread,0,trader_callback,91,1900000000,9310000000,1,53
7350086737949696,thread,0,trace_writer,92,1520000000,8040000000,1,2227691
7350086737949696,thread,0,latency_writer,93,1870000000,9330000000,0,645
7350086737949696,thread,1,account_worker,104,3920000000,6550000000,0,859592
7350086737949696,thread,1,trader_callback,94,1990000000,9210000000,0,302
7350086737949696,thread,1,trace_writer,95,1820000000,9360000000,2,72
7350086737949696,thread,1,latency_writer,96,1830000000,8650000000,0,599685
7350086737949696,thread,2,account_worker,105,4310000000,6850000000,1,206
7350086737949696,thread,2,trader_callback,97,2170000000,9010000000,0,102
7350086737949696,thread,2,trace_writer,98,1740000000,7990000000,2,1875574
7350086737949696,thread,2,latency_writer,99,1710000000,8000000000,0,1918202
7350086737949696,thread,3,account_worker,106,3380000000,5790000000,0,2208480
7350086737949696,thread,3,trader_callback,100,1570000000,6920000000,0,3560309
7350086737949696,thread,3,trace_writer,101,2070000000,9090000000,0,403
7350086737949696,thread,3,latency_writer,102,2340000000,8680000000,0,101556
7350086838558861,process,-1,process,90,38260000000,130490000000,11001,9
7350086838558861,thread,-1,producer,90,10000000,90000000,11001,9
7350086838558861,thread,-1,sampler,107,20000000,30000000,112,0
7350086838558861,thread,0,account_worker,103,3700000000,6600000000,0,1288823
7350086838558861,thread,0,trader_callback,91,1920000000,9390000000,1,54
7350086838558861,thread,0,trace_writer,92,1530000000,8060000000,1,2283476
7350086838558861,thread,0,latency_writer,93,1890000000,9410000000,0,654
7350086838558861,thread,1,account_worker,104,3960000000,6610000000,0,859592
7350086838558861,thread,1,trader_callback,94,2000000000,9300000000,0,302
7350086838558861,thread,1,trace_writer,95,1830000000,9460000000,2,72
7350086838558861,thread,1,latency_writer,96,1840000000,8690000000,0,682632
7350086838558861,thread,2,account_worker,105,4360000000,6900000000,1,206
7350086838558861,thread,2,trader_callback,97,2180000000,9110000000,0,104
7350086838558861,thread,2,trace_writer,98,1740000000,8020000000,2,1931494
7350086838558861,thread,2,latency_writer,99,1720000000,8050000000,0,2001150
7350086838558861,thread,3,account_worker,106,3420000000,5860000000,0,2208480
7350086838558861,thread,3,trader_callback,100,1580000000,6950000000,0,3615864
7350086838558861,thread,3,trace_writer,101,2100000000,9160000000,0,403
7350086838558861,thread,3,latency_writer,102,2370000000,8760000000,0,101563
7350086940501306,process,-1,process,90,38560000000,131520000000,11103,9
7350086940501306,thread,-1,producer,90,10000000,90000000,11103,9
7350086940501306,thread,-1,sampler,107,20000000,30000000,113,0
7350086940501306,thread,0,account_worker,103,3740000000,6650000000,0,1288833
7350086940501306,thread,0,trader_callback,91,1940000000,9480000000,1,64
7350086940501306,thread,0,trace_writer,92,1540000000,8080000000,1,2340676
7350086940501306,thread,0,latency_writer,93,1900000000,9500000000,0,670
7350086940501306,thread,1,account_worker,104,3990000000,6680000000,0,859602
7350086940501306,thread,1,trader_callback,94,2010000000,9390000000,0,312
7350086940501306,thread,1,trace_writer,95,1850000000,9530000000,2,86
7350086940501306,thread,1,latency_writer,96,1850000000,8730000000,0,760434
7350086940501306,thread,2,account_worker,105,4400000000,6960000000,1,216
7350086940501306,thread,2,trader_callback,97,2190000000,9190000000,0,115
7350086940501306,thread,2,trace_writer,98,1750000000,8050000000,2,1988834
7350086940501306,thread,2,latency_writer,99,1720000000,8090000000,0,2078938
7350086940501306,thread,3,account_worker,106,3460000000,5920000000,0,2208490
7350086940501306,thread,3,trader_callback,100,1590000000,6970000000,0,3672572
7350086940501306,thread,3,trace_writer,101,2110000000,9250000000,0,413
7350086940501306,thread,3,latency_writer,102,2390000000,8840000000,0,101578
7350087041024240,process,-1,process,90,38890000000,132590000000,11203,9
7350087041024240,thread,-1,producer,90,10000000,90000000,11203,9
7350087041024240,thread,-1,sampler,107,20000000,30000000,114,0
7350087041024240,thread,0,account_worker,103,3780000000,6720000000,0,1288834
7350087041024240,thread,0,trader_callback,91,1950000000,9560000000,1,64
7350087041024240,thread,0,trace_writer,92,1550000000,8110000000,1,2398566
7350087041024240,thread,0,latency_writer,93,1930000000,9570000000,0,676
7350087041024240,thread,1,account_worker,104,4020000000,6750000000,0,859602
7350087041024240,thread,1,trader_callback,94,2030000000,9470000000,0,313
7350087041024240,thread,1,trace_writer,95,1850000000,9640000000,2,86
7350087041024240,thread,1,latency_writer,96,1880000000,8810000000,0,760436
7350087041024240,thread,2,account_worker,105,4440000000,7020000000,1,219
7350087041024240,thread,2,trader_callback,97,2210000000,9280000000,0,117
7350087041024240,thread,2,trace_writer,98,1760000000,8070000000,2,2046592
7350087041024240,thread,2,latency_writer,99,1730000000,8180000000,0,2078942
7350087041024240,thread,3,account_worker,106,3520000000,5970000000,0,2208490
7350087041024240,thread,3,trader_callback,100,1590000000,7000000000,0,3729696
7350087041024240,thread,3,trace_writer,101,2130000000,9340000000,0,417
7350087041024240,thread,3,latency_writer,102,2390000000,8930000000,0,101579
7350087141530455,process,-1,process,90,39280000000,133610000000,11304,9
7350087141530455,thread,-1,producer,90,10000000,90000000,11304,9
7350087141530455,thread,-1,sampler,107,20000000,30000000,115,0
7350087141530455,thread,0,account_worker,103,3840000000,6760000000,0,1288837
7350087141530455,thread,0,trader_callback,91,1980000000,9630000000,1,64
7350087141530455,thread,0,trace_writer,92,1550000000,8130000000,1,2454421
7350087141530455,thread,0,latency_writer,93,1960000000,9640000000,0,686
7350087141530455,thread,1,account_worker,104,4060000000,6810000000,0,859603
7350087141530455,thread,1,trader_callback,94,2050000000,9550000000,0,313
7350087141530455,thread,1,trace_writer,95,1870000000,9720000000,2,87
7350087141530455,thread,1,latency_writer,96,1900000000,8890000000,0,760436
7350087141530455,thread,2,account_worker,105,4480000000,7080000000,1,223
7350087141530455,thread,2,trader_callback,97,2230000000,9360000000,0,119
7350087141530455,thread,2,trace_writer,98,1760000000,8110000000,2,2102525
7350087141530455,thread,2,latency_writer,99,1750000000,8260000000,0,2078946
7350087141530455,thread,3,account_worker,106,3560000000,6020000000,0,2208490
7350087141530455,thread,3,trader_callback,100,1600000000,7030000000,0,3785261
7350087141530455,thread,3,trace_writer,101,2140000000,9420000000,0,420
7350087141530455,thread,3,latency_writer,102,2420000000,9010000000,0,101581
7350087242046688,process,-1,process,90,39650000000,134640000000,11397,9
7350087242046688,thread,-1,producer,90,10000000,90000000,11397,9
7350087242046688,thread,-1,sampler,107,20000000,40000000,116,0
7350087242046688,thread,0,account_worker,103,3880000000,6820000000,0,1288837
7350087242046688,thread,0,trader_callback,91,2000000000,9710000000,1,64
7350087242046688,thread,0,trace_writer,92,1560000000,8160000000,1,2507155
7350087242046688,thread,0,latency_writer,93,1970000000,9730000000,0,694
7350087242046688,thread,1,account_worker,104,4100000000,6870000000,0,859603
7350087242046688,thread,1,trader_callback,94,2080000000,9630000000,0,313
7350087242046688,thread,1,trace_writer,95,1900000000,9790000000,2,87
7350087242046688,thread,1,latency_writer,96,1900000000,8980000000,0,760436
7350087242046688,thread,2,account_worker,105,4530000000,7130000000,1,224
7350087242046688,thread,2,trader_callback,97,2240000000,9450000000,0,120
7350087242046688,thread,2,trace_writer,98,1760000000,8130000000,2,2155372
7350087242046688,thread,2,latency_writer,99,1760000000,8340000000,0,2078949
7350087242046688,thread,3,account_worker,106,3610000000,6070000000,0,2208491
7350087242046688,thread,3,trader_callback,100,1610000000,7050000000,0,3837465
7350087242046688,thread,3,trace_writer,101,2170000000,9490000000,0,423
7350087242046688,thread,3,latency_writer,102,2440000000,9090000000,0,101582
7350087342618749,process,-1,process,90,39950000000,135740000000,11498,9
7350087342618749,thread,-1,producer,90,10000000,90000000,11498,9
7350087342618749,thread,-1,sampler,107,20000000,40000000,117,0
7350087342618749,thread,0,account_worker,103,3920000000,6880000000,0,1288840
7350087342618749,thread,0,trader_callback,91,2020000000,9800000000,1,64
7350087342618749,thread,0,trace_writer,92,1560000000,8190000000,1,2563695
7350087342618749,thread,0,latency_writer,93,1990000000,9810000000,0,697
7350087342618749,thread,1,account_worker,104,4140000000,6920000000,0,859604
7350087342618749,thread,1,trader_callback,94,2100000000,9710000000,0,313
7350087342618749,thread,1,trace_writer,95,1910000000,9880000000,2,89
7350087342618749,thread,1,latency_writer,96,1920000000,9060000000,0,760436
7350087342618749,thread,2,account_worker,105,4570000000,7190000000,1,228
7350087342618749,thread,2,trader_callback,97,2250000000,9540000000,0,121
7350087342618749,thread,2,trace_writer,98,1770000000,8160000000,2,2211996
7350087342618749,thread,2,latency_writer,99,1780000000,8420000000,0,2078952
7350087342618749,thread,3,account_worker,106,3640000000,6150000000,0,2208491
7350087342618749,thread,3,trader_callback,100,1620000000,7070000000,0,3893653
7350087342618749,thread,3,trace_writer,101,2190000000,9580000000,0,423
7350087342618749,thread,3,latency_writer,102,2450000000,9170000000,0,101590
7350087443109745,process,-1,process,90,40240000000,136860000000,11598,9
7350087443109745,thread,-1,producer,90,10000000,90000000,11598,9
7350087443109745,thread,-1,sampler,107,20000000,40000000,118,0
7350087443109745,thread,0,account_worker,103,3960000000,6930000000,0,1288840
7350087443109745,thread,0,trader_callback,91,2020000000,9890000000,1,64
7350087443109745,thread,0,trace_writer,92,1570000000,8220000000,1,2618828
7350087443109745,thread,0,latency_writer,93,2000000000,9900000000,0,711
7350087443109745,thread,1,account_worker,104,4170000000,7000000000,0,859604
7350087443109745,thread,1,trader_callback,94,2100000000,9800000000,0,313
7350087443109745,thread,1,trace_writer,95,1910000000,9970000000,2,90
7350087443109745,thread,1,latency_writer,96,1950000000,9140000000,0,760436
7350087443109745,thread,2,account_worker,105,4620000000,7250000000,1,228
7350087443109745,thread,2,trader_callback,97,2260000000,9630000000,0,123
7350087443109745,thread,2,trace_writer,98,1770000000,8190000000,2,2267286
7350087443109745,thread,2,latency_writer,99,1790000000,8520000000,0,2078954
7350087443109745,thread,3,account_worker,106,3680000000,6200000000,0,2208491
7350087443109745,thread,3,trader_callback,100,1630000000,7100000000,0,3948434
7350087443109745,thread,3,trace_writer,101,2210000000,9650000000,0,423
7350087443109745,thread,3,latency_writer,102,2460000000,9260000000,0,101594
7350087543576371,process,-1,process,90,40580000000,137920000000,11690,9
7350087543576371,thread,-1,producer,90,10000000,90000000,11690,9
7350087543576371,thread,-1,sampler,107,20000000,40000000,119,0
7350087543576371,thread,0,account_worker,103,4010000000,6990000000,0,1288843
7350087543576371,thread,0,trader_callback,91,2050000000,9960000000,1,64
7350087543576371,thread,0,trace_writer,92,1570000000,8250000000,1,2674195
7350087543576371,thread,0,latency_writer,93,2020000000,9980000000,0,720
7350087543576371,thread,1,account_worker,104,4210000000,7060000000,0,859604
7350087543576371,thread,1,trader_callback,94,2120000000,9890000000,0,313
7350087543576371,thread,1,trace_writer,95,1940000000,10050000000,2,90
7350087543576371,thread,1,latency_writer,96,1950000000,9240000000,0,760437
7350087543576371,thread,2,account_worker,105,4660000000,7300000000,1,231
7350087543576371,thread,2,trader_callback,97,2290000000,9700000000,0,123
7350087543576371,thread,2,trace_writer,98,1770000000,8220000000,2,2322786
7350087543576371,thread,2,latency_writer,99,1800000000,8600000000,0,2078958
7350087543576371,thread,3,account_worker,106,3710000000,6270000000,0,2208492
7350087543576371,thread,3,trader_callback,100,1630000000,7130000000,0,4003676
7350087543576371,thread,3,trace_writer,101,2220000000,9740000000,0,423
7350087543576371,thread,3,latency_writer,102,2480000000,9340000000,0,101594
7350087644015869,process,-1,process,90,40900000000,139020000000,11790,9
7350087644015869,thread,-1,producer,90,10000000,90000000,11790,9
7350087644015869,thread,-1,sampler,107,20000000,40000000,120,0
7350087644015869,thread,0,account_worker,103,4050000000,7050000000,0,1288843
7350087644015869,thread,0,trader_callback,91,2060000000,10060000000,1,64
7350087644015869,thread,0,trace_writer,92,1570000000,8280000000,1,2731499
7350087644015869,thread,0,latency_writer,93,2030000000,10080000000,0,726
7350087644015869,thread,1,account_worker,104,4260000000,7110000000,0,859604
7350087644015869,thread,1,trader_callback,94,2140000000,9970000000,0,313
7350087644015869,thread,1,trace_writer,95,1940000000,10150000000,2,91
7350087644015869,thread,1,latency_writer,96,1970000000,9320000000,0,760437
7350087644015869,thread,2,account_worker,105,4700000000,7370000000,1,234
7350087644015869,thread,2,trader_callback,97,2310000000,9770000000,0,124
7350087644015869,thread,2,trace_writer,98,1790000000,8240000000,2,2379962
7350087644015869,thread,2,latency_writer,99,1830000000,8670000000,0,2078963
7350087644015869,thread,3,account_worker,106,3740000000,6350000000,0,2208493
7350087644015869,thread,3,trader_callback,100,1630000000,7160000000,0,4060477
7350087644015869,thread,3,trace_writer,101,2250000000,9820000000,0,426
7350087644015869,thread,3,latency_writer,102,2490000000,9430000000,0,101594
7350087744577226,process,-1,process,90,41260000000,140060000000,11891,9
7350087744577226,thread,-1,producer,90,10000000,90000000,11891,9
7350087744577226,thread,-1,sampler,107,20000000,40000000,121,0
7350087744577226,thread,0,account_worker,103,4100000000,7100000000,0,1288846
7350087744577226,thread,0,trader_callback,91,2080000000,10140000000,1,65
7350087744577226,thread,0,trace_writer,92,1580000000,8310000000,1,2789706
7350087744577226,thread,0,latency_writer,93,2050000000,10150000000,0,736
7350087744577226,thread,1,account_worker,104,4300000000,7170000000,0,859604
7350087744577226,thread,1,trader_callback,94,2160000000,10050000000,0,314
7350087744577226,thread,1,trace_writer,95,1970000000,10220000000,2,94
7350087744577226,thread,1,latency_writer,96,1990000000,9390000000,0,760438
7350087744577226,thread,2,account_worker,105,4730000000,7440000000,1,234
7350087744577226,thread,2,trader_callback,97,2330000000,9860000000,0,124
7350087744577226,thread,2,trace_writer,98,1790000000,8280000000,2,2438377
7350087744577226,thread,2,latency_writer,99,1840000000,8770000000,0,2078967
7350087744577226,thread,3,account_worker,106,3780000000,6400000000,0,2208493
7350087744577226,thread,3,trader_callback,100,1640000000,7190000000,0,4118306
7350087744577226,thread,3,trace_writer,101,2270000000,9890000000,0,426
7350087744577226,thread,3,latency_writer,102,2510000000,9520000000,0,101594
7350087845169054,process,-1,process,90,41590000000,141140000000,11990,9
7350087845169054,thread,-1,producer,90,10000000,90000000,11990,9
7350087845169054,thread,-1,sampler,107,20000000,40000000,122,0
7350087845169054,thread,0,account_worker,103,4150000000,7150000000,0,1288847
7350087845169054,thread,0,trader_callback,91,2100000000,10220000000,1,65
7350087845169054,thread,0,trace_writer,92,1580000000,8340000000,1,2847548
7350087845169054,thread,0,latency_writer,93,2070000000,10230000000,0,743
7350087845169054,thread,1,account_worker,104,4350000000,7220000000,0,859604
7350087845169054,thread,1,trader_callback,94,2170000000,10130000000,0,314
7350087845169054,thread,1,trace_writer,95,1980000000,10310000000,2,94
7350087845169054,thread,1,latency_writer,96,2010000000,9480000000,0,760438
7350087845169054,thread,2,account_worker,105,4770000000,7490000000,1,235
7350087845169054,thread,2,trader_callback,97,2340000000,9950000000,0,124
7350087845169054,thread,2,trace_writer,98,1790000000,8310000000,2,2496097
7350087845169054,thread,2,latency_writer,99,1870000000,8830000000,1,2078968
7350087845169054,thread,3,account_worker,106,3820000000,6470000000,0,2208493
7350087845169054,thread,3,trader_callback,100,1650000000,7210000000,0,4175574
7350087845169054,thread,3,trace_writer,101,2280000000,9990000000,0,429
7350087845169054,thread,3,latency_writer,102,2530000000,9600000000,0,101594
7350087945733196,process,-1,process,90,41930000000,142200000000,12091,9
7350087945733196,thread,-1,producer,90,10000000,100000000,12091,9
7350087945733196,thread,-1,sampler,107,20000000,40000000,123,0
7350087945733196,thread,0,account_worker,103,4190000000,7210000000,0,1288850
7350087945733196,thread,0,trader_callback,91,2110000000,10310000000,1,66
7350087945733196,thread,0,trace_writer,92,1580000000,8380000000,1,2905709
7350087945733196,thread,0,latency_writer,93,2100000000,10310000000,0,752
7350087945733196,thread,1,account_worker,104,4380000000,7290000000,0,859604
7350087945733196,thread,1,trader_callback,94,2190000000,10210000000,0,314
7350087945733196,thread,1,trace_writer,95,2000000000,10390000000,2,95
7350087945733196,thread,1,latency_writer,96,2040000000,9550000000,0,760438
7350087945733196,thread,2,account_worker,105,4830000000,7540000000,1,235
7350087945733196,thread,2,trader_callback,97,2350000000,10040000000,0,124
7350087945733196,thread,2,trace_writer,98,1800000000,8330000000,2,2554298
7350087945733196,thread,2,latency_writer,99,1890000000,8910000000,1,2078971
7350087945733196,thread,3,account_worker,106,3860000000,6530000000,0,2208493
7350087945733196,thread,3,trader_callback,100,1650000000,7240000000,0,4233301
7350087945733196,thread,3,trace_writer,101,2310000000,10060000000,0,429
7350087945733196,thread,3,latency_writer,102,2530000000,9690000000,0,101594
7350088046229140,process,-1,process,90,42280000000,143270000000,12191,9
7350088046229140,thread,-1,producer,90,10000000,100000000,12191,9
7350088046229140,thread,-1,sampler,107,20000000,40000000,124,0
7350088046229140,thread,0,account_worker,103,4220000000,7280000000,0,1288851
7350088046229140,thread,0,trader_callback,91,2120000000,10400000000,1,66
7350088046229140,thread,0,trace_writer,92,1600000000,8400000000,1,2962936
7350088046229140,thread,0,latency_writer,93,2130000000,10370000000,0,761
7350088046229140,thread,1,account_worker,104,4420000000,7360000000,0,859604
7350088046229140,thread,1,trader_callback,94,2210000000,10300000000,0,315
7350088046229140,thread,1,trace_writer,95,2010000000,10480000000,2,95
7350088046229140,thread,1,latency_writer,96,2060000000,9630000000,0,760439
7350088046229140,thread,2,account_worker,105,4860000000,7610000000,1,235
7350088046229140,thread,2,trader_callback,97,2360000000,10130000000,0,125
7350088046229140,thread,2,trace_writer,98,1800000000,8360000000,2,2611521
7350088046229140,thread,2,latency_writer,99,1920000000,8980000000,1,2078975
7350088046229140,thread,3,account_worker,106,3910000000,6580000000,0,2208494
7350088046229140,thread,3,trader_callback,100,1650000000,7270000000,0,4290126
7350088046229140,thread,3,trace_writer,101,2330000000,10130000000,0,434
7350088046229140,thread,3,latency_writer,102,2550000000,9780000000,0,101594
7350088146700001,process,-1,process,90,42620000000,144330000000,12292,9
7350088146700001,thread,-1,producer,90,10000000,100000000,12292,9
7350088146700001,thread,-1,sampler,107,20000000,40000000,125,0
7350088146700001,thread,0,account_worker,103,4270000000,7330000000,0,1288851
7350088146700001,thread,0,trader_callback,91,2150000000,10470000000,1,66
7350088146700001,thread,0,trace_writer,92,1600000000,8420000000,1,3021268
7350088146700001,thread,0,latency_writer,93,2150000000,10460000000,0,771
7350088146700001,thread,1,account_worker,104,4450000000,7420000000,0,859605
7350088146700001,thread,1,trader_callback,94,2230000000,10380000000,0,317
7350088146700001,thread,1,trace_writer,95,2030000000,10560000000,2,96
7350088146700001,thread,1,latency_writer,96,2070000000,9720000000,0,760442
7350088146700001,thread,2,account_worker,105,4890000000,7680000000,1,239
7350088146700001,thread,2,trader_callback,97,2370000000,10220000000,0,127
7350088146700001,thread,2,trace_writer,98,1810000000,8390000000,2,2670023
7350088146700001,thread,2,latency_writer,99,1930000000,9070000000,1,2078981
7350088146700001,thread,3,account_worker,106,3960000000,6630000000,0,2208495
7350088146700001,thread,3,trader_callback,100,1660000000,7300000000,0,4348026
7350088146700001,thread,3,trace_writer,101,2360000000,10210000000,0,437
7350088146700001,thread,3,latency_writer,102,2570000000,9860000000,0,101595
7350088247241699,process,-1,process,90,42960000000,145390000000,12390,9
7350088247241699,thread,-1,producer,90,10000000,100000000,12391,9
7350088247241699,thread,-1,sampler,107,20000000,40000000,126,0
7350088247241699,thread,0,account_worker,103,4320000000,7390000000,0,1288851
7350088247241699,thread,0,trader_callback,91,2160000000,10560000000,1,66
7350088247241699,thread,0,trace_writer,92,1610000000,8450000000,1,3071096
7350088247241699,thread,0,latency_writer,93,2150000000,10550000000,0,774
7350088247241699,thread,1,account_worker,104,4500000000,7480000000,0,859607
7350088247241699,thread,1,trader_callback,94,2240000000,10460000000,0,317
7350088247241699,thread,1,trace_writer,95,2030000000,10660000000,2,96
7350088247241699,thread,1,latency_writer,96,2100000000,9790000000,0,760442
7350088247241699,thread,2,account_worker,105,4940000000,7730000000,1,242
7350088247241699,thread,2,trader_callback,97,2380000000,10310000000,0,128
7350088247241699,thread,2,trace_writer,98,1820000000,8420000000,2,2720021
7350088247241699,thread,2,latency_writer,99,1950000000,9150000000,1,2078986
7350088247241699,thread,3,account_worker,106,4000000000,6690000000,0,2208495
7350088247241699,thread,3,trader_callback,100,1670000000,7330000000,0,4397734
7350088247241699,thread,3,trace_writer,101,2380000000,10300000000,0,440
7350088247241699,thread,3,latency_writer,102,2590000000,9930000000,0,101596
7350088347926109,process,-1,process,90,43370000000,146400000000,12491,9
7350088347926109,thread,-1,producer,90,10000000,100000000,12491,9
7350088347926109,thread,-1,sampler,107,20000000,40000000,127,0
7350088347926109,thread,0,account_worker,103,4350000000,7450000000,0,1288854
7350088347926109,thread,0,trader_callback,91,2190000000,10640000000,1,66
7350088347926109,thread,0,trace_writer,92,1610000000,8480000000,1,3125567
7350088347926109,thread,0,latency_writer,93,2170000000,10640000000,0,782
7350088347926109,thread,1,account_worker,104,4540000000,7530000000,0,859607
7350088347926109,thread,1,trader_callback,94,2280000000,10530000000,0,317
7350088347926109,thread,1,trace_writer,95,2050000000,10740000000,2,96
7350088347926109,thread,1,latency_writer,96,2120000000,9870000000,0,760448
7350088347926109,thread,2,account_worker,105,4990000000,7780000000,1,242
7350088347926109,thread,2,trader_callback,97,2430000000,10370000000,0,128
7350088347926109,thread,2,trace_writer,98,1830000000,8440000000,2,2774676
7350088347926109,thread,2,latency_writer,99,1970000000,9230000000,1,2078989
7350088347926109,thread,3,account_worker,106,4040000000,6750000000,0,2208495
7350088347926109,thread,3,trader_callback,100,1670000000,7360000000,0,4451794
7350088347926109,thread,3,trace_writer,101,2390000000,10380000000,0,446
7350088347926109,thread,3,latency_writer,102,2610000000,10020000000,0,101597
7350088448484551,process,-1,process,90,43710000000,147460000000,12592,9
7350088448484551,thread,-1,producer,90,10000000,100000000,12592,9
7350088448484551,thread,-1,sampler,107,20000000,40000000,128,0
7350088448484551,thread,0,account_worker,103,4400000000,7500000000,0,1288854
7350088448484551,thread,0,trader_callback,91,2220000000,10700000000,1,66
7350088448484551,thread,0,trace_writer,92,1610000000,8520000000,1,3181024
7350088448484551,thread,0,latency_writer,93,2190000000,10720000000,0,788
7350088448484551,thread,1,account_worker,104,4580000000,7590000000,0,859607
7350088448484551,thread,1,trader_callback,94,2290000000,10610000000,0,317
7350088448484551,thread,1,trace_writer,95,2060000000,10830000000,2,96
7350088448484551,thread,1,latency_writer,96,2130000000,9960000000,0,760448
7350088448484551,thread,2,account_worker,105,5020000000,7850000000,1,245
7350088448484551,thread,2,trader_callback,97,2440000000,10450000000,0,128
7350088448484551,thread,2,trace_writer,98,1840000000,8460000000,2,2830265
7350088448484551,thread,2,latency_writer,99,1990000000,9310000000,1,2078994
7350088448484551,thread,3,account_worker,106,4080000000,6810000000,0,2208495
7350088448484551,thread,3,trader_callback,100,1670000000,7390000000,0,4506815
7350088448484551,thread,3,trace_writer,101,2420000000,10450000000,0,446
7350088448484551,thread,3,latency_writer,102,2630000000,10100000000,0,101598
7350088549040372,process,-1,process,90,44040000000,148540000000,12687,9
7350088549040372,thread,-1,producer,90,10000000,100000000,12687,9
7350088549040372,thread,-1,sampler,107,20000000,40000000,129,0
7350088549040372,thread,0,account_worker,103,4450000000,7560000000,0,1288857
7350088549040372,thread,0,trader_callback,91,2230000000,10790000000,1,66
7350088549040372,thread,0,trace_writer,92,1610000000,8550000000,1,3233984
7350088549040372,thread,0,latency_writer,93,2210000000,10800000000,0,791
7350088549040372,thread,1,account_worker,104,4620000000,7650000000,0,859608
7350088549040372,thread,1,trader_callback,94,2320000000,10690000000,0,317
7350088549040372,thread,1,trace_writer,95,2090000000,10910000000,2,97
7350088549040372,thread,1,latency_writer,96,2150000000,10040000000,0,760451
7350088549040372,thread,2,account_worker,105,5060000000,7910000000,1,245
7350088549040372,thread,2,trader_callback,97,2470000000,10530000000,0,129
7350088549040372,thread,2,trace_writer,98,1840000000,8490000000,2,2883409
7350088549040372,thread,2,latency_writer,99,2000000000,9390000000,1,2078999
7350088549040372,thread,3,account_worker,106,4100000000,6890000000,0,2208495
7350088549040372,thread,3,trader_callback,100,1680000000,7410000000,0,4559434
7350088549040372,thread,3,trace_writer,101,2440000000,10530000000,0,449
7350088549040372,thread,3,latency_writer,102,2640000000,10190000000,0,101599
7350088649562233,process,-1,process,90,44380000000,149610000000,12788,10
7350088649562233,thread,-1,producer,90,10000000,100000000,12788,10
7350088649562233,thread,-1,sampler,107,20000000,40000000,130,0
7350088649562233,thread,0,account_worker,103,4480000000,7620000000,0,1288857
7350088649562233,thread,0,trader_callback,91,2250000000,10880000000,1,66
7350088649562233,thread,0,trace_writer,92,1620000000,8580000000,1,3290439
7350088649562233,thread,0,latency_writer,93,2230000000,10870000000,0,797
7350088649562233,thread,1,account_worker,104,4680000000,7700000000,0,859608
7350088649562233,thread,1,trader_callback,94,2340000000,10770000000,0,317
7350088649562233,thread,1,trace_writer,95,2100000000,11000000000,2,97
7350088649562233,thread,1,latency_writer,96,2170000000,10130000000,0,760451
7350088649562233,thread,2,account_worker,105,5100000000,7970000000,1,245
7350088649562233,thread,2,trader_callback,97,2480000000,10610000000,0,129
7350088649562233,thread,2,trace_writer,98,1850000000,8510000000,2,2940083
7350088649562233,thread,2,latency_writer,99,2020000000,9480000000,1,2079001
7350088649562233,thread,3,account_worker,106,4140000000,6950000000,0,2208495
7350088649562233,thread,3,trader_callback,100,1680000000,7440000000,0,4615241
7350088649562233,thread,3,trace_writer,101,2450000000,10630000000,0,455
7350088649562233,thread,3,latency_writer,102,2660000000,10270000000,0,101599
7350088750190296,process,-1,process,90,44660000000,150730000000,12888,10
7350088750190296,thread,-1,producer,90,10000000,100000000,12888,10
7350088750190296,thread,-1,sampler,107,20000000,40000000,131,0
7350088750190296,thread,0,account_worker,103,4520000000,7680000000,0,1288860
7350088750190296,thread,0,trader_callback,91,2250000000,10970000000,1,66
7350088750190296,thread,0,trace_writer,92,1630000000,8600000000,1,3346238
7350088750190296,thread,0,latency_writer,93,2250000000,10950000000,0,800
7350088750190296,thread,1,account_worker,104,4710000000,7760000000,0,859608
7350088750190296,thread,1,trader_callback,94,2350000000,10860000000,0,317
7350088750190296,thread,1,trace_writer,95,2110000000,11080000000,2,97
7350088750190296,thread,1,latency_writer,96,2170000000,10220000000,0,760454
7350088750190296,thread,2,account_worker,105,5130000000,8050000000,1,246
7350088750190296,thread,2,trader_callback,97,2490000000,10700000000,0,129
7350088750190296,thread,2,trace_writer,98,1860000000,8540000000,2,2995807
7350088750190296,thread,2,latency_writer,99,2030000000,9560000000,1,2079008
7350088750190296,thread,3,account_worker,106,4180000000,7010000000,0,2208495
7350088750190296,thread,3,trader_callback,100,1690000000,7470000000,0,4670316
7350088750190296,thread,3,trace_writer,101,2470000000,10700000000,0,458
7350088750190296,thread,3,latency_writer,102,2690000000,10340000000,0,101599
7350088850737170,process,-1,process,90,45060000000,151750000000,12989,10
7350088850737170,thread,-1,producer,90,10000000,100000000,12989,10
7350088850737170,thread,-1,sampler,107,20000000,40000000,132,0
7350088850737170,thread,0,account_worker,103,4570000000,7730000000,0,1288860
7350088850737170,thread,0,trader_callback,91,2270000000,11050000000,1,67
7350088850737170,thread,0,trace_writer,92,1640000000,8620000000,1,3403481
7350088850737170,thread,0,latency_writer,93,2290000000,11020000000,0,809
7350088850737170,thread,1,account_worker,104,4760000000,7820000000,0,859608
7350088850737170,thread,1,trader_callback,94,2360000000,10950000000,0,317
7350088850737170,thread,1,trace_writer,95,2120000000,11170000000,2,100
7350088850737170,thread,1,latency_writer,96,2210000000,10280000000,0,760454
7350088850737170,thread,2,account_worker,105,5150000000,8130000000,1,247
7350088850737170,thread,2,trader_callback,97,2510000000,10780000000,0,130
7350088850737170,thread,2,trace_writer,98,1870000000,8570000000,2,3053180
7350088850737170,thread,2,latency_writer,99,2040000000,9650000000,1,2079013
7350088850737170,thread,3,account_worker,106,4230000000,7060000000,0,2208495
7350088850737170,thread,3,trader_callback,100,1700000000,7500000000,0,4726936
7350088850737170,thread,3,trace_writer,101,2500000000,10770000000,0,458
7350088850737170,thread,3,latency_writer,102,2710000000,10420000000,0,101600
7350088951250862,process,-1,process,90,45430000000,152780000000,13089,10
7350088951250862,thread,-1,producer,90,10000000,100000000,13089,10
7350088951250862,thread,-1,sampler,107,20000000,40000000,133,0
7350088951250862,thread,0,account_worker,103,4630000000,7780000000,0,1288860
7350088951250862,thread,0,trader_callback,91,2290000000,11130000000,1,67
7350088951250862,thread,0,trace_writer,92,1650000000,8640000000,1,3461700
7350088951250862,thread,0,latency_writer,93,2290000000,11110000000,0,818
7350088951250862,thread,1,account_worker,104,4790000000,7880000000,0,859608
7350088951250862,thread,1,trader_callback,94,2380000000,11030000000,0,317
7350088951250862,thread,1,trace_writer,95,2130000000,11260000000,2,103
7350088951250862,thread,1,latency_writer,96,2220000000,10370000000,0,760457
7350088951250862,thread,2,account_worker,105,5190000000,8180000000,1,250
7350088951250862,thread,2,trader_callback,97,2520000000,10880000000,0,131
7350088951250862,thread,2,trace_writer,98,1870000000,8590000000,2,3111365
7350088951250862,thread,2,latency_writer,99,2080000000,9720000000,1,2079015
7350088951250862,thread,3,account_worker,106,4270000000,7120000000,0,2208495
7350088951250862,thread,3,trader_callback,100,1700000000,7530000000,0,4784596
7350088951250862,thread,3,trace_writer,101,2520000000,10850000000,0,468
7350088951250862,thread,3,latency_writer,102,2740000000,10490000000,0,101600
7350089051793764,process,-1,process,90,45740000000,153870000000,13190,10
7350089051793764,thread,-1,producer,90,10000000,100000000,13190,10
7350089051793764,thread,-1,sampler,107,20000000,40000000,134,0
7350089051793764,thread,0,account_worker,103,4680000000,7830000000,0,1288861
7350089051793764,thread,0,trader_callback,91,2310000000,11220000000,1,67
7350089051793764,thread,0,trace_writer,92,1650000000,8670000000,1,3512709
7350089051793764,thread,0,latency_writer,93,2300000000,11210000000,0,822
7350089051793764,thread,1,account_worker,104,4830000000,7950000000,0,859608
7350089051793764,thread,1,trader_callback,94,2400000000,11110000000,0,318
7350089051793764,thread,1,trace_writer,95,2150000000,11340000000,2,103
7350089051793764,thread,1,latency_writer,96,2250000000,10450000000,0,760464
7350089051793764,thread,2,account_worker,105,5240000000,8240000000,1,250
7350089051793764,thread,2,trader_callback,97,2530000000,10970000000,0,132
7350089051793764,thread,2,trace_writer,98,1870000000,8630000000,2,3162473
7350089051793764,thread,2,latency_writer,99,2090000000,9810000000,1,2079018
7350089051793764,thread,3,account_worker,106,4310000000,7180000000,0,2208496
7350089051793764,thread,3,trader_callback,100,1700000000,7560000000,0,4835448
7350089051793764,thread,3,trace_writer,101,2530000000,10940000000,0,472
7350089051793764,thread,3,latency_writer,102,2770000000,10570000000,0,101600
7350089152379871,process,-1,process,90,46120000000,154890000000,13285,10
7350089152379871,thread,-1,producer,90,10000000,100000000,13285,10
7350089152379871,thread,-1,sampler,107,20000000,40000000,135,0
7350089152379871,thread,0,account_worker,103,4730000000,7880000000,0,1288864
7350089152379871,thread,0,trader_callback,91,2320000000,11300000000,1,67
7350089152379871,thread,0,trace_writer,92,1650000000,8710000000,1,3561647
7350089152379871,thread,0,latency_writer,93,2310000000,11300000000,0,825
7350089152379871,thread,1,account_worker,104,4880000000,8000000000,0,859609
7350089152379871,thread,1,trader_callback,94,2420000000,11190000000,0,318
7350089152379871,thread,1,trace_writer,95,2170000000,11430000000,2,107
7350089152379871,thread,1,latency_writer,96,2260000000,10540000000,0,760464
7350089152379871,thread,2,account_worker,105,5290000000,8280000000,1,251
7350089152379871,thread,2,trader_callback,97,2570000000,11030000000,0,133
7350089152379871,thread,2,trace_writer,98,1880000000,8660000000,2,3211375
7350089152379871,thread,2,latency_writer,99,2100000000,9880000000,1,2079023
7350089152379871,thread,3,account_worker,106,4360000000,7230000000,0,2208496
7350089152379871,thread,3,trader_callback,100,1700000000,7590000000,0,4884068
7350089152379871,thread,3,trace_writer,101,2570000000,11000000000,0,476
7350089152379871,thread,3,latency_writer,102,2780000000,10660000000,0,101601
7350089252900079,process,-1,process,90,46450000000,155970000000,13385,10
7350089252900079,thread,-1,producer,90,10000000,100000000,13385,10
7350089252900079,thread,-1,sampler,107,20000000,40000000,136,0
7350089252900079,thread,0,account_worker,103,4770000000,7940000000,0,1288864
7350089252900079,thread,0,trader_callback,91,2350000000,11380000000,1,67
7350089252900079,thread,0,trace_writer,92,1660000000,8740000000,1,3618280
7350089252900079,thread,0,latency_writer,93,2330000000,11380000000,0,828
7350089252900079,thread,1,account_worker,104,4920000000,8050000000,0,859609
7350089252900079,thread,1,trader_callback,94,2430000000,11280000000,0,318
7350089252900079,thread,1,trace_writer,95,2190000000,11500000000,2,107
7350089252900079,thread,1,latency_writer,96,2290000000,10610000000,0,760464
7350089252900079,thread,2,account_worker,105,5310000000,8370000000,1,251
7350089252900079,thread,2,trader_callback,97,2590000000,11110000000,0,133
7350089252900079,thread,2,trace_writer,98,1880000000,8690000000,2,3268096
7350089252900079,thread,2,latency_writer,99,2120000000,9960000000,1,2079030
7350089252900079,thread,3,account_worker,106,4400000000,7290000000,0,2208496
7350089252900079,thread,3,trader_callback,100,1710000000,7620000000,0,4940330
7350089252900079,thread,3,trace_writer,101,2590000000,11090000000,0,479
7350089252900079,thread,3,latency_writer,102,2790000000,10740000000,0,101601
7350089353457927,process,-1,process,90,46820000000,157010000000,13486,10
7350089353457927,thread,-1,producer,90,10000000,100000000,13486,10
7350089353457927,thread,-1,sampler,107,20000000,40000000,137,0
7350089353457927,thread,0,account_worker,103,4810000000,8000000000,0,1288864
7350089353457927,thread,0,trader_callback,91,2360000000,11470000000,1,67
7350089353457927,thread,0,trace_writer,92,1660000000,8760000000,1,3676045
7350089353457927,thread,0,latency_writer,93,2350000000,11460000000,0,835
7350089353457927,thread,1,account_worker,104,4970000000,8110000000,0,859609
7350089353457927,thread,1,trader_callback,94,2470000000,11340000000,0,318
7350089353457927,thread,1,trace_writer,95,2210000000,11580000000,2,108
7350089353457927,thread,1,latency_writer,96,2320000000,10670000000,0,760470
7350089353457927,thread,2,account_worker,105,5340000000,8440000000,1,254
7350089353457927,thread,2,trader_callback,97,2620000000,11180000000,0,134
7350089353457927,thread,2,trace_writer,98,1890000000,8710000000,2,3326183
7350089353457927,thread,2,latency_writer,99,2150000000,10040000000,1,2079033
7350089353457927,thread,3,account_worker,106,4440000000,7360000000,0,2208496
7350089353457927,thread,3,trader_callback,100,1710000000,7650000000,0,4997516
7350089353457927,thread,3,trace_writer,101,2600000000,11180000000,0,482
7350089353457927,thread,3,latency_writer,102,2790000000,10840000000,0,101601
7350089453952206,process,-1,process,90,47170000000,158060000000,13586,10
7350089453952206,thread,-1,producer,90,10000000,100000000,13586,10
7350089453952206,thread,-1,sampler,107,20000000,40000000,138,0
7350089453952206,thread,0,account_worker,103,4860000000,8050000000,0,1288864
7350089453952206,thread,0,trader_callback,91,2390000000,11540000000,1,67
7350089453952206,thread,0,trace_writer,92,1660000000,8800000000,1,3733793
7350089453952206,thread,0,latency_writer,93,2380000000,11530000000,0,838
7350089453952206,thread,1,account_worker,104,4990000000,8190000000,0,859609
7350089453952206,thread,1,trader_callback,94,2490000000,11420000000,0,318
7350089453952206,thread,1,trace_writer,95,2220000000,11680000000,2,109
7350089453952206,thread,1,latency_writer,96,2350000000,10740000000,0,760473
7350089453952206,thread,2,account_worker,105,5380000000,8490000000,1,257
7350089453952206,thread,2,trader_callback,97,2650000000,11250000000,0,135
7350089453952206,thread,2,trace_writer,98,1890000000,8740000000,2,3384000
7350089453952206,thread,2,latency_writer,99,2160000000,10120000000,1,2079037
7350089453952206,thread,3,account_worker,106,4470000000,7420000000,0,2208497
7350089453952206,thread,3,trader_callback,100,1720000000,7680000000,0,5054707
7350089453952206,thread,3,trace_writer,101,2620000000,11250000000,0,482
7350089453952206,thread,3,latency_writer,102,2800000000,10930000000,0,101601
7350089554475872,process,-1,process,90,47460000000,159170000000,13687,10
7350089554475872,thread,-1,producer,90,10000000,100000000,13687,10
7350089554475872,thread,-1,sampler,107,20000000,40000000,139,0
7350089554475872,thread,0,account_worker,103,4880000000,8130000000,0,1288864
7350089554475872,thread,0,trader_callback,91,2400000000,11630000000,1,67
7350089554475872,thread,0,trace_writer,92,1670000000,8830000000,1,3790858
7350089554475872,thread,0,latency_writer,93,2380000000,11630000000,0,844
7350089554475872,thread,1,account_worker,104,5020000000,8260000000,0,859609
7350089554475872,thread,1,trader_callback,94,2500000000,11510000000,0,318
7350089554475872,thread,1,trace_writer,95,2230000000,11760000000,2,109
7350089554475872,thread,1,latency_writer,96,2390000000,10810000000,0,760474
7350089554475872,thread,2,account_worker,105,5430000000,8550000000,1,257
7350089554475872,thread,2,trader_callback,97,2660000000,11340000000,0,135
7350089554475872,thread,2,trace_writer,98,1890000000,8780000000,2,3441071
7350089554475872,thread,2,latency_writer,99,2190000000,10190000000,1,2079042
7350089554475872,thread,3,account_worker,106,4500000000,7490000000,0,2208497
7350089554475872,thread,3,trader_callback,100,1730000000,7700000000,0,5111296
7350089554475872,thread,3,trace_writer,101,2640000000,11340000000,0,488
7350089554475872,thread,3,latency_writer,102,2820000000,11010000000,0,101601
7350089654990066,process,-1,process,90,47740000000,160310000000,13787,10
7350089654990066,thread,-1,producer,90,10000000,100000000,13787,10
7350089654990066,thread,-1,sampler,107,20000000,40000000,140,0
7350089654990066,thread,0,account_worker,103,4920000000,8190000000,0,1288867
7350089654990066,thread,0,trader_callback,91,2410000000,11720000000,1,68
7350089654990066,thread,0,trace_writer,92,1670000000,8860000000,1,3849494
7350089654990066,thread,0,latency_writer,93,2390000000,11720000000,0,854
7350089654990066,thread,1,account_worker,104,5050000000,8330000000,0,859609
7350089654990066,thread,1,trader_callback,94,2520000000,11600000000,0,318
7350089654990066,thread,1,trace_writer,95,2250000000,11850000000,2,110
7350089654990066,thread,1,latency_writer,96,2410000000,10890000000,0,760474
7350089654990066,thread,2,account_worker,105,5450000000,8620000000,1,257
7350089654990066,thread,2,trader_callback,97,2690000000,11400000000,0,136
7350089654990066,thread,2,trace_writer,98,1890000000,8810000000,2,3499764
7350089654990066,thread,2,latency_writer,99,2210000000,10270000000,1,2079050
7350089654990066,thread,3,account_worker,106,4530000000,7560000000,0,2208497
7350089654990066,thread,3,trader_callback,100,1730000000,7730000000,0,5169389
7350089654990066,thread,3,trace_writer,101,2650000000,11420000000,0,488
7350089654990066,thread,3,latency_writer,102,2830000000,11110000000,0,101601
7350089755498177,process,-1,process,90,48120000000,161330000000,13888,10
7350089755498177,thread,-1,producer,90,10000000,100000000,13888,10
7350089755498177,thread,-1,sampler,107,20000000,50000000,141,0
7350089755498177,thread,0,account_worker,103,4950000000,8260000000,0,1288870
7350089755498177,thread,0,trader_callback,91,2430000000,11790000000,1,68
7350089755498177,thread,0,trace_writer,92,1680000000,8880000000,1,3897875
7350089755498177,thread,0,latency_writer,93,2410000000,11800000000,0,854
7350089755498177,thread,1,account_worker,104,5100000000,8380000000,0,859609
7350089755498177,thread,1,trader_callback,94,2530000000,11690000000,0,318
7350089755498177,thread,1,trace_writer,95,2270000000,11930000000,2,110
7350089755498177,thread,1,latency_writer,96,2420000000,10980000000,0,760477
7350089755498177,thread,2,account_worker,105,5510000000,8660000000,1,260
7350089755498177,thread,2,trader_callback,97,2720000000,11480000000,0,137
7350089755498177,thread,2,trace_writer,98,1900000000,8840000000,2,3548062
7350089755498177,thread,2,latency_writer,99,2220000000,10350000000,1,2079055
7350089755498177,thread,3,account_worker,106,4570000000,7630000000,0,2208498
7350089755498177,thread,3,trader_callback,100,1740000000,7760000000,0,5217499
7350089755498177,thread,3,trace_writer,101,2680000000,11500000000,0,491
7350089755498177,thread,3,latency_writer,102,2870000000,11170000000,0,101601
7350089856096595,process,-1,process,90,48450000000,162380000000,13988,10
7350089856096595,thread,-1,producer,90,10000000,100000000,13988,10
7350089856096595,thread,-1,sampler,107,20000000,50000000,142,0
7350089856096595,thread,0,account_worker,103,4990000000,8320000000,0,1288870
7350089856096595,thread,0,trader_callback,91,2460000000,11870000000,1,68
7350089856096595,thread,0,trace_writer,92,1690000000,8900000000,1,3954369
7350089856096595,thread,0,latency_writer,93,2430000000,11880000000,0,862
7350089856096595,thread,1,account_worker,104,5130000000,8450000000,0,859609
7350089856096595,thread,1,trader_callback,94,2550000000,11770000000,0,318
7350089856096595,thread,1,trace_writer,95,2290000000,12000000000,2,112
7350089856096595,thread,1,latency_writer,96,2440000000,11060000000,0,760477
7350089856096595,thread,2,account_worker,105,5540000000,8740000000,1,264
7350089856096595,thread,2,trader_callback,97,2730000000,11570000000,0,137
7350089856096595,thread,2,trace_writer,98,1900000000,8870000000,2,3604864
7350089856096595,thread,2,latency_writer,99,2240000000,10420000000,1,2079058
7350089856096595,thread,3,account_worker,106,4610000000,7680000000,0,2208498
7350089856096595,thread,3,trader_callback,100,1740000000,7790000000,0,5273725
7350089856096595,thread,3,trace_writer,101,2700000000,11580000000,0,497
7350089856096595,thread,3,latency_writer,102,2880000000,11260000000,0,101601
7350089956651107,process,-1,process,90,48740000000,163490000000,14089,10
7350089956651107,thread,-1,producer,90,10000000,100000000,14089,10
7350089956651107,thread,-1,sampler,107,20000000,50000000,143,0
7350089956651107,thread,0,account_worker,103,5030000000,8380000000,0,1288870
7350089956651107,thread,0,trader_callback,91,2470000000,11960000000,1,68
7350089956651107,thread,0,trace_writer,92,1700000000,8930000000,1,4012345
7350089956651107,thread,0,latency_writer,93,2450000000,11960000000,0,866
7350089956651107,thread,1,account_worker,104,5170000000,8510000000,0,859609
7350089956651107,thread,1,trader_callback,94,2560000000,11850000000,0,318
7350089956651107,thread,1,trace_writer,95,2290000000,12090000000,2,113
7350089956651107,thread,1,latency_writer,96,2450000000,11150000000,0,760480
7350089956651107,thread,2,account_worker,105,5590000000,8790000000,1,264
7350089956651107,thread,2,trader_callback,97,2730000000,11670000000,0,137
7350089956651107,thread,2,trace_writer,98,1900000000,8900000000,2,3662870
7350089956651107,thread,2,latency_writer,99,2250000000,10510000000,1,2079062
7350089956651107,thread,3,account_worker,106,4640000000,7760000000,0,2208498
7350089956651107,thread,3,trader_callback,100,1740000000,7820000000,0,5331407
7350089956651107,thread,3,trace_writer,101,2720000000,11660000000,0,497
7350089956651107,thread,3,latency_writer,102,2910000000,11330000000,0,101601
7350090060080560,process,-1,process,90,49070000000,164610000000,14192,10
7350090060080560,thread,-1,producer,90,10000000,100000000,14192,10
7350090060080560,thread,-1,sampler,107,20000000,50000000,144,0
7350090060080560,thread,0,account_worker,103,5070000000,8440000000,0,1288874
7350090060080560,thread,0,trader_callback,91,2500000000,12030000000,1,68
7350090060080560,thread,0,trace_writer,92,1710000000,8960000000,1,4072077
7350090060080560,thread,0,latency_writer,93,2470000000,12050000000,0,873
7350090060080560,thread,1,account_worker,104,5200000000,8590000000,0,859610
7350090060080560,thread,1,trader_callback,94,2580000000,11940000000,0,320
7350090060080560,thread,1,trace_writer,95,2300000000,12190000000,2,116
7350090060080560,thread,1,latency_writer,96,2470000000,11230000000,0,760484
7350090060080560,thread,2,account_worker,105,5640000000,8840000000,1,267
7350090060080560,thread,2,trader_callback,97,2760000000,11740000000,0,138
7350090060080560,thread,2,trace_writer,98,1910000000,8930000000,2,3722752
7350090060080560,thread,2,latency_writer,99,2250000000,10610000000,1,2079065
7350090060080560,thread,3,account_worker,106,4680000000,7820000000,0,2208500
7350090060080560,thread,3,trader_callback,100,1740000000,7850000000,0,5390921
7350090060080560,thread,3,trace_writer,101,2740000000,11740000000,0,504
7350090060080560,thread,3,latency_writer,102,2920000000,11420000000,0,101601
7350090161591609,process,-1,process,90,49390000000,165710000000,14294,10
7350090161591609,thread,-1,producer,90,10000000,100000000,14294,10
7350090161591609,thread,-1,sampler,107,20000000,50000000,145,0
7350090161591609,thread,0,account_worker,103,5110000000,8510000000,0,1288874
7350090161591609,thread,0,trader_callback,91,2510000000,12120000000,1,68
7350090161591609,thread,0,trace_writer,92,1710000000,8980000000,1,4130914
7350090161591609,thread,0,latency_writer,93,2470000000,12150000000,0,876
7350090161591609,thread,1,account_worker,104,5240000000,8640000000,0,859610
7350090161591609,thread,1,trader_callback,94,2600000000,12020000000,0,320
7350090161591609,thread,1,trace_writer,95,2310000000,12280000000,2,117
7350090161591609,thread,1,latency_writer,96,2480000000,11330000000,0,760485
7350090161591609,thread,2,account_worker,105,5690000000,8890000000,1,268
7350090161591609,thread,2,trader_callback,97,2770000000,11830000000,0,138
7350090161591609,thread,2,trace_writer,98,1920000000,8950000000,2,3781715
7350090161591609,thread,2,latency_writer,99,2260000000,10700000000,1,2079066
7350090161591609,thread,3,account_worker,106,4740000000,7870000000,0,2208500
7350090161591609,thread,3,trader_callback,100,1750000000,7880000000,0,5449274
7350090161591609,thread,3,trace_writer,101,2750000000,11830000000,0,507
7350090161591609,thread,3,latency_writer,102,2930000000,11510000000,0,101602
7350090263723177,process,-1,process,90,49730000000,166800000000,14395,10
7350090263723177,thread,-1,producer,90,10000000,110000000,14395,10
7350090263723177,thread,-1,sampler,107,20000000,50000000,146,0
7350090263723177,thread,0,account_worker,103,5150000000,8570000000,0,1288877
7350090263723177,thread,0,trader_callback,91,2530000000,12200000000,1,68
7350090263723177,thread,0,trace_writer,92,1720000000,9010000000,1,4187935
7350090263723177,thread,0,latency_writer,93,2510000000,12210000000,0,879
7350090263723177,thread,1,account_worker,104,5270000000,8720000000,0,859610
7350090263723177,thread,1,trader_callback,94,2610000000,12110000000,0,320
7350090263723177,thread,1,trace_writer,95,2320000000,12370000000,2,117
7350090263723177,thread,1,latency_writer,96,2500000000,11400000000,0,760485
7350090263723177,thread,2,account_worker,105,5740000000,8940000000,1,271
7350090263723177,thread,2,trader_callback,97,2790000000,11920000000,0,138
7350090263723177,thread,2,trace_writer,98,1920000000,8980000000,2,3838859
7350090263723177,thread,2,latency_writer,99,2270000000,10790000000,1,2079070
7350090263723177,thread,3,account_worker,106,4780000000,7920000000,0,2208500
7350090263723177,thread,3,trader_callback,100,1760000000,7910000000,0,5506030
7350090263723177,thread,3,trace_writer,101,2780000000,11910000000,0,513
7350090263723177,thread,3,latency_writer,102,2950000000,11600000000,0,101602
7350090366009199,process,-1,process,90,50060000000,167960000000,14496,10
7350090366009199,thread,-1,producer,90,10000000,110000000,14496,10
7350090366009199,thread,-1,sampler,107,20000000,50000000,147,0
7350090366009199,thread,0,account_worker,103,5200000000,8620000000,0,1288877
7350090366009199,thread,0,trader_callback,91,2540000000,12300000000,1,68
7350090366009199,thread,0,trace_writer,92,1730000000,9080000000,1,4206832
7350090366009199,thread,0,latency_writer,93,2520000000,12310000000,0,885
7350090366009199,thread,1,account_worker,104,5310000000,8780000000,0,859610
7350090366009199,thread,1,trader_callback,94,2620000000,12200000000,0,320
7350090366009199,thread,1,trace_writer,95,2330000000,12450000000,2,118
7350090366009199,thread,1,latency_writer,96,2520000000,11490000000,0,760485
7350090366009199,thread,2,account_worker,105,5770000000,9010000000,1,277
7350090366009199,thread,2,trader_callback,97,2800000000,12010000000,0,138
7350090366009199,thread,2,trace_writer,98,1930000000,9020000000,2,3920175
7350090366009199,thread,2,latency_writer,99,2290000000,10870000000,1,2079079
7350090366009199,thread,3,account_worker,106,4810000000,7990000000,0,2208500
7350090366009199,thread,3,trader_callback,100,1770000000,7940000000,0,5587180
7350090366009199,thread,3,trace_writer,101,2800000000,11990000000,0,516
7350090366009199,thread,3,latency_writer,102,2970000000,11670000000,0,101602
7350090467644731,process,-1,process,90,50430000000,169110000000,14598,10
7350090467644731,thread,-1,producer,90,10000000,110000000,14598,10
7350090467644731,thread,-1,sampler,107,20000000,50000000,148,0
7350090467644731,thread,0,account_worker,103,5230000000,8690000000,0,1288877
7350090467644731,thread,0,trader_callback,91,2570000000,12370000000,1,68
7350090467644731,thread,0,trace_writer,92,1750000000,9160000000,1,4206838
7350090467644731,thread,0,latency_writer,93,2540000000,12390000000,0,891
7350090467644731,thread,1,account_worker,104,5360000000,8840000000,0,859610
7350090467644731,thread,1,trader_callback,94,2640000000,12290000000,0,320
7350090467644731,thread,1,trace_writer,95,2360000000,12530000000,2,121
7350090467644731,thread,1,latency_writer,96,2540000000,11570000000,0,760488
7350090467644731,thread,2,account_worker,105,5830000000,9060000000,1,280
7350090467644731,thread,2,trader_callback,97,2810000000,12100000000,0,140
7350090467644731,thread,2,trace_writer,98,1950000000,9060000000,2,4010618
7350090467644731,thread,2,latency_writer,99,2300000000,10960000000,1,2079081
7350090467644731,thread,3,account_worker,106,4850000000,8050000000,0,2208500
7350090467644731,thread,3,trader_callback,100,1780000000,7980000000,0,5677632
7350090467644731,thread,3,trace_writer,101,2820000000,12070000000,0,519
7350090467644731,thread,3,latency_writer,102,2980000000,11760000000,0,101603
7350090570392115,process,-1,process,90,50770000000,170310000000,14701,10
7350090570392115,thread,-1,producer,90,10000000,110000000,14701,10
7350090570392115,thread,-1,sampler,107,20000000,50000000,149,0
7350090570392115,thread,0,account_worker,103,5270000000,8750000000,0,1288880
7350090570392115,thread,0,trader_callback,91,2590000000,12450000000,1,68
7350090570392115,thread,0,trace_writer,92,1750000000,9250000000,1,4206854
7350090570392115,thread,0,latency_writer,93,2570000000,12460000000,0,897
7350090570392115,thread,1,account_worker,104,5390000000,8900000000,0,859612
7350090570392115,thread,1,trader_callback,94,2670000000,12360000000,0,320
7350090570392115,thread,1,trace_writer,95,2380000000,12610000000,2,122
7350090570392115,thread,1,latency_writer,96,2550000000,11660000000,0,760488
7350090570392115,thread,2,account_worker,105,5860000000,9130000000,1,283
7350090570392115,thread,2,trader_callback,97,2820000000,12200000000,0,141
7350090570392115,thread,2,trace_writer,98,1950000000,9100000000,2,4102382
7350090570392115,thread,2,latency_writer,99,2330000000,11040000000,1,2079084
7350090570392115,thread,3,account_worker,106,4880000000,8130000000,0,2208500
7350090570392115,thread,3,trader_callback,100,1790000000,8030000000,0,5769381
7350090570392115,thread,3,trace_writer,101,2840000000,12150000000,0,525
7350090570392115,thread,3,latency_writer,102,2990000000,11860000000,0,101604
7350090670930365,process,-1,process,90,51110000000,171480000000,14799,10
7350090670930365,thread,-1,producer,90,10000000,110000000,14799,10
7350090670930365,thread,-1,sampler,107,20000000,50000000,150,0
7350090670930365,thread,0,account_worker,103,5310000000,8810000000,0,1288883
7350090670930365,thread,0,trader_callback,91,2600000000,12550000000,1,68
7350090670930365,thread,0,trace_writer,92,1770000000,9330000000,1,4206862
7350090670930365,thread,0,latency_writer,93,2580000000,12550000000,0,906
7350090670930365,thread,1,account_worker,104,5430000000,8960000000,0,859612
7350090670930365,thread,1,trader_callback,94,2690000000,12440000000,0,320
7350090670930365,thread,1,trace_writer,95,2390000000,12690000000,2,122
7350090670930365,thread,1,latency_writer,96,2590000000,11730000000,0,760488
7350090670930365,thread,2,account_worker,105,5890000000,9200000000,1,286
7350090670930365,thread,2,trader_callback,97,2830000000,12280000000,0,141
7350090670930365,thread,2,trace_writer,98,1960000000,9150000000,2,4190821
7350090670930365,thread,2,latency_writer,99,2340000000,11120000000,1,2079086
7350090670930365,thread,3,account_worker,106,4920000000,8190000000,0,2208500
7350090670930365,thread,3,trader_callback,100,1790000000,8070000000,0,5857817
7350090670930365,thread,3,trace_writer,101,2870000000,12230000000,0,528
7350090670930365,thread,3,latency_writer,102,3010000000,11950000000,0,101604
7350090771479091,process,-1,process,90,51440000000,172650000000,14900,10
7350090771479091,thread,-1,producer,90,10000000,110000000,14900,10
7350090771479091,thread,-1,sampler,107,20000000,50000000,151,0
7350090771479091,thread,0,account_worker,103,5350000000,8870000000,0,1288883
7350090771479091,thread,0,trader_callback,91,2610000000,12640000000,1,68
7350090771479091,thread,0,trace_writer,92,1790000000,9420000000,1,4206864
7350090771479091,thread,0,latency_writer,93,2590000000,12630000000,0,915
7350090771479091,thread,1,account_worker,104,5470000000,9020000000,0,859612
7350090771479091,thread,1,trader_callback,94,2720000000,12520000000,0,320
7350090771479091,thread,1,trace_writer,95,2410000000,12780000000,2,122
7350090771479091,thread,1,latency_writer,96,2600000000,11810000000,0,760495
7350090771479091,thread,2,account_worker,105,5920000000,9270000000,1,289
7350090771479091,thread,2,trader_callback,97,2850000000,12370000000,0,142
7350090771479091,thread,2,trace_writer,98,1960000000,9190000000,2,4278521
7350090771479091,thread,2,latency_writer,99,2370000000,11190000000,1,2079088
7350090771479091,thread,3,account_worker,106,4960000000,8250000000,0,2208500
7350090771479091,thread,3,trader_callback,100,1800000000,8110000000,0,5945518
7350090771479091,thread,3,trace_writer,101,2870000000,12320000000,0,534
7350090771479091,thread,3,latency_writer,102,3030000000,12020000000,0,101604
7350090872084030,process,-1,process,90,51780000000,173820000000,14990,10
7350090872084030,thread,-1,producer,90,10000000,110000000,14990,10
7350090872084030,thread,-1,sampler,107,20000000,50000000,152,0
7350090872084030,thread,0,account_worker,103,5390000000,8940000000,0,1288883
7350090872084030,thread,0,trader_callback,91,2630000000,12710000000,1,69
7350090872084030,thread,0,trace_writer,92,1800000000,9500000000,1,4206868
7350090872084030,thread,0,latency_writer,93,2630000000,12700000000,0,921
7350090872084030,thread,1,account_worker,104,5500000000,9100000000,0,859616
7350090872084030,thread,1,trader_callback,94,2750000000,12590000000,0,320
7350090872084030,thread,1,trace_writer,95,2420000000,12870000000,2,129
7350090872084030,thread,1,latency_writer,96,2610000000,11900000000,0,760495
7350090872084030,thread,2,account_worker,105,5960000000,9340000000,1,292
7350090872084030,thread,2,trader_callback,97,2860000000,12460000000,0,143
7350090872084030,thread,2,trace_writer,98,1970000000,9230000000,2,4366712
7350090872084030,thread,2,latency_writer,99,2380000000,11280000000,1,2079091
7350090872084030,thread,3,account_worker,106,5000000000,8310000000,0,2208500
7350090872084030,thread,3,trader_callback,100,1830000000,8140000000,0,6033708
7350090872084030,thread,3,trace_writer,101,2880000000,12420000000,0,540
7350090872084030,thread,3,latency_writer,102,3040000000,12110000000,0,101605
7350090972631424,process,-1,process,90,52130000000,174970000000,15091,10
7350090972631424,thread,-1,producer,90,10000000,110000000,15091,10
7350090972631424,thread,-1,sampler,107,20000000,50000000,153,0
7350090972631424,thread,0,account_worker,103,5420000000,9010000000,0,1288883
7350090972631424,thread,0,trader_callback,91,2650000000,12790000000,1,69
7350090972631424,thread,0,trace_writer,92,1830000000,9570000000,1,4206870
7350090972631424,thread,0,latency_writer,93,2650000000,12780000000,0,930
7350090972631424,thread,1,account_worker,104,5540000000,9160000000,0,859616
7350090972631424,thread,1,trader_callback,94,2760000000,12670000000,0,320
7350090972631424,thread,1,trace_writer,95,2430000000,12950000000,2,229
7350090972631424,thread,1,latency_writer,96,2630000000,11980000000,0,760495
7350090972631424,thread,2,account_worker,105,5980000000,9410000000,1,295
7350090972631424,thread,2,trader_callback,97,2870000000,12550000000,0,146
7350090972631424,thread,2,trace_writer,98,1980000000,9280000000,2,4454393
7350090972631424,thread,2,latency_writer,99,2390000000,11370000000,1,2079097
7350090972631424,thread,3,account_worker,106,5060000000,8360000000,0,2208500
7350090972631424,thread,3,trader_callback,100,1840000000,8180000000,0,6121383
7350090972631424,thread,3,trace_writer,101,2900000000,12490000000,0,544
7350090972631424,thread,3,latency_writer,102,3060000000,12200000000,0,101605
7350091073154832,process,-1,process,90,52480000000,176130000000,15191,10
7350091073154832,thread,-1,producer,90,10000000,110000000,15191,10
7350091073154832,thread,-1,sampler,107,20000000,50000000,154,0
7350091073154832,thread,0,account_worker,103,5450000000,9070000000,0,1288884
7350091073154832,thread,0,trader_callback,91,2670000000,12880000000,1,69
7350091073154832,thread,0,trace_writer,92,1840000000,9660000000,1,4206873
7350091073154832,thread,0,latency_writer,93,2660000000,12870000000,0,940
7350091073154832,thread,1,account_worker,104,5580000000,9220000000,0,859617
7350091073154832,thread,1,trader_callback,94,2790000000,12740000000,0,321
7350091073154832,thread,1,trace_writer,95,2460000000,13030000000,2,331
7350091073154832,thread,1,latency_writer,96,2650000000,12070000000,0,760496
7350091073154832,thread,2,account_worker,105,6030000000,9470000000,1,296
7350091073154832,thread,2,trader_callback,97,2890000000,12630000000,0,147
7350091073154832,thread,2,trace_writer,98,1990000000,9320000000,2,4542407
7350091073154832,thread,2,latency_writer,99,2420000000,11440000000,1,2079103
7350091073154832,thread,3,account_worker,106,5090000000,8430000000,0,2208501
7350091073154832,thread,3,trader_callback,100,1850000000,8220000000,0,6209396
7350091073154832,thread,3,trace_writer,101,2920000000,12570000000,0,544
7350091073154832,thread,3,latency_writer,102,3070000000,12280000000,0,101605
7350091173673815,process,-1,process,90,52830000000,177350000000,15292,10
7350091173673815,thread,-1,producer,90,10000000,110000000,15292,10
7350091173673815,thread,-1,sampler,107,20000000,50000000,155,0
7350091173673815,thread,0,account_worker,103,5510000000,9120000000,0,1288884
7350091173673815,thread,0,trader_callback,91,2680000000,12970000000,1,69
7350091173673815,thread,0,trace_writer,92,1860000000,9740000000,1,4206877
7350091173673815,thread,0,latency_writer,93,2680000000,12950000000,0,949
7350091173673815,thread,1,account_worker,104,5600000000,9300000000,0,859617
7350091173673815,thread,1,trader_callback,94,2810000000,12820000000,0,321
7350091173673815,thread,1,trace_writer,95,2470000000,13110000000,2,434
7350091173673815,thread,1,latency_writer,96,2670000000,12150000000,0,760499
7350091173673815,thread,2,account_worker,105,6060000000,9540000000,1,299
7350091173673815,thread,2,trader_callback,97,2900000000,12720000000,0,148
7350091173673815,thread,2,trace_writer,98,2020000000,9370000000,2,4575355
7350091173673815,thread,2,latency_writer,99,2420000000,11540000000,1,2079114
7350091173673815,thread,3,account_worker,106,5120000000,8490000000,0,2208501
7350091173673815,thread,3,trader_callback,100,1860000000,8290000000,0,6242291
7350091173673815,thread,3,trace_writer,101,2950000000,12650000000,0,544
7350091173673815,thread,3,latency_writer,102,3090000000,12370000000,0,101607
7350091274193890,process,-1,process,90,53230000000,178550000000,15392,10
7350091274193890,thread,-1,producer,90,10000000,110000000,15392,10
7350091274193890,thread,-1,sampler,107,20000000,50000000,156,0
7350091274193890,thread,0,account_worker,103,5560000000,9170000000,0,1288884
7350091274193890,thread,0,trader_callback,91,2700000000,13050000000,1,69
7350091274193890,thread,0,trace_writer,92,1880000000,9820000000,1,4206880
7350091274193890,thread,0,latency_writer,93,2710000000,13020000000,0,955
7350091274193890,thread,1,account_worker,104,5640000000,9360000000,0,859618
7350091274193890,thread,1,trader_callback,94,2830000000,12910000000,0,321
7350091274193890,thread,1,trace_writer,95,2490000000,13190000000,2,537
7350091274193890,thread,1,latency_writer,96,2690000000,12230000000,0,760499
7350091274193890,thread,2,account_worker,105,6100000000,9590000000,1,300
7350091274193890,thread,2,trader_callback,97,2920000000,12800000000,0,149
7350091274193890,thread,2,trace_writer,98,2040000000,9450000000,2,4575358
7350091274193890,thread,2,latency_writer,99,2450000000,11610000000,1,2079118
7350091274193890,thread,3,account_worker,106,5150000000,8560000000,0,2208501
7350091274193890,thread,3,trader_callback,100,1870000000,8370000000,0,6242294
7350091274193890,thread,3,trace_writer,101,2960000000,12730000000,0,547
7350091274193890,thread,3,latency_writer,102,3100000000,12460000000,0,101607
7350091374717221,process,-1,process,90,53670000000,179720000000,15493,10
7350091374717221,thread,-1,producer,90,10000000,110000000,15493,10
7350091374717221,thread,-1,sampler,107,20000000,50000000,157,0
7350091374717221,thread,0,account_worker,103,5620000000,9210000000,0,1288884
7350091374717221,thread,0,trader_callback,91,2720000000,13130000000,1,69
7350091374717221,thread,0,trace_writer,92,1890000000,9900000000,1,4206885
7350091374717221,thread,0,latency_writer,93,2730000000,13100000000,0,965
7350091374717221,thread,1,account_worker,104,5690000000,9410000000,0,859619
7350091374717221,thread,1,trader_callback,94,2850000000,12980000000,0,321
7350091374717221,thread,1,trace_writer,95,2530000000,13260000000,2,640
7350091374717221,thread,1,latency_writer,96,2710000000,12300000000,0,760499
7350091374717221,thread,2,account_worker,105,6130000000,9670000000,1,303
7350091374717221,thread,2,trader_callback,97,2950000000,12870000000,0,150
7350091374717221,thread,2,trace_writer,98,2060000000,9530000000,2,4575361
7350091374717221,thread,2,latency_writer,99,2470000000,11690000000,1,2079122
7350091374717221,thread,3,account_worker,106,5200000000,8610000000,0,2208501
7350091374717221,thread,3,trader_callback,100,1880000000,8470000000,0,6242297
7350091374717221,thread,3,trace_writer,101,2990000000,12810000000,0,550
7350091374717221,thread,3,latency_writer,102,3110000000,12550000000,0,101607
7350091475278490,process,-1,process,90,54030000000,180890000000,15592,10
7350091475278490,thread,-1,producer,90,10000000,110000000,15592,10
7350091475278490,thread,-1,sampler,107,20000000,50000000,158,0
7350091475278490,thread,0,account_worker,103,5650000000,9280000000,0,1288884
7350091475278490,thread,0,trader_callback,91,2740000000,13180000000,1,53736
7350091475278490,thread,0,trace_writer,92,1900000000,10000000000,1,4206889
7350091475278490,thread,0,latency_writer,93,2740000000,13190000000,0,982
7350091475278490,thread,1,account_worker,104,5730000000,9470000000,0,859619
7350091475278490,thread,1,trader_callback,94,2870000000,13060000000,0,321
7350091475278490,thread,1,trace_writer,95,2550000000,13340000000,2,681
7350091475278490,thread,1,latency_writer,96,2740000000,12380000000,0,760500
7350091475278490,thread,2,account_worker,105,6170000000,9730000000,1,303
7350091475278490,thread,2,trader_callback,97,2970000000,12940000000,0,152
7350091475278490,thread,2,trace_writer,98,2080000000,9610000000,2,4575361
7350091475278490,thread,2,latency_writer,99,2500000000,11720000000,1,2132992
7350091475278490,thread,3,account_worker,106,5230000000,8680000000,0,2208502
7350091475278490,thread,3,trader_callback,100,1880000000,8560000000,0,6242299
7350091475278490,thread,3,trace_writer,101,3010000000,12890000000,0,553
7350091475278490,thread,3,latency_writer,102,3130000000,12620000000,0,101607
7350091575811442,process,-1,process,90,54430000000,182060000000,15693,10
7350091575811442,thread,-1,producer,90,10000000,110000000,15693,10
7350091575811442,thread,-1,sampler,107,20000000,50000000,159,0
7350091575811442,thread,0,account_worker,103,5700000000,9340000000,0,1288884
7350091575811442,thread,0,trader_callback,91,2750000000,13250000000,1,83329
7350091575811442,thread,0,trace_writer,92,1920000000,10070000000,1,4206896
7350091575811442,thread,0,latency_writer,93,2760000000,13270000000,0,985
7350091575811442,thread,1,account_worker,104,5760000000,9540000000,0,859619
7350091575811442,thread,1,trader_callback,94,2880000000,13150000000,0,321
7350091575811442,thread,1,trace_writer,95,2570000000,13410000000,2,686
7350091575811442,thread,1,latency_writer,96,2760000000,12460000000,0,760503
7350091575811442,thread,2,account_worker,105,6220000000,9780000000,1,306
7350091575811442,thread,2,trader_callback,97,3000000000,13020000000,0,154
7350091575811442,thread,2,trace_writer,98,2110000000,9680000000,2,4575368
7350091575811442,thread,2,latency_writer,99,2520000000,11790000000,1,2162459
7350091575811442,thread,3,account_worker,106,5280000000,8740000000,0,2208503
7350091575811442,thread,3,trader_callback,100,1900000000,8640000000,0,6242300
7350091575811442,thread,3,trace_writer,101,3020000000,12980000000,0,557
7350091575811442,thread,3,latency_writer,102,3150000000,12700000000,0,101607
7350091676343606,process,-1,process,90,54820000000,183280000000,15794,10
7350091676343606,thread,-1,producer,90,10000000,110000000,15794,10
7350091676343606,thread,-1,sampler,107,20000000,50000000,160,0
7350091676343606,thread,0,account_worker,103,5720000000,9410000000,0,1288884
7350091676343606,thread,0,trader_callback,91,2780000000,13320000000,1,83330
7350091676343606,thread,0,trace_writer,92,1940000000,10150000000,1,4206900
7350091676343606,thread,0,latency_writer,93,2780000000,13350000000,0,997
7350091676343606,thread,1,account_worker,104,5810000000,9590000000,0,859619
7350091676343606,thread,1,trader_callback,94,2900000000,13240000000,0,321
7350091676343606,thread,1,trace_writer,95,2590000000,13500000000,2,689
7350091676343606,thread,1,latency_writer,96,2780000000,12540000000,0,760504
7350091676343606,thread,2,account_worker,105,6270000000,9830000000,1,309
7350091676343606,thread,2,trader_callback,97,3030000000,13090000000,0,155
7350091676343606,thread,2,trace_writer,98,2130000000,9760000000,2,4575371
7350091676343606,thread,2,latency_writer,99,2530000000,11880000000,1,2162565
7350091676343606,thread,3,account_worker,106,5310000000,8800000000,0,2208503
7350091676343606,thread,3,trader_callback,100,1920000000,8720000000,0,6242301
7350091676343606,thread,3,trace_writer,101,3030000000,13070000000,0,557
7350091676343606,thread,3,latency_writer,102,3180000000,12780000000,0,101607
7350091776964284,process,-1,process,90,55150000000,184450000000,15889,11
7350091776964284,thread,-1,producer,90,10000000,110000000,15889,11
7350091776964284,thread,-1,sampler,107,20000000,50000000,161,1
7350091776964284,thread,0,account_worker,103,5760000000,9470000000,0,1288884
7350091776964284,thread,0,trader_callback,91,2800000000,13400000000,1,83330
7350091776964284,thread,0,trace_writer,92,1950000000,10200000000,1,4279134
7350091776964284,thread,0,latency_writer,93,2800000000,13430000000,0,1009
7350091776964284,thread,1,account_worker,104,5850000000,9650000000,1,859619
7350091776964284,thread,1,trader_callback,94,2910000000,13330000000,0,322
7350091776964284,thread,1,trace_writer,95,2610000000,13560000000,2,2191
7350091776964284,thread,1,latency_writer,96,2790000000,12590000000,0,832843
7350091776964284,thread,2,account_worker,105,6300000000,9890000000,1,312
7350091776964284,thread,2,trader_callback,97,3030000000,13190000000,0,156
7350091776964284,thread,2,trace_writer,98,2140000000,9850000000,2,4575374
7350091776964284,thread,2,latency_writer,99,2550000000,11960000000,1,2164120
7350091776964284,thread,3,account_worker,106,5360000000,8860000000,1,2208506
7350091776964284,thread,3,trader_callback,100,1940000000,8810000000,0,6242301
7350091776964284,thread,3,trace_writer,101,3040000000,13160000000,0,563
7350091776964284,thread,3,latency_writer,102,3190000000,12860000000,0,101607
7350091877585870,process,-1,process,90,55420000000,185430000000,15990,11
7350091877585870,thread,-1,producer,90,10000000,110000000,15990,11
7350091877585870,thread,-1,sampler,107,20000000,50000000,162,1
7350091877585870,thread,0,account_worker,103,5790000000,9540000000,0,1288901
7350091877585870,thread,0,trader_callback,91,2820000000,13480000000,1,83346
7350091877585870,thread,0,trace_writer,92,1950000000,10250000000,1,4362332
7350091877585870,thread,0,latency_writer,93,2820000000,13510000000,0,1035
7350091877585870,thread,1,account_worker,104,5860000000,9700000000,1,885848
7350091877585870,thread,1,trader_callback,94,2930000000,13400000000,0,338
7350091877585870,thread,1,trace_writer,95,2620000000,13600000000,2,74044
7350091877585870,thread,1,latency_writer,96,2800000000,12630000000,0,916022
7350091877585870,thread,2,account_worker,105,6310000000,9940000000,1,70719
7350091877585870,thread,2,trader_callback,97,3070000000,13250000000,0,172
7350091877585870,thread,2,trace_writer,98,2140000000,9950000000,2,4575393
7350091877585870,thread,2,latency_writer,99,2550000000,11990000000,1,2216641
7350091877585870,thread,3,account_worker,106,5360000000,8890000000,1,2245564
7350091877585870,thread,3,trader_callback,100,1970000000,8880000000,0,6242318
7350091877585870,thread,3,trace_writer,101,3050000000,13250000000,0,582
7350091877585870,thread,3,latency_writer,102,3210000000,12950000000,0,101623
7350091978132584,process,-1,process,90,55640000000,186410000000,16090,11
7350091978132584,thread,-1,producer,90,10000000,110000000,16090,11
7350091978132584,thread,-1,sampler,107,20000000,60000000,163,1
7350091978132584,thread,0,account_worker,103,5820000000,9610000000,0,1288901
7350091978132584,thread,0,trader_callback,91,2840000000,13560000000,1,83347
7350091978132584,thread,0,trace_writer,92,1950000000,10300000000,1,4447249
7350091978132584,thread,0,latency_writer,93,2830000000,13600000000,0,1044
7350091978132584,thread,1,account_worker,104,5870000000,9730000000,1,925929
7350091978132584,thread,1,trader_callback,94,2950000000,13480000000,0,338
7350091978132584,thread,1,trace_writer,95,2640000000,13640000000,2,142626
7350091978132584,thread,1,latency_writer,96,2810000000,12670000000,0,1000925
7350091978132584,thread,2,account_worker,105,6320000000,9980000000,1,139274
7350091978132584,thread,2,trader_callback,97,3100000000,13320000000,0,173
7350091978132584,thread,2,trace_writer,98,2170000000,10020000000,2,4575393
7350091978132584,thread,2,latency_writer,99,2550000000,12020000000,1,2270038
7350091978132584,thread,3,account_worker,106,5370000000,8910000000,1,2285379
7350091978132584,thread,3,trader_callback,100,1980000000,8970000000,0,6242322
7350091978132584,thread,3,trace_writer,101,3060000000,13340000000,0,588
7350091978132584,thread,3,latency_writer,102,3230000000,13020000000,0,101623
7350092078656821,process,-1,process,90,55870000000,187390000000,16191,11
7350092078656821,thread,-1,producer,90,10000000,110000000,16191,11
7350092078656821,thread,-1,sampler,107,20000000,60000000,164,1
7350092078656821,thread,0,account_worker,103,5850000000,9680000000,0,1288902
7350092078656821,thread,0,trader_callback,91,2880000000,13620000000,1,83347
7350092078656821,thread,0,trace_writer,92,1950000000,10350000000,1,4533677
7350092078656821,thread,0,latency_writer,93,2840000000,13690000000,0,1048
7350092078656821,thread,1,account_worker,104,5880000000,9750000000,1,967159
7350092078656821,thread,1,trader_callback,94,2970000000,13570000000,0,339
7350092078656821,thread,1,trace_writer,95,2650000000,13670000000,2,211869
7350092078656821,thread,1,latency_writer,96,2820000000,12710000000,0,1087375
7350092078656821,thread,2,account_worker,105,6330000000,10020000000,1,208549
7350092078656821,thread,2,trader_callback,97,3110000000,13410000000,0,174
7350092078656821,thread,2,trace_writer,98,2190000000,10100000000,2,4575397
7350092078656821,thread,2,latency_writer,99,2560000000,12050000000,1,2324656
7350092078656821,thread,3,account_worker,106,5390000000,8930000000,1,2326265
7350092078656821,thread,3,trader_callback,100,1980000000,9060000000,0,6242322
7350092078656821,thread,3,trace_writer,101,3070000000,13430000000,0,596
7350092078656821,thread,3,latency_writer,102,3250000000,13110000000,0,101623
7350092179187522,process,-1,process,90,56070000000,188390000000,16291,11
7350092179187522,thread,-1,producer,90,10000000,110000000,16291,11
7350092179187522,thread,-1,sampler,107,20000000,60000000,165,1
7350092179187522,thread,0,account_worker,103,5870000000,9760000000,0,1288902
7350092179187522,thread,0,trader_callback,91,2890000000,13720000000,1,83348
7350092179187522,thread,0,trace_writer,92,1960000000,10400000000,1,4620737
7350092179187522,thread,0,latency_writer,93,2860000000,13770000000,0,1057
7350092179187522,thread,1,account_worker,104,5900000000,9770000000,1,1008716
7350092179187522,thread,1,trader_callback,94,2980000000,13660000000,0,340
7350092179187522,thread,1,trace_writer,95,2660000000,13710000000,2,275963
7350092179187522,thread,1,latency_writer,96,2830000000,12750000000,0,1174430
7350092179187522,thread,2,account_worker,105,6350000000,10050000000,1,272641
7350092179187522,thread,2,trader_callback,97,3120000000,13500000000,0,174
7350092179187522,thread,2,trace_writer,98,2200000000,10190000000,2,4575398
7350092179187522,thread,2,latency_writer,99,2560000000,12080000000,1,2379613
7350092179187522,thread,3,account_worker,106,5390000000,8960000000,1,2367466
7350092179187522,thread,3,trader_callback,100,2000000000,9140000000,0,6242323
7350092179187522,thread,3,trace_writer,101,3090000000,13510000000,0,599
7350092179187522,thread,3,latency_writer,102,3280000000,13180000000,0,101624
7350092279690620,process,-1,process,90,56310000000,189380000000,16392,11
7350092279690620,thread,-1,producer,90,10000000,110000000,16392,11
7350092279690620,thread,-1,sampler,107,20000000,60000000,166,1
7350092279690620,thread,0,account_worker,103,5910000000,9820000000,0,1288902
7350092279690620,thread,0,trader_callback,91,2900000000,13810000000,1,83348
7350092279690620,thread,0,trace_writer,92,1960000000,10440000000,1,4705825
7350092279690620,thread,0,latency_writer,93,2910000000,13830000000,0,1060
7350092279690620,thread,1,account_worker,104,5900000000,9800000000,1,1059859
7350092279690620,thread,1,trader_callback,94,2990000000,13750000000,0,340
7350092279690620,thread,1,trace_writer,95,2670000000,13750000000,2,344813
7350092279690620,thread,1,latency_writer,96,2840000000,12790000000,0,1259510
7350092279690620,thread,2,account_worker,105,6360000000,10090000000,1,341491
7350092279690620,thread,2,trader_callback,97,3130000000,13590000000,0,174
7350092279690620,thread,2,trace_writer,98,2210000000,10290000000,2,4575404
7350092279690620,thread,2,latency_writer,99,2560000000,12120000000,1,2440043
7350092279690620,thread,3,account_worker,106,5430000000,8970000000,1,2394904
7350092279690620,thread,3,trader_callback,100,2010000000,9230000000,0,6242323
7350092279690620,thread,3,trace_writer,101,3100000000,13600000000,0,599
7350092279690620,thread,3,latency_writer,102,3300000000,13250000000,0,101624
7350092380299313,process,-1,process,90,56560000000,190390000000,16493,11
7350092380299313,thread,-1,producer,90,10000000,110000000,16493,11
7350092380299313,thread,-1,sampler,107,20000000,60000000,167,1
7350092380299313,thread,0,account_worker,103,5960000000,9870000000,0,1288902
7350092380299313,thread,0,trader_callback,91,2910000000,13890000000,1,83348
7350092380299313,thread,0,trace_writer,92,1960000000,10490000000,1,4791885
7350092380299313,thread,0,latency_writer,93,2930000000,13910000000,0,1063
7350092380299313,thread,1,account_worker,104,5920000000,9830000000,1,1128164
7350092380299313,thread,1,trader_callback,94,3010000000,13830000000,0,340
7350092380299313,thread,1,trace_writer,95,2670000000,13800000000,2,414238
7350092380299313,thread,1,latency_writer,96,2850000000,12830000000,0,1345579
7350092380299313,thread,2,account_worker,105,6370000000,10130000000,1,410915
7350092380299313,thread,2,trader_callback,97,3150000000,13670000000,0,175
7350092380299313,thread,2,trace_writer,98,2210000000,10380000000,2,4575405
7350092380299313,thread,2,latency_writer,99,2570000000,12160000000,1,2508348
7350092380299313,thread,3,account_worker,106,5460000000,9020000000,1,2433926
7350092380299313,thread,3,trader_callback,100,2020000000,9300000000,0,6281366
7350092380299313,thread,3,trace_writer,101,3120000000,13680000000,0,605
7350092380299313,thread,3,latency_writer,102,3320000000,13330000000,0,101625
7350092480814924,process,-1,process,90,56780000000,191380000000,16593,11
7350092480814924,thread,-1,producer,90,10000000,110000000,16593,11
7350092480814924,thread,-1,sampler,107,20000000,60000000,168,1
7350092480814924,thread,0,account_worker,103,5990000000,9950000000,0,1288902
7350092480814924,thread,0,trader_callback,91,2930000000,13980000000,1,83348
7350092480814924,thread,0,trace_writer,92,1970000000,10530000000,1,4879665
7350092480814924,thread,0,latency_writer,93,2950000000,13980000000,0,1063
7350092480814924,thread,1,account_worker,104,5930000000,9870000000,1,1197073
7350092480814924,thread,1,trader_callback,94,3020000000,13920000000,0,340
7350092480814924,thread,1,trace_writer,95,2680000000,13840000000,2,484598
7350092480814924,thread,1,latency_writer,96,2860000000,12870000000,0,1433357
7350092480814924,thread,2,account_worker,105,6380000000,10170000000,1,481262
7350092480814924,thread,2,trader_callback,97,3170000000,13760000000,0,175
7350092480814924,thread,2,trace_writer,98,2230000000,10470000000,2,4575405
7350092480814924,thread,2,latency_writer,99,2570000000,12210000000,1,2577258
7350092480814924,thread,3,account_worker,106,5470000000,9060000000,1,2503919
7350092480814924,thread,3,trader_callback,100,2020000000,9350000000,0,6351338
7350092480814924,thread,3,trace_writer,101,3140000000,13760000000,0,608
7350092480814924,thread,3,latency_writer,102,3340000000,13420000000,0,101625
7350092581325928,process,-1,process,90,57060000000,192310000000,16694,11
7350092581325928,thread,-1,producer,90,10000000,110000000,16694,11
7350092581325928,thread,-1,sampler,107,20000000,60000000,169,1
7350092581325928,thread,0,account_worker,103,6030000000,10000000000,0,1288902
7350092581325928,thread,0,trader_callback,91,2950000000,14050000000,1,83348
7350092581325928,thread,0,trace_writer,92,1970000000,10580000000,1,4965975
7350092581325928,thread,0,latency_writer,93,2970000000,14060000000,0,1072
7350092581325928,thread,1,account_worker,104,5950000000,9900000000,1,1262602
7350092581325928,thread,1,trader_callback,94,3030000000,14010000000,0,340
7350092581325928,thread,1,trace_writer,95,2680000000,13890000000,2,552596
7350092581325928,thread,1,latency_writer,96,2860000000,12910000000,0,1519673
7350092581325928,thread,2,account_worker,105,6390000000,10210000000,1,549251
7350092581325928,thread,2,trader_callback,97,3190000000,13840000000,0,176
7350092581325928,thread,2,trace_writer,98,2250000000,10550000000,2,4575405
7350092581325928,thread,2,latency_writer,99,2580000000,12250000000,1,2642787
7350092581325928,thread,3,account_worker,106,5490000000,9100000000,1,2564666
7350092581325928,thread,3,trader_callback,100,2040000000,9380000000,0,6412093
7350092581325928,thread,3,trace_writer,101,3160000000,13840000000,0,608
7350092581325928,thread,3,latency_writer,102,3380000000,13480000000,0,101626
7350092681900643,process,-1,process,90,57330000000,193230000000,16794,11
7350092681900643,thread,-1,producer,90,10000000,120000000,16794,11
7350092681900643,thread,-1,sampler,107,20000000,60000000,170,1
7350092681900643,thread,0,account_worker,103,6060000000,10080000000,0,1288902
7350092681900643,thread,0,trader_callback,91,2970000000,14140000000,1,83348
7350092681900643,thread,0,trace_writer,92,1990000000,10620000000,1,5049988
7350092681900643,thread,0,latency_writer,93,2990000000,14140000000,0,1075
7350092681900643,thread,1,account_worker,104,5950000000,9940000000,1,1321699
7350092681900643,thread,1,trader_callback,94,3060000000,14080000000,0,340
7350092681900643,thread,1,trace_writer,95,2690000000,13930000000,2,623370
7350092681900643,thread,1,latency_writer,96,2880000000,12940000000,0,1603682
7350092681900643,thread,2,account_worker,105,6410000000,10240000000,1,620043
7350092681900643,thread,2,trader_callback,97,3210000000,13910000000,0,176
7350092681900643,thread,2,trace_writer,98,2270000000,10630000000,2,4575408
7350092681900643,thread,2,latency_writer,99,2580000000,12290000000,1,2701886
7350092681900643,thread,3,account_worker,106,5510000000,9120000000,1,2630860
7350092681900643,thread,3,trader_callback,100,2060000000,9410000000,0,6478296
7350092681900643,thread,3,trace_writer,101,3170000000,13930000000,0,614
7350092681900643,thread,3,latency_writer,102,3400000000,13560000000,0,101626
7350092782453900,process,-1,process,90,57550000000,194220000000,16895,11
7350092782453900,thread,-1,producer,90,10000000,120000000,16895,11
7350092782453900,thread,-1,sampler,107,20000000,60000000,171,1
7350092782453900,thread,0,account_worker,103,6090000000,10150000000,0,1288902
7350092782453900,thread,0,trader_callback,91,2980000000,14230000000,1,83348
7350092782453900,thread,0,trace_writer,92,1990000000,10660000000,1,5132907
7350092782453900,thread,0,latency_writer,93,3020000000,14220000000,0,1078
7350092782453900,thread,1,account_worker,104,5970000000,9970000000,1,1387182
7350092782453900,thread,1,trader_callback,94,3090000000,14160000000,0,340
7350092782453900,thread,1,trace_writer,95,2710000000,13960000000,2,691354
7350092782453900,thread,1,latency_writer,96,2900000000,12980000000,0,1686602
7350092782453900,thread,2,account_worker,105,6420000000,10280000000,1,688030
7350092782453900,thread,2,trader_callback,97,3230000000,14000000000,0,177
7350092782453900,thread,2,trace_writer,98,2270000000,10730000000,2,4575414
7350092782453900,thread,2,latency_writer,99,2590000000,12330000000,1,2767370
7350092782453900,thread,3,account_worker,106,5520000000,9160000000,1,2699772
7350092782453900,thread,3,trader_callback,100,2060000000,9460000000,0,6547207
7350092782453900,thread,3,trace_writer,101,3190000000,14010000000,0,620
7350092782453900,thread,3,latency_writer,102,3400000000,13660000000,0,101626
7350092882985390,process,-1,process,90,57830000000,195200000000,16995,11
7350092882985390,thread,-1,producer,90,10000000,120000000,16995,11
7350092882985390,thread,-1,sampler,107,30000000,60000000,172,1
7350092882985390,thread,0,account_worker,103,6120000000,10220000000,0,1288903
7350092882985390,thread,0,trader_callback,91,3010000000,14300000000,1,83351
7350092882985390,thread,0,trace_writer,92,2000000000,10710000000,1,5216008
7350092882985390,thread,0,latency_writer,93,3030000000,14310000000,0,1079
7350092882985390,thread,1,account_worker,104,5990000000,10020000000,1,1431376
7350092882985390,thread,1,trader_callback,94,3110000000,14230000000,0,341
7350092882985390,thread,1,trace_writer,95,2730000000,13990000000,2,756529
7350092882985390,thread,1,latency_writer,96,2910000000,13020000000,0,1769696
7350092882985390,thread,2,account_worker,105,6440000000,10310000000,1,753201
7350092882985390,thread,2,trader_callback,97,3240000000,14090000000,0,180
7350092882985390,thread,2,trace_writer,98,2280000000,10810000000,2,4575415
7350092882985390,thread,2,latency_writer,99,2600000000,12390000000,1,2811566
7350092882985390,thread,3,account_worker,106,5540000000,9210000000,1,2745091
7350092882985390,thread,3,trader_callback,100,2080000000,9500000000,0,6592509
7350092882985390,thread,3,trace_writer,101,3210000000,14090000000,0,624
7350092882985390,thread,3,latency_writer,102,3420000000,13750000000,0,101628
7350092983536073,process,-1,process,90,58130000000,196230000000,17096,11
7350092983536073,thread,-1,producer,90,10000000,120000000,17096,11
7350092983536073,thread,-1,sampler,107,30000000,60000000,173,1
7350092983536073,thread,0,account_worker,103,6150000000,10290000000,0,1288903
7350092983536073,thread,0,trader_callback,91,3040000000,14370000000,1,83353
7350092983536073,thread,0,trace_writer,92,2000000000,10750000000,1,5303500
7350092983536073,thread,0,latency_writer,93,3060000000,14380000000,0,1088
7350092983536073,thread,1,account_worker,104,6020000000,10090000000,1,1431378
7350092983536073,thread,1,trader_callback,94,3130000000,14310000000,0,341
7350092983536073,thread,1,trace_writer,95,2740000000,14040000000,2,826845
7350092983536073,thread,1,latency_writer,96,2920000000,13060000000,0,1857179
7350092983536073,thread,2,account_worker,105,6450000000,10360000000,1,823514
7350092983536073,thread,2,trader_callback,97,3240000000,14180000000,0,180
7350092983536073,thread,2,trace_writer,98,2310000000,10890000000,2,4575415
7350092983536073,thread,2,latency_writer,99,2620000000,12470000000,1,2811571
7350092983536073,thread,3,account_worker,106,5570000000,9250000000,1,2802709
7350092983536073,thread,3,trader_callback,100,2090000000,9550000000,0,6650139
7350092983536073,thread,3,trace_writer,101,3240000000,14170000000,0,628
7350092983536073,thread,3,latency_writer,102,3440000000,13820000000,0,101628
7350093084017971,process,-1,process,90,58420000000,197250000000,17196,11
7350093084017971,thread,-1,producer,90,10000000,120000000,17196,11
7350093084017971,thread,-1,sampler,107,30000000,60000000,174,1
7350093084017971,thread,0,account_worker,103,6180000000,10360000000,0,1288904
7350093084017971,thread,0,trader_callback,91,3060000000,14440000000,1,83353
7350093084017971,thread,0,trace_writer,92,2010000000,10790000000,1,5387311
7350093084017971,thread,0,latency_writer,93,3090000000,14450000000,0,1092
7350093084017971,thread,1,account_worker,104,6050000000,10160000000,1,1431383
7350093084017971,thread,1,trader_callback,94,3150000000,14390000000,0,342
7350093084017971,thread,1,trace_writer,95,2750000000,14080000000,2,896772
7350093084017971,thread,1,latency_writer,96,2930000000,13100000000,0,1941002
7350093084017971,thread,2,account_worker,105,6460000000,10390000000,1,893446
7350093084017971,thread,2,trader_callback,97,3260000000,14270000000,0,181
7350093084017971,thread,2,trace_writer,98,2330000000,10970000000,2,4575415
7350093084017971,thread,2,latency_writer,99,2630000000,12560000000,1,2811575
7350093084017971,thread,3,account_worker,106,5580000000,9280000000,1,2871166
7350093084017971,thread,3,trader_callback,100,2090000000,9600000000,0,6718597
7350093084017971,thread,3,trace_writer,101,3270000000,14240000000,0,628
7350093084017971,thread,3,latency_writer,102,3460000000,13910000000,0,101629
7350093184573767,process,-1,process,90,58690000000,198290000000,17297,11
7350093184573767,thread,-1,producer,90,10000000,120000000,17297,11
7350093184573767,thread,-1,sampler,107,30000000,60000000,175,1
7350093184573767,thread,0,account_worker,103,6200000000,10440000000,0,1288904
7350093184573767,thread,0,trader_callback,91,3080000000,14530000000,1,83353
7350093184573767,thread,0,trace_writer,92,2010000000,10840000000,1,5471531
7350093184573767,thread,0,latency_writer,93,3110000000,14540000000,0,1095
7350093184573767,thread,1,account_worker,104,6090000000,10210000000,1,1431387
7350093184573767,thread,1,trader_callback,94,3190000000,14460000000,0,342
7350093184573767,thread,1,trace_writer,95,2750000000,14120000000,2,965602
7350093184573767,thread,1,latency_writer,96,2930000000,13150000000,0,2025225
7350093184573767,thread,2,account_worker,105,6460000000,10440000000,1,962278
7350093184573767,thread,2,trader_callback,97,3270000000,14360000000,0,184
7350093184573767,thread,2,trace_writer,98,2360000000,11040000000,2,4575416
7350093184573767,thread,2,latency_writer,99,2650000000,12630000000,1,2811584
7350093184573767,thread,3,account_worker,106,5600000000,9310000000,1,2939451
7350093184573767,thread,3,trader_callback,100,2100000000,9640000000,0,6786884
7350093184573767,thread,3,trace_writer,101,3290000000,14320000000,0,628
7350093184573767,thread,3,latency_writer,102,3470000000,14000000000,0,101629
7350093285113448,process,-1,process,90,58950000000,199320000000,17397,11
7350093285113448,thread,-1,producer,90,10000000,120000000,17397,11
7350093285113448,thread,-1,sampler,107,30000000,60000000,176,1
7350093285113448,thread,0,account_worker,103,6240000000,10500000000,0,1288904
7350093285113448,thread,0,trader_callback,91,3090000000,14620000000,1,83353
7350093285113448,thread,0,trace_writer,92,2020000000,10890000000,1,5554826
7350093285113448,thread,0,latency_writer,93,3120000000,14620000000,0,1098
7350093285113448,thread,1,account_worker,104,6140000000,10270000000,1,1431391
7350093285113448,thread,1,trader_callback,94,3200000000,14550000000,0,342
7350093285113448,thread,1,trace_writer,95,2760000000,14160000000,2,1032869
7350093285113448,thread,1,latency_writer,96,2940000000,13190000000,0,2108507
7350093285113448,thread,2,account_worker,105,6470000000,10480000000,1,1029541
7350093285113448,thread,2,trader_callback,97,3290000000,14440000000,0,184
7350093285113448,thread,2,trace_writer,98,2380000000,11120000000,2,4575419
7350093285113448,thread,2,latency_writer,99,2670000000,12720000000,1,2811589
7350093285113448,thread,3,account_worker,106,5610000000,9350000000,1,3001122
7350093285113448,thread,3,trader_callback,100,2100000000,9690000000,0,6848538
7350093285113448,thread,3,trace_writer,101,3310000000,14400000000,0,628
7350093285113448,thread,3,latency_writer,102,3490000000,14080000000,0,101629
7350093385613097,process,-1,process,90,59240000000,200340000000,17498,11
7350093385613097,thread,-1,producer,90,10000000,120000000,17498,11
7350093385613097,thread,-1,sampler,107,30000000,60000000,177,1
7350093385613097,thread,0,account_worker,103,6260000000,10580000000,0,1288904
7350093385613097,thread,0,trader_callback,91,3110000000,14700000000,1,83353
7350093385613097,thread,0,trace_writer,92,2020000000,10930000000,1,5635328
7350093385613097,thread,0,latency_writer,93,3160000000,14680000000,0,1099
7350093385613097,thread,1,account_worker,104,6160000000,10320000000,1,1474769
7350093385613097,thread,1,trader_callback,94,3210000000,14590000000,0,74949
7350093385613097,thread,1,trace_writer,95,2770000000,14200000000,2,1098969
7350093385613097,thread,1,latency_writer,96,2940000000,13240000000,0,2189016
7350093385613097,thread,2,account_worker,105,6480000000,10520000000,1,1095642
7350093385613097,thread,2,trader_callback,97,3300000000,14530000000,0,184
7350093385613097,thread,2,trace_writer,98,2400000000,11200000000,2,4575419
7350093385613097,thread,2,latency_writer,99,2690000000,12800000000,1,2811593
7350093385613097,thread,3,account_worker,106,5630000000,9410000000,1,3032340
7350093385613097,thread,3,trader_callback,100,2120000000,9780000000,0,6848540
7350093385613097,thread,3,trace_writer,101,3330000000,14470000000,0,628
7350093385613097,thread,3,latency_writer,102,3530000000,14140000000,0,101629
7350093486143659,process,-1,process,90,59510000000,201370000000,17595,11
7350093486143659,thread,-1,producer,90,10000000,120000000,17595,11
7350093486143659,thread,-1,sampler,107,30000000,60000000,178,1
7350093486143659,thread,0,account_worker,103,6290000000,10650000000,0,1288907
7350093486143659,thread,0,trader_callback,91,3140000000,14770000000,1,83353
7350093486143659,thread,0,trace_writer,92,2030000000,10970000000,1,5723627
7350093486143659,thread,0,latency_writer,93,3170000000,14780000000,0,1099
7350093486143659,thread,1,account_worker,104,6180000000,10350000000,1,1535585
7350093486143659,thread,1,trader_callback,94,3220000000,14630000000,0,135758
7350093486143659,thread,1,trace_writer,95,2780000000,14240000000,2,1160269
7350093486143659,thread,1,latency_writer,96,2940000000,13280000000,0,2277298
7350093486143659,thread,2,account_worker,105,6500000000,10560000000,1,1156935
7350093486143659,thread,2,trader_callback,97,3320000000,14610000000,0,185
7350093486143659,thread,2,trace_writer,98,2410000000,11290000000,2,4575422
7350093486143659,thread,2,latency_writer,99,2710000000,12880000000,1,2811595
7350093486143659,thread,3,account_worker,106,5660000000,9470000000,1,3032344
7350093486143659,thread,3,trader_callback,100,2140000000,9850000000,0,6848540
7350093486143659,thread,3,trace_writer,101,3360000000,14550000000,0,628
7350093486143659,thread,3,latency_writer,102,3550000000,14220000000,0,101629
7350093586722532,process,-1,process,90,59760000000,202420000000,17696,11
7350093586722532,thread,-1,producer,90,10000000,120000000,17696,11
7350093586722532,thread,-1,sampler,107,30000000,60000000,179,1
7350093586722532,thread,0,account_worker,103,6320000000,10730000000,0,1288907
7350093586722532,thread,0,trader_callback,91,3150000000,14860000000,1,83353
7350093586722532,thread,0,trace_writer,92,2040000000,11020000000,1,5809470
7350093586722532,thread,0,latency_writer,93,3180000000,14870000000,0,1102
7350093586722532,thread,1,account_worker,104,6190000000,10390000000,1,1601772
7350093586722532,thread,1,trader_callback,94,3230000000,14700000000,0,147786
7350093586722532,thread,1,trace_writer,95,2790000000,14280000000,2,1230103
7350093586722532,thread,1,latency_writer,96,2950000000,13320000000,0,2363141
7350093586722532,thread,2,account_worker,105,6510000000,10600000000,1,1226772
7350093586722532,thread,2,trader_callback,97,3330000000,14700000000,0,186
7350093586722532,thread,2,trace_writer,98,2440000000,11360000000,2,4575426
7350093586722532,thread,2,latency_writer,99,2720000000,12960000000,1,2811598
7350093586722532,thread,3,account_worker,106,5670000000,9520000000,1,3086493
7350093586722532,thread,3,trader_callback,100,2160000000,9930000000,0,6848540
7350093586722532,thread,3,trace_writer,101,3390000000,14620000000,0,628
7350093586722532,thread,3,latency_writer,102,3560000000,14300000000,0,101629
7350093687248365,process,-1,process,90,60050000000,203440000000,17796,11
7350093687248365,thread,-1,producer,90,10000000,120000000,17796,11
7350093687248365,thread,-1,sampler,107,30000000,60000000,180,1
7350093687248365,thread,0,account_worker,103,6340000000,10800000000,0,1288907
7350093687248365,thread,0,trader_callback,91,3170000000,14940000000,1,83354
7350093687248365,thread,0,trace_writer,92,2050000000,11060000000,1,5894278
7350093687248365,thread,0,latency_writer,93,3200000000,14940000000,0,1108
7350093687248365,thread,1,account_worker,104,6220000000,10410000000,1,1665922
7350093687248365,thread,1,trader_callback,94,3250000000,14790000000,0,147786
7350093687248365,thread,1,trace_writer,95,2800000000,14320000000,2,1299468
7350093687248365,thread,1,latency_writer,96,2960000000,13370000000,0,2447966
7350093687248365,thread,2,account_worker,105,6530000000,10620000000,1,1296142
7350093687248365,thread,2,trader_callback,97,3350000000,14780000000,0,186
7350093687248365,thread,2,trace_writer,98,2460000000,11440000000,2,4575430
7350093687248365,thread,2,latency_writer,99,2740000000,13040000000,1,2811602
7350093687248365,thread,3,account_worker,106,5680000000,9560000000,1,3150646
7350093687248365,thread,3,trader_callback,100,2200000000,9990000000,0,6848540
7350093687248365,thread,3,trace_writer,101,3410000000,14700000000,0,628
7350093687248365,thread,3,latency_writer,102,3580000000,14390000000,0,101629
7350093787804711,process,-1,process,90,60300000000,204500000000,17897,11
7350093787804711,thread,-1,producer,90,10000000,120000000,17897,11
7350093787804711,thread,-1,sampler,107,30000000,60000000,181,1
7350093787804711,thread,0,account_worker,103,6380000000,10860000000,0,1288908
7350093787804711,thread,0,trader_callback,91,3200000000,15010000000,1,83354
7350093787804711,thread,0,trace_writer,92,2050000000,11110000000,1,5977475
7350093787804711,thread,0,latency_writer,93,3210000000,15030000000,0,1111
7350093787804711,thread,1,account_worker,104,6230000000,10450000000,1,1730705
7350093787804711,thread,1,trader_callback,94,3260000000,14870000000,0,147786
7350093787804711,thread,1,trace_writer,95,2800000000,14370000000,2,1368708
7350093787804711,thread,1,latency_writer,96,2960000000,13420000000,0,2531158
7350093787804711,thread,2,account_worker,105,6540000000,10660000000,1,1365385
7350093787804711,thread,2,trader_callback,97,3350000000,14880000000,0,187
7350093787804711,thread,2,trace_writer,98,2480000000,11530000000,2,4575433
7350093787804711,thread,2,latency_writer,99,2760000000,13130000000,1,2811612
7350093787804711,thread,3,account_worker,106,5690000000,9600000000,1,3215427
7350093787804711,thread,3,trader_callback,100,2220000000,10070000000,0,6848543
7350093787804711,thread,3,trace_writer,101,3440000000,14770000000,0,634
7350093787804711,thread,3,latency_writer,102,3590000000,14480000000,0,101629
7350093888339628,process,-1,process,90,60560000000,205550000000,17998,11
7350093888339628,thread,-1,producer,90,10000000,120000000,17998,11
7350093888339628,thread,-1,sampler,107,30000000,60000000,182,1
7350093888339628,thread,0,account_worker,103,6400000000,10940000000,0,1288911
7350093888339628,thread,0,trader_callback,91,3220000000,15090000000,1,83354
7350093888339628,thread,0,trace_writer,92,2060000000,11140000000,1,6064136
7350093888339628,thread,0,latency_writer,93,3230000000,15120000000,0,1115
7350093888339628,thread,1,account_worker,104,6240000000,10490000000,1,1798684
7350093888339628,thread,1,trader_callback,94,3270000000,14960000000,0,147786
7350093888339628,thread,1,trace_writer,95,2810000000,14420000000,2,1439287
7350093888339628,thread,1,latency_writer,96,2980000000,13450000000,0,2617826
7350093888339628,thread,2,account_worker,105,6560000000,10700000000,1,1435961
7350093888339628,thread,2,trader_callback,97,3380000000,14950000000,0,187
7350093888339628,thread,2,trace_writer,98,2480000000,11620000000,2,4575433
7350093888339628,thread,2,latency_writer,99,2770000000,13210000000,1,2811617
7350093888339628,thread,3,account_worker,106,5710000000,9630000000,1,3283405
7350093888339628,thread,3,trader_callback,100,2230000000,10160000000,0,6848543
7350093888339628,thread,3,trace_writer,101,3470000000,14840000000,0,637
7350093888339628,thread,3,latency_writer,102,3610000000,14550000000,0,101629
7350093988855922,process,-1,process,90,60800000000,206610000000,18098,11
7350093988855922,thread,-1,producer,90,10000000,120000000,18098,11
7350093988855922,thread,-1,sampler,107,30000000,60000000,183,1
7350093988855922,thread,0,account_worker,103,6430000000,11010000000,0,1288911
7350093988855922,thread,0,trader_callback,91,3240000000,15170000000,1,83354
7350093988855922,thread,0,trace_writer,92,2060000000,11190000000,1,6152121
7350093988855922,thread,0,latency_writer,93,3240000000,15200000000,0,1118
7350093988855922,thread,1,account_worker,104,6270000000,10510000000,1,1867293
7350093988855922,thread,1,trader_callback,94,3280000000,15050000000,0,147786
7350093988855922,thread,1,trace_writer,95,2820000000,14460000000,2,1510435
7350093988855922,thread,1,latency_writer,96,3000000000,13480000000,0,2705797
7350093988855922,thread,2,account_worker,105,6580000000,10720000000,1,1507113
7350093988855922,thread,2,trader_callback,97,3390000000,15040000000,0,187
7350093988855922,thread,2,trace_writer,98,2500000000,11710000000,2,4575436
7350093988855922,thread,2,latency_writer,99,2780000000,13300000000,1,2811622
7350093988855922,thread,3,account_worker,106,5720000000,9670000000,1,3352015
7350093988855922,thread,3,trader_callback,100,2260000000,10240000000,0,6848544
7350093988855922,thread,3,trace_writer,101,3480000000,14930000000,0,641
7350093988855922,thread,3,latency_writer,102,3630000000,14640000000,0,101629
7350094089368160,process,-1,process,90,61050000000,207670000000,18199,11
7350094089368160,thread,-1,producer,90,10000000,120000000,18199,11
7350094089368160,thread,-1,sampler,107,30000000,60000000,184,1
7350094089368160,thread,0,account_worker,103,6480000000,11070000000,0,1288912
7350094089368160,thread,0,trader_callback,91,3250000000,15260000000,1,83355
7350094089368160,thread,0,trace_writer,92,2070000000,11240000000,1,6239582
7350094089368160,thread,0,latency_writer,93,3260000000,15280000000,0,1128
7350094089368160,thread,1,account_worker,104,6290000000,10540000000,1,1935606
7350094089368160,thread,1,trader_callback,94,3300000000,15140000000,0,147788
7350094089368160,thread,1,trace_writer,95,2840000000,14490000000,2,1580437
7350094089368160,thread,1,latency_writer,96,3010000000,13520000000,0,2793269
7350094089368160,thread,2,account_worker,105,6590000000,10770000000,1,1577109
7350094089368160,thread,2,trader_callback,97,3430000000,15110000000,0,188
7350094089368160,thread,2,trace_writer,98,2520000000,11790000000,2,4575440
7350094089368160,thread,2,latency_writer,99,2800000000,13390000000,1,2811626
7350094089368160,thread,3,account_worker,106,5720000000,9720000000,1,3420325
7350094089368160,thread,3,trader_callback,100,2260000000,10330000000,0,6848544
7350094089368160,thread,3,trace_writer,101,3490000000,15020000000,0,644
7350094089368160,thread,3,latency_writer,102,3640000000,14730000000,0,101629
7350094189898245,process,-1,process,90,61330000000,208690000000,18299,11
7350094189898245,thread,-1,producer,90,10000000,120000000,18299,11
7350094189898245,thread,-1,sampler,107,30000000,60000000,185,1
7350094189898245,thread,0,account_worker,103,6520000000,11120000000,0,1288912
7350094189898245,thread,0,trader_callback,91,3270000000,15340000000,1,83355
7350094189898245,thread,0,trace_writer,92,2080000000,11280000000,1,6327599
7350094189898245,thread,0,latency_writer,93,3270000000,15370000000,0,1131
7350094189898245,thread,1,account_worker,104,6290000000,10590000000,1,2004221
7350094189898245,thread,1,trader_callback,94,3330000000,15210000000,0,147788
7350094189898245,thread,1,trace_writer,95,2850000000,14530000000,2,1652131
7350094189898245,thread,1,latency_writer,96,3020000000,13560000000,0,2881291
7350094189898245,thread,2,account_worker,105,6610000000,10800000000,1,1648805
7350094189898245,thread,2,trader_callback,97,3450000000,15190000000,0,189
7350094189898245,thread,2,trace_writer,98,2530000000,11870000000,2,4575441
7350094189898245,thread,2,latency_writer,99,2820000000,13470000000,1,2811636
7350094189898245,thread,3,account_worker,106,5730000000,9760000000,1,3488939
7350094189898245,thread,3,trader_callback,100,2280000000,10420000000,0,6848545
7350094189898245,thread,3,trace_writer,101,3520000000,15090000000,0,644
7350094189898245,thread,3,latency_writer,102,3660000000,14810000000,0,101630
7350094290419199,process,-1,process,90,61620000000,209670000000,18400,11
7350094290419199,thread,-1,producer,90,10000000,120000000,18400,11
7350094290419199,thread,-1,sampler,107,30000000,60000000,186,1
7350094290419199,thread,0,account_worker,103,6560000000,11190000000,0,1288912
7350094290419199,thread,0,trader_callback,91,3300000000,15420000000,1,83355
7350094290419199,thread,0,trace_writer,92,2100000000,11310000000,1,6412820
7350094290419199,thread,0,latency_writer,93,3290000000,15450000000,0,1137
7350094290419199,thread,1,account_worker,104,6310000000,10620000000,1,2070309
7350094290419199,thread,1,trader_callback,94,3350000000,15290000000,0,147788
7350094290419199,thread,1,trace_writer,95,2850000000,14580000000,2,1722017
7350094290419199,thread,1,latency_writer,96,3030000000,13600000000,0,2966498
7350094290419199,thread,2,account_worker,105,6620000000,10830000000,1,1718681
7350094290419199,thread,2,trader_callback,97,3470000000,15260000000,0,191
7350094290419199,thread,2,trace_writer,98,2550000000,11960000000,2,4575441
7350094290419199,thread,2,latency_writer,99,2840000000,13540000000,1,2811650
7350094290419199,thread,3,account_worker,106,5750000000,9790000000,1,3555146
7350094290419199,thread,3,trader_callback,100,2300000000,10470000000,0,6884416
7350094290419199,thread,3,trace_writer,101,3520000000,15170000000,0,36537
7350094290419199,thread,3,latency_writer,102,3660000000,14910000000,0,101630
7350094390994354,process,-1,process,90,61880000000,210650000000,18499,11
7350094390994354,thread,-1,producer,90,10000000,120000000,18499,11
7350094390994354,thread,-1,sampler,107,30000000,60000000,187,1
7350094390994354,thread,0,account_worker,103,6610000000,11240000000,0,1288912
7350094390994354,thread,0,trader_callback,91,3320000000,15500000000,1,83356
7350094390994354,thread,0,trace_writer,92,2100000000,11360000000,1,6500715
7350094390994354,thread,0,latency_writer,93,3310000000,15540000000,0,1140
7350094390994354,thread,1,account_worker,104,6330000000,10650000000,1,2137198
7350094390994354,thread,1,trader_callback,94,3370000000,15370000000,0,147788
7350094390994354,thread,1,trace_writer,95,2860000000,14640000000,2,1761655
7350094390994354,thread,1,latency_writer,96,3040000000,13640000000,0,3054397
7350094390994354,thread,2,account_worker,105,6650000000,10880000000,1,1758294
7350094390994354,thread,2,trader_callback,97,3490000000,15340000000,0,191
7350094390994354,thread,2,trace_writer,98,2550000000,12050000000,2,4575442
7350094390994354,thread,2,latency_writer,99,2860000000,13630000000,1,2811656
7350094390994354,thread,3,account_worker,106,5760000000,9830000000,1,3622042
7350094390994354,thread,3,trader_callback,100,2310000000,10510000000,0,6972667
7350094390994354,thread,3,trace_writer,101,3540000000,15210000000,0,124787
7350094390994354,thread,3,latency_writer,102,3670000000,15000000000,0,101631
7350094491518661,process,-1,process,90,62140000000,211690000000,18600,11
7350094491518661,thread,-1,producer,90,10000000,120000000,18600,11
7350094491518661,thread,-1,sampler,107,30000000,60000000,188,1
7350094491518661,thread,0,account_worker,103,6630000000,11310000000,0,1288915
7350094491518661,thread,0,trader_callback,91,3340000000,15580000000,1,83357
7350094491518661,thread,0,trace_writer,92,2110000000,11400000000,1,6589404
7350094491518661,thread,0,latency_writer,93,3320000000,15630000000,0,1143
7350094491518661,thread,1,account_worker,104,6340000000,10690000000,1,2204971
7350094491518661,thread,1,trader_callback,94,3370000000,15460000000,0,147788
7350094491518661,thread,1,trace_writer,95,2880000000,14710000000,2,1761656
7350094491518661,thread,1,latency_writer,96,3050000000,13680000000,0,3143087
7350094491518661,thread,2,account_worker,105,6700000000,10930000000,1,1758294
7350094491518661,thread,2,trader_callback,97,3510000000,15420000000,0,192
7350094491518661,thread,2,trace_writer,98,2570000000,12140000000,2,4575442
7350094491518661,thread,2,latency_writer,99,2870000000,13710000000,1,2811665
7350094491518661,thread,3,account_worker,106,5770000000,9870000000,1,3689808
7350094491518661,thread,3,trader_callback,100,2320000000,10550000000,0,7060797
7350094491518661,thread,3,trace_writer,101,3550000000,15240000000,0,212913
7350094491518661,thread,3,latency_writer,102,3690000000,15080000000,0,101631
7350094591961770,process,-1,process,90,62410000000,212720000000,18700,11
7350094591961770,thread,-1,producer,90,10000000,120000000,18700,11
7350094591961770,thread,-1,sampler,107,30000000,60000000,189,1
7350094591961770,thread,0,account_worker,103,6670000000,11380000000,0,1288918
7350094591961770,thread,0,trader_callback,91,3350000000,15660000000,1,83357
7350094591961770,thread,0,trace_writer,92,2110000000,11450000000,1,6676831
7350094591961770,thread,0,latency_writer,93,3340000000,15710000000,0,1143
7350094591961770,thread,1,account_worker,104,6350000000,10730000000,1,2272595
7350094591961770,thread,1,trader_callback,94,3400000000,15540000000,0,147788
7350094591961770,thread,1,trace_writer,95,2890000000,14810000000,2,1761658
7350094591961770,thread,1,latency_writer,96,3050000000,13730000000,0,3230524
7350094591961770,thread,2,account_worker,105,6740000000,10990000000,1,1758297
7350094591961770,thread,2,trader_callback,97,3530000000,15500000000,0,194
7350094591961770,thread,2,trace_writer,98,2590000000,12210000000,2,4575448
7350094591961770,thread,2,latency_writer,99,2890000000,13790000000,1,2811667
7350094591961770,thread,3,account_worker,106,5790000000,9900000000,1,3757446
7350094591961770,thread,3,trader_callback,100,2330000000,10590000000,0,7147884
7350094591961770,thread,3,trace_writer,101,3560000000,15280000000,0,300001
7350094591961770,thread,3,latency_writer,102,3720000000,15150000000,0,101632
7350094692478880,process,-1,process,90,62690000000,213750000000,18801,11
7350094692478880,thread,-1,producer,90,10000000,120000000,18801,11
7350094692478880,thread,-1,sampler,107,30000000,60000000,190,1
7350094692478880,thread,0,account_worker,103,6710000000,11440000000,0,1288918
7350094692478880,thread,0,trader_callback,91,3370000000,15740000000,1,83357
7350094692478880,thread,0,trace_writer,92,2120000000,11490000000,1,6762445
7350094692478880,thread,0,latency_writer,93,3370000000,15780000000,0,1143
7350094692478880,thread,1,account_worker,104,6360000000,10770000000,1,2338774
7350094692478880,thread,1,trader_callback,94,3430000000,15610000000,0,147789
7350094692478880,thread,1,trace_writer,95,2910000000,14890000000,2,1761659
7350094692478880,thread,1,latency_writer,96,3060000000,13770000000,0,3316063
7350094692478880,thread,2,account_worker,105,6780000000,11050000000,1,1758297
7350094692478880,thread,2,trader_callback,97,3550000000,15580000000,0,194
7350094692478880,thread,2,trace_writer,98,2600000000,12300000000,2,4575454
7350094692478880,thread,2,latency_writer,99,2900000000,13880000000,1,2811669
7350094692478880,thread,3,account_worker,106,5800000000,9940000000,1,3823491
7350094692478880,thread,3,trader_callback,100,2340000000,10630000000,0,7233127
7350094692478880,thread,3,trace_writer,101,3560000000,15330000000,0,385230
7350094692478880,thread,3,latency_writer,102,3720000000,15250000000,0,101632
7350094793050871,process,-1,process,90,62940000000,214810000000,18901,11
7350094793050871,thread,-1,producer,90,10000000,120000000,18901,11
7350094793050871,thread,-1,sampler,107,30000000,60000000,191,1
7350094793050871,thread,0,account_worker,103,6740000000,11510000000,0,1288921
7350094793050871,thread,0,trader_callback,91,3390000000,15820000000,1,83357
7350094793050871,thread,0,trace_writer,92,2130000000,11530000000,1,6846511
7350094793050871,thread,0,latency_writer,93,3380000000,15870000000,0,1143
7350094793050871,thread,1,account_worker,104,6370000000,10810000000,1,2404371
7350094793050871,thread,1,trader_callback,94,3450000000,15690000000,0,147789
7350094793050871,thread,1,trace_writer,95,2920000000,14970000000,2,1761660
7350094793050871,thread,1,latency_writer,96,3070000000,13810000000,0,3400194
7350094793050871,thread,2,account_worker,105,6820000000,11110000000,1,1758300
7350094793050871,thread,2,trader_callback,97,3560000000,15670000000,0,194
7350094793050871,thread,2,trace_writer,98,2620000000,12390000000,2,4575454
7350094793050871,thread,2,latency_writer,99,2920000000,13960000000,1,2811675
7350094793050871,thread,3,account_worker,106,5800000000,9990000000,1,3889180
7350094793050871,thread,3,trader_callback,100,2350000000,10670000000,0,7319143
7350094793050871,thread,3,trace_writer,101,3560000000,15380000000,0,471259
7350094793050871,thread,3,latency_writer,102,3740000000,15330000000,0,101632
7350094893534731,process,-1,process,90,63240000000,215820000000,19002,11
7350094893534731,thread,-1,producer,90,10000000,120000000,19002,11
7350094893534731,thread,-1,sampler,107,30000000,60000000,192,1
7350094893534731,thread,0,account_worker,103,6780000000,11570000000,0,1288921
7350094893534731,thread,0,trader_callback,91,3410000000,15910000000,1,83358
7350094893534731,thread,0,trace_writer,92,2130000000,11580000000,1,6933720
7350094893534731,thread,0,latency_writer,93,3400000000,15950000000,0,1143
7350094893534731,thread,1,account_worker,104,6390000000,10840000000,1,2471954
7350094893534731,thread,1,trader_callback,94,3480000000,15760000000,0,147789
7350094893534731,thread,1,trace_writer,95,2940000000,15060000000,2,1761662
7350094893534731,thread,1,latency_writer,96,3080000000,13850000000,0,3487404
7350094893534731,thread,2,account_worker,105,6860000000,11170000000,1,1758300
7350094893534731,thread,2,trader_callback,97,3590000000,15750000000,0,196
7350094893534731,thread,2,trace_writer,98,2640000000,12470000000,2,4575454
7350094893534731,thread,2,latency_writer,99,2920000000,14060000000,1,2811682
7350094893534731,thread,3,account_worker,106,5810000000,10030000000,1,3956795
7350094893534731,thread,3,trader_callback,100,2360000000,10710000000,0,7407123
7350094893534731,thread,3,trace_writer,101,3580000000,15410000000,0,559239
7350094893534731,thread,3,latency_writer,102,3770000000,15410000000,0,101633
7350094994050089,process,-1,process,90,63510000000,216850000000,19102,11
7350094994050089,thread,-1,producer,90,10000000,130000000,19102,11
7350094994050089,thread,-1,sampler,107,30000000,60000000,193,1
7350094994050089,thread,0,account_worker,103,6810000000,11640000000,0,1288922
7350094994050089,thread,0,trader_callback,91,3420000000,15990000000,1,83358
7350094994050089,thread,0,trace_writer,92,2130000000,11630000000,1,7018050
7350094994050089,thread,0,latency_writer,93,3420000000,16030000000,0,1143
7350094994050089,thread,1,account_worker,104,6410000000,10870000000,1,2537016
7350094994050089,thread,1,trader_callback,94,3490000000,15850000000,0,147789
7350094994050089,thread,1,trace_writer,95,2960000000,15140000000,2,1761664
7350094994050089,thread,1,latency_writer,96,3080000000,13900000000,0,3571733
7350094994050089,thread,2,account_worker,105,6900000000,11230000000,1,1758303
7350094994050089,thread,2,trader_callback,97,3610000000,15830000000,0,197
7350094994050089,thread,2,trace_writer,98,2660000000,12540000000,2,4575457
7350094994050089,thread,2,latency_writer,99,2930000000,14150000000,1,2811693
7350094994050089,thread,3,account_worker,106,5820000000,10080000000,1,4021846
7350094994050089,thread,3,trader_callback,100,2370000000,10750000000,0,7491424
7350094994050089,thread,3,trace_writer,101,3590000000,15450000000,0,643537
7350094994050089,thread,3,latency_writer,102,3800000000,15480000000,0,101633
7350095094539410,process,-1,process,90,63760000000,217910000000,19203,11
7350095094539410,thread,-1,producer,90,10000000,130000000,19203,11
7350095094539410,thread,-1,sampler,107,30000000,60000000,194,1
7350095094539410,thread,0,account_worker,103,6850000000,11700000000,0,1288925
7350095094539410,thread,0,trader_callback,91,3440000000,16080000000,1,83358
7350095094539410,thread,0,trace_writer,92,2140000000,11670000000,1,7103348
7350095094539410,thread,0,latency_writer,93,3430000000,16120000000,0,1144
7350095094539410,thread,1,account_worker,104,6420000000,10910000000,1,2602709
7350095094539410,thread,1,trader_callback,94,3510000000,15930000000,0,147790
7350095094539410,thread,1,trace_writer,95,2960000000,15230000000,2,1761665
7350095094539410,thread,1,latency_writer,96,3100000000,13940000000,0,3657030
7350095094539410,thread,2,account_worker,105,6940000000,11290000000,1,1758307
7350095094539410,thread,2,trader_callback,97,3620000000,15920000000,0,198
7350095094539410,thread,2,trace_writer,98,2680000000,12630000000,2,4575459
7350095094539410,thread,2,latency_writer,99,2950000000,14230000000,1,2811699
7350095094539410,thread,3,account_worker,106,5830000000,10110000000,1,4087539
7350095094539410,thread,3,trader_callback,100,2370000000,10800000000,0,7578325
7350095094539410,thread,3,trace_writer,101,3600000000,15490000000,0,730437
7350095094539410,thread,3,latency_writer,102,3810000000,15560000000,0,101634
7350095195032112,process,-1,process,90,64050000000,218920000000,19303,11
7350095195032112,thread,-1,producer,90,10000000,130000000,19303,11
7350095195032112,thread,-1,sampler,107,30000000,60000000,195,1
7350095195032112,thread,0,account_worker,103,6900000000,11750000000,0,1288925
7350095195032112,thread,0,trader_callback,91,3450000000,16170000000,1,83358
7350095195032112,thread,0,trace_writer,92,2140000000,11720000000,1,7188948
7350095195032112,thread,0,latency_writer,93,3440000000,16210000000,0,1144
7350095195032112,thread,1,account_worker,104,6430000000,10950000000,1,2669024
7350095195032112,thread,1,trader_callback,94,3550000000,15990000000,0,147790
7350095195032112,thread,1,trace_writer,95,2980000000,15320000000,2,1761667
7350095195032112,thread,1,latency_writer,96,3100000000,13980000000,0,3742629
7350095195032112,thread,2,account_worker,105,6970000000,11360000000,1,1758307
7350095195032112,thread,2,trader_callback,97,3650000000,15990000000,0,199
7350095195032112,thread,2,trace_writer,98,2680000000,12720000000,2,4575462
7350095195032112,thread,2,latency_writer,99,2980000000,14300000000,1,2811708
7350095195032112,thread,3,account_worker,106,5840000000,10150000000,1,4153829
7350095195032112,thread,3,trader_callback,100,2380000000,10850000000,0,7665577
7350095195032112,thread,3,trace_writer,101,3600000000,15540000000,0,817689
7350095195032112,thread,3,latency_writer,102,3840000000,15640000000,0,101635
7350095295519551,process,-1,process,90,64330000000,219940000000,19404,11
7350095295519551,thread,-1,producer,90,10000000,130000000,19404,11
7350095295519551,thread,-1,sampler,107,30000000,60000000,196,1
7350095295519551,thread,0,account_worker,103,6930000000,11820000000,0,1288931
7350095295519551,thread,0,trader_callback,91,3470000000,16250000000,1,83358
7350095295519551,thread,0,trace_writer,92,2160000000,11750000000,1,7272202
7350095295519551,thread,0,latency_writer,93,3460000000,16290000000,0,1144
7350095295519551,thread,1,account_worker,104,6450000000,10980000000,1,2734504
7350095295519551,thread,1,trader_callback,94,3560000000,16080000000,0,147790
7350095295519551,thread,1,trace_writer,95,3000000000,15400000000,2,1761670
7350095295519551,thread,1,latency_writer,96,3120000000,14020000000,0,3825888
7350095295519551,thread,2,account_worker,105,7010000000,11420000000,1,1758311
7350095295519551,thread,2,trader_callback,97,3660000000,16080000000,0,199
7350095295519551,thread,2,trace_writer,98,2690000000,12820000000,3,4575462
7350095295519551,thread,2,latency_writer,99,2990000000,14390000000,1,2811711
7350095295519551,thread,3,account_worker,106,5850000000,10190000000,1,4219345
7350095295519551,thread,3,trader_callback,100,2380000000,10890000000,0,7723183
7350095295519551,thread,3,trace_writer,101,3620000000,15580000000,0,875290
7350095295519551,thread,3,latency_writer,102,3870000000,15710000000,0,101635
7350095396009030,process,-1,process,90,64660000000,220910000000,19504,11
7350095396009030,thread,-1,producer,90,10000000,130000000,19504,11
7350095396009030,thread,-1,sampler,107,30000000,60000000,197,1
7350095396009030,thread,0,account_worker,103,6990000000,11860000000,0,1288931
7350095396009030,thread,0,trader_callback,91,3490000000,16330000000,1,83358
7350095396009030,thread,0,trace_writer,92,2160000000,11800000000,1,7356293
7350095396009030,thread,0,latency_writer,93,3480000000,16370000000,0,1148
7350095396009030,thread,1,account_worker,104,6460000000,11020000000,1,2792078
7350095396009030,thread,1,trader_callback,94,3580000000,16170000000,0,147790
7350095396009030,thread,1,trace_writer,95,3020000000,15480000000,2,1761672
7350095396009030,thread,1,latency_writer,96,3120000000,14060000000,0,3909976
7350095396009030,thread,2,account_worker,105,7070000000,11460000000,1,1758311
7350095396009030,thread,2,trader_callback,97,3690000000,16150000000,0,199
7350095396009030,thread,2,trace_writer,98,2710000000,12900000000,3,4575465
7350095396009030,thread,2,latency_writer,99,3010000000,14470000000,1,2811713
7350095396009030,thread,3,account_worker,106,5860000000,10230000000,1,4276905
7350095396009030,thread,3,trader_callback,100,2390000000,10940000000,0,7806770
7350095396009030,thread,3,trace_writer,101,3620000000,15630000000,0,958881
7350095396009030,thread,3,latency_writer,102,3890000000,15780000000,0,101635
7350095496516478,process,-1,process,90,64890000000,221890000000,19605,11
7350095496516478,thread,-1,producer,90,10000000,130000000,19605,11
7350095496516478,thread,-1,sampler,107,30000000,60000000,198,1
7350095496516478,thread,0,account_worker,103,7020000000,11930000000,0,1288931
7350095496516478,thread,0,trader_callback,91,3500000000,16420000000,1,83358
7350095496516478,thread,0,trace_writer,92,2170000000,11840000000,1,7442363
7350095496516478,thread,0,latency_writer,93,3490000000,16460000000,0,1152
7350095496516478,thread,1,account_worker,104,6460000000,11060000000,1,2843010
7350095496516478,thread,1,trader_callback,94,3610000000,16230000000,0,147790
7350095496516478,thread,1,trace_writer,95,3030000000,15550000000,2,1779051
7350095496516478,thread,1,latency_writer,96,3130000000,14110000000,0,3996048
7350095496516478,thread,2,account_worker,105,7110000000,11520000000,1,1758314
7350095496516478,thread,2,trader_callback,97,3710000000,16230000000,0,200
7350095496516478,thread,2,trace_writer,98,2730000000,12980000000,3,4575468
7350095496516478,thread,2,latency_writer,99,3010000000,14530000000,1,2835455
7350095496516478,thread,3,account_worker,106,5880000000,10240000000,1,4326207
7350095496516478,thread,3,trader_callback,100,2390000000,10990000000,0,7894819
7350095496516478,thread,3,trace_writer,101,3630000000,15660000000,0,1046931
7350095496516478,thread,3,latency_writer,102,3900000000,15840000000,0,126346
7350095597039877,process,-1,process,90,65140000000,222750000000,19705,11
7350095597039877,thread,-1,producer,90,10000000,130000000,19705,11
7350095597039877,thread,-1,sampler,107,30000000,60000000,199,1
7350095597039877,thread,0,account_worker,103,7060000000,11990000000,0,1288931
7350095597039877,thread,0,trader_callback,91,3520000000,16500000000,1,83358
7350095597039877,thread,0,trace_writer,92,2170000000,11890000000,1,7526294
7350095597039877,thread,0,latency_writer,93,3510000000,16540000000,0,1168
7350095597039877,thread,1,account_worker,104,6470000000,11100000000,1,2910910
7350095597039877,thread,1,trader_callback,94,3620000000,16320000000,0,147790
7350095597039877,thread,1,trace_writer,95,3040000000,15590000000,2,1846951
7350095597039877,thread,1,latency_writer,96,3130000000,14150000000,0,4079943
7350095597039877,thread,2,account_worker,105,7160000000,11570000000,1,1758314
7350095597039877,thread,2,trader_callback,97,3720000000,16320000000,0,201
7350095597039877,thread,2,trace_writer,98,2760000000,13050000000,3,4575472
7350095597039877,thread,2,latency_writer,99,3020000000,14560000000,1,2890876
7350095597039877,thread,3,account_worker,106,5900000000,10260000000,1,4368022
7350095597039877,thread,3,trader_callback,100,2390000000,11040000000,0,7981704
7350095597039877,thread,3,trace_writer,101,3640000000,15710000000,0,1133815
7350095597039877,thread,3,latency_writer,102,3910000000,15870000000,0,181709
7350095697517597,process,-1,process,90,65400000000,223590000000,19806,11
7350095697517597,thread,-1,producer,90,10000000,130000000,19806,11
7350095697517597,thread,-1,sampler,107,30000000,60000000,200,1
7350095697517597,thread,0,account_worker,103,7110000000,12040000000,0,1288931
7350095697517597,thread,0,trader_callback,91,3540000000,16580000000,1,83359
7350095697517597,thread,0,trace_writer,92,2170000000,11940000000,1,7611352
7350095697517597,thread,0,latency_writer,93,3530000000,16620000000,0,1172
7350095697517597,thread,1,account_worker,104,6480000000,11140000000,1,2979180
7350095697517597,thread,1,trader_callback,94,3640000000,16410000000,0,147790
7350095697517597,thread,1,trace_writer,95,3050000000,15630000000,2,1915221
7350095697517597,thread,1,latency_writer,96,3140000000,14190000000,0,4165028
7350095697517597,thread,2,account_worker,105,7190000000,11650000000,1,1758314
7350095697517597,thread,2,trader_callback,97,3740000000,16400000000,0,201
7350095697517597,thread,2,trace_writer,98,2790000000,13120000000,3,4575478
7350095697517597,thread,2,latency_writer,99,3020000000,14590000000,1,2946139
7350095697517597,thread,3,account_worker,106,5920000000,10280000000,1,4409537
7350095697517597,thread,3,trader_callback,100,2400000000,11070000000,0,8068566
7350095697517597,thread,3,trace_writer,101,3650000000,15750000000,0,1220678
7350095697517597,thread,3,latency_writer,102,3910000000,15900000000,0,236846
7350095797999137,process,-1,process,90,65670000000,224470000000,19906,11
7350095797999137,thread,-1,producer,90,10000000,130000000,19906,11
7350095797999137,thread,-1,sampler,107,30000000,60000000,201,1
7350095797999137,thread,0,account_worker,103,7140000000,12110000000,0,1288935
7350095797999137,thread,0,trader_callback,91,3560000000,16660000000,1,83359
7350095797999137,thread,0,trace_writer,92,2190000000,11970000000,1,7693650
7350095797999137,thread,0,latency_writer,93,3570000000,16690000000,0,1184
7350095797999137,thread,1,account_worker,104,6490000000,11180000000,1,3047179
7350095797999137,thread,1,trader_callback,94,3640000000,16500000000,0,147791
7350095797999137,thread,1,trace_writer,95,3060000000,15670000000,2,1983221
7350095797999137,thread,1,latency_writer,96,3150000000,14230000000,0,4247331
7350095797999137,thread,2,account_worker,105,7230000000,11710000000,1,1758315
7350095797999137,thread,2,trader_callback,97,3760000000,16480000000,0,202
7350095797999137,thread,2,trace_writer,98,2810000000,13200000000,3,4575481
7350095797999137,thread,2,latency_writer,99,3030000000,14610000000,1,3000110
7350095797999137,thread,3,account_worker,106,5920000000,10300000000,1,4450158
7350095797999137,thread,3,trader_callback,100,2420000000,11130000000,0,8115115
7350095797999137,thread,3,trace_writer,101,3670000000,15800000000,0,1267211
7350095797999137,thread,3,latency_writer,102,3910000000,15930000000,0,290615
7350095898499338,process,-1,process,90,65900000000,225450000000,20007,11
7350095898499338,thread,-1,producer,90,10000000,130000000,20007,11
7350095898499338,thread,-1,sampler,107,30000000,60000000,202,1
7350095898499338,thread,0,account_worker,103,7170000000,12190000000,0,1288936
7350095898499338,thread,0,trader_callback,91,3580000000,16740000000,1,83359
7350095898499338,thread,0,trace_writer,92,2190000000,12020000000,1,7778551
7350095898499338,thread,0,latency_writer,93,3580000000,16780000000,0,1194
7350095898499338,thread,1,account_worker,104,6510000000,11210000000,1,3114621
7350095898499338,thread,1,trader_callback,94,3680000000,16570000000,0,147791
7350095898499338,thread,1,trace_writer,95,3070000000,15710000000,2,2050664
7350095898499338,thread,1,latency_writer,96,3160000000,14280000000,0,4332228
7350095898499338,thread,2,account_worker,105,7260000000,11770000000,1,1758318
7350095898499338,thread,2,trader_callback,97,3770000000,16570000000,0,202
7350095898499338,thread,2,trace_writer,98,2830000000,13280000000,3,4575481
7350095898499338,thread,2,latency_writer,99,3040000000,14640000000,1,3055001
7350095898499338,thread,3,account_worker,106,5930000000,10330000000,1,4491095
7350095898499338,thread,3,trader_callback,100,2430000000,11220000000,0,8115115
7350095898499338,thread,3,trace_writer,101,3680000000,15890000000,1,1267211
7350095898499338,thread,3,latency_writer,102,3910000000,15960000000,0,345439
7350095999005307,process,-1,process,90,66120000000,226430000000,20107,11
7350095999005307,thread,-1,producer,90,10000000,130000000,20107,11
7350095999005307,thread,-1,sampler,107,30000000,60000000,203,1
7350095999005307,thread,0,account_worker,103,7210000000,12250000000,0,1288940
7350095999005307,thread,0,trader_callback,91,3590000000,16830000000,1,83360
7350095999005307,thread,0,trace_writer,92,2190000000,12070000000,1,7863375
7350095999005307,thread,0,latency_writer,93,3590000000,16860000000,0,1194
7350095999005307,thread,1,account_worker,104,6530000000,11240000000,2,3182593
7350095999005307,thread,1,trader_callback,94,3680000000,16660000000,0,147791
7350095999005307,thread,1,trace_writer,95,3080000000,15750000000,2,2118637
7350095999005307,thread,1,latency_writer,96,3170000000,14320000000,0,4417039
7350095999005307,thread,2,account_worker,105,7300000000,11830000000,1,1758321
7350095999005307,thread,2,trader_callback,97,3780000000,16660000000,0,202
7350095999005307,thread,2,trace_writer,98,2850000000,13360000000,3,4575484
7350095999005307,thread,2,latency_writer,99,3040000000,14670000000,1,3109727
7350095999005307,thread,3,account_worker,106,5930000000,10360000000,1,4532225
7350095999005307,thread,3,trader_callback,100,2450000000,11300000000,0,8115116
7350095999005307,thread,3,trace_writer,101,3700000000,15970000000,2,1267218
7350095999005307,thread,3,latency_writer,102,3920000000,15990000000,0,400084
7350096099529750,process,-1,process,90,66400000000,227360000000,20208,11
7350096099529750,thread,-1,producer,90,10000000,130000000,20208,11
7350096099529750,thread,-1,sampler,107,30000000,60000000,204,1
7350096099529750,thread,0,account_worker,103,7250000000,12300000000,0,1288940
7350096099529750,thread,0,trader_callback,91,3610000000,16920000000,1,83360
7350096099529750,thread,0,trace_writer,92,2200000000,12120000000,1,7946687
7350096099529750,thread,0,latency_writer,93,3610000000,16950000000,0,1198
7350096099529750,thread,1,account_worker,104,6550000000,11270000000,2,3244944
7350096099529750,thread,1,trader_callback,94,3700000000,16750000000,0,147792
7350096099529750,thread,1,trace_writer,95,3090000000,15790000000,2,2180988
7350096099529750,thread,1,latency_writer,96,3180000000,14360000000,0,4500369
7350096099529750,thread,2,account_worker,105,7360000000,11880000000,1,1758322
7350096099529750,thread,2,trader_callback,97,3790000000,16750000000,0,203
7350096099529750,thread,2,trace_writer,98,2860000000,13450000000,3,4575492
7350096099529750,thread,2,latency_writer,99,3040000000,14700000000,1,3163205
7350096099529750,thread,3,account_worker,106,5930000000,10390000000,1,4571136
7350096099529750,thread,3,trader_callback,100,2460000000,11380000000,0,8115117
7350096099529750,thread,3,trace_writer,101,3730000000,16040000000,2,1267219
7350096099529750,thread,3,latency_writer,102,3920000000,16020000000,0,453696
7350096200073011,process,-1,process,90,66670000000,228300000000,20308,11
7350096200073011,thread,-1,producer,90,10000000,130000000,20308,11
7350096200073011,thread,-1,sampler,107,30000000,60000000,205,1
7350096200073011,thread,0,account_worker,103,7280000000,12370000000,0,1288940
7350096200073011,thread,0,trader_callback,91,3620000000,17000000000,1,83360
7350096200073011,thread,0,trace_writer,92,2200000000,12160000000,1,8030013
7350096200073011,thread,0,latency_writer,93,3640000000,17020000000,0,1198
7350096200073011,thread,1,account_worker,104,6570000000,11300000000,2,3308028
7350096200073011,thread,1,trader_callback,94,3720000000,16830000000,0,147792
7350096200073011,thread,1,trace_writer,95,3090000000,15840000000,2,2244073
7350096200073011,thread,1,latency_writer,96,3180000000,14400000000,0,4583696
7350096200073011,thread,2,account_worker,105,7400000000,11940000000,1,1758322
7350096200073011,thread,2,trader_callback,97,3810000000,16840000000,0,203
7350096200073011,thread,2,trace_writer,98,2880000000,13530000000,3,4575492
7350096200073011,thread,2,latency_writer,99,3040000000,14740000000,1,3218066
7350096200073011,thread,3,account_worker,106,5930000000,10430000000,1,4612176
7350096200073011,thread,3,trader_callback,100,2480000000,11470000000,0,8115117
7350096200073011,thread,3,trace_writer,101,3740000000,16130000000,2,1267222
7350096200073011,thread,3,latency_writer,102,3940000000,16040000000,0,508417
7350096300613431,process,-1,process,90,66930000000,229330000000,20409,11
7350096300613431,thread,-1,producer,90,10000000,130000000,20409,11
7350096300613431,thread,-1,sampler,107,30000000,60000000,206,1
7350096300613431,thread,0,account_worker,103,7330000000,12430000000,0,1288943
7350096300613431,thread,0,trader_callback,91,3630000000,17090000000,1,83360
7350096300613431,thread,0,trace_writer,92,2210000000,12200000000,1,8111412
7350096300613431,thread,0,latency_writer,93,3660000000,17100000000,0,1202
7350096300613431,thread,1,account_worker,104,6590000000,11330000000,2,3374638
7350096300613431,thread,1,trader_callback,94,3720000000,16930000000,0,147792
7350096300613431,thread,1,trace_writer,95,3110000000,15870000000,2,2310684
7350096300613431,thread,1,latency_writer,96,3200000000,14440000000,0,4665088
7350096300613431,thread,2,account_worker,105,7430000000,12010000000,1,1758322
7350096300613431,thread,2,trader_callback,97,3820000000,16920000000,0,203
7350096300613431,thread,2,trace_writer,98,2900000000,13610000000,3,4575495
7350096300613431,thread,2,latency_writer,99,3050000000,14780000000,1,3288197
7350096300613431,thread,3,account_worker,106,5950000000,10470000000,1,4668481
7350096300613431,thread,3,trader_callback,100,2500000000,11550000000,0,8115117
7350096300613431,thread,3,trace_writer,101,3770000000,16200000000,2,1267222
7350096300613431,thread,3,latency_writer,102,3950000000,16110000000,0,525818
7350096401114314,process,-1,process,90,67230000000,230340000000,20509,11
7350096401114314,thread,-1,producer,90,10000000,130000000,20509,11
7350096401114314,thread,-1,sampler,107,30000000,60000000,207,1
7350096401114314,thread,0,account_worker,103,7360000000,12500000000,0,1288943
7350096401114314,thread,0,trader_callback,91,3650000000,17170000000,1,83360
7350096401114314,thread,0,trace_writer,92,2210000000,12250000000,1,8200008
7350096401114314,thread,0,latency_writer,93,3670000000,17180000000,0,1205
7350096401114314,thread,1,account_worker,104,6610000000,11360000000,2,3442908
7350096401114314,thread,1,trader_callback,94,3750000000,17000000000,0,147792
7350096401114314,thread,1,trace_writer,95,3120000000,15910000000,2,2378955
7350096401114314,thread,1,latency_writer,96,3210000000,14480000000,0,4753673
7350096401114314,thread,2,account_worker,105,7450000000,12090000000,1,1758322
7350096401114314,thread,2,trader_callback,97,3850000000,16990000000,0,203
7350096401114314,thread,2,trace_writer,98,2930000000,13690000000,3,4575499
7350096401114314,thread,2,latency_writer,99,3060000000,14820000000,1,3358731
7350096401114314,thread,3,account_worker,106,5960000000,10510000000,1,4739003
7350096401114314,thread,3,trader_callback,100,2530000000,11620000000,0,8115117
7350096401114314,thread,3,trace_writer,101,3790000000,16280000000,2,1267225
7350096401114314,thread,3,latency_writer,102,3960000000,16200000000,0,525822
7350096501632476,process,-1,process,90,67500000000,231370000000,20610,11
7350096501632476,thread,-1,producer,90,10000000,130000000,20610,11
7350096501632476,thread,-1,sampler,107,30000000,60000000,208,1
7350096501632476,thread,0,account_worker,103,7380000000,12570000000,0,1288943
7350096501632476,thread,0,trader_callback,91,3670000000,17250000000,1,83360
7350096501632476,thread,0,trace_writer,92,2230000000,12280000000,1,8288220
7350096501632476,thread,0,latency_writer,93,3690000000,17270000000,0,1211
7350096501632476,thread,1,account_worker,104,6630000000,11390000000,2,3510882
7350096501632476,thread,1,trader_callback,94,3760000000,17090000000,0,147792
7350096501632476,thread,1,trace_writer,95,3130000000,15950000000,2,2446929
7350096501632476,thread,1,latency_writer,96,3220000000,14520000000,0,4841908
7350096501632476,thread,2,account_worker,105,7490000000,12150000000,1,1758325
7350096501632476,thread,2,trader_callback,97,3870000000,17070000000,0,204
7350096501632476,thread,2,trace_writer,98,2940000000,13770000000,3,4575502
7350096501632476,thread,2,latency_writer,99,3070000000,14850000000,1,3428110
7350096501632476,thread,3,account_worker,106,5970000000,10550000000,1,4808396
7350096501632476,thread,3,trader_callback,100,2540000000,11710000000,0,8115117
7350096501632476,thread,3,trace_writer,101,3810000000,16370000000,2,1267225
7350096501632476,thread,3,latency_writer,102,3970000000,16290000000,0,525822
7350096602173577,process,-1,process,90,67790000000,232430000000,20710,11
7350096602173577,thread,-1,producer,90,10000000,130000000,20710,11
7350096602173577,thread,-1,sampler,107,30000000,60000000,209,1
7350096602173577,thread,0,account_worker,103,7400000000,12630000000,0,1318300
7350096602173577,thread,0,trader_callback,91,3680000000,17340000000,1,83360
7350096602173577,thread,0,trace_writer,92,2230000000,12330000000,1,8375864
7350096602173577,thread,0,latency_writer,93,3700000000,17360000000,0,1219
7350096602173577,thread,1,account_worker,104,6650000000,11440000000,2,3548294
7350096602173577,thread,1,trader_callback,94,3780000000,17170000000,0,147793
7350096602173577,thread,1,trace_writer,95,3160000000,15990000000,2,2484341
7350096602173577,thread,1,latency_writer,96,3240000000,14550000000,0,4929545
7350096602173577,thread,2,account_worker,105,7530000000,12210000000,1,1758328
7350096602173577,thread,2,trader_callback,97,3900000000,17150000000,0,205
7350096602173577,thread,2,trace_writer,98,2960000000,13850000000,3,4575508
7350096602173577,thread,2,latency_writer,99,3080000000,14910000000,1,3465452
7350096602173577,thread,3,account_worker,106,5990000000,10580000000,1,4875110
7350096602173577,thread,3,trader_callback,100,2560000000,11790000000,0,8115117
7350096602173577,thread,3,trace_writer,101,3820000000,16450000000,2,1267228
7350096602173577,thread,3,latency_writer,102,3980000000,16380000000,0,525829
7350096702691475,process,-1,process,90,68080000000,233550000000,20811,11
7350096702691475,thread,-1,producer,90,10000000,130000000,20811,11
7350096702691475,thread,-1,sampler,107,30000000,60000000,210,1
7350096702691475,thread,0,account_worker,103,7410000000,12670000000,0,1386137
7350096702691475,thread,0,trader_callback,91,3720000000,17400000000,1,83360
7350096702691475,thread,0,trace_writer,92,2240000000,12370000000,1,8461032
7350096702691475,thread,0,latency_writer,93,3720000000,17440000000,0,1219
7350096702691475,thread,1,account_worker,104,6670000000,11520000000,2,3548312
7350096702691475,thread,1,trader_callback,94,3790000000,17260000000,0,147793
7350096702691475,thread,1,trace_writer,95,3170000000,16080000000,2,2484343
7350096702691475,thread,1,latency_writer,96,3250000000,14590000000,0,5014712
7350096702691475,thread,2,account_worker,105,7570000000,12270000000,1,1758331
7350096702691475,thread,2,trader_callback,97,3920000000,17230000000,0,206
7350096702691475,thread,2,trace_writer,98,2960000000,13950000000,3,4575514
7350096702691475,thread,2,latency_writer,99,3120000000,14980000000,1,3465455
7350096702691475,thread,3,account_worker,106,6010000000,10610000000,1,4943088
7350096702691475,thread,3,trader_callback,100,2570000000,11880000000,0,8115117
7350096702691475,thread,3,trace_writer,101,3860000000,16520000000,2,1267228
7350096702691475,thread,3,latency_writer,102,3990000000,16470000000,0,525832
7350096803119387,process,-1,process,90,68420000000,234610000000,20911,11
7350096803119387,thread,-1,producer,90,20000000,140000000,20911,11
7350096803119387,thread,-1,sampler,107,40000000,60000000,211,1
7350096803119387,thread,0,account_worker,103,7430000000,12710000000,0,1455676
7350096803119387,thread,0,trader_callback,91,3730000000,17500000000,1,83360
7350096803119387,thread,0,trace_writer,92,2250000000,12410000000,1,8545034
7350096803119387,thread,0,latency_writer,93,3740000000,17520000000,0,1219
7350096803119387,thread,1,account_worker,104,6730000000,11560000000,2,3548324
7350096803119387,thread,1,trader_callback,94,3810000000,17340000000,0,147793
7350096803119387,thread,1,trace_writer,95,3180000000,16170000000,2,2484344
7350096803119387,thread,1,latency_writer,96,3260000000,14630000000,0,5098712
7350096803119387,thread,2,account_worker,105,7610000000,12330000000,1,1758334
7350096803119387,thread,2,trader_callback,97,3950000000,17290000000,0,206
7350096803119387,thread,2,trace_writer,98,2980000000,14040000000,3,4575517
7350096803119387,thread,2,latency_writer,99,3140000000,15050000000,1,3465459
7350096803119387,thread,3,account_worker,106,6010000000,10660000000,1,5012626
7350096803119387,thread,3,trader_callback,100,2580000000,11970000000,0,8115117
7350096803119387,thread,3,trace_writer,101,3880000000,16590000000,2,1267231
7350096803119387,thread,3,latency_writer,102,4020000000,16550000000,0,525837
7350096903558798,process,-1,process,90,68720000000,235710000000,21009,11
7350096903558798,thread,-1,producer,90,20000000,140000000,21009,11
7350096903558798,thread,-1,sampler,107,40000000,60000000,212,1
7350096903558798,thread,0,account_worker,103,7440000000,12750000000,0,1523130
7350096903558798,thread,0,trader_callback,91,3750000000,17570000000,1,83371
7350096903558798,thread,0,trace_writer,92,2260000000,12450000000,1,8631073
7350096903558798,thread,0,latency_writer,93,3760000000,17600000000,0,1229
7350096903558798,thread,1,account_worker,104,6780000000,11610000000,2,3548340
7350096903558798,thread,1,trader_callback,94,3830000000,17420000000,0,147804
7350096903558798,thread,1,trace_writer,95,3190000000,16260000000,2,2484356
7350096903558798,thread,1,latency_writer,96,3270000000,14670000000,0,5184741
7350096903558798,thread,2,account_worker,105,7650000000,12390000000,1,1758347
7350096903558798,thread,2,trader_callback,97,3970000000,17370000000,0,218
7350096903558798,thread,2,trace_writer,98,2990000000,14130000000,3,4575530
7350096903558798,thread,2,latency_writer,99,3150000000,15140000000,1,3465472
7350096903558798,thread,3,account_worker,106,6010000000,10710000000,1,5080066
7350096903558798,thread,3,trader_callback,100,2610000000,12040000000,0,8115127
7350096903558798,thread,3,trace_writer,101,3900000000,16670000000,2,1267244
7350096903558798,thread,3,latency_writer,102,4030000000,16630000000,0,525854
7350097004087774,process,-1,process,90,69030000000,236800000000,21109,11
7350097004087774,thread,-1,producer,90,20000000,140000000,21109,11
7350097004087774,thread,-1,sampler,107,40000000,70000000,213,1
7350097004087774,thread,0,account_worker,103,7440000000,12800000000,0,1591665
7350097004087774,thread,0,trader_callback,91,3770000000,17660000000,1,83371
7350097004087774,thread,0,trace_writer,92,2270000000,12490000000,1,8719132
7350097004087774,thread,0,latency_writer,93,3800000000,17660000000,0,1229
7350097004087774,thread,1,account_worker,104,6820000000,11680000000,2,3548352
7350097004087774,thread,1,trader_callback,94,3850000000,17500000000,0,147804
7350097004087774,thread,1,trace_writer,95,3200000000,16350000000,2,2484358
7350097004087774,thread,1,latency_writer,96,3290000000,14700000000,0,5272807
7350097004087774,thread,2,account_worker,105,7690000000,12450000000,1,1758350
7350097004087774,thread,2,trader_callback,97,3990000000,17460000000,0,218
7350097004087774,thread,2,trace_writer,98,3000000000,14220000000,3,4575530
7350097004087774,thread,2,latency_writer,99,3170000000,15220000000,1,3465477
7350097004087774,thread,3,account_worker,106,6030000000,10740000000,1,5148575
7350097004087774,thread,3,trader_callback,100,2630000000,12120000000,0,8115127
7350097004087774,thread,3,trace_writer,101,3930000000,16750000000,2,1267248
7350097004087774,thread,3,latency_writer,102,4050000000,16710000000,0,525855
7350097104539188,process,-1,process,90,69370000000,237870000000,21210,11
7350097104539188,thread,-1,producer,90,20000000,140000000,21210,11
7350097104539188,thread,-1,sampler,107,40000000,70000000,214,1
7350097104539188,thread,0,account_worker,103,7450000000,12830000000,0,1660536
7350097104539188,thread,0,trader_callback,91,3770000000,17750000000,1,83371
7350097104539188,thread,0,trace_writer,92,2290000000,12520000000,1,8807810
7350097104539188,thread,0,latency_writer,93,3820000000,17740000000,0,1230
7350097104539188,thread,1,account_worker,104,6860000000,11740000000,2,3548362
7350097104539188,thread,1,trader_callback,94,3880000000,17570000000,0,147804
7350097104539188,thread,1,trace_writer,95,3210000000,16440000000,2,2484363
7350097104539188,thread,1,latency_writer,96,3300000000,14740000000,0,5361476
7350097104539188,thread,2,account_worker,105,7750000000,12490000000,1,1758351
7350097104539188,thread,2,trader_callback,97,4010000000,17540000000,0,220
7350097104539188,thread,2,trace_writer,98,3020000000,14300000000,3,4575534
7350097104539188,thread,2,latency_writer,99,3190000000,15300000000,1,3465480
7350097104539188,thread,3,account_worker,106,6030000000,10790000000,1,5217487
7350097104539188,thread,3,trader_callback,100,2640000000,12210000000,0,8115128
7350097104539188,thread,3,trace_writer,101,3950000000,16830000000,2,1267248
7350097104539188,thread,3,latency_writer,102,4080000000,16780000000,0,525857
7350097205009012,process,-1,process,90,69640000000,239010000000,21310,11
7350097205009012,thread,-1,producer,90,20000000,140000000,21310,11
7350097205009012,thread,-1,sampler,107,40000000,70000000,215,1
7350097205009012,thread,0,account_worker,103,7460000000,12870000000,0,1727794
7350097205009012,thread,0,trader_callback,91,3800000000,17830000000,1,83372
7350097205009012,thread,0,trace_writer,92,2290000000,12570000000,1,8893406
7350097205009012,thread,0,latency_writer,93,3840000000,17820000000,0,1230
7350097205009012,thread,1,account_worker,104,6880000000,11810000000,2,3548380
7350097205009012,thread,1,trader_callback,94,3900000000,17650000000,0,147804
7350097205009012,thread,1,trace_writer,95,3220000000,16530000000,2,2484365
7350097205009012,thread,1,latency_writer,96,3310000000,14780000000,0,5447102
7350097205009012,thread,2,account_worker,105,7790000000,12560000000,1,1758354
7350097205009012,thread,2,trader_callback,97,4040000000,17600000000,0,221
7350097205009012,thread,2,trace_writer,98,3020000000,14390000000,3,4575534
7350097205009012,thread,2,latency_writer,99,3200000000,15390000000,1,3465482
7350097205009012,thread,3,account_worker,106,6040000000,10830000000,1,5284749
7350097205009012,thread,3,trader_callback,100,2660000000,12300000000,0,8115128
7350097205009012,thread,3,trace_writer,101,3970000000,16910000000,2,1267248
7350097205009012,thread,3,latency_writer,102,4100000000,16860000000,0,525857
7350097305536125,process,-1,process,90,69910000000,240150000000,21411,11
7350097305536125,thread,-1,producer,90,20000000,140000000,21411,11
7350097305536125,thread,-1,sampler,107,40000000,70000000,216,1
7350097305536125,thread,0,account_worker,103,7490000000,12900000000,0,1794760
7350097305536125,thread,0,trader_callback,91,3800000000,17920000000,1,83372
7350097305536125,thread,0,trace_writer,92,2300000000,12610000000,1,8973654
7350097305536125,thread,0,latency_writer,93,3850000000,17910000000,0,1230
7350097305536125,thread,1,account_worker,104,6900000000,11890000000,2,3548383
7350097305536125,thread,1,trader_callback,94,3910000000,17750000000,0,147804
7350097305536125,thread,1,trace_writer,95,3240000000,16610000000,2,2484367
7350097305536125,thread,1,latency_writer,96,3310000000,14830000000,0,5527326
7350097305536125,thread,2,account_worker,105,7810000000,12630000000,1,1758354
7350097305536125,thread,2,trader_callback,97,4070000000,17680000000,0,221
7350097305536125,thread,2,trace_writer,98,3040000000,14470000000,3,4575534
7350097305536125,thread,2,latency_writer,99,3210000000,15480000000,1,3465489
7350097305536125,thread,3,account_worker,106,6050000000,10870000000,1,5351721
7350097305536125,thread,3,trader_callback,100,2680000000,12370000000,0,8115128
7350097305536125,thread,3,trace_writer,101,3990000000,16990000000,2,1267254
7350097305536125,thread,3,latency_writer,102,4120000000,16950000000,0,525857
7350097405997971,process,-1,process,90,70140000000,241320000000,21511,13
7350097405997971,thread,-1,producer,90,20000000,140000000,21511,13
7350097405997971,thread,-1,sampler,107,40000000,70000000,217,1
7350097405997971,thread,0,account_worker,103,7500000000,12930000000,0,1862144
7350097405997971,thread,0,trader_callback,91,3810000000,18020000000,1,83372
7350097405997971,thread,0,trace_writer,92,2310000000,12650000000,1,9058923
7350097405997971,thread,0,latency_writer,93,3860000000,18000000000,0,1230
7350097405997971,thread,1,account_worker,104,6940000000,11950000000,2,3548390
7350097405997971,thread,1,trader_callback,94,3910000000,17840000000,0,147804
7350097405997971,thread,1,trace_writer,95,3270000000,16680000000,2,2484368
7350097405997971,thread,1,latency_writer,96,3320000000,14860000000,0,5612618
7350097405997971,thread,2,account_worker,105,7860000000,12690000000,1,1758357
7350097405997971,thread,2,trader_callback,97,4080000000,17770000000,0,221
7350097405997971,thread,2,trace_writer,98,3070000000,14550000000,3,4575537
7350097405997971,thread,2,latency_writer,99,3210000000,15570000000,1,3465495
7350097405997971,thread,3,account_worker,106,6060000000,10910000000,1,5419117
7350097405997971,thread,3,trader_callback,100,2690000000,12460000000,0,8115128
7350097405997971,thread,3,trace_writer,101,4000000000,17080000000,2,1267257
7350097405997971,thread,3,latency_writer,102,4120000000,17040000000,0,525857
7350097506536857,process,-1,process,90,70390000000,242480000000,21612,13
7350097506536857,thread,-1,producer,90,20000000,140000000,21612,13
7350097506536857,thread,-1,sampler,107,40000000,70000000,218,1
7350097506536857,thread,0,account_worker,103,7510000000,12970000000,0,1932142
7350097506536857,thread,0,trader_callback,91,3840000000,18090000000,1,83372
7350097506536857,thread,0,trace_writer,92,2330000000,12690000000,1,9147489
7350097506536857,thread,0,latency_writer,93,3870000000,18090000000,0,1230
7350097506536857,thread,1,account_worker,104,6980000000,12010000000,2,3548393
7350097506536857,thread,1,trader_callback,94,3920000000,17940000000,0,147804
7350097506536857,thread,1,trace_writer,95,3290000000,16760000000,2,2484368
7350097506536857,thread,1,latency_writer,96,3320000000,14910000000,0,5701180
7350097506536857,thread,2,account_worker,105,7880000000,12760000000,1,1758357
7350097506536857,thread,2,trader_callback,97,4080000000,17870000000,0,223
7350097506536857,thread,2,trace_writer,98,3070000000,14650000000,3,4575537
7350097506536857,thread,2,latency_writer,99,3240000000,15650000000,1,3465497
7350097506536857,thread,3,account_worker,106,6080000000,10940000000,1,5489125
7350097506536857,thread,3,trader_callback,100,2700000000,12550000000,0,8115128
7350097506536857,thread,3,trace_writer,101,4010000000,17170000000,2,1267260
7350097506536857,thread,3,latency_writer,102,4140000000,17130000000,0,525857
7350097607076709,process,-1,process,90,70690000000,243630000000,21712,13
7350097607076709,thread,-1,producer,90,20000000,140000000,21712,13
7350097607076709,thread,-1,sampler,107,40000000,70000000,219,1
7350097607076709,thread,0,account_worker,103,7520000000,13010000000,0,2003366
7350097607076709,thread,0,trader_callback,91,3860000000,18170000000,1,83373
7350097607076709,thread,0,trace_writer,92,2330000000,12750000000,1,9195832
7350097607076709,thread,0,latency_writer,93,3890000000,18170000000,0,1230
7350097607076709,thread,1,account_worker,104,7020000000,12070000000,2,3548396
7350097607076709,thread,1,trader_callback,94,3950000000,18000000000,0,147804
7350097607076709,thread,1,trace_writer,95,3300000000,16850000000,2,2484369
7350097607076709,thread,1,latency_writer,96,3330000000,14980000000,0,5749430
7350097607076709,thread,2,account_worker,105,7910000000,12830000000,1,1758360
7350097607076709,thread,2,trader_callback,97,4090000000,17960000000,0,225
7350097607076709,thread,2,trace_writer,98,3090000000,14730000000,3,4575538
7350097607076709,thread,2,latency_writer,99,3250000000,15740000000,1,3465502
7350097607076709,thread,3,account_worker,106,6100000000,10980000000,1,5560255
7350097607076709,thread,3,trader_callback,100,2720000000,12640000000,0,8115128
7350097607076709,thread,3,trace_writer,101,4030000000,17250000000,2,1267260
7350097607076709,thread,3,latency_writer,102,4170000000,17190000000,0,525857
7350097707584434,process,-1,process,90,71060000000,244750000000,21813,13
7350097707584434,thread,-1,producer,90,20000000,140000000,21813,13
7350097707584434,thread,-1,sampler,107,40000000,70000000,220,1
7350097707584434,thread,0,account_worker,103,7540000000,13050000000,0,2072340
7350097707584434,thread,0,trader_callback,91,3880000000,18250000000,1,83375
7350097707584434,thread,0,trace_writer,92,2370000000,12820000000,1,9195832
7350097707584434,thread,0,latency_writer,93,3920000000,18230000000,0,14176
7350097707584434,thread,1,account_worker,104,7080000000,12110000000,2,3548399
7350097707584434,thread,1,trader_callback,94,3970000000,18080000000,0,147804
7350097707584434,thread,1,trace_writer,95,3320000000,16930000000,2,2484369
7350097707584434,thread,1,latency_writer,96,3340000000,15070000000,0,5749437
7350097707584434,thread,2,account_worker,105,7950000000,12890000000,1,1758363
7350097707584434,thread,2,trader_callback,97,4110000000,18040000000,0,226
7350097707584434,thread,2,trace_writer,98,3120000000,14800000000,3,4575538
7350097707584434,thread,2,latency_writer,99,3250000000,15830000000,1,3478454
7350097707584434,thread,3,account_worker,106,6120000000,11010000000,1,5629317
7350097707584434,thread,3,trader_callback,100,2740000000,12720000000,0,8115128
7350097707584434,thread,3,trace_writer,101,4040000000,17340000000,2,1267260
7350097707584434,thread,3,latency_writer,102,4180000000,17280000000,0,525857
7350097808263071,process,-1,process,90,71370000000,245950000000,21912,13
7350097808263071,thread,-1,producer,90,20000000,140000000,21913,13
7350097808263071,thread,-1,sampler,107,40000000,70000000,221,2
7350097808263071,thread,0,account_worker,103,7550000000,13090000000,0,2141701
7350097808263071,thread,0,trader_callback,91,3900000000,18330000000,1,83375
7350097808263071,thread,0,trace_writer,92,2390000000,12900000000,1,9195835
7350097808263071,thread,0,latency_writer,93,3940000000,18320000000,0,14176
7350097808263071,thread,1,account_worker,104,7120000000,12180000000,2,3548402
7350097808263071,thread,1,trader_callback,94,3980000000,18170000000,0,147804
7350097808263071,thread,1,trace_writer,95,3330000000,17020000000,2,2484369
7350097808263071,thread,1,latency_writer,96,3370000000,15140000000,0,5749440
7350097808263071,thread,2,account_worker,105,8010000000,12940000000,1,1758364
7350097808263071,thread,2,trader_callback,97,4130000000,18110000000,0,227
7350097808263071,thread,2,trace_writer,98,3120000000,14900000000,3,4575538
7350097808263071,thread,2,latency_writer,99,3260000000,15920000000,1,3478456
7350097808263071,thread,3,account_worker,106,6130000000,11040000000,1,5698481
7350097808263071,thread,3,trader_callback,100,2740000000,12810000000,0,8115129
7350097808263071,thread,3,trace_writer,101,4070000000,17410000000,2,1267260
7350097808263071,thread,3,latency_writer,102,4180000000,17380000000,0,525857
7350097908822711,process,-1,process,90,71650000000,247170000000,22013,13
7350097908822711,thread,-1,producer,90,20000000,140000000,22013,13
7350097908822711,thread,-1,sampler,107,40000000,70000000,222,2
7350097908822711,thread,0,account_worker,103,7560000000,13130000000,0,2210179
7350097908822711,thread,0,trader_callback,91,3920000000,18410000000,1,83375
7350097908822711,thread,0,trace_writer,92,2420000000,12970000000,1,9195835
7350097908822711,thread,0,latency_writer,93,3960000000,18400000000,0,14176
7350097908822711,thread,1,account_worker,104,7140000000,12250000000,2,3548407
7350097908822711,thread,1,trader_callback,94,3990000000,18260000000,0,147804
7350097908822711,thread,1,trace_writer,95,3330000000,17110000000,2,2484430
7350097908822711,thread,1,latency_writer,96,3390000000,15220000000,0,5749442
7350097908822711,thread,2,account_worker,105,8050000000,13000000000,1,1758364
7350097908822711,thread,2,trader_callback,97,4150000000,18200000000,0,227
7350097908822711,thread,2,trace_writer,98,3140000000,14980000000,3,4575538
7350097908822711,thread,2,latency_writer,99,3280000000,16000000000,1,3478456
7350097908822711,thread,3,account_worker,106,6150000000,11070000000,1,5767158
7350097908822711,thread,3,trader_callback,100,2750000000,12910000000,0,8115129
7350097908822711,thread,3,trace_writer,101,4080000000,17500000000,2,1267260
7350097908822711,thread,3,latency_writer,102,4200000000,17460000000,0,525857
7350098009346978,process,-1,process,90,71980000000,248340000000,22109,13
7350098009346978,thread,-1,producer,90,20000000,140000000,22109,13
7350098009346978,thread,-1,sampler,107,40000000,70000000,223,2
7350098009346978,thread,0,account_worker,103,7580000000,13160000000,0,2277527
7350098009346978,thread,0,trader_callback,91,3940000000,18490000000,1,83376
7350098009346978,thread,0,trace_writer,92,2450000000,13050000000,1,9195835
7350098009346978,thread,0,latency_writer,93,3970000000,18490000000,0,14176
7350098009346978,thread,1,account_worker,104,7210000000,12290000000,2,3548410
7350098009346978,thread,1,trader_callback,94,4000000000,18360000000,0,147804
7350098009346978,thread,1,trace_writer,95,3340000000,17200000000,2,2484529
7350098009346978,thread,1,latency_writer,96,3420000000,15280000000,0,5749444
7350098009346978,thread,2,account_worker,105,8090000000,13060000000,1,1758364
7350098009346978,thread,2,trader_callback,97,4170000000,18280000000,0,227
7350098009346978,thread,2,trace_writer,98,3150000000,15070000000,3,4575539
7350098009346978,thread,2,latency_writer,99,3290000000,16090000000,1,3478457
7350098009346978,thread,3,account_worker,106,6170000000,11100000000,1,5834437
7350098009346978,thread,3,trader_callback,100,2760000000,13000000000,0,8115130
7350098009346978,thread,3,trace_writer,101,4090000000,17590000000,2,1267261
7350098009346978,thread,3,latency_writer,102,4230000000,17530000000,0,525858
7350098109852827,process,-1,process,90,72330000000,249600000000,22209,13
7350098109852827,thread,-1,producer,90,20000000,140000000,22209,13
7350098109852827,thread,-1,sampler,107,40000000,70000000,224,2
7350098109852827,thread,0,account_worker,103,7630000000,13210000000,0,2277724
7350098109852827,thread,0,trader_callback,91,3950000000,18580000000,1,83376
7350098109852827,thread,0,trace_writer,92,2470000000,13130000000,1,9195839
7350098109852827,thread,0,latency_writer,93,3970000000,18580000000,0,14177
7350098109852827,thread,1,account_worker,104,7250000000,12350000000,2,3548417
7350098109852827,thread,1,trader_callback,94,4010000000,18450000000,0,147805
7350098109852827,thread,1,trace_writer,95,3360000000,17290000000,2,2484638
7350098109852827,thread,1,latency_writer,96,3430000000,15380000000,0,5749446
7350098109852827,thread,2,account_worker,105,8130000000,13120000000,1,1758365
7350098109852827,thread,2,trader_callback,97,4190000000,18360000000,0,228
7350098109852827,thread,2,trace_writer,98,3160000000,15160000000,3,4575540
7350098109852827,thread,2,latency_writer,99,3310000000,16170000000,1,3478457
7350098109852827,thread,3,account_worker,106,6190000000,11180000000,1,5834504
7350098109852827,thread,3,trader_callback,100,2800000000,13060000000,0,8115131
7350098109852827,thread,3,trace_writer,101,4120000000,17660000000,2,1267273
7350098109852827,thread,3,latency_writer,102,4250000000,17620000000,0,525859
7350098210371919,process,-1,process,90,72710000000,250810000000,22307,13
7350098210371919,thread,-1,producer,90,20000000,140000000,22307,13
7350098210371919,thread,-1,sampler,107,40000000,70000000,225,2
7350098210371919,thread,0,account_worker,103,7660000000,13270000000,0,2277724
7350098210371919,thread,0,trader_callback,91,3970000000,18660000000,1,83376
7350098210371919,thread,0,trace_writer,92,2480000000,13210000000,1,9195840
7350098210371919,thread,0,latency_writer,93,4000000000,18660000000,0,14177
7350098210371919,thread,1,account_worker,104,7310000000,12390000000,2,3548429
7350098210371919,thread,1,trader_callback,94,4040000000,18520000000,0,147805
7350098210371919,thread,1,trace_writer,95,3370000000,17370000000,2,2484740
7350098210371919,thread,1,latency_writer,96,3440000000,15460000000,0,5749448
7350098210371919,thread,2,account_worker,105,8160000000,13190000000,1,1758365
7350098210371919,thread,2,trader_callback,97,4190000000,18460000000,0,229
7350098210371919,thread,2,trace_writer,98,3180000000,15250000000,3,4575540
7350098210371919,thread,2,latency_writer,99,3340000000,16250000000,1,3478459
7350098210371919,thread,3,account_worker,106,6240000000,11230000000,1,5834507
7350098210371919,thread,3,trader_callback,100,2820000000,13140000000,0,8115131
7350098210371919,thread,3,trace_writer,101,4130000000,17750000000,2,1267273
7350098210371919,thread,3,latency_writer,102,4260000000,17710000000,0,525859
7350098310883799,process,-1,process,90,73060000000,252070000000,22407,13
7350098310883799,thread,-1,producer,90,20000000,140000000,22407,13
7350098310883799,thread,-1,sampler,107,40000000,70000000,226,2
7350098310883799,thread,0,account_worker,103,7700000000,13340000000,0,2277724
7350098310883799,thread,0,trader_callback,91,3990000000,18750000000,1,83376
7350098310883799,thread,0,trace_writer,92,2500000000,13290000000,1,9195843
7350098310883799,thread,0,latency_writer,93,4020000000,18740000000,0,14177
7350098310883799,thread,1,account_worker,104,7360000000,12440000000,2,3548432
7350098310883799,thread,1,trader_callback,94,4070000000,18590000000,0,147805
7350098310883799,thread,1,trace_writer,95,3380000000,17460000000,2,2484846
7350098310883799,thread,1,latency_writer,96,3480000000,15530000000,0,5749454
7350098310883799,thread,2,account_worker,105,8200000000,13250000000,1,1758365
7350098310883799,thread,2,trader_callback,97,4200000000,18550000000,0,229
7350098310883799,thread,2,trace_writer,98,3190000000,15330000000,3,4575540
7350098310883799,thread,2,latency_writer,99,3340000000,16340000000,1,3478460
7350098310883799,thread,3,account_worker,106,6270000000,11300000000,1,5834509
7350098310883799,thread,3,trader_callback,100,2840000000,13220000000,0,8115131
7350098310883799,thread,3,trace_writer,101,4150000000,17830000000,2,1267276
7350098310883799,thread,3,latency_writer,102,4270000000,17800000000,0,525859
7350098411408889,process,-1,process,90,73460000000,253280000000,22508,13
7350098411408889,thread,-1,producer,90,20000000,140000000,22508,13
7350098411408889,thread,-1,sampler,107,40000000,70000000,227,2
7350098411408889,thread,0,account_worker,103,7740000000,13400000000,0,2277724
7350098411408889,thread,0,trader_callback,91,4000000000,18830000000,1,83376
7350098411408889,thread,0,trace_writer,92,2510000000,13380000000,1,9195843
7350098411408889,thread,0,latency_writer,93,4040000000,18820000000,0,14177
7350098411408889,thread,1,account_worker,104,7390000000,12510000000,2,3548438
7350098411408889,thread,1,trader_callback,94,4090000000,18670000000,0,147805
7350098411408889,thread,1,trace_writer,95,3400000000,17540000000,2,2484955
7350098411408889,thread,1,latency_writer,96,3500000000,15610000000,0,5749457
7350098411408889,thread,2,account_worker,105,8240000000,13310000000,1,1758365
7350098411408889,thread,2,trader_callback,97,4230000000,18620000000,0,229
7350098411408889,thread,2,trace_writer,98,3210000000,15410000000,3,4575541
7350098411408889,thread,2,latency_writer,99,3360000000,16430000000,1,3478463
7350098411408889,thread,3,account_worker,106,6310000000,11350000000,1,5834512
7350098411408889,thread,3,trader_callback,100,2860000000,13300000000,0,8115131
7350098411408889,thread,3,trace_writer,101,4180000000,17910000000,2,1267282
7350098411408889,thread,3,latency_writer,102,4280000000,17890000000,0,525860
7350098511933888,process,-1,process,90,73820000000,254490000000,22594,13
7350098511933888,thread,-1,producer,90,20000000,140000000,22594,13
7350098511933888,thread,-1,sampler,107,40000000,70000000,228,3
7350098511933888,thread,0,account_worker,103,7780000000,13460000000,0,2277727
7350098511933888,thread,0,trader_callback,91,4020000000,18910000000,1,83376
7350098511933888,thread,0,trace_writer,92,2530000000,13470000000,1,9195846
7350098511933888,thread,0,latency_writer,93,4050000000,18910000000,0,14177
7350098511933888,thread,1,account_worker,104,7430000000,12570000000,2,3548444
7350098511933888,thread,1,trader_callback,94,4120000000,18740000000,0,147805
7350098511933888,thread,1,trace_writer,95,3410000000,17590000000,2,2502633
7350098511933888,thread,1,latency_writer,96,3520000000,15690000000,0,5749465
7350098511933888,thread,2,account_worker,105,8280000000,13370000000,1,1758365
7350098511933888,thread,2,trader_callback,97,4250000000,18700000000,0,229
7350098511933888,thread,2,trace_writer,98,3220000000,15510000000,3,4575544
7350098511933888,thread,2,latency_writer,99,3380000000,16500000000,1,3478467
7350098511933888,thread,3,account_worker,106,6340000000,11420000000,1,5834523
7350098511933888,thread,3,trader_callback,100,2880000000,13390000000,0,8115131
7350098511933888,thread,3,trace_writer,101,4190000000,17990000000,2,1267285
7350098511933888,thread,3,latency_writer,102,4290000000,17960000000,0,543624
7350098612522725,process,-1,process,90,74210000000,255600000000,22691,13
7350098612522725,thread,-1,producer,90,20000000,140000000,22691,13
7350098612522725,thread,-1,sampler,107,40000000,70000000,229,3
7350098612522725,thread,0,account_worker,103,7810000000,13530000000,0,2277727
7350098612522725,thread,0,trader_callback,91,4040000000,18990000000,1,83376
7350098612522725,thread,0,trace_writer,92,2550000000,13540000000,1,9195846
7350098612522725,thread,0,latency_writer,93,4070000000,18990000000,0,14178
7350098612522725,thread,1,account_worker,104,7460000000,12640000000,2,3548450
7350098612522725,thread,1,trader_callback,94,4150000000,18810000000,0,147806
7350098612522725,thread,1,trace_writer,95,3440000000,17670000000,2,2505991
7350098612522725,thread,1,latency_writer,96,3530000000,15730000000,0,5831606
7350098612522725,thread,2,account_worker,105,8330000000,13420000000,1,1758365
7350098612522725,thread,2,trader_callback,97,4270000000,18780000000,0,231
7350098612522725,thread,2,trace_writer,98,3240000000,15580000000,3,4575553
7350098612522725,thread,2,latency_writer,99,3400000000,16580000000,1,3478469
7350098612522725,thread,3,account_worker,106,6380000000,11480000000,1,5834525
7350098612522725,thread,3,trader_callback,100,2890000000,13470000000,0,8115131
7350098612522725,thread,3,trace_writer,101,4220000000,18060000000,2,1267288
7350098612522725,thread,3,latency_writer,102,4290000000,18020000000,0,629106
7350098713046225,process,-1,process,90,74530000000,256790000000,22791,13
7350098713046225,thread,-1,producer,90,20000000,140000000,22791,13
7350098713046225,thread,-1,sampler,107,40000000,70000000,230,3
7350098713046225,thread,0,account_worker,103,7850000000,13590000000,0,2277727
7350098713046225,thread,0,trader_callback,91,4050000000,19080000000,1,83376
7350098713046225,thread,0,trace_writer,92,2560000000,13630000000,1,9195846
7350098713046225,thread,0,latency_writer,93,4090000000,19070000000,0,14178
7350098713046225,thread,1,account_worker,104,7490000000,12710000000,2,3548453
7350098713046225,thread,1,trader_callback,94,4160000000,18900000000,0,147806
7350098713046225,thread,1,trace_writer,95,3450000000,17760000000,2,2505991
7350098713046225,thread,1,latency_writer,96,3540000000,15770000000,0,5918491
7350098713046225,thread,2,account_worker,105,8360000000,13490000000,1,1758365
7350098713046225,thread,2,trader_callback,97,4280000000,18870000000,0,231
7350098713046225,thread,2,trace_writer,98,3260000000,15670000000,3,4575556
7350098713046225,thread,2,latency_writer,99,3440000000,16650000000,1,3478470
7350098713046225,thread,3,account_worker,106,6420000000,11540000000,1,5834528
7350098713046225,thread,3,trader_callback,100,2900000000,13560000000,0,8115131
7350098713046225,thread,3,trace_writer,101,4250000000,18130000000,2,1267291
7350098713046225,thread,3,latency_writer,102,4300000000,18050000000,0,715997
7350098813587223,process,-1,process,90,74890000000,257930000000,22892,13
7350098813587223,thread,-1,producer,90,20000000,140000000,22892,13
7350098813587223,thread,-1,sampler,107,40000000,70000000,231,3
7350098813587223,thread,0,account_worker,103,7900000000,13640000000,0,2277727
7350098813587223,thread,0,trader_callback,91,4070000000,19170000000,1,83376
7350098813587223,thread,0,trace_writer,92,2580000000,13710000000,1,9195846
7350098813587223,thread,0,latency_writer,93,4110000000,19150000000,0,14178
7350098813587223,thread,1,account_worker,104,7540000000,12760000000,2,3548462
7350098813587223,thread,1,trader_callback,94,4170000000,18990000000,0,147806
7350098813587223,thread,1,trace_writer,95,3480000000,17830000000,2,2505991
7350098813587223,thread,1,latency_writer,96,3540000000,15820000000,0,6008709
7350098813587223,thread,2,account_worker,105,8390000000,13560000000,1,1758365
7350098813587223,thread,2,trader_callback,97,4300000000,18960000000,0,232
7350098813587223,thread,2,trace_writer,98,3280000000,15750000000,3,4575559
7350098813587223,thread,2,latency_writer,99,3450000000,16730000000,1,3478471
7350098813587223,thread,3,account_worker,106,6460000000,11600000000,1,5834530
7350098813587223,thread,3,trader_callback,100,2910000000,13660000000,0,8115131
7350098813587223,thread,3,trace_writer,101,4270000000,18220000000,2,1267294
7350098813587223,thread,3,latency_writer,102,4310000000,18100000000,0,806176
7350098914097899,process,-1,process,90,75240000000,259030000000,22985,13
7350098914097899,thread,-1,producer,90,20000000,140000000,22985,13
7350098914097899,thread,-1,sampler,107,40000000,70000000,232,3
7350098914097899,thread,0,account_worker,103,7940000000,13700000000,0,2277727
7350098914097899,thread,0,trader_callback,91,4080000000,19260000000,1,83377
7350098914097899,thread,0,trace_writer,92,2610000000,13780000000,1,9195846
7350098914097899,thread,0,latency_writer,93,4130000000,19240000000,0,14178
7350098914097899,thread,1,account_worker,104,7570000000,12830000000,2,3548465
7350098914097899,thread,1,trader_callback,94,4190000000,19070000000,0,147806
7350098914097899,thread,1,trace_writer,95,3490000000,17880000000,2,2542366
7350098914097899,thread,1,latency_writer,96,3550000000,15850000000,0,6078475
7350098914097899,thread,2,account_worker,105,8450000000,13610000000,1,1758365
7350098914097899,thread,2,trader_callback,97,4320000000,19040000000,0,234
7350098914097899,thread,2,trace_writer,98,3300000000,15830000000,3,4575562
7350098914097899,thread,2,latency_writer,99,3460000000,16780000000,1,3515383
7350098914097899,thread,3,account_worker,106,6500000000,11650000000,1,5834533
7350098914097899,thread,3,trader_callback,100,2920000000,13750000000,0,8115131
7350098914097899,thread,3,trace_writer,101,4290000000,18300000000,2,1267297
7350098914097899,thread,3,latency_writer,102,4320000000,18160000000,0,838825
7350099014655192,process,-1,process,90,75610000000,260070000000,23086,13
7350099014655192,thread,-1,producer,90,20000000,140000000,23086,13
7350099014655192,thread,-1,sampler,107,40000000,70000000,233,3
7350099014655192,thread,0,account_worker,103,7990000000,13750000000,0,2277731
7350099014655192,thread,0,trader_callback,91,4100000000,19340000000,1,83377
7350099014655192,thread,0,trace_writer,92,2640000000,13850000000,1,9195849
7350099014655192,thread,0,latency_writer,93,4140000000,19320000000,0,14178
7350099014655192,thread,1,account_worker,104,7620000000,12880000000,2,3548477
7350099014655192,thread,1,trader_callback,94,4210000000,19150000000,0,147806
7350099014655192,thread,1,trace_writer,95,3490000000,17910000000,2,2600777
7350099014655192,thread,1,latency_writer,96,3550000000,15880000000,0,6137762
7350099014655192,thread,2,account_worker,105,8490000000,13670000000,1,1758365
7350099014655192,thread,2,trader_callback,97,4340000000,19110000000,0,235
7350099014655192,thread,2,trace_writer,98,3310000000,15910000000,3,4575565
7350099014655192,thread,2,latency_writer,99,3470000000,16800000000,1,3574687
7350099014655192,thread,3,account_worker,106,6540000000,11720000000,1,5834537
7350099014655192,thread,3,trader_callback,100,2930000000,13840000000,0,8115131
7350099014655192,thread,3,trace_writer,101,4310000000,18370000000,2,1267298
7350099014655192,thread,3,latency_writer,102,4340000000,18250000000,0,838825
7350099115144388,process,-1,process,90,75900000000,261180000000,23186,13
7350099115144388,thread,-1,producer,90,20000000,150000000,23186,13
7350099115144388,thread,-1,sampler,107,40000000,70000000,234,3
7350099115144388,thread,0,account_worker,103,8010000000,13830000000,0,2277731
7350099115144388,thread,0,trader_callback,91,4110000000,19420000000,1,83377
7350099115144388,thread,0,trace_writer,92,2670000000,13930000000,1,9195850
7350099115144388,thread,0,latency_writer,93,4160000000,19400000000,0,14179
7350099115144388,thread,1,account_worker,104,7650000000,12950000000,2,3548484
7350099115144388,thread,1,trader_callback,94,4230000000,19230000000,0,147806
7350099115144388,thread,1,trace_writer,95,3500000000,17930000000,2,2658882
7350099115144388,thread,1,latency_writer,96,3570000000,15900000000,0,6196720
7350099115144388,thread,2,account_worker,105,8520000000,13730000000,1,1758366
7350099115144388,thread,2,trader_callback,97,4360000000,19190000000,0,236
7350099115144388,thread,2,trace_writer,98,3320000000,16000000000,3,4575567
7350099115144388,thread,2,latency_writer,99,3490000000,16820000000,1,3633599
7350099115144388,thread,3,account_worker,106,6560000000,11790000000,1,5834539
7350099115144388,thread,3,trader_callback,100,2940000000,13920000000,0,8115132
7350099115144388,thread,3,trace_writer,101,4330000000,18450000000,2,1267301
7350099115144388,thread,3,latency_writer,102,4340000000,18350000000,0,838825
7350099215658891,process,-1,process,90,76190000000,262300000000,23287,13
7350099215658891,thread,-1,producer,90,20000000,150000000,23287,13
7350099215658891,thread,-1,sampler,107,40000000,70000000,235,3
7350099215658891,thread,0,account_worker,103,8040000000,13900000000,0,2277731
7350099215658891,thread,0,trader_callback,91,4120000000,19520000000,1,83377
7350099215658891,thread,0,trace_writer,92,2680000000,14020000000,1,9195856
7350099215658891,thread,0,latency_writer,93,4170000000,19490000000,0,14179
7350099215658891,thread,1,account_worker,104,7690000000,13020000000,2,3548490
7350099215658891,thread,1,trader_callback,94,4250000000,19320000000,0,147806
7350099215658891,thread,1,trace_writer,95,3500000000,17960000000,2,2716060
7350099215658891,thread,1,latency_writer,96,3570000000,15930000000,0,6254686
7350099215658891,thread,2,account_worker,105,8560000000,13790000000,1,1758366
7350099215658891,thread,2,trader_callback,97,4380000000,19280000000,0,239
7350099215658891,thread,2,trace_writer,98,3340000000,16080000000,3,4575571
7350099215658891,thread,2,latency_writer,99,3490000000,16850000000,1,3691721
7350099215658891,thread,3,account_worker,106,6590000000,11860000000,1,5834542
7350099215658891,thread,3,trader_callback,100,2960000000,14010000000,0,8115132
7350099215658891,thread,3,trace_writer,101,4350000000,18530000000,2,1267301
7350099215658891,thread,3,latency_writer,102,4360000000,18430000000,0,838827
7350099316184861,process,-1,process,90,76570000000,263330000000,23387,13
7350099316184861,thread,-1,producer,90,20000000,150000000,23387,13
7350099316184861,thread,-1,sampler,107,40000000,70000000,236,3
7350099316184861,thread,0,account_worker,103,8090000000,13960000000,0,2277731
7350099316184861,thread,0,trader_callback,91,4140000000,19600000000,1,83377
7350099316184861,thread,0,trace_writer,92,2710000000,14090000000,1,9195859
7350099316184861,thread,0,latency_writer,93,4190000000,19570000000,0,14179
7350099316184861,thread,1,account_worker,104,7720000000,13080000000,2,3548490
7350099316184861,thread,1,trader_callback,94,4270000000,19390000000,0,147806
7350099316184861,thread,1,trace_writer,95,3510000000,17990000000,2,2771238
7350099316184861,thread,1,latency_writer,96,3580000000,15960000000,0,6310754
7350099316184861,thread,2,account_worker,105,8600000000,13860000000,1,1758367
7350099316184861,thread,2,trader_callback,97,4410000000,19340000000,0,240
7350099316184861,thread,2,trace_writer,98,3360000000,16170000000,3,4575574
7350099316184861,thread,2,latency_writer,99,3490000000,16880000000,1,3747821
7350099316184861,thread,3,account_worker,106,6640000000,11910000000,1,5834545
7350099316184861,thread,3,trader_callback,100,2980000000,14080000000,0,8115132
7350099316184861,thread,3,trace_writer,101,4370000000,18610000000,2,1267301
7350099316184861,thread,3,latency_writer,102,4380000000,18520000000,0,838827
7350099416704429,process,-1,process,90,76910000000,264390000000,23488,15
7350099416704429,thread,-1,producer,90,20000000,150000000,23488,15
7350099416704429,thread,-1,sampler,107,40000000,70000000,237,3
7350099416704429,thread,0,account_worker,103,8120000000,14020000000,0,2277734
7350099416704429,thread,0,trader_callback,91,4170000000,19670000000,1,83377
7350099416704429,thread,0,trace_writer,92,2730000000,14170000000,1,9195859
7350099416704429,thread,0,latency_writer,93,4210000000,19650000000,0,14180
7350099416704429,thread,1,account_worker,104,7760000000,13140000000,2,3548500
7350099416704429,thread,1,trader_callback,94,4290000000,19470000000,0,147806
7350099416704429,thread,1,trace_writer,95,3520000000,18010000000,2,2828525
7350099416704429,thread,1,latency_writer,96,3590000000,15970000000,0,6368957
7350099416704429,thread,2,account_worker,105,8620000000,13930000000,1,1758367
7350099416704429,thread,2,trader_callback,97,4430000000,19420000000,0,240
7350099416704429,thread,2,trace_writer,98,3380000000,16250000000,3,4575577
7350099416704429,thread,2,latency_writer,99,3500000000,16910000000,1,3806190
7350099416704429,thread,3,account_worker,106,6680000000,11970000000,1,5834548
7350099416704429,thread,3,trader_callback,100,2990000000,14180000000,0,8115132
7350099416704429,thread,3,trace_writer,101,4390000000,18700000000,2,1267304
7350099416704429,thread,3,latency_writer,102,4400000000,18600000000,0,838828
7350099517228580,process,-1,process,90,77270000000,265440000000,23588,15
7350099517228580,thread,-1,producer,90,20000000,150000000,23588,15
7350099517228580,thread,-1,sampler,107,40000000,70000000,238,3
7350099517228580,thread,0,account_worker,103,8170000000,14070000000,0,2277734
7350099517228580,thread,0,trader_callback,91,4180000000,19760000000,1,83377
7350099517228580,thread,0,trace_writer,92,2740000000,14260000000,1,9195860
7350099517228580,thread,0,latency_writer,93,4240000000,19730000000,0,14180
7350099517228580,thread,1,account_worker,104,7800000000,13200000000,2,3548504
7350099517228580,thread,1,trader_callback,94,4310000000,19560000000,0,147806
7350099517228580,thread,1,trace_writer,95,3520000000,18040000000,2,2886456
7350099517228580,thread,1,latency_writer,96,3600000000,16000000000,0,6427991
7350099517228580,thread,2,account_worker,105,8660000000,13990000000,1,1758367
7350099517228580,thread,2,trader_callback,97,4450000000,19500000000,0,241
7350099517228580,thread,2,trace_writer,98,3410000000,16320000000,3,4575578
7350099517228580,thread,2,latency_writer,99,3500000000,16940000000,1,3865241
7350099517228580,thread,3,account_worker,106,6720000000,12030000000,1,5834552
7350099517228580,thread,3,trader_callback,100,3000000000,14260000000,0,8115132
7350099517228580,thread,3,trace_writer,101,4390000000,18790000000,2,1267307
7350099517228580,thread,3,latency_writer,102,4420000000,18670000000,0,838828
7350099617791967,process,-1,process,90,77590000000,266520000000,23689,15
7350099617791967,thread,-1,producer,90,20000000,150000000,23689,15
7350099617791967,thread,-1,sampler,107,40000000,70000000,239,3
7350099617791967,thread,0,account_worker,103,8200000000,14140000000,0,2277734
7350099617791967,thread,0,trader_callback,91,4210000000,19830000000,1,83377
7350099617791967,thread,0,trace_writer,92,2770000000,14330000000,1,9195873
7350099617791967,thread,0,latency_writer,93,4250000000,19810000000,0,14180
7350099617791967,thread,1,account_worker,104,7840000000,13260000000,2,3548504
7350099617791967,thread,1,trader_callback,94,4320000000,19640000000,0,147806
7350099617791967,thread,1,trace_writer,95,3530000000,18070000000,2,2943649
7350099617791967,thread,1,latency_writer,96,3600000000,16030000000,0,6486207
7350099617791967,thread,2,account_worker,105,8690000000,14070000000,1,1758367
7350099617791967,thread,2,trader_callback,97,4480000000,19580000000,0,242
7350099617791967,thread,2,trace_writer,98,3420000000,16410000000,3,4575584
7350099617791967,thread,2,latency_writer,99,3510000000,16960000000,1,3923576
7350099617791967,thread,3,account_worker,106,6740000000,12110000000,1,5834554
7350099617791967,thread,3,trader_callback,100,3020000000,14350000000,0,8115133
7350099617791967,thread,3,trace_writer,101,4420000000,18870000000,2,1267310
7350099617791967,thread,3,latency_writer,102,4440000000,18750000000,0,838836
7350099718342461,process,-1,process,90,77940000000,267580000000,23790,15
7350099718342461,thread,-1,producer,90,20000000,150000000,23790,15
7350099718342461,thread,-1,sampler,107,40000000,70000000,240,3
7350099718342461,thread,0,account_worker,103,8230000000,14180000000,0,2326242
7350099718342461,thread,0,trader_callback,91,4220000000,19920000000,1,83378
7350099718342461,thread,0,trace_writer,92,2800000000,14400000000,1,9195880
7350099718342461,thread,0,latency_writer,93,4270000000,19900000000,0,14180
7350099718342461,thread,1,account_worker,104,7890000000,13320000000,2,3548511
7350099718342461,thread,1,trader_callback,94,4330000000,19740000000,0,147806
7350099718342461,thread,1,trace_writer,95,3530000000,18100000000,2,3007069
7350099718342461,thread,1,latency_writer,96,3620000000,16090000000,0,6504761
7350099718342461,thread,2,account_worker,105,8710000000,14150000000,1,1758370
7350099718342461,thread,2,trader_callback,97,4510000000,19650000000,0,243
7350099718342461,thread,2,trace_writer,98,3460000000,16470000000,3,4575584
7350099718342461,thread,2,latency_writer,99,3520000000,16990000000,1,3990714
7350099718342461,thread,3,account_worker,106,6770000000,12140000000,1,5879698
7350099718342461,thread,3,trader_callback,100,3050000000,14420000000,0,8115133
7350099718342461,thread,3,trace_writer,101,4440000000,18950000000,2,1267310
7350099718342461,thread,3,latency_writer,102,4460000000,18830000000,0,838837
7350099818880332,process,-1,process,90,78240000000,268680000000,23890,15
7350099818880332,thread,-1,producer,90,20000000,150000000,23890,15
7350099818880332,thread,-1,sampler,107,40000000,70000000,241,3
7350099818880332,thread,0,account_worker,103,8240000000,14220000000,0,2397231
7350099818880332,thread,0,trader_callback,91,4240000000,20000000000,1,83378
7350099818880332,thread,0,trace_writer,92,2800000000,14500000000,1,9195883
7350099818880332,thread,0,latency_writer,93,4290000000,19980000000,0,14180
7350099818880332,thread,1,account_worker,104,7930000000,13380000000,2,3548517
7350099818880332,thread,1,trader_callback,94,4370000000,19800000000,0,147807
7350099818880332,thread,1,trace_writer,95,3550000000,18140000000,2,3064503
7350099818880332,thread,1,latency_writer,96,3640000000,16180000000,0,6504761
7350099818880332,thread,2,account_worker,105,8740000000,14210000000,1,1758373
7350099818880332,thread,2,trader_callback,97,4530000000,19730000000,0,244
7350099818880332,thread,2,trace_writer,98,3470000000,16560000000,3,4575584
7350099818880332,thread,2,latency_writer,99,3530000000,17040000000,1,4061825
7350099818880332,thread,3,account_worker,106,6790000000,12180000000,1,5947528
7350099818880332,thread,3,trader_callback,100,3060000000,14510000000,0,8115134
7350099818880332,thread,3,trace_writer,101,4450000000,19030000000,2,1277801
7350099818880332,thread,3,latency_writer,102,4490000000,18910000000,0,838838
7350099919426049,process,-1,process,90,78540000000,269800000000,23985,15
7350099919426049,thread,-1,producer,90,20000000,150000000,23985,15
7350099919426049,thread,-1,sampler,107,40000000,70000000,242,3
7350099919426049,thread,0,account_worker,103,8240000000,14270000000,0,2467088
7350099919426049,thread,0,trader_callback,91,4270000000,20070000000,1,83379
7350099919426049,thread,0,trace_writer,92,2810000000,14590000000,1,9195883
7350099919426049,thread,0,latency_writer,93,4310000000,20060000000,0,14180
7350099919426049,thread,1,account_worker,104,7970000000,13440000000,2,3548527
7350099919426049,thread,1,trader_callback,94,4380000000,19880000000,0,147807
7350099919426049,thread,1,trace_writer,95,3570000000,18230000000,2,3064504
7350099919426049,thread,1,latency_writer,96,3650000000,16270000000,0,6504761
7350099919426049,thread,2,account_worker,105,8790000000,14260000000,1,1758374
7350099919426049,thread,2,trader_callback,97,4540000000,19820000000,0,244
7350099919426049,thread,2,trace_writer,98,3480000000,16650000000,3,4575584
7350099919426049,thread,2,latency_writer,99,3550000000,17070000000,1,4131697
7350099919426049,thread,3,account_worker,106,6800000000,12220000000,1,6017385
7350099919426049,thread,3,trader_callback,100,3080000000,14580000000,0,8115134
7350099919426049,thread,3,trace_writer,101,4460000000,19080000000,2,1347657
7350099919426049,thread,3,latency_writer,102,4500000000,19000000000,0,838839
7350100020017194,process,-1,process,90,78800000000,271000000000,24083,15
7350100020017194,thread,-1,producer,90,20000000,150000000,24083,15
7350100020017194,thread,-1,sampler,107,40000000,80000000,243,3
7350100020017194,thread,0,account_worker,103,8260000000,14330000000,0,2497166
7350100020017194,thread,0,trader_callback,91,4280000000,20160000000,1,83379
7350100020017194,thread,0,trace_writer,92,2820000000,14680000000,1,9195885
7350100020017194,thread,0,latency_writer,93,4320000000,20150000000,0,14180
7350100020017194,thread,1,account_worker,104,7990000000,13520000000,2,3548536
7350100020017194,thread,1,trader_callback,94,4400000000,19970000000,0,147807
7350100020017194,thread,1,trace_writer,95,3590000000,18310000000,2,3064506
7350100020017194,thread,1,latency_writer,96,3670000000,16340000000,0,6504761
7350100020017194,thread,2,account_worker,105,8840000000,14320000000,1,1758377
7350100020017194,thread,2,trader_callback,97,4550000000,19910000000,0,244
7350100020017194,thread,2,trace_writer,98,3500000000,16740000000,3,4575594
7350100020017194,thread,2,latency_writer,99,3570000000,17120000000,1,4161578
7350100020017194,thread,3,account_worker,106,6800000000,12260000000,1,6084828
7350100020017194,thread,3,trader_callback,100,3120000000,14650000000,0,8115135
7350100020017194,thread,3,trace_writer,101,4460000000,19130000000,2,1415104
7350100020017194,thread,3,latency_writer,102,4510000000,19080000000,0,838841
7350100120611914,process,-1,process,90,79180000000,272130000000,24184,15
7350100120611914,thread,-1,producer,90,20000000,150000000,24184,15
7350100120611914,thread,-1,sampler,107,40000000,80000000,244,3
7350100120611914,thread,0,account_worker,103,8300000000,14390000000,0,2497168
7350100120611914,thread,0,trader_callback,91,4290000000,20250000000,1,83379
7350100120611914,thread,0,trace_writer,92,2850000000,14750000000,1,9195885
7350100120611914,thread,0,latency_writer,93,4350000000,20220000000,0,14181
7350100120611914,thread,1,account_worker,104,8030000000,13580000000,2,3548540
7350100120611914,thread,1,trader_callback,94,4430000000,20040000000,0,147808
7350100120611914,thread,1,trace_writer,95,3600000000,18400000000,2,3064508
7350100120611914,thread,1,latency_writer,96,3690000000,16420000000,0,6504762
7350100120611914,thread,2,account_worker,105,8870000000,14380000000,1,1758381
7350100120611914,thread,2,trader_callback,97,4570000000,19990000000,0,245
7350100120611914,thread,2,trace_writer,98,3520000000,16810000000,3,4575602
7350100120611914,thread,2,latency_writer,99,3600000000,17190000000,1,4161578
7350100120611914,thread,3,account_worker,106,6830000000,12290000000,1,6156600
7350100120611914,thread,3,trader_callback,100,3120000000,14750000000,0,8115136
7350100120611914,thread,3,trace_writer,101,4460000000,19170000000,2,1486872
7350100120611914,thread,3,latency_writer,102,4530000000,19170000000,0,838842
7350100221131191,process,-1,process,90,79580000000,273230000000,24284,15
7350100221131191,thread,-1,producer,90,20000000,150000000,24284,15
7350100221131191,thread,-1,sampler,107,40000000,80000000,245,3
7350100221131191,thread,0,account_worker,103,8360000000,14440000000,0,2497172
7350100221131191,thread,0,trader_callback,91,4300000000,20340000000,1,83379
7350100221131191,thread,0,trace_writer,92,2870000000,14830000000,1,9195886
7350100221131191,thread,0,latency_writer,93,4370000000,20300000000,0,14181
7350100221131191,thread,1,account_worker,104,8070000000,13640000000,2,3548549
7350100221131191,thread,1,trader_callback,94,4440000000,20130000000,0,147808
7350100221131191,thread,1,trace_writer,95,3620000000,18480000000,2,3064509
7350100221131191,thread,1,latency_writer,96,3730000000,16480000000,0,6504762
7350100221131191,thread,2,account_worker,105,8910000000,14440000000,1,1758381
7350100221131191,thread,2,trader_callback,97,4590000000,20070000000,0,245
7350100221131191,thread,2,trace_writer,98,3540000000,16890000000,3,4575608
7350100221131191,thread,2,latency_writer,99,3620000000,17280000000,1,4161581
7350100221131191,thread,3,account_worker,106,6840000000,12330000000,1,6229763
7350100221131191,thread,3,trader_callback,100,3140000000,14830000000,0,8115136
7350100221131191,thread,3,trace_writer,101,4480000000,19210000000,2,1560033
7350100221131191,thread,3,latency_writer,102,4560000000,19240000000,0,838845
7350100321655676,process,-1,process,90,79960000000,274360000000,24385,15
7350100321655676,thread,-1,producer,90,20000000,150000000,24385,15
7350100321655676,thread,-1,sampler,107,40000000,80000000,246,3
7350100321655676,thread,0,account_worker,103,8410000000,14480000000,0,2497175
7350100321655676,thread,0,trader_callback,91,4330000000,20410000000,1,83379
7350100321655676,thread,0,trace_writer,92,2900000000,14910000000,1,9195887
7350100321655676,thread,0,latency_writer,93,4400000000,20370000000,0,14181
7350100321655676,thread,1,account_worker,104,8110000000,13700000000,2,3548570
7350100321655676,thread,1,trader_callback,94,4450000000,20210000000,0,147808
7350100321655676,thread,1,trace_writer,95,3630000000,18560000000,2,3064510
7350100321655676,thread,1,latency_writer,96,3740000000,16580000000,0,6504762
7350100321655676,thread,2,account_worker,105,8960000000,14500000000,1,1758384
7350100321655676,thread,2,trader_callback,97,4590000000,20170000000,0,245
7350100321655676,thread,2,trace_writer,98,3560000000,16970000000,3,4575614
7350100321655676,thread,2,latency_writer,99,3650000000,17350000000,1,4161581
7350100321655676,thread,3,account_worker,106,6860000000,12360000000,1,6302478
7350100321655676,thread,3,trader_callback,100,3170000000,14900000000,0,8115136
7350100321655676,thread,3,trace_writer,101,4480000000,19260000000,2,1632750
7350100321655676,thread,3,latency_writer,102,4570000000,19330000000,0,838848
7350100422178698,process,-1,process,90,80310000000,275510000000,24484,15
7350100422178698,thread,-1,producer,90,20000000,150000000,24484,15
7350100422178698,thread,-1,sampler,107,40000000,80000000,247,3
7350100422178698,thread,0,account_worker,103,8440000000,14550000000,0,2497179
7350100422178698,thread,0,trader_callback,91,4360000000,20480000000,1,83379
7350100422178698,thread,0,trace_writer,92,2920000000,14990000000,1,9195890
7350100422178698,thread,0,latency_writer,93,4410000000,20460000000,0,14181
7350100422178698,thread,1,account_worker,104,8140000000,13770000000,2,3548579
7350100422178698,thread,1,trader_callback,94,4480000000,20290000000,0,147808
7350100422178698,thread,1,trace_writer,95,3660000000,18640000000,2,3064511
7350100422178698,thread,1,latency_writer,96,3760000000,16660000000,0,6504763
7350100422178698,thread,2,account_worker,105,8990000000,14570000000,1,1758387
7350100422178698,thread,2,trader_callback,97,4620000000,20240000000,0,245
7350100422178698,thread,2,trace_writer,98,3580000000,17050000000,3,4575621
7350100422178698,thread,2,latency_writer,99,3670000000,17430000000,1,4161581
7350100422178698,thread,3,account_worker,106,6870000000,12400000000,1,6373490
7350100422178698,thread,3,trader_callback,100,3200000000,14980000000,0,8115136
7350100422178698,thread,3,trace_writer,101,4490000000,19290000000,2,1703762
7350100422178698,thread,3,latency_writer,102,4580000000,19410000000,0,838849
7350100522704012,process,-1,process,90,80640000000,276690000000,24585,15
7350100522704012,thread,-1,producer,90,20000000,150000000,24585,15
7350100522704012,thread,-1,sampler,107,40000000,80000000,248,3
7350100522704012,thread,0,account_worker,103,8480000000,14610000000,0,2497183
7350100522704012,thread,0,trader_callback,91,4380000000,20570000000,1,83379
7350100522704012,thread,0,trace_writer,92,2930000000,15070000000,1,9195893
7350100522704012,thread,0,latency_writer,93,4430000000,20540000000,0,14181
7350100522704012,thread,1,account_worker,104,8170000000,13840000000,2,3548586
7350100522704012,thread,1,trader_callback,94,4500000000,20370000000,0,147808
7350100522704012,thread,1,trace_writer,95,3680000000,18720000000,2,3064513
7350100522704012,thread,1,latency_writer,96,3770000000,16740000000,0,6504763
7350100522704012,thread,2,account_worker,105,9020000000,14640000000,1,1758387
7350100522704012,thread,2,trader_callback,97,4640000000,20320000000,0,245
7350100522704012,thread,2,trace_writer,98,3600000000,17130000000,3,4575624
7350100522704012,thread,2,latency_writer,99,3680000000,17520000000,1,4161581
7350100522704012,thread,3,account_worker,106,6880000000,12440000000,1,6445483
7350100522704012,thread,3,trader_callback,100,3220000000,15050000000,0,8115136
7350100522704012,thread,3,trace_writer,101,4490000000,19340000000,2,1775740
7350100522704012,thread,3,latency_writer,102,4610000000,19480000000,0,838859
7350100623258185,process,-1,process,90,80960000000,277880000000,24685,15
7350100623258185,thread,-1,producer,90,20000000,150000000,24685,15
7350100623258185,thread,-1,sampler,107,40000000,80000000,249,3
7350100623258185,thread,0,account_worker,103,8520000000,14670000000,0,2497186
7350100623258185,thread,0,trader_callback,91,4400000000,20640000000,1,83379
7350100623258185,thread,0,trace_writer,92,2950000000,15160000000,1,9195896
7350100623258185,thread,0,latency_writer,93,4450000000,20630000000,0,14182
7350100623258185,thread,1,account_worker,104,8210000000,13900000000,2,3548586
7350100623258185,thread,1,trader_callback,94,4510000000,20460000000,0,147808
7350100623258185,thread,1,trace_writer,95,3690000000,18810000000,2,3064518
7350100623258185,thread,1,latency_writer,96,3810000000,16810000000,0,6504764
7350100623258185,thread,2,account_worker,105,9050000000,14710000000,1,1758387
7350100623258185,thread,2,trader_callback,97,4670000000,20400000000,0,246
7350100623258185,thread,2,trace_writer,98,3630000000,17200000000,3,4575624
7350100623258185,thread,2,latency_writer,99,3690000000,17610000000,1,4161581
7350100623258185,thread,3,account_worker,106,6900000000,12470000000,1,6518716
7350100623258185,thread,3,trader_callback,100,3230000000,15140000000,0,8115136
7350100623258185,thread,3,trace_writer,101,4500000000,19380000000,2,1848986
7350100623258185,thread,3,latency_writer,102,4620000000,19570000000,0,838862
7350100723784255,process,-1,process,90,81330000000,279010000000,24785,15
7350100723784255,thread,-1,producer,90,20000000,150000000,24785,15
7350100723784255,thread,-1,sampler,107,40000000,80000000,250,3
7350100723784255,thread,0,account_worker,103,8560000000,14730000000,0,2497192
7350100723784255,thread,0,trader_callback,91,4420000000,20730000000,1,83379
7350100723784255,thread,0,trace_writer,92,2970000000,15230000000,1,9195896
7350100723784255,thread,0,latency_writer,93,4470000000,20710000000,0,14186
7350100723784255,thread,1,account_worker,104,8270000000,13950000000,2,3548590
7350100723784255,thread,1,trader_callback,94,4540000000,20530000000,0,147808
7350100723784255,thread,1,trace_writer,95,3710000000,18880000000,2,3064519
7350100723784255,thread,1,latency_writer,96,3810000000,16910000000,0,6504764
7350100723784255,thread,2,account_worker,105,9080000000,14780000000,1,1758390
7350100723784255,thread,2,trader_callback,97,4680000000,20480000000,0,247
7350100723784255,thread,2,trace_writer,98,3640000000,17290000000,3,4575627
7350100723784255,thread,2,latency_writer,99,3720000000,17680000000,1,4161584
7350100723784255,thread,3,account_worker,106,6910000000,12510000000,1,6590017
7350100723784255,thread,3,trader_callback,100,3250000000,15230000000,0,8115136
7350100723784255,thread,3,trace_writer,101,4510000000,19420000000,2,1920290
7350100723784255,thread,3,latency_writer,102,4650000000,19650000000,0,838869
7350100824293262,process,-1,process,90,81640000000,280210000000,24885,15
7350100824293262,thread,-1,producer,90,20000000,150000000,24885,15
7350100824293262,thread,-1,sampler,107,40000000,80000000,251,3
7350100824293262,thread,0,account_worker,103,8600000000,14790000000,0,2497196
7350100824293262,thread,0,trader_callback,91,4430000000,20810000000,1,83379
7350100824293262,thread,0,trace_writer,92,2990000000,15320000000,1,9195896
7350100824293262,thread,0,latency_writer,93,4480000000,20790000000,0,14186
7350100824293262,thread,1,account_worker,104,8320000000,14000000000,2,3548596
7350100824293262,thread,1,trader_callback,94,4550000000,20620000000,0,147808
7350100824293262,thread,1,trace_writer,95,3710000000,18980000000,2,3064519
7350100824293262,thread,1,latency_writer,96,3840000000,16980000000,0,6504765
7350100824293262,thread,2,account_worker,105,9120000000,14840000000,1,1758393
7350100824293262,thread,2,trader_callback,97,4720000000,20540000000,0,247
7350100824293262,thread,2,trace_writer,98,3650000000,17390000000,3,4575630
7350100824293262,thread,2,latency_writer,99,3720000000,17780000000,1,4161584
7350100824293262,thread,3,account_worker,106,6920000000,12550000000,1,6660324
7350100824293262,thread,3,trader_callback,100,3260000000,15310000000,0,8115136
7350100824293262,thread,3,trace_writer,101,4520000000,19460000000,2,1990604
7350100824293262,thread,3,latency_writer,102,4660000000,19730000000,0,838871
7350100924854170,process,-1,process,90,81990000000,281370000000,24985,15
7350100924854170,thread,-1,producer,90,20000000,150000000,24985,15
7350100924854170,thread,-1,sampler,107,40000000,80000000,252,3
7350100924854170,thread,0,account_worker,103,8630000000,14860000000,0,2497200
7350100924854170,thread,0,trader_callback,91,4450000000,20900000000,1,83380
7350100924854170,thread,0,trace_writer,92,3010000000,15400000000,1,9195896
7350100924854170,thread,0,latency_writer,93,4490000000,20880000000,0,14186
7350100924854170,thread,1,account_worker,104,8350000000,14060000000,2,3548599
7350100924854170,thread,1,trader_callback,94,4570000000,20700000000,0,147808
7350100924854170,thread,1,trace_writer,95,3740000000,19050000000,2,3064520
7350100924854170,thread,1,latency_writer,96,3850000000,17070000000,0,6504765
7350100924854170,thread,2,account_worker,105,9170000000,14890000000,1,1758393
7350100924854170,thread,2,trader_callback,97,4750000000,20620000000,0,249
7350100924854170,thread,2,trace_writer,98,3660000000,17470000000,3,4575630
7350100924854170,thread,2,latency_writer,99,3740000000,17860000000,1,4161584
7350100924854170,thread,3,account_worker,106,6930000000,12590000000,1,6733824
7350100924854170,thread,3,trader_callback,100,3300000000,15380000000,0,8115136
7350100924854170,thread,3,trace_writer,101,4530000000,19510000000,2,2064094
7350100924854170,thread,3,latency_writer,102,4680000000,19820000000,0,838872
7350101025394121,process,-1,process,90,82320000000,282550000000,25084,15
7350101025394121,thread,-1,producer,90,20000000,150000000,25084,15
7350101025394121,thread,-1,sampler,107,40000000,80000000,253,3
7350101025394121,thread,0,account_worker,103,8660000000,14930000000,0,2497202
7350101025394121,thread,0,trader_callback,91,4470000000,20980000000,1,83380
7350101025394121,thread,0,trace_writer,92,3020000000,15490000000,1,9195897
7350101025394121,thread,0,latency_writer,93,4510000000,20960000000,0,14186
7350101025394121,thread,1,account_worker,104,8380000000,14130000000,2,3548602
7350101025394121,thread,1,trader_callback,94,4580000000,20790000000,0,147808
7350101025394121,thread,1,trace_writer,95,3770000000,19120000000,2,3064522
7350101025394121,thread,1,latency_writer,96,3860000000,17160000000,0,6504765
7350101025394121,thread,2,account_worker,105,9210000000,14950000000,1,1758396
7350101025394121,thread,2,trader_callback,97,4770000000,20690000000,0,249
7350101025394121,thread,2,trace_writer,98,3680000000,17560000000,3,4575633
7350101025394121,thread,2,latency_writer,99,3760000000,17940000000,1,4161588
7350101025394121,thread,3,account_worker,106,6940000000,12630000000,1,6804226
7350101025394121,thread,3,trader_callback,100,3320000000,15460000000,0,8115136
7350101025394121,thread,3,trace_writer,101,4530000000,19550000000,2,2134500
7350101025394121,thread,3,latency_writer,102,4700000000,19900000000,0,838874
7350101125939131,process,-1,process,90,82630000000,283720000000,25184,15
7350101125939131,thread,-1,producer,90,20000000,150000000,25184,15
7350101125939131,thread,-1,sampler,107,40000000,80000000,254,3
7350101125939131,thread,0,account_worker,103,8710000000,14970000000,0,2511378
7350101125939131,thread,0,trader_callback,91,4500000000,21040000000,1,83380
7350101125939131,thread,0,trace_writer,92,3030000000,15580000000,1,9195897
7350101125939131,thread,0,latency_writer,93,4540000000,21040000000,0,14187
7350101125939131,thread,1,account_worker,104,8410000000,14190000000,2,3562834
7350101125939131,thread,1,trader_callback,94,4590000000,20880000000,0,147808
7350101125939131,thread,1,trace_writer,95,3790000000,19200000000,2,3064523
7350101125939131,thread,1,latency_writer,96,3880000000,17240000000,0,6504766
7350101125939131,thread,2,account_worker,105,9230000000,15030000000,1,1758400
7350101125939131,thread,2,trader_callback,97,4780000000,20780000000,0,250
7350101125939131,thread,2,trace_writer,98,3700000000,17640000000,3,4575634
7350101125939131,thread,2,latency_writer,99,3770000000,18030000000,1,4161588
7350101125939131,thread,3,account_worker,106,6940000000,12680000000,1,6874421
7350101125939131,thread,3,trader_callback,100,3330000000,15540000000,0,8115137
7350101125939131,thread,3,trace_writer,101,4550000000,19590000000,2,2204675
7350101125939131,thread,3,latency_writer,102,4720000000,19980000000,0,838875
7350101226481812,process,-1,process,90,82890000000,284880000000,25285,15
7350101226481812,thread,-1,producer,90,20000000,150000000,25285,15
7350101226481812,thread,-1,sampler,107,40000000,80000000,255,3
7350101226481812,thread,0,account_worker,103,8720000000,15020000000,0,2566816
7350101226481812,thread,0,trader_callback,91,4510000000,21140000000,1,83380
7350101226481812,thread,0,trace_writer,92,3030000000,15670000000,1,9195897
7350101226481812,thread,0,latency_writer,93,4560000000,21110000000,0,14187
7350101226481812,thread,1,account_worker,104,8430000000,14230000000,2,3618216
7350101226481812,thread,1,trader_callback,94,4610000000,20960000000,0,147808
7350101226481812,thread,1,trace_writer,95,3810000000,19280000000,2,3064624
7350101226481812,thread,1,latency_writer,96,3910000000,17320000000,0,6504766
7350101226481812,thread,2,account_worker,105,9270000000,15090000000,1,1758400
7350101226481812,thread,2,trader_callback,97,4810000000,20860000000,0,251
7350101226481812,thread,2,trace_writer,98,3710000000,17730000000,3,4575634
7350101226481812,thread,2,latency_writer,99,3820000000,18080000000,1,4161588
7350101226481812,thread,3,account_worker,106,6950000000,12730000000,1,6945132
7350101226481812,thread,3,trader_callback,100,3340000000,15640000000,0,8115137
7350101226481812,thread,3,trace_writer,101,4550000000,19630000000,2,2275404
7350101226481812,thread,3,latency_writer,102,4730000000,20070000000,0,838878
7350101327043546,process,-1,process,90,83230000000,286120000000,25385,15
7350101327043546,thread,-1,producer,90,20000000,160000000,25385,15
7350101327043546,thread,-1,sampler,107,40000000,80000000,256,3
7350101327043546,thread,0,account_worker,103,8750000000,15090000000,0,2566820
7350101327043546,thread,0,trader_callback,91,4520000000,21230000000,1,83380
7350101327043546,thread,0,trace_writer,92,3050000000,15760000000,1,9195898
7350101327043546,thread,0,latency_writer,93,4570000000,21200000000,0,14187
7350101327043546,thread,1,account_worker,104,8470000000,14300000000,2,3618219
7350101327043546,thread,1,trader_callback,94,4640000000,21030000000,0,147808
7350101327043546,thread,1,trace_writer,95,3830000000,19360000000,2,3064729
7350101327043546,thread,1,latency_writer,96,3930000000,17400000000,0,6504766
7350101327043546,thread,2,account_worker,105,9310000000,15160000000,1,1758403
7350101327043546,thread,2,trader_callback,97,4810000000,20950000000,0,251
7350101327043546,thread,2,trace_writer,98,3720000000,17810000000,3,4575643
7350101327043546,thread,2,latency_writer,99,3850000000,18160000000,1,4161591
7350101327043546,thread,3,account_worker,106,6980000000,12780000000,1,6963586
7350101327043546,thread,3,trader_callback,100,3350000000,15730000000,0,8115137
7350101327043546,thread,3,trace_writer,101,4570000000,19700000000,2,2293825
7350101327043546,thread,3,latency_writer,102,4740000000,20160000000,0,838879
7350101427569525,process,-1,process,90,83580000000,287380000000,25486,15
7350101427569525,thread,-1,producer,90,20000000,160000000,25486,15
7350101427569525,thread,-1,sampler,107,40000000,80000000,257,3
7350101427569525,thread,0,account_worker,103,8790000000,15150000000,0,2566821
7350101427569525,thread,0,trader_callback,91,4540000000,21310000000,1,83380
7350101427569525,thread,0,trace_writer,92,3090000000,15820000000,1,9195898
7350101427569525,thread,0,latency_writer,93,4590000000,21290000000,0,14187
7350101427569525,thread,1,account_worker,104,8510000000,14350000000,2,3618221
7350101427569525,thread,1,trader_callback,94,4660000000,21110000000,0,147808
7350101427569525,thread,1,trace_writer,95,3840000000,19450000000,2,3064833
7350101427569525,thread,1,latency_writer,96,3940000000,17480000000,0,6504766
7350101427569525,thread,2,account_worker,105,9340000000,15220000000,1,1758404
7350101427569525,thread,2,trader_callback,97,4830000000,21040000000,0,252
7350101427569525,thread,2,trace_writer,98,3750000000,17890000000,3,4575646
7350101427569525,thread,2,latency_writer,99,3860000000,18240000000,1,4161591
7350101427569525,thread,3,account_worker,106,7000000000,12850000000,1,6963590
7350101427569525,thread,3,trader_callback,100,3370000000,15810000000,0,8115137
7350101427569525,thread,3,trace_writer,101,4580000000,19790000000,2,2293826
7350101427569525,thread,3,latency_writer,102,4750000000,20250000000,0,838881
7350101528135356,process,-1,process,90,83960000000,288610000000,25586,15
7350101528135356,thread,-1,producer,90,20000000,160000000,25586,15
7350101528135356,thread,-1,sampler,107,40000000,80000000,258,3
7350101528135356,thread,0,account_worker,103,8840000000,15200000000,0,2566824
7350101528135356,thread,0,trader_callback,91,4550000000,21400000000,1,83380
7350101528135356,thread,0,trace_writer,92,3100000000,15900000000,1,9195899
7350101528135356,thread,0,latency_writer,93,4600000000,21370000000,0,14187
7350101528135356,thread,1,account_worker,104,8560000000,14400000000,2,3618227
7350101528135356,thread,1,trader_callback,94,4670000000,21210000000,0,147808
7350101528135356,thread,1,trace_writer,95,3850000000,19540000000,2,3064937
7350101528135356,thread,1,latency_writer,96,3950000000,17570000000,0,6504766
7350101528135356,thread,2,account_worker,105,9390000000,15280000000,1,1758407
7350101528135356,thread,2,trader_callback,97,4840000000,21120000000,0,253
7350101528135356,thread,2,trace_writer,98,3770000000,17970000000,3,4575650
7350101528135356,thread,2,latency_writer,99,3890000000,18310000000,1,4161594
7350101528135356,thread,3,account_worker,106,7030000000,12920000000,1,6963592
7350101528135356,thread,3,trader_callback,100,3400000000,15880000000,0,8115137
7350101528135356,thread,3,trace_writer,101,4600000000,19870000000,2,2293829
7350101528135356,thread,3,latency_writer,102,4770000000,20330000000,0,838882
7350101628686300,process,-1,process,90,84330000000,289840000000,25687,15
7350101628686300,thread,-1,producer,90,20000000,160000000,25687,15
7350101628686300,thread,-1,sampler,107,40000000,80000000,259,3
7350101628686300,thread,0,account_worker,103,8870000000,15260000000,0,2566826
7350101628686300,thread,0,trader_callback,91,4570000000,21480000000,1,83380
7350101628686300,thread,0,trace_writer,92,3100000000,16010000000,1,9195899
7350101628686300,thread,0,latency_writer,93,4620000000,21450000000,0,14187
7350101628686300,thread,1,account_worker,104,8610000000,14450000000,2,3618227
7350101628686300,thread,1,trader_callback,94,4690000000,21290000000,0,147808
7350101628686300,thread,1,trace_writer,95,3870000000,19620000000,2,3065041
7350101628686300,thread,1,latency_writer,96,3980000000,17640000000,0,6504766
7350101628686300,thread,2,account_worker,105,9430000000,15330000000,1,1758408
7350101628686300,thread,2,trader_callback,97,4850000000,21210000000,0,254
7350101628686300,thread,2,trace_writer,98,3780000000,18060000000,3,4575653
7350101628686300,thread,2,latency_writer,99,3920000000,18380000000,1,4161594
7350101628686300,thread,3,account_worker,106,7070000000,12980000000,1,6963596
7350101628686300,thread,3,trader_callback,100,3410000000,15970000000,0,8115137
7350101628686300,thread,3,trace_writer,101,4620000000,19960000000,2,2293829
7350101628686300,thread,3,latency_writer,102,4780000000,20420000000,0,838882
7350101729195487,process,-1,process,90,84740000000,291040000000,25787,15
7350101729195487,thread,-1,producer,90,20000000,160000000,25787,15
7350101729195487,thread,-1,sampler,107,40000000,80000000,260,3
7350101729195487,thread,0,account_worker,103,8900000000,15340000000,0,2566830
7350101729195487,thread,0,trader_callback,91,4590000000,21560000000,1,83381
7350101729195487,thread,0,trace_writer,92,3120000000,16090000000,1,9195899
7350101729195487,thread,0,latency_writer,93,4630000000,21540000000,0,14187
7350101729195487,thread,1,account_worker,104,8680000000,14490000000,2,3618230
7350101729195487,thread,1,trader_callback,94,4710000000,21370000000,0,147808
7350101729195487,thread,1,trace_writer,95,3880000000,19710000000,2,3065148
7350101729195487,thread,1,latency_writer,96,4000000000,17730000000,0,6504766
7350101729195487,thread,2,account_worker,105,9490000000,15380000000,1,1758411
7350101729195487,thread,2,trader_callback,97,4890000000,21280000000,0,255
7350101729195487,thread,2,trace_writer,98,3810000000,18130000000,3,4575653
7350101729195487,thread,2,latency_writer,99,3940000000,18460000000,1,4161597
7350101729195487,thread,3,account_worker,106,7110000000,13050000000,1,6963598
7350101729195487,thread,3,trader_callback,100,3430000000,16050000000,0,8115137
7350101729195487,thread,3,trace_writer,101,4630000000,20050000000,2,2293832
7350101729195487,thread,3,latency_writer,102,4800000000,20500000000,0,838884
7350101829718820,process,-1,process,90,85150000000,292240000000,25888,15
7350101829718820,thread,-1,producer,90,20000000,160000000,25888,15
7350101829718820,thread,-1,sampler,107,40000000,80000000,261,3
7350101829718820,thread,0,account_worker,103,8940000000,15400000000,0,2566831
7350101829718820,thread,0,trader_callback,91,4620000000,21630000000,1,83381
7350101829718820,thread,0,trace_writer,92,3140000000,16170000000,1,9195899
7350101829718820,thread,0,latency_writer,93,4650000000,21620000000,0,14187
7350101829718820,thread,1,account_worker,104,8710000000,14550000000,2,3618233
7350101829718820,thread,1,trader_callback,94,4720000000,21460000000,0,147808
7350101829718820,thread,1,trace_writer,95,3910000000,19780000000,2,3065255
7350101829718820,thread,1,latency_writer,96,4020000000,17800000000,0,6504766
7350101829718820,thread,2,account_worker,105,9530000000,15440000000,1,1758415
7350101829718820,thread,2,trader_callback,97,4910000000,21360000000,0,256
7350101829718820,thread,2,trace_writer,98,3840000000,18200000000,3,4575656
7350101829718820,thread,2,latency_writer,99,3970000000,18530000000,1,4161598
7350101829718820,thread,3,account_worker,106,7140000000,13120000000,1,6963599
7350101829718820,thread,3,trader_callback,100,3450000000,16130000000,0,8115138
7350101829718820,thread,3,trace_writer,101,4640000000,20140000000,2,2293835
7350101829718820,thread,3,latency_writer,102,4820000000,20590000000,0,838886
7350101930267227,process,-1,process,90,85510000000,293450000000,25976,15
7350101930267227,thread,-1,producer,90,20000000,160000000,25976,15
7350101930267227,thread,-1,sampler,107,40000000,80000000,262,3
7350101930267227,thread,0,account_worker,103,8970000000,15460000000,0,2566848
7350101930267227,thread,0,trader_callback,91,4640000000,21720000000,1,83395
7350101930267227,thread,0,trace_writer,92,3160000000,16250000000,1,9195913
7350101930267227,thread,0,latency_writer,93,4670000000,21710000000,0,14201
7350101930267227,thread,1,account_worker,104,8760000000,14610000000,2,3618251
7350101930267227,thread,1,trader_callback,94,4740000000,21540000000,0,147822
7350101930267227,thread,1,trace_writer,95,3910000000,19860000000,2,3065351
7350101930267227,thread,1,latency_writer,96,4040000000,17880000000,0,6504780
7350101930267227,thread,2,account_worker,105,9570000000,15500000000,1,1758429
7350101930267227,thread,2,trader_callback,97,4930000000,21440000000,0,270
7350101930267227,thread,2,trace_writer,98,3850000000,18280000000,3,4592605
7350101930267227,thread,2,latency_writer,99,3990000000,18620000000,1,4161612
7350101930267227,thread,3,account_worker,106,7190000000,13150000000,1,6980576
7350101930267227,thread,3,trader_callback,100,3460000000,16220000000,0,8115152
7350101930267227,thread,3,trace_writer,101,4650000000,20230000000,2,2293849
7350101930267227,thread,3,latency_writer,102,4830000000,20670000000,0,838909
7350102030801642,process,-1,process,90,85840000000,294620000000,26076,18
7350102030801642,thread,-1,producer,90,20000000,160000000,26076,18
7350102030801642,thread,-1,sampler,107,40000000,80000000,263,3
7350102030801642,thread,0,account_worker,103,9020000000,15520000000,0,2566852
7350102030801642,thread,0,trader_callback,91,4660000000,21800000000,1,83395
7350102030801642,thread,0,trace_writer,92,3170000000,16340000000,1,9195914
7350102030801642,thread,0,latency_writer,93,4690000000,21790000000,0,14201
7350102030801642,thread,1,account_worker,104,8790000000,14670000000,2,3618251
7350102030801642,thread,1,trader_callback,94,4750000000,21620000000,0,147822
7350102030801642,thread,1,trace_writer,95,3940000000,19930000000,2,3065354
7350102030801642,thread,1,latency_writer,96,4060000000,17960000000,0,6504780
7350102030801642,thread,2,account_worker,105,9610000000,15560000000,1,1758432
7350102030801642,thread,2,trader_callback,97,4940000000,21530000000,0,270
7350102030801642,thread,2,trace_writer,98,3860000000,18320000000,3,4663290
7350102030801642,thread,2,latency_writer,99,4000000000,18710000000,1,4161613
7350102030801642,thread,3,account_worker,106,7200000000,13190000000,1,7051260
7350102030801642,thread,3,trader_callback,100,3480000000,16300000000,0,8115153
7350102030801642,thread,3,trace_writer,101,4670000000,20310000000,2,2293853
7350102030801642,thread,3,latency_writer,102,4860000000,20740000000,0,838911
7350102131277150,process,-1,process,90,86240000000,295730000000,26176,18
7350102131277150,thread,-1,producer,90,20000000,160000000,26177,18
7350102131277150,thread,-1,sampler,107,40000000,80000000,264,3
7350102131277150,thread,0,account_worker,103,9060000000,15580000000,0,2566854
7350102131277150,thread,0,trader_callback,91,4680000000,21880000000,1,83395
7350102131277150,thread,0,trace_writer,92,3200000000,16410000000,1,9195914
7350102131277150,thread,0,latency_writer,93,4710000000,21870000000,0,14202
7350102131277150,thread,1,account_worker,104,8840000000,14730000000,2,3618258
7350102131277150,thread,1,trader_callback,94,4790000000,21690000000,0,147823
7350102131277150,thread,1,trace_writer,95,3950000000,20020000000,2,3065357
7350102131277150,thread,1,latency_writer,96,4070000000,18060000000,0,6504785
7350102131277150,thread,2,account_worker,105,9660000000,15610000000,1,1758433
7350102131277150,thread,2,trader_callback,97,4970000000,21600000000,0,271
7350102131277150,thread,2,trace_writer,98,3870000000,18360000000,3,4733208
7350102131277150,thread,2,latency_writer,99,4030000000,18780000000,1,4161613
7350102131277150,thread,3,account_worker,106,7220000000,13220000000,1,7121181
7350102131277150,thread,3,trader_callback,100,3490000000,16390000000,0,8115154
7350102131277150,thread,3,trace_writer,101,4690000000,20390000000,2,2293856
7350102131277150,thread,3,latency_writer,102,4880000000,20810000000,0,838913
7350102231801310,process,-1,process,90,86560000000,296910000000,26277,18
7350102231801310,thread,-1,producer,90,20000000,160000000,26277,18
7350102231801310,thread,-1,sampler,107,40000000,80000000,265,3
7350102231801310,thread,0,account_worker,103,9100000000,15640000000,0,2566857
7350102231801310,thread,0,trader_callback,91,4690000000,21970000000,1,83395
7350102231801310,thread,0,trace_writer,92,3210000000,16500000000,1,9195915
7350102231801310,thread,0,latency_writer,93,4730000000,21950000000,0,14202
7350102231801310,thread,1,account_worker,104,8890000000,14780000000,2,3618258
7350102231801310,thread,1,trader_callback,94,4810000000,21770000000,0,147823
7350102231801310,thread,1,trace_writer,95,3970000000,20100000000,2,3065359
7350102231801310,thread,1,latency_writer,96,4080000000,18150000000,0,6504785
7350102231801310,thread,2,account_worker,105,9690000000,15680000000,1,1758436
7350102231801310,thread,2,trader_callback,97,4980000000,21690000000,0,271
7350102231801310,thread,2,trace_writer,98,3870000000,18410000000,3,4805537
7350102231801310,thread,2,latency_writer,99,4040000000,18860000000,1,4161613
7350102231801310,thread,3,account_worker,106,7240000000,13250000000,1,7193509
7350102231801310,thread,3,trader_callback,100,3510000000,16470000000,0,8115154
7350102231801310,thread,3,trace_writer,101,4700000000,20470000000,2,2293859
7350102231801310,thread,3,latency_writer,102,4910000000,20890000000,0,838923
7350102332300938,process,-1,process,90,86850000000,298130000000,26376,18
7350102332300938,thread,-1,producer,90,20000000,160000000,26377,18
7350102332300938,thread,-1,sampler,107,40000000,90000000,266,3
7350102332300938,thread,0,account_worker,103,9130000000,15710000000,0,2566859
7350102332300938,thread,0,trader_callback,91,4690000000,22060000000,1,83395
7350102332300938,thread,0,trace_writer,92,3230000000,16580000000,1,9195915
7350102332300938,thread,0,latency_writer,93,4750000000,22030000000,0,14202
7350102332300938,thread,1,account_worker,104,8920000000,14850000000,2,3618262
7350102332300938,thread,1,trader_callback,94,4830000000,21850000000,0,147823
7350102332300938,thread,1,trace_writer,95,3990000000,20180000000,2,3065365
7350102332300938,thread,1,latency_writer,96,4100000000,18230000000,0,6504785
7350102332300938,thread,2,account_worker,105,9720000000,15750000000,1,1758436
7350102332300938,thread,2,trader_callback,97,4990000000,21780000000,0,271
7350102332300938,thread,2,trace_writer,98,3890000000,18440000000,3,4876763
7350102332300938,thread,2,latency_writer,99,4060000000,18950000000,1,4161616
7350102332300938,thread,3,account_worker,106,7250000000,13300000000,1,7264729
7350102332300938,thread,3,trader_callback,100,3510000000,16570000000,0,8115154
7350102332300938,thread,3,trace_writer,101,4730000000,20550000000,2,2293863
7350102332300938,thread,3,latency_writer,102,4920000000,20970000000,0,838938
7350102432803175,process,-1,process,90,87180000000,299300000000,26477,18
7350102432803175,thread,-1,producer,90,20000000,160000000,26477,18
7350102432803175,thread,-1,sampler,107,40000000,90000000,267,3
7350102432803175,thread,0,account_worker,103,9170000000,15770000000,0,2566862
7350102432803175,thread,0,trader_callback,91,4720000000,22130000000,1,83395
7350102432803175,thread,0,trace_writer,92,3250000000,16660000000,1,9195918
7350102432803175,thread,0,latency_writer,93,4760000000,22120000000,0,14202
7350102432803175,thread,1,account_worker,104,8950000000,14920000000,2,3618268
7350102432803175,thread,1,trader_callback,94,4850000000,21930000000,0,147823
7350102432803175,thread,1,trace_writer,95,3990000000,20280000000,2,3065366
7350102432803175,thread,1,latency_writer,96,4120000000,18310000000,0,6504786
7350102432803175,thread,2,account_worker,105,9760000000,15810000000,1,1758436
7350102432803175,thread,2,trader_callback,97,5010000000,21860000000,0,271
7350102432803175,thread,2,trace_writer,98,3910000000,18470000000,3,4945932
7350102432803175,thread,2,latency_writer,99,4080000000,19030000000,1,4161616
7350102432803175,thread,3,account_worker,106,7260000000,13340000000,1,7333901
7350102432803175,thread,3,trader_callback,100,3520000000,16660000000,0,8115154
7350102432803175,thread,3,trace_writer,101,4750000000,20630000000,2,2293863
7350102432803175,thread,3,latency_writer,102,4940000000,21060000000,0,838942
7350102533263067,process,-1,process,90,87430000000,300560000000,26576,18
7350102533263067,thread,-1,producer,90,20000000,160000000,26576,18
7350102533263067,thread,-1,sampler,107,40000000,90000000,268,3
7350102533263067,thread,0,account_worker,103,9210000000,15830000000,0,2566863
7350102533263067,thread,0,trader_callback,91,4740000000,22210000000,1,83395
7350102533263067,thread,0,trace_writer,92,3270000000,16740000000,1,9195918
7350102533263067,thread,0,latency_writer,93,4780000000,22200000000,0,14202
7350102533263067,thread,1,account_worker,104,8970000000,15000000000,2,3618274
7350102533263067,thread,1,trader_callback,94,4860000000,22020000000,0,147823
7350102533263067,thread,1,trace_writer,95,4000000000,20370000000,2,3065368
7350102533263067,thread,1,latency_writer,96,4120000000,18400000000,0,6504786
7350102533263067,thread,2,account_worker,105,9780000000,15890000000,1,1758436
7350102533263067,thread,2,trader_callback,97,5030000000,21940000000,0,271
7350102533263067,thread,2,trace_writer,98,3910000000,18520000000,3,5015846
7350102533263067,thread,2,latency_writer,99,4090000000,19120000000,1,4161619
7350102533263067,thread,3,account_worker,106,7280000000,13370000000,1,7403788
7350102533263067,thread,3,trader_callback,100,3540000000,16750000000,0,8115154
7350102533263067,thread,3,trace_writer,101,4760000000,20720000000,2,2293866
7350102533263067,thread,3,latency_writer,102,4950000000,21150000000,0,838946
7350102633724817,process,-1,process,90,87770000000,301720000000,26672,18
7350102633724817,thread,-1,producer,90,20000000,160000000,26672,18
7350102633724817,thread,-1,sampler,107,40000000,90000000,269,3
7350102633724817,thread,0,account_worker,103,9240000000,15900000000,0,2566865
7350102633724817,thread,0,trader_callback,91,4760000000,22290000000,1,83395
7350102633724817,thread,0,trace_writer,92,3290000000,16830000000,1,9195924
7350102633724817,thread,0,latency_writer,93,4800000000,22280000000,0,14203
7350102633724817,thread,1,account_worker,104,9020000000,15050000000,2,3618289
7350102633724817,thread,1,trader_callback,94,4880000000,22100000000,0,147823
7350102633724817,thread,1,trace_writer,95,4010000000,20440000000,2,3102670
7350102633724817,thread,1,latency_writer,96,4140000000,18490000000,0,6504787
7350102633724817,thread,2,account_worker,105,9820000000,15950000000,1,1758437
7350102633724817,thread,2,trader_callback,97,5050000000,22020000000,0,272
7350102633724817,thread,2,trace_writer,98,3910000000,18590000000,3,5061056
7350102633724817,thread,2,latency_writer,99,4100000000,19190000000,1,4199104
7350102633724817,thread,3,account_worker,106,7300000000,13410000000,1,7448995
7350102633724817,thread,3,trader_callback,100,3560000000,16820000000,0,8115154
7350102633724817,thread,3,trace_writer,101,4770000000,20810000000,2,2293866
7350102633724817,thread,3,latency_writer,102,4970000000,21230000000,0,838959
7350102734600922,process,-1,process,90,88150000000,302850000000,26770,19
7350102734600922,thread,-1,producer,90,20000000,160000000,26770,19
7350102734600922,thread,-1,sampler,107,40000000,90000000,270,3
7350102734600922,thread,0,account_worker,103,9280000000,15960000000,0,2566869
7350102734600922,thread,0,trader_callback,91,4790000000,22370000000,1,83395
7350102734600922,thread,0,trace_writer,92,3310000000,16910000000,1,9195924
7350102734600922,thread,0,latency_writer,93,4810000000,22370000000,0,14203
7350102734600922,thread,1,account_worker,104,9060000000,15110000000,2,3618295
7350102734600922,thread,1,trader_callback,94,4900000000,22180000000,0,147823
7350102734600922,thread,1,trace_writer,95,4020000000,20470000000,2,3192165
7350102734600922,thread,1,latency_writer,96,4140000000,18580000000,0,6504787
7350102734600922,thread,2,account_worker,105,9870000000,16000000000,1,1758437
7350102734600922,thread,2,trader_callback,97,5080000000,22100000000,0,272
7350102734600922,thread,2,trace_writer,98,3930000000,18670000000,3,5061057
7350102734600922,thread,2,latency_writer,99,4110000000,19220000000,1,4288512
7350102734600922,thread,3,account_worker,106,7340000000,13480000000,1,7448995
7350102734600922,thread,3,trader_callback,100,3590000000,16900000000,0,8115154
7350102734600922,thread,3,trace_writer,101,4780000000,20900000000,2,2293869
7350102734600922,thread,3,latency_writer,102,4990000000,21300000000,0,838960
7350102835146104,process,-1,process,90,88520000000,303890000000,26870,19
7350102835146104,thread,-1,producer,90,20000000,160000000,26870,19
7350102835146104,thread,-1,sampler,107,40000000,90000000,271,3
7350102835146104,thread,0,account_worker,103,9330000000,16020000000,0,2566871
7350102835146104,thread,0,trader_callback,91,4820000000,22440000000,1,83395
7350102835146104,thread,0,trace_writer,92,3330000000,16980000000,1,9195927
7350102835146104,thread,0,latency_writer,93,4820000000,22410000000,0,87678
7350102835146104,thread,1,account_worker,104,9090000000,15180000000,2,3618299
7350102835146104,thread,1,trader_callback,94,4930000000,22250000000,0,147823
7350102835146104,thread,1,trace_writer,95,4030000000,20510000000,2,3278944
7350102835146104,thread,1,latency_writer,96,4150000000,18680000000,0,6504788
7350102835146104,thread,2,account_worker,105,9910000000,16060000000,1,1758438
7350102835146104,thread,2,trader_callback,97,5100000000,22180000000,0,273
7350102835146104,thread,2,trace_writer,98,3950000000,18750000000,3,5061062
7350102835146104,thread,2,latency_writer,99,4130000000,19260000000,1,4375288
7350102835146104,thread,3,account_worker,106,7380000000,13540000000,1,7448998
7350102835146104,thread,3,trader_callback,100,3610000000,16970000000,0,8115154
7350102835146104,thread,3,trace_writer,101,4790000000,20990000000,2,2293869
7350102835146104,thread,3,latency_writer,102,5000000000,21340000000,0,912658
7350102935653743,process,-1,process,90,88870000000,304990000000,26971,19
7350102935653743,thread,-1,producer,90,20000000,160000000,26971,19
7350102935653743,thread,-1,sampler,107,40000000,90000000,272,3
7350102935653743,thread,0,account_worker,103,9380000000,16060000000,0,2566873
7350102935653743,thread,0,trader_callback,91,4840000000,22520000000,1,83396
7350102935653743,thread,0,trace_writer,92,3350000000,17070000000,1,9195936
7350102935653743,thread,0,latency_writer,93,4830000000,22480000000,0,140247
7350102935653743,thread,1,account_worker,104,9130000000,15240000000,2,3618302
7350102935653743,thread,1,trader_callback,94,4960000000,22320000000,0,147823
7350102935653743,thread,1,trace_writer,95,4040000000,20550000000,2,3369840
7350102935653743,thread,1,latency_writer,96,4170000000,18760000000,0,6504788
7350102935653743,thread,2,account_worker,105,9950000000,16130000000,1,1758438
7350102935653743,thread,2,trader_callback,97,5110000000,22260000000,0,274
7350102935653743,thread,2,trace_writer,98,3960000000,18830000000,3,5061066
7350102935653743,thread,2,latency_writer,99,4130000000,19310000000,1,4466182
7350102935653743,thread,3,account_worker,106,7410000000,13610000000,1,7449004
7350102935653743,thread,3,trader_callback,100,3640000000,17050000000,0,8115154
7350102935653743,thread,3,trace_writer,101,4810000000,21070000000,2,2293872
7350102935653743,thread,3,latency_writer,102,5020000000,21400000000,0,965001
7350103036195009,process,-1,process,90,89180000000,306180000000,27071,19
7350103036195009,thread,-1,producer,90,20000000,160000000,27071,19
7350103036195009,thread,-1,sampler,107,40000000,90000000,273,3
7350103036195009,thread,0,account_worker,103,9390000000,16150000000,0,2566875
7350103036195009,thread,0,trader_callback,91,4850000000,22610000000,1,83396
7350103036195009,thread,0,trace_writer,92,3360000000,17160000000,1,9195937
7350103036195009,thread,0,latency_writer,93,4840000000,22570000000,0,140255
7350103036195009,thread,1,account_worker,104,9160000000,15310000000,2,3618305
7350103036195009,thread,1,trader_callback,94,4990000000,22400000000,0,147823
7350103036195009,thread,1,trace_writer,95,4050000000,20600000000,2,3461314
7350103036195009,thread,1,latency_writer,96,4190000000,18840000000,0,6504788
7350103036195009,thread,2,account_worker,105,9970000000,16200000000,1,1758438
7350103036195009,thread,2,trader_callback,97,5140000000,22330000000,0,275
7350103036195009,thread,2,trace_writer,98,3990000000,18900000000,3,5061068
7350103036195009,thread,2,latency_writer,99,4140000000,19350000000,1,4557651
7350103036195009,thread,3,account_worker,106,7440000000,13670000000,1,7449007
7350103036195009,thread,3,trader_callback,100,3640000000,17140000000,0,8115154
7350103036195009,thread,3,trace_writer,101,4820000000,21160000000,2,2293876
7350103036195009,thread,3,latency_writer,102,5040000000,21470000000,0,965001
7350103136653701,process,-1,process,90,89540000000,307330000000,27166,19
7350103136653701,thread,-1,producer,90,20000000,160000000,27166,19
7350103136653701,thread,-1,sampler,107,40000000,90000000,274,3
7350103136653701,thread,0,account_worker,103,9440000000,16200000000,0,2566878
7350103136653701,thread,0,trader_callback,91,4860000000,22700000000,1,83397
7350103136653701,thread,0,trace_writer,92,3360000000,17250000000,1,9195941
7350103136653701,thread,0,latency_writer,93,4850000000,22660000000,0,140267
7350103136653701,thread,1,account_worker,104,9210000000,15370000000,2,3618319
7350103136653701,thread,1,trader_callback,94,5000000000,22490000000,0,147824
7350103136653701,thread,1,trace_writer,95,4050000000,20640000000,2,3552263
7350103136653701,thread,1,latency_writer,96,4210000000,18880000000,0,6576747
7350103136653701,thread,2,account_worker,105,10010000000,16260000000,1,1758440
7350103136653701,thread,2,trader_callback,97,5180000000,22400000000,0,277
7350103136653701,thread,2,trace_writer,98,4000000000,18990000000,3,5061071
7350103136653701,thread,2,latency_writer,99,4170000000,19410000000,1,4576572
7350103136653701,thread,3,account_worker,106,7480000000,13730000000,1,7449013
7350103136653701,thread,3,trader_callback,100,3660000000,17230000000,0,8115155
7350103136653701,thread,3,trace_writer,101,4850000000,21230000000,2,2293880
7350103136653701,thread,3,latency_writer,102,5060000000,21560000000,0,965003
7350103237148927,process,-1,process,90,89930000000,308450000000,27266,19
7350103237148927,thread,-1,producer,90,20000000,160000000,27266,19
7350103237148927,thread,-1,sampler,107,40000000,90000000,275,3
7350103237148927,thread,0,account_worker,103,9470000000,16270000000,0,2566879
7350103237148927,thread,0,trader_callback,91,4870000000,22790000000,1,83398
7350103237148927,thread,0,trace_writer,92,3380000000,17340000000,1,9195941
7350103237148927,thread,0,latency_writer,93,4860000000,22750000000,0,140271
7350103237148927,thread,1,account_worker,104,9240000000,15430000000,2,3618330
7350103237148927,thread,1,trader_callback,94,5030000000,22560000000,0,147825
7350103237148927,thread,1,trace_writer,95,4060000000,20690000000,3,3641850
7350103237148927,thread,1,latency_writer,96,4220000000,18920000000,0,6666341
7350103237148927,thread,2,account_worker,105,10060000000,16310000000,1,1758441
7350103237148927,thread,2,trader_callback,97,5200000000,22470000000,0,278
7350103237148927,thread,2,trace_writer,98,4030000000,19060000000,3,5061073
7350103237148927,thread,2,latency_writer,99,4190000000,19490000000,1,4576573
7350103237148927,thread,3,account_worker,106,7520000000,13790000000,1,7449020
7350103237148927,thread,3,trader_callback,100,3680000000,17300000000,0,8115156
7350103237148927,thread,3,trace_writer,101,4880000000,21300000000,3,2293886
7350103237148927,thread,3,latency_writer,102,5090000000,21630000000,0,965003
7350103337647036,process,-1,process,90,90260000000,309620000000,27367,19
7350103337647036,thread,-1,producer,90,20000000,160000000,27367,19
7350103337647036,thread,-1,sampler,107,40000000,90000000,276,3
7350103337647036,thread,0,account_worker,103,9500000000,16340000000,0,2566881
7350103337647036,thread,0,trader_callback,91,4890000000,22870000000,1,83398
7350103337647036,thread,0,trace_writer,92,3400000000,17420000000,1,9195947
7350103337647036,thread,0,latency_writer,93,4880000000,22830000000,0,140275
7350103337647036,thread,1,account_worker,104,9270000000,15500000000,2,3618336
7350103337647036,thread,1,trader_callback,94,5050000000,22640000000,0,147825
7350103337647036,thread,1,trace_writer,95,4060000000,20730000000,3,3730041
7350103337647036,thread,1,latency_writer,96,4220000000,18970000000,0,6754531
7350103337647036,thread,2,account_worker,105,10090000000,16390000000,1,1758441
7350103337647036,thread,2,trader_callback,97,5220000000,22550000000,0,278
7350103337647036,thread,2,trace_writer,98,4050000000,19140000000,3,5061075
7350103337647036,thread,2,latency_writer,99,4220000000,19560000000,1,4576573
7350103337647036,thread,3,account_worker,106,7560000000,13860000000,1,7449023
7350103337647036,thread,3,trader_callback,100,3690000000,17390000000,0,8115156
7350103337647036,thread,3,trace_writer,101,4910000000,21380000000,3,2293889
7350103337647036,thread,3,latency_writer,102,5120000000,21700000000,0,965007
7350103438097153,process,-1,process,90,90570000000,310820000000,27467,19
7350103438097153,thread,-1,producer,90,20000000,160000000,27467,19
7350103438097153,thread,-1,sampler,107,40000000,90000000,277,3
7350103438097153,thread,0,account_worker,103,9530000000,16410000000,0,2566882
7350103438097153,thread,0,trader_callback,91,4900000000,22960000000,1,83398
7350103438097153,thread,0,trace_writer,92,3410000000,17510000000,1,9195957
7350103438097153,thread,0,latency_writer,93,4900000000,22910000000,0,140281
7350103438097153,thread,1,account_worker,104,9310000000,15570000000,2,3618347
7350103438097153,thread,1,trader_callback,94,5060000000,22730000000,0,147825
7350103438097153,thread,1,trace_writer,95,4060000000,20790000000,3,3821006
7350103438097153,thread,1,latency_writer,96,4220000000,19020000000,0,6845496
7350103438097153,thread,2,account_worker,105,10130000000,16450000000,1,1758441
7350103438097153,thread,2,trader_callback,97,5240000000,22630000000,0,278
7350103438097153,thread,2,trace_writer,98,4060000000,19230000000,3,5061081
7350103438097153,thread,2,latency_writer,99,4240000000,19640000000,1,4576573
7350103438097153,thread,3,account_worker,106,7600000000,13920000000,1,7449027
7350103438097153,thread,3,trader_callback,100,3720000000,17470000000,0,8115156
7350103438097153,thread,3,trace_writer,101,4920000000,21460000000,3,2293895
7350103438097153,thread,3,latency_writer,102,5120000000,21800000000,0,965007
7350103538611796,process,-1,process,90,90940000000,311950000000,27561,19
7350103538611796,thread,-1,producer,90,20000000,160000000,27561,19
7350103538611796,thread,-1,sampler,107,40000000,90000000,278,3
7350103538611796,thread,0,account_worker,103,9560000000,16480000000,0,2566885
7350103538611796,thread,0,trader_callback,91,4920000000,23040000000,1,83398
7350103538611796,thread,0,trace_writer,92,3440000000,17570000000,1,9195967
7350103538611796,thread,0,latency_writer,93,4910000000,23000000000,0,140300
7350103538611796,thread,1,account_worker,104,9360000000,15610000000,2,3618350
7350103538611796,thread,1,trader_callback,94,5060000000,22820000000,0,147825
7350103538611796,thread,1,trace_writer,95,4080000000,20820000000,3,3908550
7350103538611796,thread,1,latency_writer,96,4230000000,19060000000,0,6933052
7350103538611796,thread,2,account_worker,105,10180000000,16490000000,1,1758441
7350103538611796,thread,2,trader_callback,97,5240000000,22740000000,0,280
7350103538611796,thread,2,trace_writer,98,4080000000,19310000000,3,5061082
7350103538611796,thread,2,latency_writer,99,4270000000,19710000000,1,4576573
7350103538611796,thread,3,account_worker,106,7640000000,13970000000,1,7449028
7350103538611796,thread,3,trader_callback,100,3720000000,17560000000,0,8115157
7350103538611796,thread,3,trace_writer,101,4960000000,21530000000,3,2293902
7350103538611796,thread,3,latency_writer,102,5130000000,21890000000,0,965007
7350103639504882,process,-1,process,90,91270000000,313130000000,27661,19
7350103639504882,thread,-1,producer,90,20000000,170000000,27661,19
7350103639504882,thread,-1,sampler,107,40000000,90000000,279,3
7350103639504882,thread,0,account_worker,103,9590000000,16560000000,0,2566887
7350103639504882,thread,0,trader_callback,91,4940000000,23120000000,1,83398
7350103639504882,thread,0,trace_writer,92,3470000000,17660000000,1,9195971
7350103639504882,thread,0,latency_writer,93,4930000000,23080000000,0,140322
7350103639504882,thread,1,account_worker,104,9400000000,15670000000,2,3618353
7350103639504882,thread,1,trader_callback,94,5080000000,22900000000,0,147825
7350103639504882,thread,1,trace_writer,95,4080000000,20870000000,3,3994438
7350103639504882,thread,1,latency_writer,96,4240000000,19100000000,0,7018931
7350103639504882,thread,2,account_worker,105,10220000000,16550000000,1,1758441
7350103639504882,thread,2,trader_callback,97,5260000000,22820000000,0,281
7350103639504882,thread,2,trace_writer,98,4100000000,19390000000,3,5061083
7350103639504882,thread,2,latency_writer,99,4300000000,19790000000,1,4576573
7350103639504882,thread,3,account_worker,106,7680000000,14040000000,1,7449028
7350103639504882,thread,3,trader_callback,100,3740000000,17650000000,0,8115157
7350103639504882,thread,3,trace_writer,101,4960000000,21620000000,3,2293905
7350103639504882,thread,3,latency_writer,102,5150000000,21980000000,0,965007
7350103740015603,process,-1,process,90,91640000000,314270000000,27750,19
7350103740015603,thread,-1,producer,90,20000000,170000000,27750,19
7350103740015603,thread,-1,sampler,107,40000000,90000000,280,3
7350103740015603,thread,0,account_worker,103,9630000000,16610000000,0,2566890
7350103740015603,thread,0,trader_callback,91,4960000000,23200000000,1,83399
7350103740015603,thread,0,trace_writer,92,3480000000,17740000000,1,9195978
7350103740015603,thread,0,latency_writer,93,4950000000,23160000000,0,140329
7350103740015603,thread,1,account_worker,104,9440000000,15740000000,2,3618353
7350103740015603,thread,1,trader_callback,94,5100000000,22990000000,0,147826
7350103740015603,thread,1,trace_writer,95,4080000000,20910000000,3,4081243
7350103740015603,thread,1,latency_writer,96,4250000000,19140000000,0,7105729
7350103740015603,thread,2,account_worker,105,10270000000,16600000000,1,1758441
7350103740015603,thread,2,trader_callback,97,5290000000,22890000000,0,282
7350103740015603,thread,2,trace_writer,98,4110000000,19470000000,3,5061085
7350103740015603,thread,2,latency_writer,99,4310000000,19870000000,1,4576573
7350103740015603,thread,3,account_worker,106,7720000000,14100000000,1,7449028
7350103740015603,thread,3,trader_callback,100,3760000000,17730000000,0,8115158
7350103740015603,thread,3,trace_writer,101,4970000000,21720000000,3,2293915
7350103740015603,thread,3,latency_writer,102,5160000000,22060000000,0,965007
7350103840580388,process,-1,process,90,91990000000,315420000000,27852,19
7350103840580388,thread,-1,producer,90,20000000,170000000,27852,19
7350103840580388,thread,-1,sampler,107,40000000,90000000,281,3
7350103840580388,thread,0,account_worker,103,9670000000,16670000000,0,2566897
7350103840580388,thread,0,trader_callback,91,4980000000,23280000000,1,83399
7350103840580388,thread,0,trace_writer,92,3500000000,17820000000,1,9195984
7350103840580388,thread,0,latency_writer,93,4970000000,23240000000,0,140331
7350103840580388,thread,1,account_worker,104,9480000000,15800000000,2,3618353
7350103840580388,thread,1,trader_callback,94,5120000000,23070000000,0,147826
7350103840580388,thread,1,trace_writer,95,4100000000,20950000000,3,4168498
7350103840580388,thread,1,latency_writer,96,4260000000,19180000000,0,7192988
7350103840580388,thread,2,account_worker,105,10310000000,16670000000,1,1758442
7350103840580388,thread,2,trader_callback,97,5300000000,22980000000,0,283
7350103840580388,thread,2,trace_writer,98,4140000000,19550000000,3,5061086
7350103840580388,thread,2,latency_writer,99,4330000000,19960000000,1,4576573
7350103840580388,thread,3,account_worker,106,7760000000,14160000000,1,7449034
7350103840580388,thread,3,trader_callback,100,3770000000,17820000000,0,8115158
7350103840580388,thread,3,trace_writer,101,4970000000,21810000000,3,2293918
7350103840580388,thread,3,latency_writer,102,5190000000,22130000000,0,965007
7350103941051870,process,-1,process,90,92350000000,316560000000,27950,19
7350103941051870,thread,-1,producer,90,20000000,170000000,27950,19
7350103941051870,thread,-1,sampler,107,40000000,90000000,282,3
7350103941051870,thread,0,account_worker,103,9710000000,16730000000,0,2566995
7350103941051870,thread,0,trader_callback,91,4990000000,23370000000,1,83400
7350103941051870,thread,0,trace_writer,92,3520000000,17910000000,1,9195996
7350103941051870,thread,0,latency_writer,93,4990000000,23310000000,0,140337
7350103941051870,thread,1,account_worker,104,9530000000,15850000000,2,3618354
7350103941051870,thread,1,trader_callback,94,5130000000,23150000000,0,147826
7350103941051870,thread,1,trace_writer,95,4110000000,20980000000,3,4257003
7350103941051870,thread,1,latency_writer,96,4270000000,19230000000,0,7281492
7350103941051870,thread,2,account_worker,105,10350000000,16730000000,1,1758445
7350103941051870,thread,2,trader_callback,97,5330000000,23050000000,0,283
7350103941051870,thread,2,trace_writer,98,4150000000,19630000000,3,5061090
7350103941051870,thread,2,latency_writer,99,4350000000,20040000000,1,4576573
7350103941051870,thread,3,account_worker,106,7810000000,14210000000,1,7449034
7350103941051870,thread,3,trader_callback,100,3780000000,17910000000,0,8115158
7350103941051870,thread,3,trace_writer,101,4990000000,21890000000,3,2293918
7350103941051870,thread,3,latency_writer,102,5200000000,22230000000,0,965007
7350104041615733,process,-1,process,90,92780000000,317730000000,28049,19
7350104041615733,thread,-1,producer,90,20000000,170000000,28049,19
7350104041615733,thread,-1,sampler,107,40000000,90000000,283,3
7350104041615733,thread,0,account_worker,103,9760000000,16770000000,0,2567095
7350104041615733,thread,0,trader_callback,91,5010000000,23450000000,1,83401
7350104041615733,thread,0,trace_writer,92,3520000000,18000000000,1,9196000
7350104041615733,thread,0,latency_writer,93,5010000000,23400000000,0,140340
7350104041615733,thread,1,account_worker,104,9580000000,15900000000,2,3618354
7350104041615733,thread,1,trader_callback,94,5160000000,23230000000,0,147827
7350104041615733,thread,1,trace_writer,95,4130000000,21070000000,3,4260667
7350104041615733,thread,1,latency_writer,96,4300000000,19290000000,0,7285143
7350104041615733,thread,2,account_worker,105,10380000000,16800000000,1,1758445
7350104041615733,thread,2,trader_callback,97,5350000000,23130000000,0,283
7350104041615733,thread,2,trace_writer,98,4170000000,19710000000,3,5061091
7350104041615733,thread,2,latency_writer,99,4370000000,20110000000,1,4576573
7350104041615733,thread,3,account_worker,106,7850000000,14270000000,1,7449042
7350104041615733,thread,3,trader_callback,100,3800000000,17990000000,0,8115159
7350104041615733,thread,3,trace_writer,101,5010000000,21980000000,3,2293923
7350104041615733,thread,3,latency_writer,102,5220000000,22310000000,0,965007
7350104142226152,process,-1,process,90,93290000000,318820000000,28146,19
7350104142226152,thread,-1,producer,90,20000000,170000000,28146,19
7350104142226152,thread,-1,sampler,107,40000000,90000000,284,3
7350104142226152,thread,0,account_worker,103,9810000000,16820000000,0,2567194
7350104142226152,thread,0,trader_callback,91,5040000000,23520000000,1,83401
7350104142226152,thread,0,trace_writer,92,3550000000,18070000000,1,9196006
7350104142226152,thread,0,latency_writer,93,5040000000,23470000000,0,140352
7350104142226152,thread,1,account_worker,104,9610000000,15970000000,2,3618355
7350104142226152,thread,1,trader_callback,94,5180000000,23310000000,0,147828
7350104142226152,thread,1,trace_writer,95,4160000000,21140000000,3,4260667
7350104142226152,thread,1,latency_writer,96,4330000000,19360000000,0,7285147
7350104142226152,thread,2,account_worker,105,10440000000,16840000000,1,1758449
7350104142226152,thread,2,trader_callback,97,5370000000,23210000000,0,284
7350104142226152,thread,2,trace_writer,98,4210000000,19770000000,3,5061093
7350104142226152,thread,2,latency_writer,99,4390000000,20190000000,1,4576574
7350104142226152,thread,3,account_worker,106,7910000000,14310000000,1,7449044
7350104142226152,thread,3,trader_callback,100,3840000000,18060000000,0,8115160
7350104142226152,thread,3,trace_writer,101,5040000000,22050000000,3,2293926
7350104142226152,thread,3,latency_writer,102,5240000000,22390000000,0,965008
7350104242754586,process,-1,process,90,93640000000,320080000000,28245,20
7350104242754586,thread,-1,producer,90,20000000,170000000,28245,20
7350104242754586,thread,-1,sampler,107,40000000,90000000,285,3
7350104242754586,thread,0,account_worker,103,9820000000,16900000000,0,2567296
7350104242754586,thread,0,trader_callback,91,5050000000,23610000000,1,83401
7350104242754586,thread,0,trace_writer,92,3580000000,18140000000,1,9196013
7350104242754586,thread,0,latency_writer,93,5050000000,23560000000,0,140363
7350104242754586,thread,1,account_worker,104,9650000000,16030000000,2,3618355
7350104242754586,thread,1,trader_callback,94,5190000000,23400000000,0,147828
7350104242754586,thread,1,trace_writer,95,4170000000,21230000000,3,4260670
7350104242754586,thread,1,latency_writer,96,4350000000,19440000000,0,7285151
7350104242754586,thread,2,account_worker,105,10470000000,16910000000,1,1758449
7350104242754586,thread,2,trader_callback,97,5390000000,23290000000,0,284
7350104242754586,thread,2,trace_writer,98,4240000000,19850000000,3,5061098
7350104242754586,thread,2,latency_writer,99,4410000000,20280000000,1,4576574
7350104242754586,thread,3,account_worker,106,7940000000,14380000000,1,7449047
7350104242754586,thread,3,trader_callback,100,3860000000,18140000000,0,8115160
7350104242754586,thread,3,trace_writer,101,5060000000,22130000000,3,2293929
7350104242754586,thread,3,latency_writer,102,5260000000,22470000000,0,965008
7350104343301726,process,-1,process,90,93960000000,321340000000,28344,20
7350104343301726,thread,-1,producer,90,20000000,170000000,28344,20
7350104343301726,thread,-1,sampler,107,40000000,90000000,286,3
7350104343301726,thread,0,account_worker,103,9850000000,16960000000,0,2592578
7350104343301726,thread,0,trader_callback,91,5070000000,23690000000,1,83401
7350104343301726,thread,0,trace_writer,92,3600000000,18220000000,1,9196022
7350104343301726,thread,0,latency_writer,93,5070000000,23640000000,0,140376
7350104343301726,thread,1,account_worker,104,9680000000,16090000000,2,3618355
7350104343301726,thread,1,trader_callback,94,5210000000,23480000000,0,147828
7350104343301726,thread,1,trace_writer,95,4190000000,21310000000,3,4260670
7350104343301726,thread,1,latency_writer,96,4350000000,19520000000,0,7310368
7350104343301726,thread,2,account_worker,105,10500000000,16980000000,1,1758449
7350104343301726,thread,2,trader_callback,97,5410000000,23380000000,0,284
7350104343301726,thread,2,trace_writer,98,4250000000,19940000000,3,5061098
7350104343301726,thread,2,latency_writer,99,4430000000,20350000000,1,4576574
7350104343301726,thread,3,account_worker,106,7980000000,14440000000,1,7449047
7350104343301726,thread,3,trader_callback,100,3860000000,18230000000,0,8115160
7350104343301726,thread,3,trace_writer,101,5080000000,22210000000,3,2293930
7350104343301726,thread,3,latency_writer,102,5280000000,22540000000,0,965009
7350104443796475,process,-1,process,90,94350000000,322440000000,28438,20
7350104443796475,thread,-1,producer,90,20000000,170000000,28438,20
7350104443796475,thread,-1,sampler,107,40000000,100000000,287,3
7350104443796475,thread,0,account_worker,103,9870000000,16990000000,0,2658599
7350104443796475,thread,0,trader_callback,91,5090000000,23780000000,1,83401
7350104443796475,thread,0,trace_writer,92,3610000000,18310000000,1,9196025
7350104443796475,thread,0,latency_writer,93,5080000000,23730000000,0,140380
7350104443796475,thread,1,account_worker,104,9740000000,16140000000,2,3618355
7350104443796475,thread,1,trader_callback,94,5240000000,23550000000,0,147828
7350104443796475,thread,1,trace_writer,95,4210000000,21390000000,3,4260670
7350104443796475,thread,1,latency_writer,96,4350000000,19570000000,0,7376389
7350104443796475,thread,2,account_worker,105,10540000000,17040000000,1,1758449
7350104443796475,thread,2,trader_callback,97,5420000000,23460000000,0,284
7350104443796475,thread,2,trace_writer,98,4280000000,20010000000,3,5061100
7350104443796475,thread,2,latency_writer,99,4460000000,20430000000,1,4576575
7350104443796475,thread,3,account_worker,106,8040000000,14480000000,1,7449048
7350104443796475,thread,3,trader_callback,100,3870000000,18320000000,0,8115160
7350104443796475,thread,3,trace_writer,101,5100000000,22290000000,3,2293930
7350104443796475,thread,3,latency_writer,102,5300000000,22630000000,0,965009
7350104544364431,process,-1,process,90,94680000000,323630000000,28535,20
7350104544364431,thread,-1,producer,90,20000000,170000000,28535,20
7350104544364431,thread,-1,sampler,107,40000000,100000000,288,3
7350104544364431,thread,0,account_worker,103,9880000000,17030000000,0,2728399
7350104544364431,thread,0,trader_callback,91,5110000000,23860000000,1,83401
7350104544364431,thread,0,trace_writer,92,3630000000,18390000000,1,9196028
7350104544364431,thread,0,latency_writer,93,5090000000,23810000000,0,140388
7350104544364431,thread,1,account_worker,104,9760000000,16210000000,2,3618355
7350104544364431,thread,1,trader_callback,94,5270000000,23630000000,0,147828
7350104544364431,thread,1,trace_writer,95,4230000000,21470000000,3,4260670
7350104544364431,thread,1,latency_writer,96,4350000000,19620000000,0,7446190
7350104544364431,thread,2,account_worker,105,10590000000,17090000000,1,1758449
7350104544364431,thread,2,trader_callback,97,5430000000,23550000000,0,284
7350104544364431,thread,2,trace_writer,98,4300000000,20090000000,3,5061101
7350104544364431,thread,2,latency_writer,99,4470000000,20520000000,1,4576575
7350104544364431,thread,3,account_worker,106,8080000000,14550000000,1,7449048
7350104544364431,thread,3,trader_callback,100,3900000000,18400000000,0,8115160
7350104544364431,thread,3,trace_writer,101,5110000000,22380000000,3,2293936
7350104544364431,thread,3,latency_writer,102,5320000000,22710000000,0,965009
7350104644894531,process,-1,process,90,95040000000,324770000000,28635,20
7350104644894531,thread,-1,producer,90,20000000,170000000,28635,20
7350104644894531,thread,-1,sampler,107,40000000,100000000,289,3
7350104644894531,thread,0,account_worker,103,9890000000,17070000000,0,2795826
7350104644894531,thread,0,trader_callback,91,5130000000,23930000000,1,83401
7350104644894531,thread,0,trace_writer,92,3660000000,18470000000,1,9196031
7350104644894531,thread,0,latency_writer,93,5110000000,23900000000,0,140393
7350104644894531,thread,1,account_worker,104,9820000000,16260000000,2,3618355
7350104644894531,thread,1,trader_callback,94,5280000000,23710000000,0,147828
7350104644894531,thread,1,trace_writer,95,4250000000,21560000000,3,4260670
7350104644894531,thread,1,latency_writer,96,4380000000,19640000000,0,7513619
7350104644894531,thread,2,account_worker,105,10620000000,17160000000,1,1758449
7350104644894531,thread,2,trader_callback,97,5440000000,23640000000,0,285
7350104644894531,thread,2,trace_writer,98,4300000000,20180000000,3,5061102
7350104644894531,thread,2,latency_writer,99,4500000000,20590000000,1,4576576
7350104644894531,thread,3,account_worker,106,8130000000,14600000000,1,7449048
7350104644894531,thread,3,trader_callback,100,3920000000,18480000000,0,8115160
7350104644894531,thread,3,trace_writer,101,5140000000,22450000000,3,2293942
7350104644894531,thread,3,latency_writer,102,5320000000,22800000000,0,965010
7350104745407035,process,-1,process,90,95400000000,325920000000,28736,20
7350104745407035,thread,-1,producer,90,20000000,170000000,28736,20
7350104745407035,thread,-1,sampler,107,40000000,100000000,290,3
7350104745407035,thread,0,account_worker,103,9910000000,17090000000,0,2862935
7350104745407035,thread,0,trader_callback,91,5150000000,24020000000,1,83401
7350104745407035,thread,0,trace_writer,92,3680000000,18550000000,1,9196034
7350104745407035,thread,0,latency_writer,93,5120000000,23980000000,0,140396
7350104745407035,thread,1,account_worker,104,9860000000,16320000000,2,3618355
7350104745407035,thread,1,trader_callback,94,5300000000,23790000000,0,147828
7350104745407035,thread,1,trace_writer,95,4250000000,21650000000,3,4260673
7350104745407035,thread,1,latency_writer,96,4390000000,19680000000,0,7580729
7350104745407035,thread,2,account_worker,105,10680000000,17200000000,1,1758449
7350104745407035,thread,2,trader_callback,97,5470000000,23710000000,0,285
7350104745407035,thread,2,trace_writer,98,4320000000,20260000000,3,5061102
7350104745407035,thread,2,latency_writer,99,4520000000,20670000000,1,4576576
7350104745407035,thread,3,account_worker,106,8160000000,14670000000,1,7449048
7350104745407035,thread,3,trader_callback,100,3940000000,18550000000,0,8115160
7350104745407035,thread,3,trace_writer,101,5160000000,22530000000,3,2293948
7350104745407035,thread,3,latency_writer,102,5330000000,22890000000,0,965010
7350104845947636,process,-1,process,90,95740000000,327080000000,28834,20
7350104845947636,thread,-1,producer,90,20000000,170000000,28834,20
7350104845947636,thread,-1,sampler,107,40000000,100000000,291,3
7350104845947636,thread,0,account_worker,103,9940000000,17110000000,0,2931087
7350104845947636,thread,0,trader_callback,91,5150000000,24120000000,1,83402
7350104845947636,thread,0,trace_writer,92,3690000000,18640000000,1,9196040
7350104845947636,thread,0,latency_writer,93,5140000000,24060000000,0,140402
7350104845947636,thread,1,account_worker,104,9890000000,16390000000,2,3618355
7350104845947636,thread,1,trader_callback,94,5330000000,23870000000,0,147828
7350104845947636,thread,1,trace_writer,95,4260000000,21740000000,3,4260673
7350104845947636,thread,1,latency_writer,96,4400000000,19720000000,0,7648883
7350104845947636,thread,2,account_worker,105,10720000000,17260000000,1,1758449
7350104845947636,thread,2,trader_callback,97,5480000000,23800000000,0,285
7350104845947636,thread,2,trace_writer,98,4350000000,20330000000,3,5061102
7350104845947636,thread,2,latency_writer,99,4530000000,20760000000,1,4576576
7350104845947636,thread,3,account_worker,106,8190000000,14730000000,1,7449048
7350104845947636,thread,3,trader_callback,100,3960000000,18630000000,0,8115160
7350104845947636,thread,3,trace_writer,101,5180000000,22610000000,3,2293951
7350104845947636,thread,3,latency_writer,102,5350000000,22980000000,0,965010
7350104946475955,process,-1,process,90,96130000000,328190000000,28934,20
7350104946475955,thread,-1,producer,90,20000000,170000000,28934,20
7350104946475955,thread,-1,sampler,107,40000000,100000000,292,3
7350104946475955,thread,0,account_worker,103,9960000000,17150000000,0,3001106
7350104946475955,thread,0,trader_callback,91,5170000000,24200000000,1,83402
7350104946475955,thread,0,trace_writer,92,3700000000,18720000000,1,9196040
7350104946475955,thread,0,latency_writer,93,5150000000,24150000000,0,140407
7350104946475955,thread,1,account_worker,104,9930000000,16450000000,2,3618358
7350104946475955,thread,1,trader_callback,94,5350000000,23950000000,0,147828
7350104946475955,thread,1,trace_writer,95,4290000000,21820000000,3,4260673
7350104946475955,thread,1,latency_writer,96,4410000000,19760000000,0,7718901
7350104946475955,thread,2,account_worker,105,10770000000,17320000000,1,1758452
7350104946475955,thread,2,trader_callback,97,5500000000,23880000000,0,287
7350104946475955,thread,2,trace_writer,98,4360000000,20420000000,3,5061104
7350104946475955,thread,2,latency_writer,99,4570000000,20820000000,1,4576577
7350104946475955,thread,3,account_worker,106,8230000000,14800000000,1,7449048
7350104946475955,thread,3,trader_callback,100,4000000000,18700000000,0,8115160
7350104946475955,thread,3,trace_writer,101,5220000000,22670000000,3,2293954
7350104946475955,thread,3,latency_writer,102,5370000000,23060000000,0,965010
7350105046995024,process,-1,process,90,96500000000,329330000000,29032,20
7350105046995024,thread,-1,producer,90,20000000,170000000,29032,20
7350105046995024,thread,-1,sampler,107,40000000,100000000,293,3
7350105046995024,thread,0,account_worker,103,9990000000,17170000000,0,3068837
7350105046995024,thread,0,trader_callback,91,5190000000,24280000000,1,83403
7350105046995024,thread,0,trace_writer,92,3720000000,18810000000,1,9196044
7350105046995024,thread,0,latency_writer,93,5170000000,24230000000,0,140411
7350105046995024,thread,1,account_worker,104,9990000000,16490000000,2,3618362
7350105046995024,thread,1,trader_callback,94,5360000000,24040000000,0,147829
7350105046995024,thread,1,trace_writer,95,4310000000,21890000000,3,4260674
7350105046995024,thread,1,latency_writer,96,4410000000,19800000000,0,7786634
7350105046995024,thread,2,account_worker,105,10810000000,17380000000,1,1758452
7350105046995024,thread,2,trader_callback,97,5520000000,23960000000,0,287
7350105046995024,thread,2,trace_writer,98,4380000000,20510000000,3,5061105
7350105046995024,thread,2,latency_writer,99,4590000000,20900000000,1,4576577
7350105046995024,thread,3,account_worker,106,8270000000,14850000000,1,7449048
7350105046995024,thread,3,trader_callback,100,4010000000,18780000000,0,8115161
7350105046995024,thread,3,trace_writer,101,5220000000,22770000000,3,2293967
7350105046995024,thread,3,latency_writer,102,5390000000,23140000000,0,965010
7350105147509664,process,-1,process,90,96770000000,330560000000,29125,20
7350105147509664,thread,-1,producer,90,20000000,170000000,29125,20
7350105147509664,thread,-1,sampler,107,40000000,100000000,294,3
7350105147509664,thread,0,account_worker,103,10000000000,17210000000,0,3136121
7350105147509664,thread,0,trader_callback,91,5190000000,24380000000,1,83403
7350105147509664,thread,0,trace_writer,92,3730000000,18900000000,1,9196044
7350105147509664,thread,0,latency_writer,93,5190000000,24310000000,0,140422
7350105147509664,thread,1,account_worker,104,10030000000,16550000000,2,3618362
7350105147509664,thread,1,trader_callback,94,5370000000,24120000000,0,147829
7350105147509664,thread,1,trace_writer,95,4320000000,21980000000,3,4260674
7350105147509664,thread,1,latency_writer,96,4420000000,19840000000,0,7853921
7350105147509664,thread,2,account_worker,105,10850000000,17440000000,1,1758457
7350105147509664,thread,2,trader_callback,97,5530000000,24050000000,0,289
7350105147509664,thread,2,trace_writer,98,4380000000,20600000000,3,5061107
7350105147509664,thread,2,latency_writer,99,4620000000,20970000000,1,4576578
7350105147509664,thread,3,account_worker,106,8290000000,14930000000,1,7449051
7350105147509664,thread,3,trader_callback,100,4030000000,18860000000,0,8115161
7350105147509664,thread,3,trace_writer,101,5240000000,22850000000,3,2293970
7350105147509664,thread,3,latency_writer,102,5400000000,23230000000,0,965011
7350105248121633,process,-1,process,90,97120000000,331620000000,29221,20
7350105248121633,thread,-1,producer,90,20000000,170000000,29221,20
7350105248121633,thread,-1,sampler,107,40000000,100000000,295,3
7350105248121633,thread,0,account_worker,103,10010000000,17240000000,0,3202022
7350105248121633,thread,0,trader_callback,91,5200000000,24470000000,1,83403
7350105248121633,thread,0,trace_writer,92,3750000000,18930000000,1,9284107
7350105248121633,thread,0,latency_writer,93,5210000000,24390000000,0,140428
7350105248121633,thread,1,account_worker,104,10060000000,16620000000,2,3618365
7350105248121633,thread,1,trader_callback,94,5410000000,24190000000,0,147829
7350105248121633,thread,1,trace_writer,95,4340000000,22060000000,3,4260677
7350105248121633,thread,1,latency_writer,96,4430000000,19890000000,0,7942074
7350105248121633,thread,2,account_worker,105,10890000000,17490000000,1,1758458
7350105248121633,thread,2,trader_callback,97,5550000000,24140000000,0,289
7350105248121633,thread,2,trace_writer,98,4390000000,20640000000,3,5127049
7350105248121633,thread,2,latency_writer,99,4650000000,21040000000,1,4576578
7350105248121633,thread,3,account_worker,106,8340000000,14990000000,1,7449051
7350105248121633,thread,3,trader_callback,100,4040000000,18960000000,0,8115161
7350105248121633,thread,3,trace_writer,101,5260000000,22930000000,3,2293976
7350105248121633,thread,3,latency_writer,102,5440000000,23290000000,0,965011
7350105348740486,process,-1,process,90,97440000000,332800000000,29320,20
7350105348740486,thread,-1,producer,90,20000000,170000000,29320,20
7350105348740486,thread,-1,sampler,107,40000000,100000000,296,3
7350105348740486,thread,0,account_worker,103,10020000000,17280000000,0,3269392
7350105348740486,thread,0,trader_callback,91,5240000000,24530000000,1,83403
7350105348740486,thread,0,trace_writer,92,3780000000,19000000000,1,9288351
7350105348740486,thread,0,latency_writer,93,5230000000,24470000000,0,140436
7350105348740486,thread,1,account_worker,104,10090000000,16700000000,2,3618365
7350105348740486,thread,1,trader_callback,94,5430000000,24260000000,0,147829
7350105348740486,thread,1,trace_writer,95,4360000000,22150000000,3,4260680
7350105348740486,thread,1,latency_writer,96,4430000000,19990000000,0,7946223
7350105348740486,thread,2,account_worker,105,10930000000,17560000000,1,1758461
7350105348740486,thread,2,trader_callback,97,5560000000,24230000000,0,289
7350105348740486,thread,2,trace_writer,98,4390000000,20680000000,3,5194629
7350105348740486,thread,2,latency_writer,99,4660000000,21130000000,1,4576578
7350105348740486,thread,3,account_worker,106,8380000000,15050000000,1,7449051
7350105348740486,thread,3,trader_callback,100,4060000000,19040000000,0,8115161
7350105348740486,thread,3,trace_writer,101,5290000000,23000000000,3,2293976
7350105348740486,thread,3,latency_writer,102,5440000000,23390000000,0,965011
7350105449481435,process,-1,process,90,97810000000,333920000000,29418,20
7350105449481435,thread,-1,producer,90,20000000,170000000,29418,20
7350105449481435,thread,-1,sampler,107,40000000,100000000,297,3
7350105449481435,thread,0,account_worker,103,10040000000,17320000000,0,3336457
7350105449481435,thread,0,trader_callback,91,5270000000,24600000000,1,83403
7350105449481435,thread,0,trace_writer,92,3800000000,19060000000,1,9288391
7350105449481435,thread,0,latency_writer,93,5240000000,24560000000,0,140441
7350105449481435,thread,1,account_worker,104,10140000000,16750000000,2,3618375
7350105449481435,thread,1,trader_callback,94,5450000000,24350000000,0,147829
7350105449481435,thread,1,trace_writer,95,4370000000,22230000000,3,4260680
7350105449481435,thread,1,latency_writer,96,4450000000,20070000000,0,7946232
7350105449481435,thread,2,account_worker,105,10970000000,17610000000,1,1758461
7350105449481435,thread,2,trader_callback,97,5580000000,24310000000,0,289
7350105449481435,thread,2,trace_writer,98,4400000000,20720000000,3,5261586
7350105449481435,thread,2,latency_writer,99,4660000000,21230000000,1,4576578
7350105449481435,thread,3,account_worker,106,8410000000,15120000000,1,7449061
7350105449481435,thread,3,trader_callback,100,4080000000,19120000000,0,8115161
7350105449481435,thread,3,trace_writer,101,5320000000,23070000000,3,2293976
7350105449481435,thread,3,latency_writer,102,5470000000,23460000000,0,965011
7350105550017917,process,-1,process,90,98160000000,335120000000,29517,20
7350105550017917,thread,-1,producer,90,20000000,170000000,29517,20
7350105550017917,thread,-1,sampler,107,40000000,100000000,298,3
7350105550017917,thread,0,account_worker,103,10050000000,17370000000,0,3376891
7350105550017917,thread,0,trader_callback,91,5300000000,24670000000,1,83403
7350105550017917,thread,0,trace_writer,92,3830000000,19130000000,1,9288490
7350105550017917,thread,0,latency_writer,93,5260000000,24640000000,0,140445
7350105550017917,thread,1,account_worker,104,10190000000,16790000000,2,3618381
7350105550017917,thread,1,trader_callback,94,5460000000,24440000000,0,147829
7350105550017917,thread,1,trace_writer,95,4390000000,22310000000,3,4260681
7350105550017917,thread,1,latency_writer,96,4450000000,20170000000,0,7946236
7350105550017917,thread,2,account_worker,105,11010000000,17680000000,1,1758461
7350105550017917,thread,2,trader_callback,97,5600000000,24390000000,0,290
7350105550017917,thread,2,trace_writer,98,4420000000,20780000000,3,5301881
7350105550017917,thread,2,latency_writer,99,4670000000,21320000000,1,4576578
7350105550017917,thread,3,account_worker,106,8440000000,15190000000,1,7449065
7350105550017917,thread,3,trader_callback,100,4100000000,19200000000,0,8115161
7350105550017917,thread,3,trace_writer,101,5340000000,23160000000,3,2293979
7350105550017917,thread,3,latency_writer,102,5480000000,23550000000,0,965011
7350105650544275,process,-1,process,90,98510000000,336370000000,29614,20
7350105650544275,thread,-1,producer,90,20000000,170000000,29614,20
7350105650544275,thread,-1,sampler,107,40000000,100000000,299,3
7350105650544275,thread,0,account_worker,103,10110000000,17420000000,0,3376892
7350105650544275,thread,0,trader_callback,91,5310000000,24760000000,1,83403
7350105650544275,thread,0,trace_writer,92,3850000000,19210000000,1,9288587
7350105650544275,thread,0,latency_writer,93,5280000000,24720000000,0,140452
7350105650544275,thread,1,account_worker,104,10230000000,16850000000,2,3618387
7350105650544275,thread,1,trader_callback,94,5490000000,24510000000,0,147829
7350105650544275,thread,1,trace_writer,95,4410000000,22390000000,3,4260681
7350105650544275,thread,1,latency_writer,96,4470000000,20250000000,0,7946248
7350105650544275,thread,2,account_worker,105,11040000000,17740000000,1,1758464
7350105650544275,thread,2,trader_callback,97,5610000000,24480000000,0,291
7350105650544275,thread,2,trace_writer,98,4420000000,20870000000,3,5301886
7350105650544275,thread,2,latency_writer,99,4680000000,21410000000,1,4576578
7350105650544275,thread,3,account_worker,106,8470000000,15260000000,1,7449065
7350105650544275,thread,3,trader_callback,100,4130000000,19270000000,0,8115161
7350105650544275,thread,3,trace_writer,101,5340000000,23250000000,3,2293979
7350105650544275,thread,3,latency_writer,102,5500000000,23630000000,0,965011
7350105751193515,process,-1,process,90,98880000000,337600000000,29710,20
7350105751193515,thread,-1,producer,90,20000000,170000000,29710,20
7350105751193515,thread,-1,sampler,107,40000000,100000000,300,3
7350105751193515,thread,0,account_worker,103,10140000000,17480000000,0,3376893
7350105751193515,thread,0,trader_callback,91,5330000000,24850000000,1,83404
7350105751193515,thread,0,trace_writer,92,3870000000,19290000000,1,9288685
7350105751193515,thread,0,latency_writer,93,5290000000,24800000000,0,140457
7350105751193515,thread,1,account_worker,104,10270000000,16910000000,2,3618390
7350105751193515,thread,1,trader_callback,94,5510000000,24590000000,0,147829
7350105751193515,thread,1,trace_writer,95,4430000000,22470000000,3,4260682
7350105751193515,thread,1,latency_writer,96,4490000000,20330000000,0,7946258
7350105751193515,thread,2,account_worker,105,11080000000,17810000000,1,1758464
7350105751193515,thread,2,trader_callback,97,5630000000,24560000000,0,292
7350105751193515,thread,2,trace_writer,98,4440000000,20950000000,3,5301892
7350105751193515,thread,2,latency_writer,99,4700000000,21490000000,1,4576578
7350105751193515,thread,3,account_worker,106,8500000000,15330000000,1,7449065
7350105751193515,thread,3,trader_callback,100,4150000000,19350000000,0,8115162
7350105751193515,thread,3,trace_writer,101,5370000000,23330000000,3,2293982
7350105751193515,thread,3,latency_writer,102,5510000000,23720000000,0,965011
7350105851792360,process,-1,process,90,99240000000,338840000000,29808,20
7350105851792360,thread,-1,producer,90,20000000,170000000,29808,20
7350105851792360,thread,-1,sampler,107,40000000,100000000,301,3
7350105851792360,thread,0,account_worker,103,10170000000,17550000000,0,3376894
7350105851792360,thread,0,trader_callback,91,5330000000,24940000000,1,83404
7350105851792360,thread,0,trace_writer,92,3900000000,19360000000,1,9292385
7350105851792360,thread,0,latency_writer,93,5310000000,24880000000,0,140460
7350105851792360,thread,1,account_worker,104,10300000000,16990000000,2,3618396
7350105851792360,thread,1,trader_callback,94,5540000000,24660000000,0,147829
7350105851792360,thread,1,trace_writer,95,4450000000,22560000000,3,4260682
7350105851792360,thread,1,latency_writer,96,4500000000,20420000000,0,7946258
7350105851792360,thread,2,account_worker,105,11140000000,17850000000,1,1758465
7350105851792360,thread,2,trader_callback,97,5630000000,24660000000,0,293
7350105851792360,thread,2,trace_writer,98,4460000000,21030000000,3,5301897
7350105851792360,thread,2,latency_writer,99,4730000000,21560000000,1,4580319
7350105851792360,thread,3,account_worker,106,8550000000,15390000000,1,7449065
7350105851792360,thread,3,trader_callback,100,4160000000,19450000000,0,8115162
7350105851792360,thread,3,trace_writer,101,5390000000,23410000000,3,2293982
7350105851792360,thread,3,latency_writer,102,5540000000,23790000000,0,965011
7350105952354359,process,-1,process,90,99570000000,340010000000,29905,20
7350105952354359,thread,-1,producer,90,20000000,170000000,29905,20
7350105952354359,thread,-1,sampler,107,40000000,100000000,302,3
7350105952354359,thread,0,account_worker,103,10220000000,17600000000,0,3376896
7350105952354359,thread,0,trader_callback,91,5340000000,25030000000,1,83404
7350105952354359,thread,0,trace_writer,92,3910000000,19400000000,1,9382849
7350105952354359,thread,0,latency_writer,93,5320000000,24970000000,0,140466
7350105952354359,thread,1,account_worker,104,10330000000,17060000000,2,3618397
7350105952354359,thread,1,trader_callback,94,5550000000,24750000000,0,147829
7350105952354359,thread,1,trace_writer,95,4470000000,22640000000,3,4260682
7350105952354359,thread,1,latency_writer,96,4530000000,20490000000,0,7946264
7350105952354359,thread,2,account_worker,105,11190000000,17900000000,1,1758465
7350105952354359,thread,2,trader_callback,97,5660000000,24730000000,0,293
7350105952354359,thread,2,trace_writer,98,4480000000,21100000000,3,5301902
7350105952354359,thread,2,latency_writer,99,4730000000,21610000000,1,4670778
7350105952354359,thread,3,account_worker,106,8580000000,15450000000,1,7449065
7350105952354359,thread,3,trader_callback,100,4160000000,19540000000,0,8115162
7350105952354359,thread,3,trace_writer,101,5400000000,23500000000,3,2293982
7350105952354359,thread,3,latency_writer,102,5550000000,23880000000,0,965011
7350106052879915,process,-1,process,90,99930000000,341160000000,30005,20
7350106052879915,thread,-1,producer,90,20000000,170000000,30005,20
7350106052879915,thread,-1,sampler,107,40000000,100000000,303,3
7350106052879915,thread,0,account_worker,103,10260000000,17660000000,0,3376898
7350106052879915,thread,0,trader_callback,91,5370000000,25100000000,1,83404
7350106052879915,thread,0,trace_writer,92,3910000000,19440000000,1,9472163
7350106052879915,thread,0,latency_writer,93,5330000000,25060000000,0,140471
7350106052879915,thread,1,account_worker,104,10350000000,17140000000,2,3618398
7350106052879915,thread,1,trader_callback,94,5570000000,24830000000,0,147829
7350106052879915,thread,1,trace_writer,95,4480000000,22730000000,3,4260683
7350106052879915,thread,1,latency_writer,96,4540000000,20580000000,0,7946277
7350106052879915,thread,2,account_worker,105,11230000000,17960000000,1,1758468
7350106052879915,thread,2,trader_callback,97,5680000000,24810000000,0,293
7350106052879915,thread,2,trace_writer,98,4510000000,21170000000,3,5301906
7350106052879915,thread,2,latency_writer,99,4750000000,21640000000,1,4760081
7350106052879915,thread,3,account_worker,106,8610000000,15530000000,1,7449066
7350106052879915,thread,3,trader_callback,100,4180000000,19630000000,0,8115163
7350106052879915,thread,3,trace_writer,101,5430000000,23570000000,3,2293983
7350106052879915,thread,3,latency_writer,102,5580000000,23950000000,0,965011
7350106153435781,process,-1,process,90,100280000000,342410000000,30106,20
7350106153435781,thread,-1,producer,90,20000000,170000000,30106,20
7350106153435781,thread,-1,sampler,107,40000000,100000000,304,3
7350106153435781,thread,0,account_worker,103,10290000000,17730000000,0,3376900
7350106153435781,thread,0,trader_callback,91,5380000000,25190000000,1,83404
7350106153435781,thread,0,trace_writer,92,3920000000,19530000000,1,9472444
7350106153435781,thread,0,latency_writer,93,5340000000,25150000000,0,140478
7350106153435781,thread,1,account_worker,104,10390000000,17200000000,2,3618398
7350106153435781,thread,1,trader_callback,94,5590000000,24910000000,0,147830
7350106153435781,thread,1,trace_writer,95,4520000000,22790000000,3,4260683
7350106153435781,thread,1,latency_writer,96,4550000000,20660000000,0,7946280
7350106153435781,thread,2,account_worker,105,11250000000,18040000000,1,1758469
7350106153435781,thread,2,trader_callback,97,5700000000,24890000000,0,294
7350106153435781,thread,2,trace_writer,98,4520000000,21260000000,3,5301909
7350106153435781,thread,2,latency_writer,99,4780000000,21720000000,1,4760139
7350106153435781,thread,3,account_worker,106,8660000000,15570000000,1,7449068
7350106153435781,thread,3,trader_callback,100,4180000000,19720000000,0,8115163
7350106153435781,thread,3,trace_writer,101,5450000000,23650000000,3,2293983
7350106153435781,thread,3,latency_writer,102,5600000000,24030000000,0,965012
7350106253967654,process,-1,process,90,100670000000,343630000000,30205,20
7350106253967654,thread,-1,producer,90,20000000,180000000,30205,20
7350106253967654,thread,-1,sampler,107,40000000,100000000,305,3
7350106253967654,thread,0,account_worker,103,10330000000,17790000000,0,3376901
7350106253967654,thread,0,trader_callback,91,5420000000,25260000000,1,83404
7350106253967654,thread,0,trace_writer,92,3940000000,19610000000,1,9472543
7350106253967654,thread,0,latency_writer,93,5370000000,25220000000,0,140484
7350106253967654,thread,1,account_worker,104,10420000000,17270000000,2,3618398
7350106253967654,thread,1,trader_callback,94,5600000000,25000000000,0,147830
7350106253967654,thread,1,trace_writer,95,4540000000,22870000000,3,4260683
7350106253967654,thread,1,latency_writer,96,4560000000,20760000000,0,7946284
7350106253967654,thread,2,account_worker,105,11290000000,18100000000,1,1758472
7350106253967654,thread,2,trader_callback,97,5720000000,24970000000,0,294
7350106253967654,thread,2,trace_writer,98,4540000000,21350000000,3,5301913
7350106253967654,thread,2,latency_writer,99,4790000000,21810000000,1,4760139
7350106253967654,thread,3,account_worker,106,8690000000,15640000000,1,7449068
7350106253967654,thread,3,trader_callback,100,4200000000,19800000000,0,8115163
7350106253967654,thread,3,trace_writer,101,5480000000,23720000000,3,2293983
7350106253967654,thread,3,latency_writer,102,5620000000,24120000000,0,965012
7350106354519336,process,-1,process,90,101040000000,344860000000,30305,20
7350106354519336,thread,-1,producer,90,20000000,180000000,30305,20
7350106354519336,thread,-1,sampler,107,40000000,100000000,306,3
7350106354519336,thread,0,account_worker,103,10360000000,17860000000,0,3376905
7350106354519336,thread,0,trader_callback,91,5430000000,25340000000,1,83404
7350106354519336,thread,0,trace_writer,92,3970000000,19680000000,1,9472645
7350106354519336,thread,0,latency_writer,93,5390000000,25300000000,0,140488
7350106354519336,thread,1,account_worker,104,10450000000,17330000000,2,3618399
7350106354519336,thread,1,trader_callback,94,5620000000,25080000000,0,147830
7350106354519336,thread,1,trace_writer,95,4550000000,22960000000,3,4260683
7350106354519336,thread,1,latency_writer,96,4590000000,20830000000,0,7946296
7350106354519336,thread,2,account_worker,105,11330000000,18160000000,1,1758476
7350106354519336,thread,2,trader_callback,97,5730000000,25060000000,0,294
7350106354519336,thread,2,trace_writer,98,4550000000,21430000000,3,5301916
7350106354519336,thread,2,latency_writer,99,4800000000,21900000000,1,4760139
7350106354519336,thread,3,account_worker,106,8750000000,15690000000,1,7449069
7350106354519336,thread,3,trader_callback,100,4220000000,19890000000,0,8115163
7350106354519336,thread,3,trace_writer,101,5500000000,23800000000,3,2293984
7350106354519336,thread,3,latency_writer,102,5640000000,24200000000,0,965012
7350106455051331,process,-1,process,90,101380000000,346110000000,30401,21
7350106455051331,thread,-1,producer,90,20000000,180000000,30401,21
7350106455051331,thread,-1,sampler,107,40000000,100000000,307,3
7350106455051331,thread,0,account_worker,103,10400000000,17920000000,0,3376906
7350106455051331,thread,0,trader_callback,91,5440000000,25430000000,1,83404
7350106455051331,thread,0,trace_writer,92,3990000000,19760000000,1,9472743
7350106455051331,thread,0,latency_writer,93,5400000000,25390000000,0,140504
7350106455051331,thread,1,account_worker,104,10490000000,17390000000,2,3618399
7350106455051331,thread,1,trader_callback,94,5650000000,25160000000,0,147830
7350106455051331,thread,1,trace_writer,95,4560000000,23050000000,3,4260683
7350106455051331,thread,1,latency_writer,96,4610000000,20910000000,0,7946314
7350106455051331,thread,2,account_worker,105,11370000000,18220000000,1,1758476
7350106455051331,thread,2,trader_callback,97,5760000000,25130000000,0,294
7350106455051331,thread,2,trace_writer,98,4560000000,21520000000,3,5301924
7350106455051331,thread,2,latency_writer,99,4810000000,21990000000,1,4760140
7350106455051331,thread,3,account_worker,106,8780000000,15750000000,1,7449069
7350106455051331,thread,3,trader_callback,100,4230000000,19980000000,0,8115163
7350106455051331,thread,3,trace_writer,101,5510000000,23890000000,3,2293984
7350106455051331,thread,3,latency_writer,102,5660000000,24280000000,0,965012
7350106555593188,process,-1,process,90,101820000000,347280000000,30499,22
7350106555593188,thread,-1,producer,90,20000000,180000000,30499,22
7350106555593188,thread,-1,sampler,107,40000000,100000000,308,3
7350106555593188,thread,0,account_worker,103,10450000000,17960000000,0,3376908
7350106555593188,thread,0,trader_callback,91,5470000000,25500000000,1,83404
7350106555593188,thread,0,trace_writer,92,4010000000,19830000000,1,9472843
7350106555593188,thread,0,latency_writer,93,5420000000,25460000000,0,140512
7350106555593188,thread,1,account_worker,104,10550000000,17440000000,2,3618399
7350106555593188,thread,1,trader_callback,94,5670000000,25240000000,0,147830
7350106555593188,thread,1,trace_writer,95,4580000000,23130000000,3,4260683
7350106555593188,thread,1,latency_writer,96,4630000000,20990000000,0,7946314
7350106555593188,thread,2,account_worker,105,11400000000,18290000000,1,1758479
7350106555593188,thread,2,trader_callback,97,5780000000,25220000000,0,295
7350106555593188,thread,2,trace_writer,98,4570000000,21610000000,3,5301928
7350106555593188,thread,2,latency_writer,99,4830000000,22060000000,1,4760140
7350106555593188,thread,3,account_worker,106,8810000000,15820000000,1,7449069
7350106555593188,thread,3,trader_callback,100,4260000000,20050000000,0,8115163
7350106555593188,thread,3,trace_writer,101,5530000000,23970000000,3,2293987
7350106555593188,thread,3,latency_writer,102,5690000000,24350000000,0,965013
7350106656131443,process,-1,process,90,102230000000,348470000000,30599,22
7350106656131443,thread,-1,producer,90,20000000,180000000,30599,22
7350106656131443,thread,-1,sampler,107,40000000,100000000,309,3
7350106656131443,thread,0,account_worker,103,10490000000,18030000000,0,3376909
7350106656131443,thread,0,trader_callback,91,5500000000,25570000000,1,83404
7350106656131443,thread,0,trace_writer,92,4030000000,19900000000,1,9472946
7350106656131443,thread,0,latency_writer,93,5430000000,25550000000,0,140516
7350106656131443,thread,1,account_worker,104,10580000000,17500000000,2,3618405
7350106656131443,thread,1,trader_callback,94,5690000000,25320000000,0,147830
7350106656131443,thread,1,trace_writer,95,4600000000,23210000000,3,4260683
7350106656131443,thread,1,latency_writer,96,4650000000,21070000000,0,7946314
7350106656131443,thread,2,account_worker,105,11450000000,18340000000,1,1758479
7350106656131443,thread,2,trader_callback,97,5790000000,25300000000,0,295
7350106656131443,thread,2,trace_writer,98,4580000000,21690000000,3,5301932
7350106656131443,thread,2,latency_writer,99,4840000000,22160000000,1,4760141
7350106656131443,thread,3,account_worker,106,8860000000,15880000000,1,7449069
7350106656131443,thread,3,trader_callback,100,4290000000,20120000000,0,8115163
7350106656131443,thread,3,trace_writer,101,5560000000,24050000000,3,2293990
7350106656131443,thread,3,latency_writer,102,5710000000,24430000000,0,965013
7350106756853958,process,-1,process,90,102550000000,349760000000,30700,22
7350106756853958,thread,-1,producer,90,20000000,180000000,30700,22
7350106756853958,thread,-1,sampler,107,40000000,100000000,310,3
7350106756853958,thread,0,account_worker,103,10550000000,18070000000,0,3376910
7350106756853958,thread,0,trader_callback,91,5520000000,25660000000,1,83404
7350106756853958,thread,0,trace_writer,92,4050000000,19990000000,1,9473046
7350106756853958,thread,0,latency_writer,93,5440000000,25650000000,0,140524
7350106756853958,thread,1,account_worker,104,10620000000,17570000000,2,3618409
7350106756853958,thread,1,trader_callback,94,5700000000,25410000000,0,147830
7350106756853958,thread,1,trace_writer,95,4630000000,23290000000,3,4260683
7350106756853958,thread,1,latency_writer,96,4660000000,21160000000,0,7946314
7350106756853958,thread,2,account_worker,105,11510000000,18390000000,1,1758482
7350106756853958,thread,2,trader_callback,97,5800000000,25390000000,0,295
7350106756853958,thread,2,trace_writer,98,4600000000,21780000000,3,5301937
7350106756853958,thread,2,latency_writer,99,4850000000,22250000000,1,4760141
7350106756853958,thread,3,account_worker,106,8890000000,15950000000,1,7449072
7350106756853958,thread,3,trader_callback,100,4310000000,20200000000,0,8115163
7350106756853958,thread,3,trace_writer,101,5560000000,24140000000,3,2293996
7350106756853958,thread,3,latency_writer,102,5720000000,24520000000,0,965013
7350106857436803,process,-1,process,90,102920000000,350990000000,30800,22
7350106857436803,thread,-1,producer,90,20000000,180000000,30800,22
7350106857436803,thread,-1,sampler,107,40000000,100000000,311,3
7350106857436803,thread,0,account_worker,103,10580000000,18140000000,0,3376913
7350106857436803,thread,0,trader_callback,91,5540000000,25730000000,1,83404
7350106857436803,thread,0,trace_writer,92,4070000000,20070000000,1,9473146
7350106857436803,thread,0,latency_writer,93,5450000000,25730000000,0,140529
7350106857436803,thread,1,account_worker,104,10640000000,17650000000,2,3618413
7350106857436803,thread,1,trader_callback,94,5720000000,25480000000,0,147830
7350106857436803,thread,1,trace_writer,95,4650000000,23360000000,3,4260683
7350106857436803,thread,1,latency_writer,96,4670000000,21250000000,0,7946314
7350106857436803,thread,2,account_worker,105,11540000000,18460000000,1,1758482
7350106857436803,thread,2,trader_callback,97,5830000000,25470000000,0,295
7350106857436803,thread,2,trace_writer,98,4610000000,21870000000,3,5301941
7350106857436803,thread,2,latency_writer,99,4870000000,22330000000,1,4760142
7350106857436803,thread,3,account_worker,106,8950000000,15990000000,1,7449072
7350106857436803,thread,3,trader_callback,100,4330000000,20280000000,0,8115163
7350106857436803,thread,3,trace_writer,101,5570000000,24230000000,3,2293999
7350106857436803,thread,3,latency_writer,102,5740000000,24600000000,0,965013
7350106957961267,process,-1,process,90,103240000000,352260000000,30900,22
7350106957961267,thread,-1,producer,90,20000000,180000000,30900,22
7350106957961267,thread,-1,sampler,107,40000000,100000000,312,3
7350106957961267,thread,0,account_worker,103,10620000000,18190000000,0,3376925
7350106957961267,thread,0,trader_callback,91,5560000000,25820000000,1,83415
7350106957961267,thread,0,trace_writer,92,4090000000,20150000000,1,9473255
7350106957961267,thread,0,latency_writer,93,5460000000,25820000000,0,140535
7350106957961267,thread,1,account_worker,104,10670000000,17720000000,2,3618429
7350106957961267,thread,1,trader_callback,94,5740000000,25570000000,0,147840
7350106957961267,thread,1,trace_writer,95,4670000000,23440000000,3,4260693
7350106957961267,thread,1,latency_writer,96,4690000000,21330000000,0,7946324
7350106957961267,thread,2,account_worker,105,11560000000,18530000000,1,1758495
7350106957961267,thread,2,trader_callback,97,5840000000,25550000000,0,308
7350106957961267,thread,2,trace_writer,98,4610000000,21960000000,3,5301955
7350106957961267,thread,2,latency_writer,99,4900000000,22400000000,1,4760152
7350106957961267,thread,3,account_worker,106,8970000000,16070000000,1,7449088
7350106957961267,thread,3,trader_callback,100,4350000000,20360000000,0,8115173
7350106957961267,thread,3,trace_writer,101,5580000000,24320000000,3,2294009
7350106957961267,thread,3,latency_writer,102,5760000000,24680000000,0,965023
7350107058509123,process,-1,process,90,103610000000,353410000000,31000,22
7350107058509123,thread,-1,producer,90,20000000,180000000,31000,22
7350107058509123,thread,-1,sampler,107,40000000,100000000,313,3
7350107058509123,thread,0,account_worker,103,10660000000,18260000000,0,3376927
7350107058509123,thread,0,trader_callback,91,5580000000,25900000000,1,83415
7350107058509123,thread,0,trace_writer,92,4100000000,20190000000,1,9551614
7350107058509123,thread,0,latency_writer,93,5480000000,25900000000,0,140542
7350107058509123,thread,1,account_worker,104,10710000000,17780000000,2,3618430
7350107058509123,thread,1,trader_callback,94,5760000000,25610000000,0,226234
7350107058509123,thread,1,trace_writer,95,4690000000,23520000000,3,4260694
7350107058509123,thread,1,latency_writer,96,4700000000,21430000000,0,7946325
7350107058509123,thread,2,account_worker,105,11620000000,18580000000,1,1758496
7350107058509123,thread,2,trader_callback,97,5860000000,25630000000,0,309
7350107058509123,thread,2,trace_writer,98,4620000000,22050000000,3,5301960
7350107058509123,thread,2,latency_writer,99,4910000000,22490000000,1,4760152
7350107058509123,thread,3,account_worker,106,9040000000,16100000000,1,7449089
7350107058509123,thread,3,trader_callback,100,4380000000,20430000000,0,8115173
7350107058509123,thread,3,trace_writer,101,5590000000,24410000000,3,2294016
7350107058509123,thread,3,latency_writer,102,5760000000,24780000000,0,965024
7350107159021626,process,-1,process,90,104030000000,354580000000,31098,22
7350107159021626,thread,-1,producer,90,20000000,180000000,31098,22
7350107159021626,thread,-1,sampler,107,40000000,110000000,314,3
7350107159021626,thread,0,account_worker,103,10700000000,18320000000,0,3376929
7350107159021626,thread,0,trader_callback,91,5600000000,25980000000,1,83415
7350107159021626,thread,0,trace_writer,92,4130000000,20250000000,1,9561511
7350107159021626,thread,0,latency_writer,93,5490000000,25980000000,0,140552
7350107159021626,thread,1,account_worker,104,10750000000,17840000000,2,3618433
7350107159021626,thread,1,trader_callback,94,5770000000,25680000000,0,236174
7350107159021626,thread,1,trace_writer,95,4710000000,23610000000,3,4260694
7350107159021626,thread,1,latency_writer,96,4720000000,21500000000,0,7946325
7350107159021626,thread,2,account_worker,105,11670000000,18630000000,1,1758496
7350107159021626,thread,2,trader_callback,97,5880000000,25710000000,0,310
7350107159021626,thread,2,trace_writer,98,4650000000,22110000000,3,5301965
7350107159021626,thread,2,latency_writer,99,4950000000,22550000000,1,4760154
7350107159021626,thread,3,account_worker,106,9060000000,16180000000,1,7449093
7350107159021626,thread,3,trader_callback,100,4400000000,20510000000,0,8115173
7350107159021626,thread,3,trace_writer,101,5610000000,24500000000,3,2294019
7350107159021626,thread,3,latency_writer,102,5780000000,24860000000,0,965024
7350107259545592,process,-1,process,90,104420000000,355790000000,31197,22
7350107259545592,thread,-1,producer,90,20000000,180000000,31197,22
7350107259545592,thread,-1,sampler,107,40000000,110000000,315,3
7350107259545592,thread,0,account_worker,103,10730000000,18390000000,0,3376930
7350107259545592,thread,0,trader_callback,91,5630000000,26050000000,1,83415
7350107259545592,thread,0,trace_writer,92,4150000000,20330000000,1,9561511
7350107259545592,thread,0,latency_writer,93,5490000000,26080000000,0,140557
7350107259545592,thread,1,account_worker,104,10810000000,17890000000,2,3618433
7350107259545592,thread,1,trader_callback,94,5790000000,25760000000,0,236274
7350107259545592,thread,1,trace_writer,95,4720000000,23690000000,3,4260694
7350107259545592,thread,1,latency_writer,96,4740000000,21580000000,0,7946325
7350107259545592,thread,2,account_worker,105,11710000000,18690000000,1,1758497
7350107259545592,thread,2,trader_callback,97,5900000000,25790000000,0,311
7350107259545592,thread,2,trace_writer,98,4680000000,22190000000,3,5301970
7350107259545592,thread,2,latency_writer,99,4960000000,22640000000,1,4760154
7350107259545592,thread,3,account_worker,106,9090000000,16240000000,1,7449096
7350107259545592,thread,3,trader_callback,100,4420000000,20580000000,0,8115173
7350107259545592,thread,3,trace_writer,101,5630000000,24570000000,3,2294025
7350107259545592,thread,3,latency_writer,102,5800000000,24940000000,0,965025
7350107360097333,process,-1,process,90,104750000000,357060000000,31297,22
7350107360097333,thread,-1,producer,90,20000000,180000000,31297,22
7350107360097333,thread,-1,sampler,107,50000000,110000000,316,3
7350107360097333,thread,0,account_worker,103,10750000000,18460000000,0,3376932
7350107360097333,thread,0,trader_callback,91,5640000000,26150000000,1,83415
7350107360097333,thread,0,trace_writer,92,4170000000,20420000000,1,9561511
7350107360097333,thread,0,latency_writer,93,5530000000,26150000000,0,140561
7350107360097333,thread,1,account_worker,104,10840000000,17950000000,2,3618436
7350107360097333,thread,1,trader_callback,94,5810000000,25840000000,0,236375
7350107360097333,thread,1,trace_writer,95,4740000000,23780000000,3,4260695
7350107360097333,thread,1,latency_writer,96,4750000000,21670000000,0,7946325
7350107360097333,thread,2,account_worker,105,11740000000,18760000000,1,1758497
7350107360097333,thread,2,trader_callback,97,5920000000,25880000000,0,311
7350107360097333,thread,2,trace_writer,98,4700000000,22270000000,3,5301974
7350107360097333,thread,2,latency_writer,99,4970000000,22730000000,1,4760154
7350107360097333,thread,3,account_worker,106,9130000000,16310000000,1,7449097
7350107360097333,thread,3,trader_callback,100,4430000000,20680000000,0,8115173
7350107360097333,thread,3,trace_writer,101,5660000000,24650000000,3,2294025
7350107360097333,thread,3,latency_writer,102,5820000000,25020000000,0,965026
7350107460640139,process,-1,process,90,105130000000,358280000000,31398,22
7350107460640139,thread,-1,producer,90,20000000,180000000,31398,22
7350107460640139,thread,-1,sampler,107,50000000,110000000,317,3
7350107460640139,thread,0,account_worker,103,10790000000,18520000000,0,3376937
7350107460640139,thread,0,trader_callback,91,5660000000,26220000000,1,83415
7350107460640139,thread,0,trace_writer,92,4180000000,20500000000,1,9561511
7350107460640139,thread,0,latency_writer,93,5550000000,26220000000,0,140565
7350107460640139,thread,1,account_worker,104,10860000000,18030000000,2,3618441
7350107460640139,thread,1,trader_callback,94,5840000000,25910000000,0,236476
7350107460640139,thread,1,trace_writer,95,4750000000,23860000000,3,4260695
7350107460640139,thread,1,latency_writer,96,4770000000,21760000000,0,7946325
7350107460640139,thread,2,account_worker,105,11770000000,18820000000,1,1758500
7350107460640139,thread,2,trader_callback,97,5940000000,25960000000,0,311
7350107460640139,thread,2,trace_writer,98,4720000000,22350000000,3,5301978
7350107460640139,thread,2,latency_writer,99,4990000000,22810000000,1,4760154
7350107460640139,thread,3,account_worker,106,9180000000,16360000000,1,7449097
7350107460640139,thread,3,trader_callback,100,4450000000,20760000000,0,8115173
7350107460640139,thread,3,trace_writer,101,5670000000,24740000000,3,2294025
7350107460640139,thread,3,latency_writer,102,5850000000,25090000000,0,965026
7350107561301204,process,-1,process,90,105510000000,359510000000,31499,22
7350107561301204,thread,-1,producer,90,20000000,180000000,31499,22
7350107561301204,thread,-1,sampler,107,50000000,110000000,318,3
7350107561301204,thread,0,account_worker,103,10840000000,18570000000,0,3376943
7350107561301204,thread,0,trader_callback,91,5670000000,26310000000,1,83415
7350107561301204,thread,0,trace_writer,92,4210000000,20580000000,1,9561511
7350107561301204,thread,0,latency_writer,93,5570000000,26300000000,0,140571
7350107561301204,thread,1,account_worker,104,10900000000,18090000000,2,3618444
7350107561301204,thread,1,trader_callback,94,5870000000,25980000000,0,236577
7350107561301204,thread,1,trace_writer,95,4790000000,23930000000,3,4260695
7350107561301204,thread,1,latency_writer,96,4790000000,21840000000,0,7946326
7350107561301204,thread,2,account_worker,105,11810000000,18890000000,1,1758503
7350107561301204,thread,2,trader_callback,97,5960000000,26040000000,0,312
7350107561301204,thread,2,trace_writer,98,4720000000,22440000000,3,5301983
7350107561301204,thread,2,latency_writer,99,5010000000,22890000000,1,4760154
7350107561301204,thread,3,account_worker,106,9190000000,16450000000,1,7449098
7350107561301204,thread,3,trader_callback,100,4460000000,20850000000,0,8115174
7350107561301204,thread,3,trace_writer,101,5690000000,24820000000,3,2294025
7350107561301204,thread,3,latency_writer,102,5860000000,25180000000,0,965026
7350107661862675,process,-1,process,90,105870000000,360740000000,31594,23
7350107661862675,thread,-1,producer,90,20000000,180000000,31594,23
7350107661862675,thread,-1,sampler,107,50000000,110000000,319,3
7350107661862675,thread,0,account_worker,103,10890000000,18620000000,0,3376951
7350107661862675,thread,0,trader_callback,91,5700000000,26380000000,1,83415
7350107661862675,thread,0,trace_writer,92,4230000000,20660000000,1,9561513
7350107661862675,thread,0,latency_writer,93,5590000000,26380000000,0,140585
7350107661862675,thread,1,account_worker,104,10920000000,18170000000,2,3618444
7350107661862675,thread,1,trader_callback,94,5870000000,26070000000,0,238568
7350107661862675,thread,1,trace_writer,95,4810000000,24010000000,3,4260695
7350107661862675,thread,1,latency_writer,96,4820000000,21910000000,0,7946327
7350107661862675,thread,2,account_worker,105,11840000000,18960000000,1,1758503
7350107661862675,thread,2,trader_callback,97,5990000000,26110000000,0,313
7350107661862675,thread,2,trace_writer,98,4750000000,22520000000,3,5301993
7350107661862675,thread,2,latency_writer,99,5020000000,22990000000,1,4760154
7350107661862675,thread,3,account_worker,106,9240000000,16500000000,1,7449098
7350107661862675,thread,3,trader_callback,100,4460000000,20950000000,0,8117215
7350107661862675,thread,3,trace_writer,101,5700000000,24900000000,3,2294025
7350107661862675,thread,3,latency_writer,102,5870000000,25270000000,0,965026
7350107762392738,process,-1,process,90,106210000000,361910000000,31691,23
7350107762392738,thread,-1,producer,90,20000000,180000000,31691,23
7350107762392738,thread,-1,sampler,107,50000000,110000000,320,3
7350107762392738,thread,0,account_worker,103,10930000000,18680000000,0,3376952
7350107762392738,thread,0,trader_callback,91,5710000000,26480000000,1,83416
7350107762392738,thread,0,trace_writer,92,4250000000,20740000000,1,9561514
7350107762392738,thread,0,latency_writer,93,5610000000,26450000000,0,140591
7350107762392738,thread,1,account_worker,104,10960000000,18240000000,2,3618447
7350107762392738,thread,1,trader_callback,94,5880000000,26110000000,0,325981
7350107762392738,thread,1,trace_writer,95,4810000000,24110000000,3,4260696
7350107762392738,thread,1,latency_writer,96,4840000000,21990000000,0,7946327
7350107762392738,thread,2,account_worker,105,11890000000,19010000000,1,1758503
7350107762392738,thread,2,trader_callback,97,6000000000,26200000000,0,315
7350107762392738,thread,2,trace_writer,98,4780000000,22580000000,3,5301999
7350107762392738,thread,2,latency_writer,99,5030000000,23070000000,1,4760154
7350107762392738,thread,3,account_worker,106,9270000000,16570000000,1,7449098
7350107762392738,thread,3,trader_callback,100,4470000000,20990000000,0,8204632
7350107762392738,thread,3,trace_writer,101,5730000000,24980000000,3,2294025
7350107762392738,thread,3,latency_writer,102,5890000000,25360000000,0,965027
7350107862934909,process,-1,process,90,106600000000,363030000000,31785,23
7350107862934909,thread,-1,producer,90,20000000,180000000,31785,23
7350107862934909,thread,-1,sampler,107,50000000,110000000,321,3
7350107862934909,thread,0,account_worker,103,10980000000,18730000000,0,3376953
7350107862934909,thread,0,trader_callback,91,5730000000,26560000000,1,83453
7350107862934909,thread,0,trace_writer,92,4270000000,20810000000,1,9561514
7350107862934909,thread,0,latency_writer,93,5630000000,26530000000,0,140595
7350107862934909,thread,1,account_worker,104,10990000000,18310000000,2,3618451
7350107862934909,thread,1,trader_callback,94,5890000000,26150000000,0,412818
7350107862934909,thread,1,trace_writer,95,4830000000,24180000000,3,4260697
7350107862934909,thread,1,latency_writer,96,4860000000,22070000000,0,7946327
7350107862934909,thread,2,account_worker,105,11920000000,19080000000,1,1758504
7350107862934909,thread,2,trader_callback,97,6030000000,26270000000,0,315
7350107862934909,thread,2,trace_writer,98,4800000000,22670000000,3,5302000
7350107862934909,thread,2,latency_writer,99,5050000000,23160000000,1,4760154
7350107862934909,thread,3,account_worker,106,9310000000,16640000000,1,7449098
7350107862934909,thread,3,trader_callback,100,4480000000,21030000000,0,8291465
7350107862934909,thread,3,trace_writer,101,5760000000,25050000000,3,2294025
7350107862934909,thread,3,latency_writer,102,5910000000,25440000000,0,965027
7350107963463460,process,-1,process,90,106940000000,364260000000,31886,23
7350107963463460,thread,-1,producer,90,20000000,180000000,31886,23
7350107963463460,thread,-1,sampler,107,50000000,110000000,322,3
7350107963463460,thread,0,account_worker,103,11020000000,18790000000,0,3376953
7350107963463460,thread,0,trader_callback,91,5750000000,26630000000,1,83454
7350107963463460,thread,0,trace_writer,92,4290000000,20900000000,1,9561514
7350107963463460,thread,0,latency_writer,93,5640000000,26620000000,0,140601
7350107963463460,thread,1,account_worker,104,11030000000,18370000000,2,3618451
7350107963463460,thread,1,trader_callback,94,5900000000,26220000000,0,445957
7350107963463460,thread,1,trace_writer,95,4850000000,24270000000,3,4260697
7350107963463460,thread,1,latency_writer,96,4870000000,22150000000,0,7946327
7350107963463460,thread,2,account_worker,105,11960000000,19140000000,1,1758504
7350107963463460,thread,2,trader_callback,97,6040000000,26360000000,0,315
7350107963463460,thread,2,trace_writer,98,4820000000,22740000000,3,5302005
7350107963463460,thread,2,latency_writer,99,5070000000,23230000000,1,4760154
7350107963463460,thread,3,account_worker,106,9350000000,16690000000,1,7449098
7350107963463460,thread,3,trader_callback,100,4490000000,21110000000,0,8324395
7350107963463460,thread,3,trace_writer,101,5770000000,25140000000,3,2294025
7350107963463460,thread,3,latency_writer,102,5930000000,25520000000,0,965027
7350108064008201,process,-1,process,90,107330000000,365470000000,31986,23
7350108064008201,thread,-1,producer,90,20000000,180000000,31986,23
7350108064008201,thread,-1,sampler,107,50000000,110000000,323,3
7350108064008201,thread,0,account_worker,103,11050000000,18870000000,0,3376955
7350108064008201,thread,0,trader_callback,91,5780000000,26710000000,1,83454
7350108064008201,thread,0,trace_writer,92,4330000000,20960000000,1,9561515
7350108064008201,thread,0,latency_writer,93,5670000000,26700000000,0,140606
7350108064008201,thread,1,account_worker,104,11070000000,18430000000,2,3618455
7350108064008201,thread,1,trader_callback,94,5930000000,26290000000,0,446058
7350108064008201,thread,1,trace_writer,95,4870000000,24350000000,3,4260701
7350108064008201,thread,1,latency_writer,96,4900000000,22230000000,0,7946328
7350108064008201,thread,2,account_worker,105,11970000000,19230000000,1,1758504
7350108064008201,thread,2,trader_callback,97,6050000000,26450000000,0,316
7350108064008201,thread,2,trace_writer,98,4840000000,22820000000,3,5302010
7350108064008201,thread,2,latency_writer,99,5090000000,23320000000,1,4760154
7350108064008201,thread,3,account_worker,106,9390000000,16750000000,1,7449099
7350108064008201,thread,3,trader_callback,100,4520000000,21180000000,0,8324396
7350108064008201,thread,3,trace_writer,101,5780000000,25230000000,3,2294027
7350108064008201,thread,3,latency_writer,102,5940000000,25610000000,0,965028
7350108164542436,process,-1,process,90,107730000000,366670000000,32087,23
7350108164542436,thread,-1,producer,90,20000000,180000000,32087,23
7350108164542436,thread,-1,sampler,107,50000000,110000000,324,3
7350108164542436,thread,0,account_worker,103,11100000000,18910000000,0,3376957
7350108164542436,thread,0,trader_callback,91,5800000000,26790000000,1,83454
7350108164542436,thread,0,trace_writer,92,4340000000,21050000000,1,9561516
7350108164542436,thread,0,latency_writer,93,5700000000,26770000000,0,140615
7350108164542436,thread,1,account_worker,104,11120000000,18480000000,2,3618455
7350108164542436,thread,1,trader_callback,94,5950000000,26370000000,0,446160
7350108164542436,thread,1,trace_writer,95,4890000000,24430000000,3,4260707
7350108164542436,thread,1,latency_writer,96,4920000000,22310000000,0,7946328
7350108164542436,thread,2,account_worker,105,12010000000,19300000000,1,1758508
7350108164542436,thread,2,trader_callback,97,6070000000,26530000000,0,316
7350108164542436,thread,2,trace_writer,98,4860000000,22900000000,3,5302014
7350108164542436,thread,2,latency_writer,99,5100000000,23410000000,1,4760155
7350108164542436,thread,3,account_worker,106,9450000000,16800000000,1,7449101
7350108164542436,thread,3,trader_callback,100,4530000000,21260000000,0,8324396
7350108164542436,thread,3,trace_writer,101,5800000000,25310000000,3,2294027
7350108164542436,thread,3,latency_writer,102,5950000000,25700000000,0,965028
7350108265079647,process,-1,process,90,108110000000,367900000000,32187,23
7350108265079647,thread,-1,producer,90,20000000,180000000,32187,23
7350108265079647,thread,-1,sampler,107,50000000,110000000,325,3
7350108265079647,thread,0,account_worker,103,11140000000,18970000000,0,3376957
7350108265079647,thread,0,trader_callback,91,5810000000,26870000000,1,83454
7350108265079647,thread,0,trace_writer,92,4350000000,21140000000,1,9561516
7350108265079647,thread,0,latency_writer,93,5720000000,26840000000,0,140621
7350108265079647,thread,1,account_worker,104,11160000000,18540000000,2,3618458
7350108265079647,thread,1,trader_callback,94,5970000000,26450000000,0,446262
7350108265079647,thread,1,trace_writer,95,4900000000,24520000000,3,4260710
7350108265079647,thread,1,latency_writer,96,4950000000,22380000000,0,7946329
7350108265079647,thread,2,account_worker,105,12040000000,19360000000,1,1758511
7350108265079647,thread,2,trader_callback,97,6080000000,26620000000,0,316
7350108265079647,thread,2,trace_writer,98,4880000000,22980000000,3,5302018
7350108265079647,thread,2,latency_writer,99,5120000000,23490000000,1,4760155
7350108265079647,thread,3,account_worker,106,9500000000,16850000000,1,7449101
7350108265079647,thread,3,trader_callback,100,4550000000,21350000000,0,8324396
7350108265079647,thread,3,trace_writer,101,5820000000,25390000000,3,2294027
7350108265079647,thread,3,latency_writer,102,5960000000,25780000000,0,965028
7350108365677276,process,-1,process,90,108510000000,369110000000,32288,23
7350108365677276,thread,-1,producer,90,20000000,180000000,32288,23
7350108365677276,thread,-1,sampler,107,50000000,110000000,326,3
7350108365677276,thread,0,account_worker,103,11170000000,19050000000,0,3376957
7350108365677276,thread,0,trader_callback,91,5830000000,26950000000,1,83454
7350108365677276,thread,0,trace_writer,92,4370000000,21220000000,1,9561516
7350108365677276,thread,0,latency_writer,93,5740000000,26920000000,0,140627
7350108365677276,thread,1,account_worker,104,11200000000,18600000000,2,3618458
7350108365677276,thread,1,trader_callback,94,6010000000,26510000000,0,446364
7350108365677276,thread,1,trace_writer,95,4930000000,24590000000,3,4260710
7350108365677276,thread,1,latency_writer,96,4960000000,22470000000,0,7946329
7350108365677276,thread,2,account_worker,105,12080000000,19420000000,1,1758511
7350108365677276,thread,2,trader_callback,97,6100000000,26700000000,0,316
7350108365677276,thread,2,trace_writer,98,4890000000,23070000000,3,5302023
7350108365677276,thread,2,latency_writer,99,5130000000,23570000000,1,4760155
7350108365677276,thread,3,account_worker,106,9540000000,16910000000,1,7449101
7350108365677276,thread,3,trader_callback,100,4570000000,21430000000,0,8324396
7350108365677276,thread,3,trace_writer,101,5840000000,25470000000,3,2294027
7350108365677276,thread,3,latency_writer,102,5980000000,25870000000,0,965028
7350108466259166,process,-1,process,90,108930000000,370300000000,32388,23
7350108466259166,thread,-1,producer,90,20000000,180000000,32389,23
7350108466259166,thread,-1,sampler,107,50000000,110000000,327,3
7350108466259166,thread,0,account_worker,103,11230000000,19080000000,0,3376958
7350108466259166,thread,0,trader_callback,91,5860000000,27030000000,1,83454
7350108466259166,thread,0,trace_writer,92,4380000000,21310000000,1,9561516
7350108466259166,thread,0,latency_writer,93,5760000000,27000000000,0,140635
7350108466259166,thread,1,account_worker,104,11230000000,18670000000,2,3618467
7350108466259166,thread,1,trader_callback,94,6040000000,26580000000,0,446468
7350108466259166,thread,1,trace_writer,95,4950000000,24670000000,3,4260711
7350108466259166,thread,1,latency_writer,96,4980000000,22550000000,0,7946329
7350108466259166,thread,2,account_worker,105,12120000000,19480000000,1,1758511
7350108466259166,thread,2,trader_callback,97,6130000000,26770000000,0,316
7350108466259166,thread,2,trace_writer,98,4900000000,23150000000,3,5302026
7350108466259166,thread,2,latency_writer,99,5140000000,23670000000,1,4760156
7350108466259166,thread,3,account_worker,106,9570000000,16970000000,1,7449102
7350108466259166,thread,3,trader_callback,100,4600000000,21500000000,0,8324396
7350108466259166,thread,3,trace_writer,101,5870000000,25540000000,3,2294030
7350108466259166,thread,3,latency_writer,102,6000000000,25950000000,0,965028
7350108566771702,process,-1,process,90,109280000000,371560000000,32489,23
7350108566771702,thread,-1,producer,90,20000000,180000000,32489,23
7350108566771702,thread,-1,sampler,107,50000000,110000000,328,3
7350108566771702,thread,0,account_worker,103,11270000000,19150000000,0,3376973
7350108566771702,thread,0,trader_callback,91,5870000000,27120000000,1,83454
7350108566771702,thread,0,trace_writer,92,4400000000,21390000000,1,9561516
7350108566771702,thread,0,latency_writer,93,5780000000,27090000000,0,140639
7350108566771702,thread,1,account_worker,104,11280000000,18720000000,2,3618471
7350108566771702,thread,1,trader_callback,94,6060000000,26660000000,0,446569
7350108566771702,thread,1,trace_writer,95,4970000000,24760000000,3,4260714
7350108566771702,thread,1,latency_writer,96,5000000000,22630000000,0,7946329
7350108566771702,thread,2,account_worker,105,12150000000,19550000000,1,1758514
7350108566771702,thread,2,trader_callback,97,6150000000,26850000000,0,317
7350108566771702,thread,2,trace_writer,98,4920000000,23240000000,3,5302030
7350108566771702,thread,2,latency_writer,99,5150000000,23750000000,1,4760157
7350108566771702,thread,3,account_worker,106,9610000000,17030000000,1,7449102
7350108566771702,thread,3,trader_callback,100,4610000000,21590000000,0,8324396
7350108566771702,thread,3,trace_writer,101,5880000000,25630000000,3,2294033
7350108566771702,thread,3,latency_writer,102,6010000000,26040000000,0,965029
7350108667269109,process,-1,process,90,109640000000,372800000000,32589,23
7350108667269109,thread,-1,producer,90,20000000,180000000,32590,23
7350108667269109,thread,-1,sampler,107,50000000,110000000,329,3
7350108667269109,thread,0,account_worker,103,11300000000,19210000000,0,3376977
7350108667269109,thread,0,trader_callback,91,5890000000,27200000000,1,83454
7350108667269109,thread,0,trace_writer,92,4420000000,21470000000,1,9561516
7350108667269109,thread,0,latency_writer,93,5800000000,27160000000,0,140641
7350108667269109,thread,1,account_worker,104,11300000000,18800000000,2,3618480
7350108667269109,thread,1,trader_callback,94,6070000000,26750000000,0,446672
7350108667269109,thread,1,trace_writer,95,5000000000,24830000000,3,4260714
7350108667269109,thread,1,latency_writer,96,5020000000,22710000000,0,7946329
7350108667269109,thread,2,account_worker,105,12200000000,19600000000,1,1758514
7350108667269109,thread,2,trader_callback,97,6160000000,26940000000,0,318
7350108667269109,thread,2,trace_writer,98,4940000000,23320000000,3,5302034
7350108667269109,thread,2,latency_writer,99,5180000000,23830000000,1,4760157
7350108667269109,thread,3,account_worker,106,9640000000,17110000000,1,7449102
7350108667269109,thread,3,trader_callback,100,4620000000,21680000000,0,8324396
7350108667269109,thread,3,trace_writer,101,5900000000,25710000000,3,2294036
7350108667269109,thread,3,latency_writer,102,6020000000,26130000000,0,965029
7350108767809345,process,-1,process,90,109970000000,374070000000,32687,24
7350108767809345,thread,-1,producer,90,20000000,180000000,32687,24
7350108767809345,thread,-1,sampler,107,50000000,110000000,330,3
7350108767809345,thread,0,account_worker,103,11340000000,19270000000,0,3376977
7350108767809345,thread,0,trader_callback,91,5900000000,27290000000,1,83454
7350108767809345,thread,0,trace_writer,92,4440000000,21550000000,1,9561516
7350108767809345,thread,0,latency_writer,93,5820000000,27240000000,0,140652
7350108767809345,thread,1,account_worker,104,11330000000,18870000000,2,3618483
7350108767809345,thread,1,trader_callback,94,6080000000,26830000000,0,446770
7350108767809345,thread,1,trace_writer,95,5010000000,24910000000,3,4260717
7350108767809345,thread,1,latency_writer,96,5030000000,22800000000,0,7946329
7350108767809345,thread,2,account_worker,105,12240000000,19660000000,1,1758517
7350108767809345,thread,2,trader_callback,97,6180000000,27030000000,0,318
7350108767809345,thread,2,trace_writer,98,4960000000,23400000000,3,5302039
7350108767809345,thread,2,latency_writer,99,5190000000,23920000000,1,4760157
7350108767809345,thread,3,account_worker,106,9670000000,17170000000,1,7449102
7350108767809345,thread,3,trader_callback,100,4650000000,21750000000,0,8324396
7350108767809345,thread,3,trace_writer,101,5930000000,25790000000,3,2294039
7350108767809345,thread,3,latency_writer,102,6020000000,26230000000,0,965029
7350108868404101,process,-1,process,90,110390000000,375260000000,32788,24
7350108868404101,thread,-1,producer,90,20000000,180000000,32788,24
7350108868404101,thread,-1,sampler,107,50000000,110000000,331,3
7350108868404101,thread,0,account_worker,103,11390000000,19320000000,0,3376980
7350108868404101,thread,0,trader_callback,91,5920000000,27370000000,1,83454
7350108868404101,thread,0,trace_writer,92,4460000000,21630000000,1,9561516
7350108868404101,thread,0,latency_writer,93,5840000000,27330000000,0,140659
7350108868404101,thread,1,account_worker,104,11350000000,18950000000,2,3618489
7350108868404101,thread,1,trader_callback,94,6100000000,26910000000,0,446874
7350108868404101,thread,1,trace_writer,95,5040000000,24980000000,3,4260717
7350108868404101,thread,1,latency_writer,96,5050000000,22880000000,0,7946329
7350108868404101,thread,2,account_worker,105,12270000000,19730000000,1,1758520
7350108868404101,thread,2,trader_callback,97,6200000000,27100000000,0,319
7350108868404101,thread,2,trace_writer,98,4980000000,23480000000,3,5302044
7350108868404101,thread,2,latency_writer,99,5200000000,24000000000,1,4760158
7350108868404101,thread,3,account_worker,106,9730000000,17220000000,1,7449102
7350108868404101,thread,3,trader_callback,100,4680000000,21810000000,0,8324396
7350108868404101,thread,3,trace_writer,101,5940000000,25870000000,3,2294045
7350108868404101,thread,3,latency_writer,102,6040000000,26310000000,0,965029
7350108969476146,process,-1,process,90,110840000000,376420000000,32889,24
7350108969476146,thread,-1,producer,90,20000000,180000000,32889,24
7350108969476146,thread,-1,sampler,107,50000000,110000000,332,3
7350108969476146,thread,0,account_worker,103,11430000000,19380000000,0,3376981
7350108969476146,thread,0,trader_callback,91,5920000000,27470000000,1,83455
7350108969476146,thread,0,trace_writer,92,4480000000,21710000000,1,9561516
7350108969476146,thread,0,latency_writer,93,5870000000,27390000000,0,140667
7350108969476146,thread,1,account_worker,104,11380000000,19020000000,2,3618501
7350108969476146,thread,1,trader_callback,94,6120000000,27000000000,0,446975
7350108969476146,thread,1,trace_writer,95,5060000000,25070000000,3,4260717
7350108969476146,thread,1,latency_writer,96,5080000000,22960000000,0,7946329
7350108969476146,thread,2,account_worker,105,12330000000,19770000000,1,1758520
7350108969476146,thread,2,trader_callback,97,6240000000,27170000000,0,320
7350108969476146,thread,2,trace_writer,98,5000000000,23550000000,3,5302047
7350108969476146,thread,2,latency_writer,99,5220000000,24090000000,1,4760158
7350108969476146,thread,3,account_worker,106,9780000000,17270000000,1,7449102
7350108969476146,thread,3,trader_callback,100,4720000000,21880000000,0,8324396
7350108969476146,thread,3,trace_writer,101,5980000000,25940000000,3,2294048
7350108969476146,thread,3,latency_writer,102,6060000000,26390000000,0,965029
7350109069996140,process,-1,process,90,111250000000,377600000000,32989,24
7350109069996140,thread,-1,producer,90,20000000,180000000,32989,24
7350109069996140,thread,-1,sampler,107,50000000,110000000,333,3
7350109069996140,thread,0,account_worker,103,11470000000,19440000000,0,3376983
7350109069996140,thread,0,trader_callback,91,5940000000,27550000000,1,83455
7350109069996140,thread,0,trace_writer,92,4490000000,21800000000,1,9561517
7350109069996140,thread,0,latency_writer,93,5880000000,27480000000,0,140671
7350109069996140,thread,1,account_worker,104,11430000000,19070000000,2,3618505
7350109069996140,thread,1,trader_callback,94,6160000000,27060000000,0,447076
7350109069996140,thread,1,trace_writer,95,5090000000,25140000000,3,4260721
7350109069996140,thread,1,latency_writer,96,5100000000,23040000000,0,7946330
7350109069996140,thread,2,account_worker,105,12390000000,19810000000,1,1758524
7350109069996140,thread,2,trader_callback,97,6260000000,27250000000,0,320
7350109069996140,thread,2,trace_writer,98,5000000000,23640000000,3,5302052
7350109069996140,thread,2,latency_writer,99,5240000000,24170000000,1,4760158
7350109069996140,thread,3,account_worker,106,9810000000,17330000000,1,7449102
7350109069996140,thread,3,trader_callback,100,4730000000,21970000000,0,8324396
7350109069996140,thread,3,trace_writer,101,6000000000,26020000000,3,2294049
7350109069996140,thread,3,latency_writer,102,6080000000,26480000000,0,965029
7350109170532230,process,-1,process,90,111580000000,378880000000,33090,24
7350109170532230,thread,-1,producer,90,20000000,180000000,33090,24
7350109170532230,thread,-1,sampler,107,50000000,110000000,334,3
7350109170532230,thread,0,account_worker,103,11500000000,19510000000,0,3376984
7350109170532230,thread,0,trader_callback,91,5960000000,27640000000,1,83455
7350109170532230,thread,0,trace_writer,92,4510000000,21890000000,1,9561517
7350109170532230,thread,0,latency_writer,93,5890000000,27570000000,0,140683
7350109170532230,thread,1,account_worker,104,11450000000,19150000000,2,3618514
7350109170532230,thread,1,trader_callback,94,6180000000,27140000000,0,447179
7350109170532230,thread,1,trace_writer,95,5130000000,25200000000,3,4260721
7350109170532230,thread,1,latency_writer,96,5110000000,23120000000,0,7946330
7350109170532230,thread,2,account_worker,105,12410000000,19890000000,1,1758527
7350109170532230,thread,2,trader_callback,97,6280000000,27330000000,0,323
7350109170532230,thread,2,trace_writer,98,5020000000,23720000000,3,5302056
7350109170532230,thread,2,latency_writer,99,5260000000,24250000000,1,4760159
7350109170532230,thread,3,account_worker,106,9870000000,17380000000,1,7449109
7350109170532230,thread,3,trader_callback,100,4750000000,22050000000,0,8324396
7350109170532230,thread,3,trace_writer,101,6000000000,26110000000,3,2294052
7350109170532230,thread,3,latency_writer,102,6080000000,26580000000,0,965030
7350109271051198,process,-1,process,90,111930000000,380140000000,33190,24
7350109271051198,thread,-1,producer,90,20000000,180000000,33190,24
7350109271051198,thread,-1,sampler,107,50000000,110000000,335,3
7350109271051198,thread,0,account_worker,103,11540000000,19580000000,0,3376984
7350109271051198,thread,0,trader_callback,91,5990000000,27700000000,1,83455
7350109271051198,thread,0,trace_writer,92,4530000000,21960000000,1,9561517
7350109271051198,thread,0,latency_writer,93,5920000000,27640000000,0,140688
7350109271051198,thread,1,account_worker,104,11490000000,19220000000,2,3618515
7350109271051198,thread,1,trader_callback,94,6180000000,27230000000,0,447280
7350109271051198,thread,1,trace_writer,95,5130000000,25290000000,3,4260721
7350109271051198,thread,1,latency_writer,96,5130000000,23210000000,0,7946330
7350109271051198,thread,2,account_worker,105,12440000000,19960000000,1,1758527
7350109271051198,thread,2,trader_callback,97,6300000000,27410000000,0,323
7350109271051198,thread,2,trace_writer,98,5040000000,23800000000,3,5302060
7350109271051198,thread,2,latency_writer,99,5280000000,24330000000,1,4760159
7350109271051198,thread,3,account_worker,106,9910000000,17440000000,1,7449109
7350109271051198,thread,3,trader_callback,100,4760000000,22140000000,0,8324396
7350109271051198,thread,3,trace_writer,101,6020000000,26200000000,3,2294055
7350109271051198,thread,3,latency_writer,102,6100000000,26660000000,0,965030
7350109371611172,process,-1,process,90,112310000000,381360000000,33291,24
7350109371611172,thread,-1,producer,90,20000000,190000000,33291,24
7350109371611172,thread,-1,sampler,107,50000000,110000000,336,3
7350109371611172,thread,0,account_worker,103,11570000000,19640000000,0,3376985
7350109371611172,thread,0,trader_callback,91,6010000000,27780000000,1,83455
7350109371611172,thread,0,trace_writer,92,4550000000,22050000000,1,9561517
7350109371611172,thread,0,latency_writer,93,5950000000,27700000000,0,140692
7350109371611172,thread,1,account_worker,104,11520000000,19290000000,2,3618533
7350109371611172,thread,1,trader_callback,94,6180000000,27330000000,0,447382
7350109371611172,thread,1,trace_writer,95,5150000000,25370000000,3,4260727
7350109371611172,thread,1,latency_writer,96,5150000000,23290000000,0,7946330
7350109371611172,thread,2,account_worker,105,12500000000,20010000000,1,1758530
7350109371611172,thread,2,trader_callback,97,6320000000,27480000000,0,323
7350109371611172,thread,2,trace_writer,98,5040000000,23900000000,3,5302062
7350109371611172,thread,2,latency_writer,99,5290000000,24420000000,1,4760159
7350109371611172,thread,3,account_worker,106,9940000000,17510000000,1,7449113
7350109371611172,thread,3,trader_callback,100,4780000000,22220000000,0,8324396
7350109371611172,thread,3,trace_writer,101,6040000000,26280000000,3,2294055
7350109371611172,thread,3,latency_writer,102,6120000000,26740000000,0,965030
7350109472148322,process,-1,process,90,112720000000,382560000000,33391,24
7350109472148322,thread,-1,producer,90,20000000,190000000,33391,24
7350109472148322,thread,-1,sampler,107,50000000,110000000,337,3
7350109472148322,thread,0,account_worker,103,11620000000,19690000000,0,3376986
7350109472148322,thread,0,trader_callback,91,6040000000,27850000000,1,83455
7350109472148322,thread,0,trace_writer,92,4570000000,22120000000,1,9561517
7350109472148322,thread,0,latency_writer,93,5970000000,27790000000,0,140697
7350109472148322,thread,1,account_worker,104,11580000000,19330000000,2,3618537
7350109472148322,thread,1,trader_callback,94,6200000000,27420000000,0,447483
7350109472148322,thread,1,trace_writer,95,5180000000,25450000000,3,4260727
7350109472148322,thread,1,latency_writer,96,5170000000,23370000000,0,7946330
7350109472148322,thread,2,account_worker,105,12540000000,20070000000,1,1758530
7350109472148322,thread,2,trader_callback,97,6350000000,27560000000,0,324
7350109472148322,thread,2,trace_writer,98,5060000000,23980000000,3,5302065
7350109472148322,thread,2,latency_writer,99,5300000000,24510000000,1,4760159
7350109472148322,thread,3,account_worker,106,9970000000,17580000000,1,7449113
7350109472148322,thread,3,trader_callback,100,4800000000,22300000000,0,8324396
7350109472148322,thread,3,trace_writer,101,6050000000,26370000000,3,2294055
7350109472148322,thread,3,latency_writer,102,6130000000,26820000000,0,965030
7350109572702356,process,-1,process,90,113100000000,383760000000,33484,24
7350109572702356,thread,-1,producer,90,20000000,190000000,33484,24
7350109572702356,thread,-1,sampler,107,50000000,110000000,338,3
7350109572702356,thread,0,account_worker,103,11680000000,19740000000,0,3376986
7350109572702356,thread,0,trader_callback,91,6060000000,27940000000,1,83455
7350109572702356,thread,0,trace_writer,92,4600000000,22200000000,1,9561517
7350109572702356,thread,0,latency_writer,93,5990000000,27860000000,0,140701
7350109572702356,thread,1,account_worker,104,11620000000,19390000000,2,3618550
7350109572702356,thread,1,trader_callback,94,6200000000,27500000000,0,459010
7350109572702356,thread,1,trace_writer,95,5210000000,25520000000,3,4260730
7350109572702356,thread,1,latency_writer,96,5180000000,23460000000,0,7946331
7350109572702356,thread,2,account_worker,105,12590000000,20120000000,1,1758530
7350109572702356,thread,2,trader_callback,97,6380000000,27630000000,0,324
7350109572702356,thread,2,trace_writer,98,5090000000,24050000000,3,5302068
7350109572702356,thread,2,latency_writer,99,5320000000,24590000000,1,4760159
7350109572702356,thread,3,account_worker,106,10000000000,17650000000,1,7449117
7350109572702356,thread,3,trader_callback,100,4810000000,22390000000,0,8335982
7350109572702356,thread,3,trace_writer,101,6060000000,26450000000,3,2294058
7350109572702356,thread,3,latency_writer,102,6140000000,26910000000,0,965030
7350109676160589,process,-1,process,90,113520000000,384890000000,33586,24
7350109676160589,thread,-1,producer,90,20000000,190000000,33586,24
7350109676160589,thread,-1,sampler,107,50000000,110000000,339,3
7350109676160589,thread,0,account_worker,103,11740000000,19780000000,0,3376989
7350109676160589,thread,0,trader_callback,91,6080000000,28010000000,1,83455
7350109676160589,thread,0,trace_writer,92,4620000000,22280000000,1,9561517
7350109676160589,thread,0,latency_writer,93,6010000000,27950000000,0,140705
7350109676160589,thread,1,account_worker,104,11650000000,19460000000,2,3618559
7350109676160589,thread,1,trader_callback,94,6210000000,27550000000,0,547665
7350109676160589,thread,1,trace_writer,95,5230000000,25600000000,3,4260733
7350109676160589,thread,1,latency_writer,96,5210000000,23540000000,0,7946331
7350109676160589,thread,2,account_worker,105,12630000000,20180000000,1,1758533
7350109676160589,thread,2,trader_callback,97,6400000000,27710000000,0,326
7350109676160589,thread,2,trace_writer,98,5110000000,24130000000,3,5302145
7350109676160589,thread,2,latency_writer,99,5350000000,24670000000,1,4760159
7350109676160589,thread,3,account_worker,106,10050000000,17710000000,1,7449117
7350109676160589,thread,3,trader_callback,100,4820000000,22430000000,0,8424702
7350109676160589,thread,3,trace_writer,101,6100000000,26530000000,3,2294058
7350109676160589,thread,3,latency_writer,102,6160000000,27000000000,0,965030
7350109776851466,process,-1,process,90,113840000000,386080000000,33687,24
7350109776851466,thread,-1,producer,90,20000000,190000000,33687,24
7350109776851466,thread,-1,sampler,107,50000000,110000000,340,3
7350109776851466,thread,0,account_worker,103,11780000000,19840000000,0,3376989
7350109776851466,thread,0,trader_callback,91,6090000000,28110000000,1,83456
7350109776851466,thread,0,trace_writer,92,4620000000,22380000000,1,9561517
7350109776851466,thread,0,latency_writer,93,6030000000,28030000000,0,140710
7350109776851466,thread,1,account_worker,104,11690000000,19520000000,2,3618573
7350109776851466,thread,1,trader_callback,94,6220000000,27590000000,0,635713
7350109776851466,thread,1,trace_writer,95,5250000000,25680000000,3,4260741
7350109776851466,thread,1,latency_writer,96,5230000000,23610000000,0,7946332
7350109776851466,thread,2,account_worker,105,12650000000,20260000000,1,1758536
7350109776851466,thread,2,trader_callback,97,6410000000,27800000000,0,327
7350109776851466,thread,2,trace_writer,98,5130000000,24210000000,3,5302246
7350109776851466,thread,2,latency_writer,99,5360000000,24760000000,1,4760159
7350109776851466,thread,3,account_worker,106,10090000000,17770000000,1,7449123
7350109776851466,thread,3,trader_callback,100,4830000000,22470000000,0,8512711
7350109776851466,thread,3,trace_writer,101,6120000000,26600000000,3,2294058
7350109776851466,thread,3,latency_writer,102,6170000000,27090000000,0,965031
7350109877469321,process,-1,process,90,114150000000,387280000000,33788,24
7350109877469321,thread,-1,producer,90,20000000,190000000,33788,24
7350109877469321,thread,-1,sampler,107,50000000,110000000,341,3
7350109877469321,thread,0,account_worker,103,11800000000,19920000000,0,3376990
7350109877469321,thread,0,trader_callback,91,6120000000,28180000000,1,83456
7350109877469321,thread,0,trace_writer,92,4630000000,22470000000,1,9561517
7350109877469321,thread,0,latency_writer,93,6040000000,28110000000,0,140716
7350109877469321,thread,1,account_worker,104,11720000000,19580000000,2,3618586
7350109877469321,thread,1,trader_callback,94,6230000000,27630000000,0,722700
7350109877469321,thread,1,trace_writer,95,5270000000,25770000000,3,4260741
7350109877469321,thread,1,latency_writer,96,5260000000,23680000000,0,7946332
7350109877469321,thread,2,account_worker,105,12680000000,20330000000,1,1758538
7350109877469321,thread,2,trader_callback,97,6420000000,27890000000,0,327
7350109877469321,thread,2,trace_writer,98,5140000000,24300000000,3,5302348
7350109877469321,thread,2,latency_writer,99,5370000000,24850000000,1,4760159
7350109877469321,thread,3,account_worker,106,10120000000,17830000000,1,7449126
7350109877469321,thread,3,trader_callback,100,4830000000,22510000000,0,8599752
7350109877469321,thread,3,trace_writer,101,6140000000,26690000000,3,2294061
7350109877469321,thread,3,latency_writer,102,6200000000,27160000000,0,965031
7350109978691912,process,-1,process,90,114470000000,388470000000,33889,24
7350109978691912,thread,-1,producer,90,20000000,190000000,33889,24
7350109978691912,thread,-1,sampler,107,50000000,110000000,342,3
7350109978691912,thread,0,account_worker,103,11840000000,19980000000,0,3376996
7350109978691912,thread,0,trader_callback,91,6120000000,28280000000,1,83456
7350109978691912,thread,0,trace_writer,92,4650000000,22560000000,1,9561517
7350109978691912,thread,0,latency_writer,93,6080000000,28180000000,0,140730
7350109978691912,thread,1,account_worker,104,11770000000,19650000000,2,3618589
7350109978691912,thread,1,trader_callback,94,6240000000,27670000000,0,810388
7350109978691912,thread,1,trace_writer,95,5290000000,25840000000,3,4260744
7350109978691912,thread,1,latency_writer,96,5280000000,23770000000,0,7946332
7350109978691912,thread,2,account_worker,105,12720000000,20390000000,1,1758538
7350109978691912,thread,2,trader_callback,97,6430000000,27980000000,0,327
7350109978691912,thread,2,trace_writer,98,5160000000,24380000000,3,5302452
7350109978691912,thread,2,latency_writer,99,5390000000,24930000000,1,4760159
7350109978691912,thread,3,account_worker,106,10150000000,17900000000,1,7449126
7350109978691912,thread,3,trader_callback,100,4830000000,22570000000,0,8687293
7350109978691912,thread,3,trace_writer,101,6140000000,26790000000,3,2294062
7350109978691912,thread,3,latency_writer,102,6220000000,27240000000,0,965031
7350110079214702,process,-1,process,90,114830000000,389620000000,33987,24
7350110079214702,thread,-1,producer,90,20000000,190000000,33987,24
7350110079214702,thread,-1,sampler,107,50000000,110000000,343,3
7350110079214702,thread,0,account_worker,103,11860000000,20060000000,0,3377003
7350110079214702,thread,0,trader_callback,91,6150000000,28350000000,1,83456
7350110079214702,thread,0,trace_writer,92,4660000000,22650000000,1,9561518
7350110079214702,thread,0,latency_writer,93,6090000000,28260000000,0,140734
7350110079214702,thread,1,account_worker,104,11820000000,19690000000,2,3618590
7350110079214702,thread,1,trader_callback,94,6250000000,27700000000,0,897815
7350110079214702,thread,1,trace_writer,95,5290000000,25940000000,3,4260745
7350110079214702,thread,1,latency_writer,96,5300000000,23840000000,0,7946333
7350110079214702,thread,2,account_worker,105,12770000000,20450000000,1,1758539
7350110079214702,thread,2,trader_callback,97,6460000000,28060000000,0,328
7350110079214702,thread,2,trace_writer,98,5180000000,24460000000,3,5302501
7350110079214702,thread,2,latency_writer,99,5410000000,25010000000,1,4760159
7350110079214702,thread,3,account_worker,106,10190000000,17970000000,1,7449127
7350110079214702,thread,3,trader_callback,100,4840000000,22600000000,0,8774844
7350110079214702,thread,3,trace_writer,101,6160000000,26870000000,3,2294068
7350110079214702,thread,3,latency_writer,102,6220000000,27340000000,0,965032
7350110179873725,process,-1,process,90,115180000000,390780000000,34088,24
7350110179873725,thread,-1,producer,90,20000000,190000000,34088,24
7350110179873725,thread,-1,sampler,107,50000000,110000000,344,3
7350110179873725,thread,0,account_worker,103,11900000000,20120000000,0,3377004
7350110179873725,thread,0,trader_callback,91,6170000000,28430000000,1,83456
7350110179873725,thread,0,trace_writer,92,4690000000,22720000000,1,9561519
7350110179873725,thread,0,latency_writer,93,6110000000,28350000000,0,140742
7350110179873725,thread,1,account_worker,104,11860000000,19750000000,2,3618593
7350110179873725,thread,1,trader_callback,94,6260000000,27740000000,0,987067
7350110179873725,thread,1,trace_writer,95,5300000000,26040000000,3,4260745
7350110179873725,thread,1,latency_writer,96,5330000000,23920000000,0,7946333
7350110179873725,thread,2,account_worker,105,12810000000,20500000000,1,1758539
7350110179873725,thread,2,trader_callback,97,6480000000,28130000000,0,328
7350110179873725,thread,2,trace_writer,98,5190000000,24550000000,3,5302503
7350110179873725,thread,2,latency_writer,99,5430000000,25090000000,1,4760160
7350110179873725,thread,3,account_worker,106,10220000000,18040000000,1,7449129
7350110179873725,thread,3,trader_callback,100,4860000000,22640000000,0,8864023
7350110179873725,thread,3,trace_writer,101,6180000000,26950000000,3,2294071
7350110179873725,thread,3,latency_writer,102,6230000000,27430000000,0,965032
7350110280310793,process,-1,process,90,115520000000,391950000000,34189,24
7350110280310793,thread,-1,producer,90,20000000,190000000,34189,24
7350110280310793,thread,-1,sampler,107,50000000,110000000,345,3
7350110280310793,thread,0,account_worker,103,11930000000,20190000000,0,3377004
7350110280310793,thread,0,trader_callback,91,6180000000,28530000000,1,83456
7350110280310793,thread,0,trace_writer,92,4720000000,22790000000,1,9561519
7350110280310793,thread,0,latency_writer,93,6120000000,28430000000,0,140746
7350110280310793,thread,1,account_worker,104,11900000000,19810000000,2,3618594
7350110280310793,thread,1,trader_callback,94,6280000000,27780000000,0,1074396
7350110280310793,thread,1,trace_writer,95,5320000000,26120000000,3,4260748
7350110280310793,thread,1,latency_writer,96,5340000000,24010000000,0,7946334
7350110280310793,thread,2,account_worker,105,12860000000,20550000000,1,1758539
7350110280310793,thread,2,trader_callback,97,6490000000,28220000000,0,328
7350110280310793,thread,2,trace_writer,98,5200000000,24640000000,3,5302509
7350110280310793,thread,2,latency_writer,99,5450000000,25170000000,1,4760160
7350110280310793,thread,3,account_worker,106,10250000000,18110000000,1,7449132
7350110280310793,thread,3,trader_callback,100,4870000000,22680000000,0,8951289
7350110280310793,thread,3,trace_writer,101,6180000000,27040000000,3,2294074
7350110280310793,thread,3,latency_writer,102,6240000000,27520000000,0,965032
7350110380785166,process,-1,process,90,115850000000,393120000000,34289,24
7350110380785166,thread,-1,producer,90,20000000,190000000,34289,24
7350110380785166,thread,-1,sampler,107,50000000,110000000,346,3
7350110380785166,thread,0,account_worker,103,11970000000,20250000000,0,3377007
7350110380785166,thread,0,trader_callback,91,6180000000,28620000000,1,83456
7350110380785166,thread,0,trace_writer,92,4730000000,22870000000,1,9561519
7350110380785166,thread,0,latency_writer,93,6140000000,28510000000,0,140751
7350110380785166,thread,1,account_worker,104,11960000000,19850000000,2,3618597
7350110380785166,thread,1,trader_callback,94,6280000000,27830000000,0,1161880
7350110380785166,thread,1,trace_writer,95,5330000000,26200000000,3,4260751
7350110380785166,thread,1,latency_writer,96,5340000000,24100000000,0,7946337
7350110380785166,thread,2,account_worker,105,12900000000,20620000000,1,1758539
7350110380785166,thread,2,trader_callback,97,6500000000,28320000000,0,328
7350110380785166,thread,2,trace_writer,98,5220000000,24720000000,3,5302512
7350110380785166,thread,2,latency_writer,99,5470000000,25250000000,1,4760160
7350110380785166,thread,3,account_worker,106,10300000000,18160000000,1,7449133
7350110380785166,thread,3,trader_callback,100,4880000000,22720000000,0,9038849
7350110380785166,thread,3,trace_writer,101,6200000000,27130000000,3,2294074
7350110380785166,thread,3,latency_writer,102,6260000000,27600000000,0,965032
7350110481292632,process,-1,process,90,116210000000,394270000000,34390,24
7350110481292632,thread,-1,producer,90,20000000,190000000,34390,24
7350110481292632,thread,-1,sampler,107,50000000,110000000,347,3
7350110481292632,thread,0,account_worker,103,12010000000,20310000000,0,3377007
7350110481292632,thread,0,trader_callback,91,6200000000,28700000000,1,83456
7350110481292632,thread,0,trace_writer,92,4750000000,22960000000,1,9561519
7350110481292632,thread,0,latency_writer,93,6160000000,28600000000,0,140757
7350110481292632,thread,1,account_worker,104,12010000000,19900000000,2,3618597
7350110481292632,thread,1,trader_callback,94,6300000000,27860000000,0,1247114
7350110481292632,thread,1,trace_writer,95,5350000000,26290000000,3,4260751
7350110481292632,thread,1,latency_writer,96,5360000000,24190000000,0,7946337
7350110481292632,thread,2,account_worker,105,12950000000,20670000000,1,1758539
7350110481292632,thread,2,trader_callback,97,6530000000,28390000000,0,328
7350110481292632,thread,2,trace_writer,98,5240000000,24810000000,3,5302516
7350110481292632,thread,2,latency_writer,99,5480000000,25340000000,1,4760161
7350110481292632,thread,3,account_worker,106,10340000000,18220000000,1,7449133
7350110481292632,thread,3,trader_callback,100,4890000000,22760000000,0,9124080
7350110481292632,thread,3,trace_writer,101,6220000000,27210000000,3,2294074
7350110481292632,thread,3,latency_writer,102,6270000000,27690000000,0,965032
7350110581798872,process,-1,process,90,116550000000,395430000000,34485,24
7350110581798872,thread,-1,producer,90,20000000,190000000,34485,24
7350110581798872,thread,-1,sampler,107,50000000,110000000,348,3
7350110581798872,thread,0,account_worker,103,12050000000,20370000000,0,3377019
7350110581798872,thread,0,trader_callback,91,6220000000,28790000000,1,83456
7350110581798872,thread,0,trace_writer,92,4770000000,23030000000,1,9561519
7350110581798872,thread,0,latency_writer,93,6180000000,28680000000,0,140760
7350110581798872,thread,1,account_worker,104,12040000000,19970000000,2,3618600
7350110581798872,thread,1,trader_callback,94,6320000000,27890000000,0,1334441
7350110581798872,thread,1,trace_writer,95,5360000000,26380000000,3,4260751
7350110581798872,thread,1,latency_writer,96,5380000000,24260000000,0,7946340
7350110581798872,thread,2,account_worker,105,12990000000,20730000000,1,1758539
7350110581798872,thread,2,trader_callback,97,6550000000,28470000000,0,329
7350110581798872,thread,2,trace_writer,98,5240000000,24900000000,3,5302518
7350110581798872,thread,2,latency_writer,99,5500000000,25430000000,1,4760162
7350110581798872,thread,3,account_worker,106,10360000000,18290000000,1,7449136
7350110581798872,thread,3,trader_callback,100,4900000000,22800000000,0,9211399
7350110581798872,thread,3,trace_writer,101,6240000000,27290000000,3,2294077
7350110581798872,thread,3,latency_writer,102,6280000000,27780000000,0,965033
7350110682273407,process,-1,process,90,116910000000,396640000000,34584,24
7350110682273407,thread,-1,producer,90,20000000,190000000,34585,24
7350110682273407,thread,-1,sampler,107,50000000,110000000,349,3
7350110682273407,thread,0,account_worker,103,12090000000,20430000000,0,3377022
7350110682273407,thread,0,trader_callback,91,6240000000,28860000000,1,83456
7350110682273407,thread,0,trace_writer,92,4800000000,23110000000,1,9561519
7350110682273407,thread,0,latency_writer,93,6200000000,28760000000,0,140763
7350110682273407,thread,1,account_worker,104,12090000000,20020000000,2,3618600
7350110682273407,thread,1,trader_callback,94,6340000000,27950000000,0,1363732
7350110682273407,thread,1,trace_writer,95,5370000000,26470000000,3,4260754
7350110682273407,thread,1,latency_writer,96,5400000000,24350000000,0,7946343
7350110682273407,thread,2,account_worker,105,13030000000,20790000000,1,1758539
7350110682273407,thread,2,trader_callback,97,6570000000,28550000000,0,329
7350110682273407,thread,2,trace_writer,98,5250000000,24990000000,3,5302522
7350110682273407,thread,2,latency_writer,99,5500000000,25520000000,1,4760162
7350110682273407,thread,3,account_worker,106,10400000000,18360000000,1,7449139
7350110682273407,thread,3,trader_callback,100,4910000000,22870000000,0,9240633
7350110682273407,thread,3,trace_writer,101,6250000000,27380000000,3,2294077
7350110682273407,thread,3,latency_writer,102,6300000000,27860000000,0,965033
7350110782803166,process,-1,process,90,117300000000,397850000000,34685,24
7350110782803166,thread,-1,producer,90,20000000,190000000,34685,24
7350110782803166,thread,-1,sampler,107,50000000,110000000,350,3
7350110782803166,thread,0,account_worker,103,12130000000,20490000000,0,3377026
7350110782803166,thread,0,trader_callback,91,6270000000,28940000000,1,83456
7350110782803166,thread,0,trace_writer,92,4820000000,23190000000,1,9561519
7350110782803166,thread,0,latency_writer,93,6220000000,28830000000,0,140768
7350110782803166,thread,1,account_worker,104,12110000000,20100000000,2,3618600
7350110782803166,thread,1,trader_callback,94,6360000000,28030000000,0,1363732
7350110782803166,thread,1,trace_writer,95,5380000000,26560000000,3,4260754
7350110782803166,thread,1,latency_writer,96,5420000000,24430000000,0,7946343
7350110782803166,thread,2,account_worker,105,13070000000,20850000000,1,1758539
7350110782803166,thread,2,trader_callback,97,6580000000,28630000000,0,329
7350110782803166,thread,2,trace_writer,98,5260000000,25080000000,3,5302526
7350110782803166,thread,2,latency_writer,99,5530000000,25590000000,1,4760162
7350110782803166,thread,3,account_worker,106,10440000000,18420000000,1,7449139
7350110782803166,thread,3,trader_callback,100,4940000000,22950000000,0,9240734
7350110782803166,thread,3,trace_writer,101,6270000000,27460000000,3,2294083
7350110782803166,thread,3,latency_writer,102,6320000000,27950000000,0,965033
7350110883538445,process,-1,process,90,117640000000,399110000000,34786,24
7350110883538445,thread,-1,producer,90,20000000,190000000,34786,24
7350110883538445,thread,-1,sampler,107,60000000,110000000,351,3
7350110883538445,thread,0,account_worker,103,12180000000,20540000000,0,3377031
7350110883538445,thread,0,trader_callback,91,6280000000,29020000000,1,83457
7350110883538445,thread,0,trace_writer,92,4830000000,23280000000,1,9561519
7350110883538445,thread,0,latency_writer,93,6240000000,28910000000,0,140773
7350110883538445,thread,1,account_worker,104,12140000000,20180000000,2,3618600
7350110883538445,thread,1,trader_callback,94,6380000000,28120000000,0,1363732
7350110883538445,thread,1,trace_writer,95,5390000000,26650000000,3,4260754
7350110883538445,thread,1,latency_writer,96,5420000000,24530000000,0,7946343
7350110883538445,thread,2,account_worker,105,13130000000,20890000000,1,1758539
7350110883538445,thread,2,trader_callback,97,6610000000,28710000000,0,330
7350110883538445,thread,2,trace_writer,98,5280000000,25150000000,3,5302534
7350110883538445,thread,2,latency_writer,99,5550000000,25680000000,1,4760163
7350110883538445,thread,3,account_worker,106,10480000000,18480000000,1,7449142
7350110883538445,thread,3,trader_callback,100,4950000000,23030000000,0,9240834
7350110883538445,thread,3,trace_writer,101,6290000000,27540000000,3,2294089
7350110883538445,thread,3,latency_writer,102,6330000000,28040000000,0,965033
7350110984100907,process,-1,process,90,118020000000,400340000000,34886,24
7350110984100907,thread,-1,producer,90,20000000,190000000,34886,24
7350110984100907,thread,-1,sampler,107,60000000,110000000,352,3
7350110984100907,thread,0,account_worker,103,12210000000,20600000000,0,3377032
7350110984100907,thread,0,trader_callback,91,6300000000,29110000000,1,83457
7350110984100907,thread,0,trace_writer,92,4850000000,23360000000,1,9561519
7350110984100907,thread,0,latency_writer,93,6250000000,29000000000,0,140778
7350110984100907,thread,1,account_worker,104,12180000000,20240000000,2,3618603
7350110984100907,thread,1,trader_callback,94,6400000000,28190000000,0,1363732
7350110984100907,thread,1,trace_writer,95,5410000000,26730000000,3,4260757
7350110984100907,thread,1,latency_writer,96,5440000000,24610000000,0,7946343
7350110984100907,thread,2,account_worker,105,13170000000,20950000000,1,1758539
7350110984100907,thread,2,trader_callback,97,6630000000,28790000000,0,332
7350110984100907,thread,2,trace_writer,98,5290000000,25240000000,3,5302536
7350110984100907,thread,2,latency_writer,99,5570000000,25760000000,1,4760163
7350110984100907,thread,3,account_worker,106,10520000000,18540000000,1,7449142
7350110984100907,thread,3,trader_callback,100,4980000000,23110000000,0,9240935
7350110984100907,thread,3,trace_writer,101,6310000000,27620000000,3,2294090
7350110984100907,thread,3,latency_writer,102,6350000000,28120000000,0,965033
7350111084649579,process,-1,process,90,118350000000,401570000000,34981,25
7350111084649579,thread,-1,producer,90,20000000,190000000,34981,25
7350111084649579,thread,-1,sampler,107,60000000,110000000,353,3
7350111084649579,thread,0,account_worker,103,12240000000,20650000000,0,3406437
7350111084649579,thread,0,trader_callback,91,6310000000,29200000000,1,83457
7350111084649579,thread,0,trace_writer,92,4860000000,23450000000,1,9561520
7350111084649579,thread,0,latency_writer,93,6280000000,29070000000,0,140790
7350111084649579,thread,1,account_worker,104,12210000000,20310000000,2,3618604
7350111084649579,thread,1,trader_callback,94,6420000000,28280000000,0,1363732
7350111084649579,thread,1,trace_writer,95,5430000000,26810000000,3,4260758
7350111084649579,thread,1,latency_writer,96,5460000000,24670000000,0,7975852
7350111084649579,thread,2,account_worker,105,13210000000,21020000000,1,1758540
7350111084649579,thread,2,trader_callback,97,6660000000,28860000000,0,332
7350111084649579,thread,2,trace_writer,98,5300000000,25330000000,3,5302538
7350111084649579,thread,2,latency_writer,99,5580000000,25840000000,1,4760163
7350111084649579,thread,3,account_worker,106,10550000000,18610000000,1,7449143
7350111084649579,thread,3,trader_callback,100,4980000000,23200000000,0,9241031
7350111084649579,thread,3,trace_writer,101,6350000000,27680000000,3,2294090
7350111084649579,thread,3,latency_writer,102,6350000000,28210000000,0,965034
7350111185186119,process,-1,process,90,118670000000,402740000000,35078,26
7350111185186119,thread,-1,producer,90,20000000,190000000,35078,26
7350111185186119,thread,-1,sampler,107,60000000,120000000,354,3
7350111185186119,thread,0,account_worker,103,12250000000,20690000000,0,3473201
7350111185186119,thread,0,trader_callback,91,6330000000,29280000000,1,83457
7350111185186119,thread,0,trace_writer,92,4870000000,23540000000,1,9561520
7350111185186119,thread,0,latency_writer,93,6290000000,29160000000,0,140804
7350111185186119,thread,1,account_worker,104,12250000000,20370000000,2,3618607
7350111185186119,thread,1,trader_callback,94,6420000000,28370000000,0,1363732
7350111185186119,thread,1,trace_writer,95,5440000000,26900000000,3,4260758
7350111185186119,thread,1,latency_writer,96,5460000000,24720000000,0,8042615
7350111185186119,thread,2,account_worker,105,13230000000,21090000000,1,1758540
7350111185186119,thread,2,trader_callback,97,6670000000,28950000000,0,334
7350111185186119,thread,2,trace_writer,98,5350000000,25380000000,3,5302541
7350111185186119,thread,2,latency_writer,99,5610000000,25920000000,1,4760165
7350111185186119,thread,3,account_worker,106,10590000000,18670000000,1,7449144
7350111185186119,thread,3,trader_callback,100,5000000000,23270000000,0,9241131
7350111185186119,thread,3,trace_writer,101,6380000000,27750000000,3,2294093
7350111185186119,thread,3,latency_writer,102,6360000000,28310000000,0,965034
7350111285755076,process,-1,process,90,119040000000,403940000000,35175,26
7350111285755076,thread,-1,producer,90,20000000,190000000,35175,26
7350111285755076,thread,-1,sampler,107,60000000,120000000,355,3
7350111285755076,thread,0,account_worker,103,12280000000,20760000000,0,3485561
7350111285755076,thread,0,trader_callback,91,6340000000,29370000000,1,83457
7350111285755076,thread,0,trace_writer,92,4910000000,23610000000,1,9561522
7350111285755076,thread,0,latency_writer,93,6310000000,29230000000,0,140807
7350111285755076,thread,1,account_worker,104,12290000000,20420000000,2,3618610
7350111285755076,thread,1,trader_callback,94,6430000000,28470000000,0,1363732
7350111285755076,thread,1,trace_writer,95,5460000000,26980000000,3,4260761
7350111285755076,thread,1,latency_writer,96,5480000000,24790000000,0,8054872
7350111285755076,thread,2,account_worker,105,13260000000,21160000000,1,1758541
7350111285755076,thread,2,trader_callback,97,6690000000,29030000000,0,334
7350111285755076,thread,2,trace_writer,98,5370000000,25450000000,3,5324701
7350111285755076,thread,2,latency_writer,99,5620000000,26010000000,1,4760165
7350111285755076,thread,3,account_worker,106,10640000000,18720000000,1,7449144
7350111285755076,thread,3,trader_callback,100,5030000000,23340000000,0,9241202
7350111285755076,thread,3,trace_writer,101,6390000000,27840000000,3,2294096
7350111285755076,thread,3,latency_writer,102,6370000000,28390000000,0,987255
7350111386301529,process,-1,process,90,119380000000,405100000000,35275,26
7350111386301529,thread,-1,producer,90,20000000,190000000,35276,26
7350111386301529,thread,-1,sampler,107,60000000,120000000,356,3
7350111386301529,thread,0,account_worker,103,12300000000,20840000000,0,3485564
7350111386301529,thread,0,trader_callback,91,6360000000,29450000000,1,83457
7350111386301529,thread,0,trace_writer,92,4920000000,23690000000,1,9561527
7350111386301529,thread,0,latency_writer,93,6340000000,29300000000,0,140819
7350111386301529,thread,1,account_worker,104,12340000000,20480000000,2,3618615
7350111386301529,thread,1,trader_callback,94,6440000000,28560000000,0,1363732
7350111386301529,thread,1,trace_writer,95,5470000000,27070000000,3,4260761
7350111386301529,thread,1,latency_writer,96,5500000000,24870000000,0,8054872
7350111386301529,thread,2,account_worker,105,13290000000,21230000000,1,1758541
7350111386301529,thread,2,trader_callback,97,6700000000,29120000000,0,334
7350111386301529,thread,2,trace_writer,98,5370000000,25500000000,3,5409322
7350111386301529,thread,2,latency_writer,99,5620000000,26110000000,1,4760165
7350111386301529,thread,3,account_worker,106,10700000000,18760000000,1,7449144
7350111386301529,thread,3,trader_callback,100,5050000000,23420000000,0,9241203
7350111386301529,thread,3,trace_writer,101,6410000000,27920000000,3,2294099
7350111386301529,thread,3,latency_writer,102,6380000000,28430000000,0,1071874
7350111486836195,process,-1,process,90,119690000000,406290000000,35371,26
7350111486836195,thread,-1,producer,90,20000000,190000000,35371,26
7350111486836195,thread,-1,sampler,107,60000000,120000000,357,3
7350111486836195,thread,0,account_worker,103,12340000000,20900000000,0,3485567
7350111486836195,thread,0,trader_callback,91,6370000000,29540000000,1,83457
7350111486836195,thread,0,trace_writer,92,4950000000,23760000000,1,9561530
7350111486836195,thread,0,latency_writer,93,6360000000,29390000000,0,140819
7350111486836195,thread,1,account_worker,104,12370000000,20550000000,2,3618619
7350111486836195,thread,1,trader_callback,94,6440000000,28650000000,0,1363743
7350111486836195,thread,1,trace_writer,95,5490000000,27160000000,3,4262857
7350111486836195,thread,1,latency_writer,96,5510000000,24960000000,0,8054872
7350111486836195,thread,2,account_worker,105,13320000000,21300000000,1,1758541
7350111486836195,thread,2,trader_callback,97,6720000000,29200000000,0,335
7350111486836195,thread,2,trace_writer,98,5380000000,25530000000,3,5484754
7350111486836195,thread,2,latency_writer,99,5640000000,26180000000,1,4760165
7350111486836195,thread,3,account_worker,106,10740000000,18830000000,1,7449147
7350111486836195,thread,3,trader_callback,100,5060000000,23510000000,0,9241217
7350111486836195,thread,3,trace_writer,101,6430000000,28000000000,3,2294102
7350111486836195,thread,3,latency_writer,102,6380000000,28470000000,0,1149500
7350111587402343,process,-1,process,90,120030000000,407460000000,35467,27
7350111587402343,thread,-1,producer,90,20000000,190000000,35467,27
7350111587402343,thread,-1,sampler,107,60000000,120000000,358,3
7350111587402343,thread,0,account_worker,103,12370000000,20970000000,0,3485568
7350111587402343,thread,0,trader_callback,91,6390000000,29620000000,1,83457
7350111587402343,thread,0,trace_writer,92,4960000000,23850000000,1,9561534
7350111587402343,thread,0,latency_writer,93,6360000000,29480000000,0,140819
7350111587402343,thread,1,account_worker,104,12430000000,20590000000,2,3618619
7350111587402343,thread,1,trader_callback,94,6450000000,28740000000,0,1363744
7350111587402343,thread,1,trace_writer,95,5490000000,27210000000,3,4348995
7350111587402343,thread,1,latency_writer,96,5530000000,25030000000,0,8054872
7350111587402343,thread,2,account_worker,105,13380000000,21340000000,1,1758541
7350111587402343,thread,2,trader_callback,97,6740000000,29290000000,0,335
7350111587402343,thread,2,trace_writer,98,5390000000,25620000000,3,5484769
7350111587402343,thread,2,latency_writer,99,5660000000,26270000000,1,4760165
7350111587402343,thread,3,account_worker,106,10780000000,18890000000,1,7449154
7350111587402343,thread,3,trader_callback,100,5080000000,23590000000,0,9241217
7350111587402343,thread,3,trace_writer,101,6440000000,28090000000,3,2294102
7350111587402343,thread,3,latency_writer,102,6400000000,28510000000,0,1235601
7350111687959717,process,-1,process,90,120410000000,408580000000,35567,27
7350111687959717,thread,-1,producer,90,20000000,190000000,35567,27
7350111687959717,thread,-1,sampler,107,60000000,120000000,359,3
7350111687959717,thread,0,account_worker,103,12420000000,21020000000,0,3485573
7350111687959717,thread,0,trader_callback,91,6400000000,29710000000,1,83457
7350111687959717,thread,0,trace_writer,92,4970000000,23920000000,1,9561537
7350111687959717,thread,0,latency_writer,93,6380000000,29570000000,0,140819
7350111687959717,thread,1,account_worker,104,12460000000,20660000000,2,3618619
7350111687959717,thread,1,trader_callback,94,6480000000,28820000000,0,1363744
7350111687959717,thread,1,trace_writer,95,5490000000,27250000000,3,4430345
7350111687959717,thread,1,latency_writer,96,5560000000,25110000000,0,8054872
7350111687959717,thread,2,account_worker,105,13420000000,21400000000,1,1758541
7350111687959717,thread,2,trader_callback,97,6770000000,29350000000,0,337
7350111687959717,thread,2,trace_writer,98,5420000000,25700000000,3,5484772
7350111687959717,thread,2,latency_writer,99,5670000000,26360000000,1,4760165
7350111687959717,thread,3,account_worker,106,10810000000,18950000000,1,7449160
7350111687959717,thread,3,trader_callback,100,5110000000,23660000000,0,9241218
7350111687959717,thread,3,trace_writer,101,6460000000,28170000000,3,2294102
7350111687959717,thread,3,latency_writer,102,6410000000,28550000000,0,1316978
7350111788500249,process,-1,process,90,120720000000,409770000000,35668,28
7350111788500249,thread,-1,producer,90,20000000,190000000,35668,28
7350111788500249,thread,-1,sampler,107,60000000,120000000,360,3
7350111788500249,thread,0,account_worker,103,12450000000,21090000000,0,3485579
7350111788500249,thread,0,trader_callback,91,6420000000,29790000000,1,83458
7350111788500249,thread,0,trace_writer,92,4990000000,24010000000,1,9561539
7350111788500249,thread,0,latency_writer,93,6390000000,29660000000,0,140820
7350111788500249,thread,1,account_worker,104,12490000000,20730000000,2,3618625
7350111788500249,thread,1,trader_callback,94,6500000000,28900000000,0,1363745
7350111788500249,thread,1,trace_writer,95,5500000000,27290000000,3,4515155
7350111788500249,thread,1,latency_writer,96,5570000000,25200000000,0,8054873
7350111788500249,thread,2,account_worker,105,13470000000,21450000000,1,1758544
7350111788500249,thread,2,trader_callback,97,6780000000,29440000000,0,337
7350111788500249,thread,2,trace_writer,98,5420000000,25790000000,3,5484775
7350111788500249,thread,2,latency_writer,99,5690000000,26440000000,1,4760165
7350111788500249,thread,3,account_worker,106,10860000000,19000000000,1,7449163
7350111788500249,thread,3,trader_callback,100,5120000000,23750000000,0,9241220
7350111788500249,thread,3,trace_writer,101,6470000000,28270000000,3,2294105
7350111788500249,thread,3,latency_writer,102,6410000000,28590000000,0,1401791
7350111889022497,process,-1,process,90,121170000000,410820000000,35762,28
7350111889022497,thread,-1,producer,90,20000000,200000000,35762,28
7350111889022497,thread,-1,sampler,107,60000000,120000000,361,3
7350111889022497,thread,0,account_worker,103,12500000000,21140000000,0,3485592
7350111889022497,thread,0,trader_callback,91,6440000000,29870000000,1,83469
7350111889022497,thread,0,trace_writer,92,5010000000,24080000000,1,9561552
7350111889022497,thread,0,latency_writer,93,6420000000,29730000000,0,140831
7350111889022497,thread,1,account_worker,104,12530000000,20790000000,2,3618643
7350111889022497,thread,1,trader_callback,94,6520000000,28980000000,0,1363756
7350111889022497,thread,1,trace_writer,95,5510000000,27330000000,3,4599690
7350111889022497,thread,1,latency_writer,96,5590000000,25280000000,0,8054884
7350111889022497,thread,2,account_worker,105,13510000000,21520000000,1,1758556
7350111889022497,thread,2,trader_callback,97,6810000000,29510000000,0,349
7350111889022497,thread,2,trace_writer,98,5450000000,25860000000,3,5484787
7350111889022497,thread,2,latency_writer,99,5720000000,26510000000,1,4760176
7350111889022497,thread,3,account_worker,106,10910000000,19050000000,1,7449178
7350111889022497,thread,3,trader_callback,100,5140000000,23820000000,0,9241233
7350111889022497,thread,3,trace_writer,101,6490000000,28340000000,3,2294116
7350111889022497,thread,3,latency_writer,102,6430000000,28630000000,0,1486335
7350111989543685,process,-1,process,90,121500000000,411990000000,35863,28
7350111989543685,thread,-1,producer,90,20000000,200000000,35863,28
7350111989543685,thread,-1,sampler,107,60000000,120000000,362,3
7350111989543685,thread,0,account_worker,103,12540000000,21200000000,0,3485594
7350111989543685,thread,0,trader_callback,91,6460000000,29950000000,1,83471
7350111989543685,thread,0,trace_writer,92,5050000000,24140000000,1,9561607
7350111989543685,thread,0,latency_writer,93,6450000000,29800000000,0,140832
7350111989543685,thread,1,account_worker,104,12560000000,20860000000,2,3618648
7350111989543685,thread,1,trader_callback,94,6530000000,29070000000,0,1363758
7350111989543685,thread,1,trace_writer,95,5520000000,27370000000,3,4684147
7350111989543685,thread,1,latency_writer,96,5610000000,25360000000,0,8054885
7350111989543685,thread,2,account_worker,105,13530000000,21600000000,1,1758560
7350111989543685,thread,2,trader_callback,97,6830000000,29590000000,0,350
7350111989543685,thread,2,trace_writer,98,5460000000,25950000000,3,5484789
7350111989543685,thread,2,latency_writer,99,5720000000,26610000000,1,4760177
7350111989543685,thread,3,account_worker,106,10960000000,19110000000,1,7449179
7350111989543685,thread,3,trader_callback,100,5150000000,23910000000,0,9241234
7350111989543685,thread,3,trace_writer,101,6510000000,28430000000,3,2294121
7350111989543685,thread,3,latency_writer,102,6430000000,28670000000,0,1570795
7350112090974801,process,-1,process,90,121860000000,413150000000,35964,28
7350112090974801,thread,-1,producer,90,20000000,200000000,35964,28
7350112090974801,thread,-1,sampler,107,60000000,120000000,363,3
7350112090974801,thread,0,account_worker,103,12580000000,21260000000,0,3485595
7350112090974801,thread,0,trader_callback,91,6480000000,30030000000,1,83471
7350112090974801,thread,0,trace_writer,92,5070000000,24220000000,1,9561715
7350112090974801,thread,0,latency_writer,93,6470000000,29880000000,0,140833
7350112090974801,thread,1,account_worker,104,12600000000,20920000000,2,3618652
7350112090974801,thread,1,trader_callback,94,6560000000,29140000000,0,1363758
7350112090974801,thread,1,trace_writer,95,5530000000,27410000000,3,4769616
7350112090974801,thread,1,latency_writer,96,5630000000,25440000000,0,8054887
7350112090974801,thread,2,account_worker,105,13570000000,21660000000,1,1758561
7350112090974801,thread,2,trader_callback,97,6860000000,29660000000,0,351
7350112090974801,thread,2,trace_writer,98,5470000000,26050000000,3,5484792
7350112090974801,thread,2,latency_writer,99,5740000000,26690000000,1,4760178
7350112090974801,thread,3,account_worker,106,10990000000,19180000000,1,7449181
7350112090974801,thread,3,trader_callback,100,5160000000,24000000000,0,9241235
7350112090974801,thread,3,trace_writer,101,6520000000,28520000000,3,2294122
7350112090974801,thread,3,latency_writer,102,6440000000,28720000000,0,1656258
7350112191500057,process,-1,process,90,122220000000,414290000000,36062,28
7350112191500057,thread,-1,producer,90,20000000,200000000,36062,28
7350112191500057,thread,-1,sampler,107,60000000,120000000,364,3
7350112191500057,thread,0,account_worker,103,12610000000,21340000000,0,3485595
7350112191500057,thread,0,trader_callback,91,6500000000,30110000000,1,83471
7350112191500057,thread,0,trace_writer,92,5100000000,24290000000,1,9561816
7350112191500057,thread,0,latency_writer,93,6500000000,29950000000,0,140833
7350112191500057,thread,1,account_worker,104,12630000000,20990000000,2,3618658
7350112191500057,thread,1,trader_callback,94,6570000000,29230000000,0,1363758
7350112191500057,thread,1,trace_writer,95,5540000000,27460000000,3,4854949
7350112191500057,thread,1,latency_writer,96,5650000000,25520000000,0,8054887
7350112191500057,thread,2,account_worker,105,13630000000,21700000000,1,1758564
7350112191500057,thread,2,trader_callback,97,6890000000,29740000000,0,352
7350112191500057,thread,2,trace_writer,98,5470000000,26140000000,3,5484797
7350112191500057,thread,2,latency_writer,99,5770000000,26760000000,1,4760178
7350112191500057,thread,3,account_worker,106,11020000000,19240000000,1,7449185
7350112191500057,thread,3,trader_callback,100,5180000000,24080000000,0,9241241
7350112191500057,thread,3,trace_writer,101,6530000000,28610000000,3,2294122
7350112191500057,thread,3,latency_writer,102,6440000000,28760000000,0,1741589
7350112292015863,process,-1,process,90,122560000000,415450000000,36162,28
7350112292015863,thread,-1,producer,90,20000000,200000000,36162,28
7350112292015863,thread,-1,sampler,107,60000000,120000000,365,3
7350112292015863,thread,0,account_worker,103,12630000000,21410000000,0,3485596
7350112292015863,thread,0,trader_callback,91,6510000000,30210000000,1,83471
7350112292015863,thread,0,trace_writer,92,5110000000,24370000000,1,9561819
7350112292015863,thread,0,latency_writer,93,6520000000,30030000000,0,140833
7350112292015863,thread,1,account_worker,104,12680000000,21050000000,2,3618664
7350112292015863,thread,1,trader_callback,94,6600000000,29300000000,0,1363758
7350112292015863,thread,1,trace_writer,95,5560000000,27490000000,3,4934159
7350112292015863,thread,1,latency_writer,96,5670000000,25600000000,0,8054887
7350112292015863,thread,2,account_worker,105,13660000000,21770000000,1,1758564
7350112292015863,thread,2,trader_callback,97,6900000000,29820000000,0,352
7350112292015863,thread,2,trace_writer,98,5490000000,26220000000,3,5484803
7350112292015863,thread,2,latency_writer,99,5780000000,26850000000,1,4760178
7350112292015863,thread,3,account_worker,106,11060000000,19310000000,1,7449185
7350112292015863,thread,3,trader_callback,100,5220000000,24140000000,0,9241252
7350112292015863,thread,3,trace_writer,101,6540000000,28700000000,3,2294125
7350112292015863,thread,3,latency_writer,102,6460000000,28790000000,0,1820782
7350112392537394,process,-1,process,90,122910000000,416600000000,36258,28
7350112392537394,thread,-1,producer,90,20000000,200000000,36258,28
7350112392537394,thread,-1,sampler,107,60000000,120000000,366,3
7350112392537394,thread,0,account_worker,103,12670000000,21480000000,0,3485596
7350112392537394,thread,0,trader_callback,91,6520000000,30290000000,1,83471
7350112392537394,thread,0,trace_writer,92,5120000000,24470000000,1,9561822
7350112392537394,thread,0,latency_writer,93,6530000000,30120000000,0,140833
7350112392537394,thread,1,account_worker,104,12720000000,21110000000,2,3618667
7350112392537394,thread,1,trader_callback,94,6610000000,29390000000,0,1363758
7350112392537394,thread,1,trace_writer,95,5570000000,27530000000,3,5021536
7350112392537394,thread,1,latency_writer,96,5690000000,25680000000,0,8054887
7350112392537394,thread,2,account_worker,105,13710000000,21820000000,1,1758567
7350112392537394,thread,2,trader_callback,97,6930000000,29890000000,0,352
7350112392537394,thread,2,trace_writer,98,5500000000,26300000000,3,5484804
7350112392537394,thread,2,latency_writer,99,5800000000,26930000000,1,4760178
7350112392537394,thread,3,account_worker,106,11100000000,19370000000,1,7449186
7350112392537394,thread,3,trader_callback,100,5230000000,24220000000,0,9241259
7350112392537394,thread,3,trace_writer,101,6550000000,28790000000,3,2294128
7350112392537394,thread,3,latency_writer,102,6480000000,28830000000,0,1908180
7350112493041497,process,-1,process,90,123180000000,417840000000,36358,28
7350112493041497,thread,-1,producer,90,20000000,200000000,36358,28
7350112493041497,thread,-1,sampler,107,60000000,120000000,367,3
7350112493041497,thread,0,account_worker,103,12690000000,21550000000,0,3485599
7350112493041497,thread,0,trader_callback,91,6540000000,30370000000,1,83471
7350112493041497,thread,0,trace_writer,92,5140000000,24550000000,1,9561825
7350112493041497,thread,0,latency_writer,93,6530000000,30220000000,0,140833
7350112493041497,thread,1,account_worker,104,12740000000,21190000000,2,3618670
7350112493041497,thread,1,trader_callback,94,6620000000,29490000000,0,1363758
7350112493041497,thread,1,trace_writer,95,5570000000,27570000000,3,5104186
7350112493041497,thread,1,latency_writer,96,5710000000,25770000000,0,8054887
7350112493041497,thread,2,account_worker,105,13740000000,21890000000,1,1758567
7350112493041497,thread,2,trader_callback,97,6940000000,29980000000,0,352
7350112493041497,thread,2,trace_writer,98,5520000000,26380000000,3,5484889
7350112493041497,thread,2,latency_writer,99,5820000000,27010000000,1,4760179
7350112493041497,thread,3,account_worker,106,11140000000,19430000000,1,7449189
7350112493041497,thread,3,trader_callback,100,5250000000,24300000000,0,9241265
7350112493041497,thread,3,trace_writer,101,6550000000,28890000000,3,2294128
7350112493041497,thread,3,latency_writer,102,6480000000,28870000000,0,1990810
7350112593741894,process,-1,process,90,123580000000,419010000000,36459,28
7350112593741894,thread,-1,producer,90,20000000,200000000,36459,28
7350112593741894,thread,-1,sampler,107,60000000,120000000,368,3
7350112593741894,thread,0,account_worker,103,12730000000,21610000000,0,3485599
7350112593741894,thread,0,trader_callback,91,6560000000,30460000000,1,83471
7350112593741894,thread,0,trace_writer,92,5160000000,24630000000,1,9561829
7350112593741894,thread,0,latency_writer,93,6550000000,30300000000,0,140834
7350112593741894,thread,1,account_worker,104,12780000000,21240000000,2,3618673
7350112593741894,thread,1,trader_callback,94,6620000000,29580000000,0,1363758
7350112593741894,thread,1,trace_writer,95,5590000000,27640000000,3,5132979
7350112593741894,thread,1,latency_writer,96,5720000000,25850000000,0,8054887
7350112593741894,thread,2,account_worker,105,13800000000,21930000000,1,1758567
7350112593741894,thread,2,trader_callback,97,6960000000,30060000000,0,353
7350112593741894,thread,2,trace_writer,98,5550000000,26450000000,3,5484993
7350112593741894,thread,2,latency_writer,99,5850000000,27090000000,1,4760180
7350112593741894,thread,3,account_worker,106,11190000000,19480000000,1,7449192
7350112593741894,thread,3,trader_callback,100,5260000000,24390000000,0,9241267
7350112593741894,thread,3,trace_writer,101,6570000000,28970000000,3,2294128
7350112593741894,thread,3,latency_writer,102,6510000000,28920000000,0,2019457
7350112694245970,process,-1,process,90,123900000000,420200000000,36555,28
7350112694245970,thread,-1,producer,90,20000000,200000000,36555,28
7350112694245970,thread,-1,sampler,107,60000000,120000000,369,3
7350112694245970,thread,0,account_worker,103,12760000000,21690000000,0,3485602
7350112694245970,thread,0,trader_callback,91,6580000000,30540000000,1,83471
7350112694245970,thread,0,trace_writer,92,5170000000,24720000000,1,9561832
7350112694245970,thread,0,latency_writer,93,6560000000,30390000000,0,140834
7350112694245970,thread,1,account_worker,104,12820000000,21310000000,2,3618676
7350112694245970,thread,1,trader_callback,94,6640000000,29670000000,0,1363758
7350112694245970,thread,1,trace_writer,95,5620000000,27710000000,3,5132981
7350112694245970,thread,1,latency_writer,96,5740000000,25940000000,0,8054887
7350112694245970,thread,2,account_worker,105,13840000000,21990000000,1,1758573
7350112694245970,thread,2,trader_callback,97,6970000000,30110000000,0,84583
7350112694245970,thread,2,trace_writer,98,5560000000,26500000000,3,5569238
7350112694245970,thread,2,latency_writer,99,5860000000,27170000000,1,4760180
7350112694245970,thread,3,account_worker,106,11220000000,19550000000,1,7449195
7350112694245970,thread,3,trader_callback,100,5260000000,24490000000,0,9241268
7350112694245970,thread,3,trace_writer,101,6580000000,29060000000,3,2294131
7350112694245970,thread,3,latency_writer,102,6530000000,29010000000,0,2019457
7350112794790341,process,-1,process,90,124290000000,421310000000,36656,28
7350112794790341,thread,-1,producer,90,20000000,200000000,36656,28
7350112794790341,thread,-1,sampler,107,60000000,120000000,370,3
7350112794790341,thread,0,account_worker,103,12800000000,21750000000,0,3485603
7350112794790341,thread,0,trader_callback,91,6610000000,30600000000,1,83471
7350112794790341,thread,0,trace_writer,92,5210000000,24780000000,1,9561834
7350112794790341,thread,0,latency_writer,93,6590000000,30460000000,0,140834
7350112794790341,thread,1,account_worker,104,12860000000,21360000000,2,3618682
7350112794790341,thread,1,trader_callback,94,6670000000,29740000000,0,1363758
7350112794790341,thread,1,trace_writer,95,5630000000,27790000000,3,5132983
7350112794790341,thread,1,latency_writer,96,5760000000,26020000000,0,8054887
7350112794790341,thread,2,account_worker,105,13870000000,22060000000,1,1758574
7350112794790341,thread,2,trader_callback,97,6990000000,30140000000,0,173837
7350112794790341,thread,2,trace_writer,98,5560000000,26540000000,3,5658488
7350112794790341,thread,2,latency_writer,99,5870000000,27270000000,1,4760180
7350112794790341,thread,3,account_worker,106,11250000000,19620000000,1,7449198
7350112794790341,thread,3,trader_callback,100,5300000000,24560000000,0,9241268
7350112794790341,thread,3,trace_writer,101,6600000000,29140000000,3,2294131
7350112794790341,thread,3,latency_writer,102,6530000000,29100000000,0,2019460
7350112895299398,process,-1,process,90,124700000000,422480000000,36753,28
7350112895299398,thread,-1,producer,90,20000000,200000000,36753,28
7350112895299398,thread,-1,sampler,107,60000000,120000000,371,3
7350112895299398,thread,0,account_worker,103,12840000000,21800000000,0,3485603
7350112895299398,thread,0,trader_callback,91,6630000000,30680000000,1,83472
7350112895299398,thread,0,trace_writer,92,5230000000,24850000000,1,9561837
7350112895299398,thread,0,latency_writer,93,6620000000,30530000000,0,140834
7350112895299398,thread,1,account_worker,104,12900000000,21420000000,2,3618688
7350112895299398,thread,1,trader_callback,94,6700000000,29810000000,0,1363758
7350112895299398,thread,1,trace_writer,95,5650000000,27870000000,3,5132985
7350112895299398,thread,1,latency_writer,96,5780000000,26100000000,0,8054887
7350112895299398,thread,2,account_worker,105,13890000000,22140000000,1,1758577
7350112895299398,thread,2,trader_callback,97,7000000000,30220000000,0,191145
7350112895299398,thread,2,trace_writer,98,5580000000,26620000000,3,5675867
7350112895299398,thread,2,latency_writer,99,5880000000,27350000000,1,4760181
7350112895299398,thread,3,account_worker,106,11300000000,19670000000,1,7449201
7350112895299398,thread,3,trader_callback,100,5330000000,24630000000,0,9241269
7350112895299398,thread,3,trace_writer,101,6620000000,29220000000,3,2294134
7350112895299398,thread,3,latency_writer,102,6560000000,29180000000,0,2019460
7350112995821736,process,-1,process,90,125100000000,423680000000,36853,28
7350112995821736,thread,-1,producer,90,20000000,200000000,36853,28
7350112995821736,thread,-1,sampler,107,60000000,120000000,372,3
7350112995821736,thread,0,account_worker,103,12890000000,21850000000,0,3485603
7350112995821736,thread,0,trader_callback,91,6650000000,30770000000,1,83472
7350112995821736,thread,0,trace_writer,92,5240000000,24940000000,1,9561839
7350112995821736,thread,0,latency_writer,93,6640000000,30610000000,0,140834
7350112995821736,thread,1,account_worker,104,12960000000,21470000000,2,3618691
7350112995821736,thread,1,trader_callback,94,6720000000,29880000000,0,1363758
7350112995821736,thread,1,trace_writer,95,5670000000,27950000000,3,5132988
7350112995821736,thread,1,latency_writer,96,5800000000,26180000000,0,8054887
7350112995821736,thread,2,account_worker,105,13920000000,22210000000,1,1758577
7350112995821736,thread,2,trader_callback,97,7030000000,30300000000,0,191146
7350112995821736,thread,2,trace_writer,98,5590000000,26700000000,3,5675972
7350112995821736,thread,2,latency_writer,99,5900000000,27440000000,1,4760181
7350112995821736,thread,3,account_worker,106,11360000000,19720000000,1,7449201
7350112995821736,thread,3,trader_callback,100,5350000000,24700000000,0,9241269
7350112995821736,thread,3,trace_writer,101,6620000000,29320000000,3,2294138
7350112995821736,thread,3,latency_writer,102,6570000000,29270000000,0,2019460
7350113096388945,process,-1,process,90,125480000000,424900000000,36950,28
7350113096388945,thread,-1,producer,90,20000000,200000000,36950,28
7350113096388945,thread,-1,sampler,107,60000000,120000000,373,3
7350113096388945,thread,0,account_worker,103,12930000000,21920000000,0,3485604
7350113096388945,thread,0,trader_callback,91,6680000000,30840000000,1,83472
7350113096388945,thread,0,trace_writer,92,5270000000,25010000000,1,9561842
7350113096388945,thread,0,latency_writer,93,6660000000,30690000000,0,140835
7350113096388945,thread,1,account_worker,104,13000000000,21530000000,2,3618698
7350113096388945,thread,1,trader_callback,94,6740000000,29970000000,0,1363758
7350113096388945,thread,1,trace_writer,95,5670000000,28040000000,3,5132990
7350113096388945,thread,1,latency_writer,96,5820000000,26260000000,0,8054888
7350113096388945,thread,2,account_worker,105,13950000000,22280000000,1,1758581
7350113096388945,thread,2,trader_callback,97,7040000000,30380000000,0,191148
7350113096388945,thread,2,trace_writer,98,5620000000,26770000000,3,5676075
7350113096388945,thread,2,latency_writer,99,5930000000,27510000000,1,4760182
7350113096388945,thread,3,account_worker,106,11380000000,19790000000,1,7449204
7350113096388945,thread,3,trader_callback,100,5390000000,24770000000,0,9241269
7350113096388945,thread,3,trace_writer,101,6640000000,29400000000,3,2294144
7350113096388945,thread,3,latency_writer,102,6580000000,29350000000,0,2019461
7350113196881532,process,-1,process,90,125850000000,426140000000,37049,28
7350113196881532,thread,-1,producer,90,20000000,200000000,37049,28
7350113196881532,thread,-1,sampler,107,60000000,120000000,374,3
7350113196881532,thread,0,account_worker,103,12970000000,21980000000,0,3485604
7350113196881532,thread,0,trader_callback,91,6680000000,30930000000,1,83472
7350113196881532,thread,0,trace_writer,92,5290000000,25090000000,1,9561845
7350113196881532,thread,0,latency_writer,93,6680000000,30770000000,0,140835
7350113196881532,thread,1,account_worker,104,13050000000,21580000000,2,3618701
7350113196881532,thread,1,trader_callback,94,6750000000,30050000000,0,1363758
7350113196881532,thread,1,trace_writer,95,5670000000,28140000000,3,5132994
7350113196881532,thread,1,latency_writer,96,5840000000,26340000000,0,8054888
7350113196881532,thread,2,account_worker,105,14000000000,22330000000,1,1758583
7350113196881532,thread,2,trader_callback,97,7060000000,30470000000,0,192118
7350113196881532,thread,2,trace_writer,98,5620000000,26870000000,3,5676181
7350113196881532,thread,2,latency_writer,99,5940000000,27590000000,1,4760182
7350113196881532,thread,3,account_worker,106,11420000000,19850000000,1,7449205
7350113196881532,thread,3,trader_callback,100,5410000000,24840000000,0,9242302
7350113196881532,thread,3,trace_writer,101,6670000000,29470000000,3,2294147
7350113196881532,thread,3,latency_writer,102,6600000000,29440000000,0,2019461
7350113297363556,process,-1,process,90,126170000000,427240000000,37148,28
7350113297363556,thread,-1,producer,90,20000000,200000000,37148,28
7350113297363556,thread,-1,sampler,107,60000000,120000000,375,3
7350113297363556,thread,0,account_worker,103,13000000000,22050000000,0,3485604
7350113297363556,thread,0,trader_callback,91,6690000000,31030000000,1,83472
7350113297363556,thread,0,trace_writer,92,5310000000,25160000000,1,9576860
7350113297363556,thread,0,latency_writer,93,6720000000,30840000000,0,140835
7350113297363556,thread,1,account_worker,104,13070000000,21660000000,2,3618704
7350113297363556,thread,1,trader_callback,94,6760000000,30120000000,0,1409414
7350113297363556,thread,1,trace_writer,95,5690000000,28230000000,3,5132996
7350113297363556,thread,1,latency_writer,96,5860000000,26420000000,0,8054888
7350113297363556,thread,2,account_worker,105,14030000000,22400000000,1,1758586
7350113297363556,thread,2,trader_callback,97,7070000000,30510000000,0,278117
7350113297363556,thread,2,trace_writer,98,5630000000,26910000000,3,5736998
7350113297363556,thread,2,latency_writer,99,5960000000,27680000000,1,4760182
7350113297363556,thread,3,account_worker,106,11470000000,19910000000,1,7449211
7350113297363556,thread,3,trader_callback,100,5420000000,24880000000,0,9328303
7350113297363556,thread,3,trace_writer,101,6680000000,29560000000,3,2294153
7350113297363556,thread,3,latency_writer,102,6630000000,29520000000,0,2019461
7350113397868566,process,-1,process,90,126430000000,428470000000,37240,28
7350113397868566,thread,-1,producer,90,20000000,200000000,37240,28
7350113397868566,thread,-1,sampler,107,60000000,120000000,376,3
7350113397868566,thread,0,account_worker,103,13030000000,22120000000,0,3485606
7350113397868566,thread,0,trader_callback,91,6700000000,31120000000,1,83472
7350113397868566,thread,0,trace_writer,92,5310000000,25210000000,1,9661408
7350113397868566,thread,0,latency_writer,93,6720000000,30930000000,0,140836
7350113397868566,thread,1,account_worker,104,13110000000,21720000000,2,3618712
7350113397868566,thread,1,trader_callback,94,6770000000,30210000000,0,1409415
7350113397868566,thread,1,trace_writer,95,5700000000,28310000000,3,5133004
7350113397868566,thread,1,latency_writer,96,5870000000,26510000000,0,8054889
7350113397868566,thread,2,account_worker,105,14050000000,22480000000,1,1758588
7350113397868566,thread,2,trader_callback,97,7080000000,30580000000,0,288556
7350113397868566,thread,2,trace_writer,98,5640000000,26960000000,3,5821568
7350113397868566,thread,2,latency_writer,99,5980000000,27760000000,1,4760184
7350113397868566,thread,3,account_worker,106,11510000000,19970000000,1,7449212
7350113397868566,thread,3,trader_callback,100,5430000000,24970000000,0,9338669
7350113397868566,thread,3,trace_writer,101,6700000000,29650000000,3,2294163
7350113397868566,thread,3,latency_writer,102,6640000000,29600000000,0,2019462
7350113498408118,process,-1,process,90,126720000000,429680000000,37337,28
7350113498408118,thread,-1,producer,90,20000000,200000000,37337,28
7350113498408118,thread,-1,sampler,107,60000000,120000000,377,3
7350113498408118,thread,0,account_worker,103,13060000000,22180000000,0,3485606
7350113498408118,thread,0,trader_callback,91,6720000000,31200000000,1,83472
7350113498408118,thread,0,trace_writer,92,5320000000,25250000000,1,9749260
7350113498408118,thread,0,latency_writer,93,6730000000,31020000000,0,140836
7350113498408118,thread,1,account_worker,104,13140000000,21790000000,2,3618718
7350113498408118,thread,1,trader_callback,94,6780000000,30290000000,0,1409415
7350113498408118,thread,1,trace_writer,95,5710000000,28390000000,3,5133007
7350113498408118,thread,1,latency_writer,96,5890000000,26590000000,0,8054889
7350113498408118,thread,2,account_worker,105,14100000000,22530000000,1,1758588
7350113498408118,thread,2,trader_callback,97,7110000000,30660000000,0,288556
7350113498408118,thread,2,trace_writer,98,5640000000,27010000000,3,5909407
7350113498408118,thread,2,latency_writer,99,5980000000,27850000000,1,4760184
7350113498408118,thread,3,account_worker,106,11540000000,20030000000,1,7449215
7350113498408118,thread,3,trader_callback,100,5440000000,25060000000,0,9338671
7350113498408118,thread,3,trace_writer,101,6720000000,29730000000,3,2294169
7350113498408118,thread,3,latency_writer,102,6650000000,29690000000,0,2019465
7350113598928250,process,-1,process,90,127050000000,430850000000,37435,28
7350113598928250,thread,-1,producer,90,20000000,200000000,37435,28
7350113598928250,thread,-1,sampler,107,60000000,120000000,378,3
7350113598928250,thread,0,account_worker,103,13120000000,22230000000,0,3485607
7350113598928250,thread,0,trader_callback,91,6730000000,31290000000,1,83472
7350113598928250,thread,0,trace_writer,92,5320000000,25290000000,1,9825033
7350113598928250,thread,0,latency_writer,93,6750000000,31110000000,0,140836
7350113598928250,thread,1,account_worker,104,13160000000,21860000000,2,3618721
7350113598928250,thread,1,trader_callback,94,6800000000,30380000000,0,1409415
7350113598928250,thread,1,trace_writer,95,5730000000,28480000000,3,5133012
7350113598928250,thread,1,latency_writer,96,5900000000,26680000000,0,8054889
7350113598928250,thread,2,account_worker,105,14140000000,22600000000,1,1758588
7350113598928250,thread,2,trader_callback,97,7120000000,30740000000,0,288556
7350113598928250,thread,2,trace_writer,98,5640000000,27040000000,3,5985177
7350113598928250,thread,2,latency_writer,99,6010000000,27930000000,1,4760184
7350113598928250,thread,3,account_worker,106,11560000000,20110000000,1,7449222
7350113598928250,thread,3,trader_callback,100,5460000000,25140000000,0,9338671
7350113598928250,thread,3,trace_writer,101,6740000000,29810000000,3,2294169
7350113598928250,thread,3,latency_writer,102,6680000000,29760000000,0,2019468
7350113699420421,process,-1,process,90,127350000000,432050000000,37530,28
7350113699420421,thread,-1,producer,90,20000000,200000000,37530,28
7350113699420421,thread,-1,sampler,107,60000000,120000000,379,3
7350113699420421,thread,0,account_worker,103,13160000000,22290000000,0,3485607
7350113699420421,thread,0,trader_callback,91,6740000000,31380000000,1,83472
7350113699420421,thread,0,trace_writer,92,5340000000,25330000000,1,9912916
7350113699420421,thread,0,latency_writer,93,6770000000,31180000000,0,140836
7350113699420421,thread,1,account_worker,104,13200000000,21920000000,2,3618728
7350113699420421,thread,1,trader_callback,94,6810000000,30470000000,0,1409415
7350113699420421,thread,1,trace_writer,95,5730000000,28560000000,3,5133014
7350113699420421,thread,1,latency_writer,96,5920000000,26760000000,0,8054889
7350113699420421,thread,2,account_worker,105,14160000000,22670000000,1,1758588
7350113699420421,thread,2,trader_callback,97,7140000000,30830000000,0,288557
7350113699420421,thread,2,trace_writer,98,5660000000,27080000000,3,6073067
7350113699420421,thread,2,latency_writer,99,6020000000,28010000000,1,4760184
7350113699420421,thread,3,account_worker,106,11600000000,20180000000,1,7449228
7350113699420421,thread,3,trader_callback,100,5480000000,25220000000,0,9338673
7350113699420421,thread,3,trace_writer,101,6750000000,29890000000,3,2294172
7350113699420421,thread,3,latency_writer,102,6690000000,29860000000,0,2019468
