mono_ns,account_index,queue,depth,capacity,high_watermark,oldest_age_ns,dropped
7350075667218042,0,market_ingress,0,1024,0,0,0
7350075667218042,0,trader_request,0,1024,0,0,0
7350075667218042,0,trading_callback,0,1024,0,0,0
7350075667218042,0,trace,0,8192,0,0,0
7350075667218042,0,latency,0,4096,0,0,0
7350075667218042,1,market_ingress,0,1024,0,0,0
7350075667218042,1,trader_request,0,1024,0,0,0
7350075667218042,1,trading_callback,0,1024,0,0,0
7350075667218042,1,trace,0,8192,0,0,0
7350075667218042,1,latency,0,4096,0,0,0
7350075667218042,2,market_ingress,0,1024,0,0,0
7350075667218042,2,trader_request,0,1024,0,0,0
7350075667218042,2,trading_callback,0,1024,0,0,0
7350075667218042,2,trace,0,8192,0,0,0
7350075667218042,2,latency,0,4096,0,0,0
7350075667218042,3,market_ingress,0,1024,0,0,0
7350075667218042,3,trader_request,0,1024,0,0,0
7350075667218042,3,trading_callback,0,1024,0,0,0
7350075667218042,3,trace,0,8192,0,0,0
7350075667218042,3,latency,0,4096,0,0,0
7350075767768269,0,market_ingress,0,1024,0,0,0
7350075767768269,0,trader_request,0,1024,0,0,0
7350075767768269,0,trading_callback,0,1024,0,0,0
7350075767768269,0,trace,0,8192,0,0,0
7350075767768269,0,latency,0,4096,0,0,0
7350075767768269,1,market_ingress,0,1024,0,0,0
7350075767768269,1,trader_request,0,1024,0,0,0
7350075767768269,1,trading_callback,0,1024,0,0,0
7350075767768269,1,trace,0,8192,0,0,0
7350075767768269,1,latency,0,4096,0,0,0
7350075767768269,2,market_ingress,0,1024,0,0,0
7350075767768269,2,trader_request,0,1024,0,0,0
7350075767768269,2,trading_callback,0,1024,0,0,0
7350075767768269,2,trace,0,8192,0,0,0
7350075767768269,2,latency,0,4096,0,0,0
7350075767768269,3,market_ingress,0,1024,0,0,0
7350075767768269,3,trader_request,0,1024,0,0,0
7350075767768269,3,trading_callback,0,1024,0,0,0
7350075767768269,3,trace,0,8192,0,0,0
7350075767768269,3,latency,0,4096,0,0,0
7350075868332071,0,market_ingress,0,1024,2,0,0
7350075868332071,0,trader_request,0,1024,1,0,0
7350075868332071,0,trading_callback,0,1024,2,0,0
7350075868332071,0,trace,0,8192,3,0,0
7350075868332071,0,latency,0,4096,0,0,0
7350075868332071,1,market_ingress,0,1024,1,0,0
7350075868332071,1,trader_request,0,1024,1,0,0
7350075868332071,1,trading_callback,0,1024,2,0,0
7350075868332071,1,trace,0,8192,3,0,0
7350075868332071,1,latency,0,4096,0,0,0
7350075868332071,2,market_ingress,0,1024,1,0,0
7350075868332071,2,trader_request,0,1024,1,0,0
7350075868332071,2,trading_callback,0,1024,2,0,0
7350075868332071,2,trace,0,8192,3,0,0
7350075868332071,2,latency,0,4096,0,0,0
7350075868332071,3,market_ingress,0,1024,1,0,0
7350075868332071,3,trader_request,0,1024,1,0,0
7350075868332071,3,trading_callback,0,1024,2,0,0
7350075868332071,3,trace,0,8192,3,0,0
7350075868332071,3,latency,0,4096,0,0,0
7350075969066679,0,market_ingress,0,1024,2,0,0
7350075969066679,0,trader_request,0,1024,1,0,0
7350075969066679,0,trading_callback,0,1024,2,0,0
7350075969066679,0,trace,0,8192,3,0,0
7350075969066679,0,latency,0,4096,0,0,0
7350075969066679,1,market_ingress,0,1024,1,0,0
7350075969066679,1,trader_request,0,1024,1,0,0
7350075969066679,1,trading_callback,0,1024,2,0,0
7350075969066679,1,trace,0,8192,3,0,0
7350075969066679,1,latency,0,4096,0,0,0
7350075969066679,2,market_ingress,0,1024,1,0,0
7350075969066679,2,trader_request,0,1024,1,0,0
7350075969066679,2,trading_callback,0,1024,2,0,0
7350075969066679,2,trace,0,8192,3,0,0
7350075969066679,2,latency,0,4096,0,0,0
7350075969066679,3,market_ingress,0,1024,1,0,0
7350075969066679,3,trader_request,0,1024,1,0,0
7350075969066679,3,trading_callback,0,1024,2,0,0
7350075969066679,3,trace,0,8192,3,0,0
7350075969066679,3,latency,0,4096,0,0,0
7350076069574213,0,market_ingress,0,1024,2,0,0
7350076069574213,0,trader_request,0,1024,1,0,0
7350076069574213,0,trading_callback,0,1024,2,0,0
7350076069574213,0,trace,0,8192,3,0,0
7350076069574213,0,latency,0,4096,0,0,0
7350076069574213,1,market_ingress,0,1024,1,0,0
7350076069574213,1,trader_request,0,1024,1,0,0
7350076069574213,1,trading_callback,0,1024,2,0,0
7350076069574213,1,trace,0,8192,3,0,0
7350076069574213,1,latency,0,4096,0,0,0
7350076069574213,2,market_ingress,0,1024,1,0,0
7350076069574213,2,trader_request,0,1024,1,0,0
7350076069574213,2,trading_callback,0,1024,2,0,0
7350076069574213,2,trace,0,8192,3,0,0
7350076069574213,2,latency,0,4096,0,0,0
7350076069574213,3,market_ingress,0,1024,1,0,0
7350076069574213,3,trader_request,0,1024,1,0,0
7350076069574213,3,trading_callback,0,1024,2,0,0
7350076069574213,3,trace,0,8192,3,0,0
7350076069574213,3,latency,0,4096,0,0,0
7350076170019194,0,market_ingress,0,1024,2,0,0
7350076170019194,0,trader_request,0,1024,1,0,0
7350076170019194,0,trading_callback,0,1024,2,0,0
7350076170019194,0,trace,0,8192,3,0,0
7350076170019194,0,latency,0,4096,0,0,0
7350076170019194,1,market_ingress,0,1024,1,0,0
7350076170019194,1,trader_request,0,1024,1,0,0
7350076170019194,1,trading_callback,0,1024,2,0,0
7350076170019194,1,trace,0,8192,3,0,0
7350076170019194,1,latency,0,4096,0,0,0
7350076170019194,2,market_ingress,0,1024,1,0,0
7350076170019194,2,trader_request,0,1024,1,0,0
7350076170019194,2,trading_callback,0,1024,2,0,0
7350076170019194,2,trace,0,8192,3,0,0
7350076170019194,2,latency,0,4096,0,0,0
7350076170019194,3,market_ingress,0,1024,1,0,0
7350076170019194,3,trader_request,0,1024,1,0,0
7350076170019194,3,trading_callback,0,1024,2,0,0
7350076170019194,3,trace,0,8192,3,0,0
7350076170019194,3,latency,0,4096,0,0,0
7350076270468068,0,market_ingress,0,1024,3,0,0
7350076270468068,0,trader_request,0,1024,1,0,0
7350076270468068,0,trading_callback,0,1024,2,0,0
7350076270468068,0,trace,0,8192,3,0,0
7350076270468068,0,latency,0,4096,0,0,0
7350076270468068,1,market_ingress,0,1024,1,0,0
7350076270468068,1,trader_request,0,1024,1,0,0
7350076270468068,1,trading_callback,0,1024,2,0,0
7350076270468068,1,trace,0,8192,3,0,0
7350076270468068,1,latency,0,4096,0,0,0
7350076270468068,2,market_ingress,0,1024,1,0,0
7350076270468068,2,trader_request,0,1024,1,0,0
7350076270468068,2,trading_callback,0,1024,2,0,0
7350076270468068,2,trace,0,8192,3,0,0
7350076270468068,2,latency,0,4096,0,0,0
7350076270468068,3,market_ingress,0,1024,1,0,0
7350076270468068,3,trader_request,0,1024,1,0,0
7350076270468068,3,trading_callback,0,1024,2,0,0
7350076270468068,3,trace,0,8192,3,0,0
7350076270468068,3,latency,0,4096,0,0,0
7350076370918531,0,market_ingress,0,1024,4,0,0
7350076370918531,0,trader_request,0,1024,1,0,0
7350076370918531,0,trading_callback,0,1024,2,0,0
7350076370918531,0,trace,0,8192,3,0,0
7350076370918531,0,latency,0,4096,0,0,0
7350076370918531,1,market_ingress,0,1024,1,0,0
7350076370918531,1,trader_request,0,1024,1,0,0
7350076370918531,1,trading_callback,0,1024,2,0,0
7350076370918531,1,trace,0,8192,3,0,0
7350076370918531,1,latency,0,4096,0,0,0
7350076370918531,2,market_ingress,0,1024,1,0,0
7350076370918531,2,trader_request,0,1024,1,0,0
7350076370918531,2,trading_callback,0,1024,2,0,0
7350076370918531,2,trace,0,8192,3,0,0
7350076370918531,2,latency,0,4096,0,0,0
7350076370918531,3,market_ingress,0,1024,1,0,0
7350076370918531,3,trader_request,0,1024,1,0,0
7350076370918531,3,trading_callback,0,1024,2,0,0
7350076370918531,3,trace,0,8192,3,0,0
7350076370918531,3,latency,0,4096,0,0,0
7350076471403027,0,market_ingress,0,1024,4,0,0
7350076471403027,0,trader_request,0,1024,1,0,0
7350076471403027,0,trading_callback,0,1024,2,0,0
7350076471403027,0,trace,0,8192,3,0,0
7350076471403027,0,latency,0,4096,0,0,0
7350076471403027,1,market_ingress,0,1024,1,0,0
7350076471403027,1,trader_request,0,1024,1,0,0
7350076471403027,1,trading_callback,0,1024,2,0,0
7350076471403027,1,trace,0,8192,3,0,0
7350076471403027,1,latency,0,4096,0,0,0
7350076471403027,2,market_ingress,0,1024,1,0,0
7350076471403027,2,trader_request,0,1024,1,0,0
7350076471403027,2,trading_callback,0,1024,2,0,0
7350076471403027,2,trace,0,8192,3,0,0
7350076471403027,2,latency,0,4096,0,0,0
7350076471403027,3,market_ingress,0,1024,1,0,0
7350076471403027,3,trader_request,1,1024,1,371970,0
7350076471403027,3,trading_callback,0,1024,2,0,0
7350076471403027,3,trace,0,8192,3,0,0
7350076471403027,3,latency,0,4096,0,0,0
7350076571894966,0,market_ingress,0,1024,7,0,0
7350076571894966,0,trader_request,0,1024,1,0,0
7350076571894966,0,trading_callback,0,1024,3,0,0
7350076571894966,0,trace,0,8192,3,0,0
7350076571894966,0,latency,0,4096,0,0,0
7350076571894966,1,market_ingress,0,1024,2,0,0
7350076571894966,1,trader_request,0,1024,1,0,0
7350076571894966,1,trading_callback,0,1024,2,0,0
7350076571894966,1,trace,0,8192,3,0,0
7350076571894966,1,latency,0,4096,0,0,0
7350076571894966,2,market_ingress,0,1024,7,0,0
7350076571894966,2,trader_request,0,1024,1,0,0
7350076571894966,2,trading_callback,0,1024,3,0,0
7350076571894966,2,trace,0,8192,4,0,0
7350076571894966,2,latency,0,4096,0,0,0
7350076571894966,3,market_ingress,0,1024,8,0,0
7350076571894966,3,trader_request,0,1024,1,0,0
7350076571894966,3,trading_callback,0,1024,3,0,0
7350076571894966,3,trace,0,8192,4,0,0
7350076571894966,3,latency,0,4096,0,0,0
7350076672405345,0,market_ingress,0,1024,7,0,0
7350076672405345,0,trader_request,0,1024,1,0,0
7350076672405345,0,trading_callback,0,1024,3,0,0
7350076672405345,0,trace,0,8192,3,0,0
7350076672405345,0,latency,0,4096,0,0,0
7350076672405345,1,market_ingress,0,1024,2,0,0
7350076672405345,1,trader_request,0,1024,1,0,0
7350076672405345,1,trading_callback,0,1024,2,0,0
7350076672405345,1,trace,0,8192,3,0,0
7350076672405345,1,latency,0,4096,0,0,0
7350076672405345,2,market_ingress,0,1024,7,0,0
7350076672405345,2,trader_request,0,1024,1,0,0
7350076672405345,2,trading_callback,0,1024,3,0,0
7350076672405345,2,trace,0,8192,4,0,0
7350076672405345,2,latency,0,4096,0,0,0
7350076672405345,3,market_ingress,0,1024,8,0,0
7350076672405345,3,trader_request,0,1024,1,0,0
7350076672405345,3,trading_callback,0,1024,3,0,0
7350076672405345,3,trace,0,8192,4,0,0
7350076672405345,3,latency,0,4096,0,0,0
7350076772857467,0,market_ingress,0,1024,7,0,0
7350076772857467,0,trader_request,0,1024,1,0,0
7350076772857467,0,trading_callback,0,1024,3,0,0
7350076772857467,0,trace,0,8192,3,0,0
7350076772857467,0,latency,0,4096,0,0,0
7350076772857467,1,market_ingress,0,1024,2,0,0
7350076772857467,1,trader_request,0,1024,1,0,0
7350076772857467,1,trading_callback,0,1024,2,0,0
7350076772857467,1,trace,0,8192,3,0,0
7350076772857467,1,latency,0,4096,0,0,0
7350076772857467,2,market_ingress,0,1024,7,0,0
7350076772857467,2,trader_request,0,1024,1,0,0
7350076772857467,2,trading_callback,0,1024,3,0,0
7350076772857467,2,trace,0,8192,4,0,0
7350076772857467,2,latency,0,4096,0,0,0
7350076772857467,3,market_ingress,0,1024,8,0,0
7350076772857467,3,trader_request,0,1024,1,0,0
7350076772857467,3,trading_callback,0,1024,3,0,0
7350076772857467,3,trace,0,8192,4,0,0
7350076772857467,3,latency,0,4096,0,0,0
7350076873304437,0,market_ingress,0,1024,7,0,0
7350076873304437,0,trader_request,0,1024,1,0,0
7350076873304437,0,trading_callback,0,1024,3,0,0
7350076873304437,0,trace,0,8192,3,0,0
7350076873304437,0,latency,0,4096,0,0,0
7350076873304437,1,market_ingress,0,1024,2,0,0
7350076873304437,1,trader_request,0,1024,1,0,0
7350076873304437,1,trading_callback,0,1024,2,0,0
7350076873304437,1,trace,0,8192,3,0,0
7350076873304437,1,latency,0,4096,0,0,0
7350076873304437,2,market_ingress,0,1024,7,0,0
7350076873304437,2,trader_request,0,1024,1,0,0
7350076873304437,2,trading_callback,0,1024,3,0,0
7350076873304437,2,trace,0,8192,4,0,0
7350076873304437,2,latency,0,4096,0,0,0
7350076873304437,3,market_ingress,0,1024,8,0,0
7350076873304437,3,trader_request,0,1024,1,0,0
7350076873304437,3,trading_callback,0,1024,3,0,0
7350076873304437,3,trace,0,8192,4,0,0
7350076873304437,3,latency,0,4096,0,0,0
7350076973827233,0,market_ingress,0,1024,7,0,0
7350076973827233,0,trader_request,0,1024,1,0,0
7350076973827233,0,trading_callback,0,1024,3,0,0
7350076973827233,0,trace,0,8192,3,0,0
7350076973827233,0,latency,0,4096,0,0,0
7350076973827233,1,market_ingress,0,1024,2,0,0
7350076973827233,1,trader_request,0,1024,1,0,0
7350076973827233,1,trading_callback,0,1024,2,0,0
7350076973827233,1,trace,0,8192,3,0,0
7350076973827233,1,latency,0,4096,0,0,0
7350076973827233,2,market_ingress,0,1024,7,0,0
7350076973827233,2,trader_request,0,1024,1,0,0
7350076973827233,2,trading_callback,0,1024,3,0,0
7350076973827233,2,trace,0,8192,4,0,0
7350076973827233,2,latency,0,4096,0,0,0
7350076973827233,3,market_ingress,0,1024,8,0,0
7350076973827233,3,trader_request,0,1024,1,0,0
7350076973827233,3,trading_callback,0,1024,3,0,0
7350076973827233,3,trace,0,8192,4,0,0
7350076973827233,3,latency,0,4096,0,0,0
7350077074259936,0,market_ingress,0,1024,7,0,0
7350077074259936,0,trader_request,0,1024,1,0,0
7350077074259936,0,trading_callback,0,1024,3,0,0
7350077074259936,0,trace,0,8192,3,0,0
7350077074259936,0,latency,0,4096,0,0,0
7350077074259936,1,market_ingress,0,1024,2,0,0
7350077074259936,1,trader_request,0,1024,1,0,0
7350077074259936,1,trading_callback,0,1024,2,0,0
7350077074259936,1,trace,0,8192,3,0,0
7350077074259936,1,latency,0,4096,0,0,0
7350077074259936,2,market_ingress,0,1024,7,0,0
7350077074259936,2,trader_request,0,1024,1,0,0
7350077074259936,2,trading_callback,0,1024,3,0,0
7350077074259936,2,trace,0,8192,4,0,0
7350077074259936,2,latency,0,4096,0,0,0
7350077074259936,3,market_ingress,0,1024,8,0,0
7350077074259936,3,trader_request,1,1024,1,168362,0
7350077074259936,3,trading_callback,0,1024,3,0,0
7350077074259936,3,trace,0,8192,4,0,0
7350077074259936,3,latency,0,4096,0,0,0
7350077174690249,0,market_ingress,0,1024,7,0,0
7350077174690249,0,trader_request,0,1024,1,0,0
7350077174690249,0,trading_callback,0,1024,3,0,0
7350077174690249,0,trace,0,8192,3,0,0
7350077174690249,0,latency,0,4096,0,0,0
7350077174690249,1,market_ingress,0,1024,2,0,0
7350077174690249,1,trader_request,0,1024,1,0,0
7350077174690249,1,trading_callback,0,1024,2,0,0
7350077174690249,1,trace,0,8192,3,0,0
7350077174690249,1,latency,0,4096,0,0,0
7350077174690249,2,market_ingress,0,1024,7,0,0
7350077174690249,2,trader_request,0,1024,1,0,0
7350077174690249,2,trading_callback,0,1024,3,0,0
7350077174690249,2,trace,0,8192,4,0,0
7350077174690249,2,latency,0,4096,0,0,0
7350077174690249,3,market_ingress,0,1024,8,0,0
7350077174690249,3,trader_request,0,1024,1,0,0
7350077174690249,3,trading_callback,0,1024,3,0,0
7350077174690249,3,trace,0,8192,4,0,0
7350077174690249,3,latency,0,4096,0,0,0
7350077275221749,0,market_ingress,0,1024,7,0,0
7350077275221749,0,trader_request,0,1024,1,0,0
7350077275221749,0,trading_callback,0,1024,3,0,0
7350077275221749,0,trace,0,8192,3,0,0
7350077275221749,0,latency,0,4096,0,0,0
7350077275221749,1,market_ingress,0,1024,2,0,0
7350077275221749,1,trader_request,0,1024,1,0,0
7350077275221749,1,trading_callback,0,1024,2,0,0
7350077275221749,1,trace,0,8192,3,0,0
7350077275221749,1,latency,0,4096,0,0,0
7350077275221749,2,market_ingress,0,1024,7,0,0
7350077275221749,2,trader_request,0,1024,1,0,0
7350077275221749,2,trading_callback,0,1024,3,0,0
7350077275221749,2,trace,0,8192,4,0,0
7350077275221749,2,latency,0,4096,0,0,0
7350077275221749,3,market_ingress,0,1024,8,0,0
7350077275221749,3,trader_request,0,1024,1,0,0
7350077275221749,3,trading_callback,0,1024,3,0,0
7350077275221749,3,trace,0,8192,4,0,0
7350077275221749,3,latency,0,4096,0,0,0
7350077375744060,0,market_ingress,0,1024,7,0,0
7350077375744060,0,trader_request,0,1024,1,0,0
7350077375744060,0,trading_callback,0,1024,3,0,0
7350077375744060,0,trace,0,8192,3,0,0
7350077375744060,0,latency,0,4096,0,0,0
7350077375744060,1,market_ingress,0,1024,2,0,0
7350077375744060,1,trader_request,0,1024,1,0,0
7350077375744060,1,trading_callback,0,1024,2,0,0
7350077375744060,1,trace,0,8192,3,0,0
7350077375744060,1,latency,0,4096,0,0,0
7350077375744060,2,market_ingress,0,1024,7,0,0
7350077375744060,2,trader_request,0,1024,1,0,0
7350077375744060,2,trading_callback,0,1024,3,0,0
7350077375744060,2,trace,0,8192,4,0,0
7350077375744060,2,latency,0,4096,0,0,0
7350077375744060,3,market_ingress,0,1024,8,0,0
7350077375744060,3,trader_request,0,1024,1,0,0
7350077375744060,3,trading_callback,0,1024,3,0,0
7350077375744060,3,trace,0,8192,4,0,0
7350077375744060,3,latency,0,4096,0,0,0
7350077476260695,0,market_ingress,0,1024,7,0,0
7350077476260695,0,trader_request,0,1024,1,0,0
7350077476260695,0,trading_callback,0,1024,3,0,0
7350077476260695,0,trace,0,8192,3,0,0
7350077476260695,0,latency,0,4096,0,0,0
7350077476260695,1,market_ingress,0,1024,2,0,0
7350077476260695,1,trader_request,0,1024,1,0,0
7350077476260695,1,trading_callback,0,1024,2,0,0
7350077476260695,1,trace,0,8192,3,0,0
7350077476260695,1,latency,0,4096,0,0,0
7350077476260695,2,market_ingress,0,1024,7,0,0
7350077476260695,2,trader_request,0,1024,1,0,0
7350077476260695,2,trading_callback,0,1024,3,0,0
7350077476260695,2,trace,0,8192,4,0,0
7350077476260695,2,latency,0,4096,0,0,0
7350077476260695,3,market_ingress,0,1024,8,0,0
7350077476260695,3,trader_request,0,1024,1,0,0
7350077476260695,3,trading_callback,0,1024,3,0,0
7350077476260695,3,trace,0,8192,4,0,0
7350077476260695,3,latency,0,4096,0,0,0
7350077576835342,0,market_ingress,0,1024,7,0,0
7350077576835342,0,trader_request,0,1024,1,0,0
7350077576835342,0,trading_callback,0,1024,3,0,0
7350077576835342,0,trace,0,8192,3,0,0
7350077576835342,0,latency,0,4096,0,0,0
7350077576835342,1,market_ingress,0,1024,2,0,0
7350077576835342,1,trader_request,0,1024,1,0,0
7350077576835342,1,trading_callback,0,1024,2,0,0
7350077576835342,1,trace,0,8192,3,0,0
7350077576835342,1,latency,0,4096,0,0,0
7350077576835342,2,market_ingress,0,1024,7,0,0
7350077576835342,2,trader_request,0,1024,1,0,0
7350077576835342,2,trading_callback,0,1024,3,0,0
7350077576835342,2,trace,0,8192,4,0,0
7350077576835342,2,latency,0,4096,0,0,0
7350077576835342,3,market_ingress,0,1024,8,0,0
7350077576835342,3,trader_request,0,1024,1,0,0
7350077576835342,3,trading_callback,0,1024,3,0,0
7350077576835342,3,trace,0,8192,4,0,0
7350077576835342,3,latency,0,4096,0,0,0
7350077677380160,0,market_ingress,0,1024,7,0,0
7350077677380160,0,trader_request,0,1024,1,0,0
7350077677380160,0,trading_callback,0,1024,3,0,0
7350077677380160,0,trace,0,8192,3,0,0
7350077677380160,0,latency,0,4096,0,0,0
7350077677380160,1,market_ingress,0,1024,2,0,0
7350077677380160,1,trader_request,0,1024,1,0,0
7350077677380160,1,trading_callback,0,1024,2,0,0
7350077677380160,1,trace,0,8192,3,0,0
7350077677380160,1,latency,0,4096,0,0,0
7350077677380160,2,market_ingress,0,1024,7,0,0
7350077677380160,2,trader_request,0,1024,1,0,0
7350077677380160,2,trading_callback,0,1024,3,0,0
7350077677380160,2,trace,0,8192,4,0,0
7350077677380160,2,latency,0,4096,0,0,0
7350077677380160,3,market_ingress,0,1024,8,0,0
7350077677380160,3,trader_request,1,1024,1,388062,0
7350077677380160,3,trading_callback,0,1024,3,0,0
7350077677380160,3,trace,0,8192,4,0,0
7350077677380160,3,latency,0,4096,0,0,0
7350077777900224,0,market_ingress,0,1024,7,0,0
7350077777900224,0,trader_request,0,1024,1,0,0
7350077777900224,0,trading_callback,0,1024,3,0,0
7350077777900224,0,trace,0,8192,3,0,0
7350077777900224,0,latency,0,4096,2,0,0
7350077777900224,1,market_ingress,0,1024,2,0,0
7350077777900224,1,trader_request,0,1024,1,0,0
7350077777900224,1,trading_callback,0,1024,2,0,0
7350077777900224,1,trace,0,8192,3,0,0
7350077777900224,1,latency,0,4096,2,0,0
7350077777900224,2,market_ingress,0,1024,7,0,0
7350077777900224,2,trader_request,0,1024,1,0,0
7350077777900224,2,trading_callback,0,1024,3,0,0
7350077777900224,2,trace,0,8192,4,0,0
7350077777900224,2,latency,0,4096,2,0,0
7350077777900224,3,market_ingress,1,1024,8,872,0
7350077777900224,3,trader_request,0,1024,1,0,0
7350077777900224,3,trading_callback,0,1024,3,0,0
7350077777900224,3,trace,0,8192,4,0,0
7350077777900224,3,latency,0,4096,2,0,0
7350077878405255,0,market_ingress,0,1024,7,0,0
7350077878405255,0,trader_request,0,1024,1,0,0
7350077878405255,0,trading_callback,0,1024,3,0,0
7350077878405255,0,trace,0,8192,3,0,0
7350077878405255,0,latency,0,4096,13,0,0
7350077878405255,1,market_ingress,0,1024,2,0,0
7350077878405255,1,trader_request,0,1024,1,0,0
7350077878405255,1,trading_callback,0,1024,2,0,0
7350077878405255,1,trace,0,8192,3,0,0
7350077878405255,1,latency,0,4096,2,0,0
7350077878405255,2,market_ingress,0,1024,7,0,0
7350077878405255,2,trader_request,0,1024,1,0,0
7350077878405255,2,trading_callback,0,1024,3,0,0
7350077878405255,2,trace,0,8192,4,0,0
7350077878405255,2,latency,0,4096,2,0,0
7350077878405255,3,market_ingress,0,1024,8,0,0
7350077878405255,3,trader_request,0,1024,1,0,0
7350077878405255,3,trading_callback,0,1024,3,0,0
7350077878405255,3,trace,0,8192,4,0,0
7350077878405255,3,latency,0,4096,2,0,0
7350077978950904,0,market_ingress,0,1024,7,0,0
7350077978950904,0,trader_request,0,1024,1,0,0
7350077978950904,0,trading_callback,0,1024,3,0,0
7350077978950904,0,trace,0,8192,3,0,0
7350077978950904,0,latency,0,4096,13,0,0
7350077978950904,1,market_ingress,0,1024,2,0,0
7350077978950904,1,trader_request,0,1024,1,0,0
7350077978950904,1,trading_callback,0,1024,2,0,0
7350077978950904,1,trace,0,8192,3,0,0
7350077978950904,1,latency,0,4096,2,0,0
7350077978950904,2,market_ingress,0,1024,7,0,0
7350077978950904,2,trader_request,0,1024,1,0,0
7350077978950904,2,trading_callback,0,1024,3,0,0
7350077978950904,2,trace,0,8192,4,0,0
7350077978950904,2,latency,0,4096,2,0,0
7350077978950904,3,market_ingress,0,1024,8,0,0
7350077978950904,3,trader_request,0,1024,1,0,0
7350077978950904,3,trading_callback,0,1024,3,0,0
7350077978950904,3,trace,0,8192,4,0,0
7350077978950904,3,latency,0,4096,2,0,0
7350078079448700,0,market_ingress,0,1024,7,0,0
7350078079448700,0,trader_request,0,1024,1,0,0
7350078079448700,0,trading_callback,0,1024,3,0,0
7350078079448700,0,trace,0,8192,3,0,0
7350078079448700,0,latency,0,4096,13,0,0
7350078079448700,1,market_ingress,0,1024,2,0,0
7350078079448700,1,trader_request,0,1024,1,0,0
7350078079448700,1,trading_callback,0,1024,2,0,0
7350078079448700,1,trace,0,8192,3,0,0
7350078079448700,1,latency,0,4096,2,0,0
7350078079448700,2,market_ingress,0,1024,7,0,0
7350078079448700,2,trader_request,0,1024,1,0,0
7350078079448700,2,trading_callback,0,1024,3,0,0
7350078079448700,2,trace,0,8192,4,0,0
7350078079448700,2,latency,0,4096,2,0,0
7350078079448700,3,market_ingress,0,1024,8,0,0
7350078079448700,3,trader_request,0,1024,1,0,0
7350078079448700,3,trading_callback,0,1024,3,0,0
7350078079448700,3,trace,0,8192,4,0,0
7350078079448700,3,latency,0,4096,2,0,0
7350078179965379,0,market_ingress,0,1024,7,0,0
7350078179965379,0,trader_request,0,1024,1,0,0
7350078179965379,0,trading_callback,0,1024,3,0,0
7350078179965379,0,trace,0,8192,3,0,0
7350078179965379,0,latency,0,4096,13,0,0
7350078179965379,1,market_ingress,0,1024,2,0,0
7350078179965379,1,trader_request,0,1024,1,0,0
7350078179965379,1,trading_callback,0,1024,2,0,0
7350078179965379,1,trace,0,8192,3,0,0
7350078179965379,1,latency,0,4096,2,0,0
7350078179965379,2,market_ingress,0,1024,7,0,0
7350078179965379,2,trader_request,0,1024,1,0,0
7350078179965379,2,trading_callback,0,1024,3,0,0
7350078179965379,2,trace,0,8192,4,0,0
7350078179965379,2,latency,0,4096,2,0,0
7350078179965379,3,market_ingress,0,1024,8,0,0
7350078179965379,3,trader_request,0,1024,1,0,0
7350078179965379,3,trading_callback,0,1024,3,0,0
7350078179965379,3,trace,0,8192,4,0,0
7350078179965379,3,latency,0,4096,2,0,0
7350078280487096,0,market_ingress,0,1024,7,0,0
7350078280487096,0,trader_request,0,1024,1,0,0
7350078280487096,0,trading_callback,0,1024,3,0,0
7350078280487096,0,trace,0,8192,3,0,0
7350078280487096,0,latency,0,4096,13,0,0
7350078280487096,1,market_ingress,0,1024,2,0,0
7350078280487096,1,trader_request,0,1024,1,0,0
7350078280487096,1,trading_callback,0,1024,2,0,0
7350078280487096,1,trace,0,8192,3,0,0
7350078280487096,1,latency,0,4096,2,0,0
7350078280487096,2,market_ingress,0,1024,7,0,0
7350078280487096,2,trader_request,0,1024,1,0,0
7350078280487096,2,trading_callback,0,1024,3,0,0
7350078280487096,2,trace,0,8192,4,0,0
7350078280487096,2,latency,0,4096,2,0,0
7350078280487096,3,market_ingress,0,1024,8,0,0
7350078280487096,3,trader_request,0,1024,1,0,0
7350078280487096,3,trading_callback,0,1024,3,0,0
7350078280487096,3,trace,0,8192,4,0,0
7350078280487096,3,latency,0,4096,2,0,0
7350078380980652,0,market_ingress,0,1024,7,0,0
7350078380980652,0,trader_request,0,1024,1,0,0
7350078380980652,0,trading_callback,0,1024,3,0,0
7350078380980652,0,trace,0,8192,3,0,0
7350078380980652,0,latency,0,4096,13,0,0
7350078380980652,1,market_ingress,0,1024,2,0,0
7350078380980652,1,trader_request,0,1024,1,0,0
7350078380980652,1,trading_callback,0,1024,2,0,0
7350078380980652,1,trace,0,8192,3,0,0
7350078380980652,1,latency,0,4096,2,0,0
7350078380980652,2,market_ingress,0,1024,7,0,0
7350078380980652,2,trader_request,0,1024,1,0,0
7350078380980652,2,trading_callback,0,1024,3,0,0
7350078380980652,2,trace,0,8192,4,0,0
7350078380980652,2,latency,0,4096,3,0,0
7350078380980652,3,market_ingress,0,1024,8,0,0
7350078380980652,3,trader_request,0,1024,1,0,0
7350078380980652,3,trading_callback,0,1024,3,0,0
7350078380980652,3,trace,0,8192,4,0,0
7350078380980652,3,latency,0,4096,3,0,0
7350078481489044,0,market_ingress,0,1024,7,0,0
7350078481489044,0,trader_request,0,1024,1,0,0
7350078481489044,0,trading_callback,0,1024,3,0,0
7350078481489044,0,trace,0,8192,3,0,0
7350078481489044,0,latency,0,4096,13,0,0
7350078481489044,1,market_ingress,0,1024,2,0,0
7350078481489044,1,trader_request,0,1024,1,0,0
7350078481489044,1,trading_callback,0,1024,2,0,0
7350078481489044,1,trace,0,8192,3,0,0
7350078481489044,1,latency,0,4096,2,0,0
7350078481489044,2,market_ingress,0,1024,7,0,0
7350078481489044,2,trader_request,0,1024,1,0,0
7350078481489044,2,trading_callback,0,1024,3,0,0
7350078481489044,2,trace,0,8192,4,0,0
7350078481489044,2,latency,0,4096,3,0,0
7350078481489044,3,market_ingress,0,1024,8,0,0
7350078481489044,3,trader_request,0,1024,1,0,0
7350078481489044,3,trading_callback,0,1024,3,0,0
7350078481489044,3,trace,0,8192,4,0,0
7350078481489044,3,latency,0,4096,6,0,0
7350078581994578,0,market_ingress,0,1024,7,0,0
7350078581994578,0,trader_request,0,1024,1,0,0
7350078581994578,0,trading_callback,0,1024,3,0,0
7350078581994578,0,trace,0,8192,3,0,0
7350078581994578,0,latency,0,4096,13,0,0
7350078581994578,1,market_ingress,0,1024,2,0,0
7350078581994578,1,trader_request,0,1024,1,0,0
7350078581994578,1,trading_callback,0,1024,2,0,0
7350078581994578,1,trace,0,8192,3,0,0
7350078581994578,1,latency,0,4096,2,0,0
7350078581994578,2,market_ingress,0,1024,7,0,0
7350078581994578,2,trader_request,0,1024,1,0,0
7350078581994578,2,trading_callback,0,1024,3,0,0
7350078581994578,2,trace,0,8192,4,0,0
7350078581994578,2,latency,0,4096,3,0,0
7350078581994578,3,market_ingress,0,1024,8,0,0
7350078581994578,3,trader_request,0,1024,1,0,0
7350078581994578,3,trading_callback,0,1024,3,0,0
7350078581994578,3,trace,0,8192,4,0,0
7350078581994578,3,latency,0,4096,6,0,0
7350078682487962,0,market_ingress,0,1024,7,0,0
7350078682487962,0,trader_request,0,1024,1,0,0
7350078682487962,0,trading_callback,0,1024,3,0,0
7350078682487962,0,trace,0,8192,3,0,0
7350078682487962,0,latency,0,4096,13,0,0
7350078682487962,1,market_ingress,0,1024,2,0,0
7350078682487962,1,trader_request,0,1024,1,0,0
7350078682487962,1,trading_callback,0,1024,2,0,0
7350078682487962,1,trace,0,8192,3,0,0
7350078682487962,1,latency,0,4096,2,0,0
7350078682487962,2,market_ingress,0,1024,7,0,0
7350078682487962,2,trader_request,0,1024,1,0,0
7350078682487962,2,trading_callback,0,1024,3,0,0
7350078682487962,2,trace,0,8192,4,0,0
7350078682487962,2,latency,0,4096,3,0,0
7350078682487962,3,market_ingress,0,1024,8,0,0
7350078682487962,3,trader_request,0,1024,1,0,0
7350078682487962,3,trading_callback,0,1024,3,0,0
7350078682487962,3,trace,0,8192,4,0,0
7350078682487962,3,latency,0,4096,6,0,0
7350078782977713,0,market_ingress,0,1024,7,0,0
7350078782977713,0,trader_request,0,1024,1,0,0
7350078782977713,0,trading_callback,0,1024,3,0,0
7350078782977713,0,trace,0,8192,3,0,0
7350078782977713,0,latency,0,4096,13,0,0
7350078782977713,1,market_ingress,0,1024,2,0,0
7350078782977713,1,trader_request,0,1024,1,0,0
7350078782977713,1,trading_callback,0,1024,2,0,0
7350078782977713,1,trace,0,8192,3,0,0
7350078782977713,1,latency,0,4096,2,0,0
7350078782977713,2,market_ingress,0,1024,7,0,0
7350078782977713,2,trader_request,0,1024,1,0,0
7350078782977713,2,trading_callback,0,1024,3,0,0
7350078782977713,2,trace,0,8192,4,0,0
7350078782977713,2,latency,0,4096,3,0,0
7350078782977713,3,market_ingress,0,1024,8,0,0
7350078782977713,3,trader_request,0,1024,1,0,0
7350078782977713,3,trading_callback,0,1024,3,0,0
7350078782977713,3,trace,0,8192,4,0,0
7350078782977713,3,latency,0,4096,6,0,0
7350078883476052,0,market_ingress,0,1024,7,0,0
7350078883476052,0,trader_request,0,1024,1,0,0
7350078883476052,0,trading_callback,0,1024,3,0,0
7350078883476052,0,trace,0,8192,3,0,0
7350078883476052,0,latency,0,4096,13,0,0
7350078883476052,1,market_ingress,0,1024,2,0,0
7350078883476052,1,trader_request,0,1024,1,0,0
7350078883476052,1,trading_callback,0,1024,2,0,0
7350078883476052,1,trace,0,8192,3,0,0
7350078883476052,1,latency,0,4096,2,0,0
7350078883476052,2,market_ingress,0,1024,7,0,0
7350078883476052,2,trader_request,0,1024,1,0,0
7350078883476052,2,trading_callback,0,1024,3,0,0
7350078883476052,2,trace,0,8192,4,0,0
7350078883476052,2,latency,0,4096,3,0,0
7350078883476052,3,market_ingress,0,1024,8,0,0
7350078883476052,3,trader_request,0,1024,1,0,0
7350078883476052,3,trading_callback,0,1024,3,0,0
7350078883476052,3,trace,0,8192,4,0,0
7350078883476052,3,latency,6,4096,6,1529556,0
7350078983931338,0,market_ingress,0,1024,7,0,0
7350078983931338,0,trader_request,0,1024,1,0,0
7350078983931338,0,trading_callback,0,1024,3,0,0
7350078983931338,0,trace,0,8192,3,0,0
7350078983931338,0,latency,0,4096,13,0,0
7350078983931338,1,market_ingress,0,1024,2,0,0
7350078983931338,1,trader_request,0,1024,1,0,0
7350078983931338,1,trading_callback,0,1024,2,0,0
7350078983931338,1,trace,0,8192,3,0,0
7350078983931338,1,latency,0,4096,3,0,0
7350078983931338,2,market_ingress,0,1024,7,0,0
7350078983931338,2,trader_request,0,1024,1,0,0
7350078983931338,2,trading_callback,0,1024,3,0,0
7350078983931338,2,trace,0,8192,4,0,0
7350078983931338,2,latency,0,4096,5,0,0
7350078983931338,3,market_ingress,0,1024,8,0,0
7350078983931338,3,trader_request,0,1024,1,0,0
7350078983931338,3,trading_callback,0,1024,3,0,0
7350078983931338,3,trace,0,8192,4,0,0
7350078983931338,3,latency,0,4096,15,0,0
7350079084419964,0,market_ingress,0,1024,7,0,0
7350079084419964,0,trader_request,0,1024,1,0,0
7350079084419964,0,trading_callback,0,1024,3,0,0
7350079084419964,0,trace,0,8192,3,0,0
7350079084419964,0,latency,0,4096,13,0,0
7350079084419964,1,market_ingress,0,1024,2,0,0
7350079084419964,1,trader_request,0,1024,1,0,0
7350079084419964,1,trading_callback,0,1024,2,0,0
7350079084419964,1,trace,0,8192,3,0,0
7350079084419964,1,latency,0,4096,3,0,0
7350079084419964,2,market_ingress,0,1024,7,0,0
7350079084419964,2,trader_request,0,1024,1,0,0
7350079084419964,2,trading_callback,0,1024,3,0,0
7350079084419964,2,trace,0,8192,4,0,0
7350079084419964,2,latency,0,4096,5,0,0
7350079084419964,3,market_ingress,0,1024,8,0,0
7350079084419964,3,trader_request,0,1024,1,0,0
7350079084419964,3,trading_callback,0,1024,3,0,0
7350079084419964,3,trace,0,8192,4,0,0
7350079084419964,3,latency,0,4096,15,0,0
7350079184898922,0,market_ingress,0,1024,7,0,0
7350079184898922,0,trader_request,0,1024,1,0,0
7350079184898922,0,trading_callback,0,1024,3,0,0
7350079184898922,0,trace,0,8192,3,0,0
7350079184898922,0,latency,0,4096,13,0,0
7350079184898922,1,market_ingress,1,1024,2,604,0
7350079184898922,1,trader_request,0,1024,1,0,0
7350079184898922,1,trading_callback,0,1024,2,0,0
7350079184898922,1,trace,0,8192,3,0,0
7350079184898922,1,latency,0,4096,3,0,0
7350079184898922,2,market_ingress,0,1024,7,0,0
7350079184898922,2,trader_request,0,1024,1,0,0
7350079184898922,2,trading_callback,0,1024,3,0,0
7350079184898922,2,trace,0,8192,4,0,0
7350079184898922,2,latency,0,4096,5,0,0
7350079184898922,3,market_ingress,0,1024,8,0,0
7350079184898922,3,trader_request,0,1024,1,0,0
7350079184898922,3,trading_callback,0,1024,3,0,0
7350079184898922,3,trace,0,8192,4,0,0
7350079184898922,3,latency,0,4096,15,0,0
7350079285412512,0,market_ingress,0,1024,7,0,0
7350079285412512,0,trader_request,0,1024,1,0,0
7350079285412512,0,trading_callback,0,1024,3,0,0
7350079285412512,0,trace,0,8192,3,0,0
7350079285412512,0,latency,0,4096,13,0,0
7350079285412512,1,market_ingress,0,1024,2,0,0
7350079285412512,1,trader_request,0,1024,1,0,0
7350079285412512,1,trading_callback,0,1024,2,0,0
7350079285412512,1,trace,0,8192,3,0,0
7350079285412512,1,latency,0,4096,15,0,0
7350079285412512,2,market_ingress,0,1024,7,0,0
7350079285412512,2,trader_request,0,1024,1,0,0
7350079285412512,2,trading_callback,0,1024,3,0,0
7350079285412512,2,trace,0,8192,4,0,0
7350079285412512,2,latency,0,4096,5,0,0
7350079285412512,3,market_ingress,0,1024,8,0,0
7350079285412512,3,trader_request,0,1024,1,0,0
7350079285412512,3,trading_callback,0,1024,3,0,0
7350079285412512,3,trace,0,8192,4,0,0
7350079285412512,3,latency,0,4096,15,0,0
7350079385921959,0,market_ingress,0,1024,7,0,0
7350079385921959,0,trader_request,0,1024,1,0,0
7350079385921959,0,trading_callback,0,1024,3,0,0
7350079385921959,0,trace,0,8192,3,0,0
7350079385921959,0,latency,0,4096,13,0,0
7350079385921959,1,market_ingress,0,1024,2,0,0
7350079385921959,1,trader_request,0,1024,1,0,0
7350079385921959,1,trading_callback,0,1024,2,0,0
7350079385921959,1,trace,0,8192,3,0,0
7350079385921959,1,latency,0,4096,15,0,0
7350079385921959,2,market_ingress,0,1024,7,0,0
7350079385921959,2,trader_request,0,1024,1,0,0
7350079385921959,2,trading_callback,0,1024,3,0,0
7350079385921959,2,trace,0,8192,4,0,0
7350079385921959,2,latency,0,4096,5,0,0
7350079385921959,3,market_ingress,0,1024,8,0,0
7350079385921959,3,trader_request,0,1024,1,0,0
7350079385921959,3,trading_callback,0,1024,3,0,0
7350079385921959,3,trace,0,8192,4,0,0
7350079385921959,3,latency,6,4096,15,1056898,0
7350079486459189,0,market_ingress,0,1024,7,0,0
7350079486459189,0,trader_request,0,1024,1,0,0
7350079486459189,0,trading_callback,0,1024,3,0,0
7350079486459189,0,trace,0,8192,3,0,0
7350079486459189,0,latency,0,4096,13,0,0
7350079486459189,1,market_ingress,0,1024,2,0,0
7350079486459189,1,trader_request,0,1024,1,0,0
7350079486459189,1,trading_callback,0,1024,2,0,0
7350079486459189,1,trace,0,8192,3,0,0
7350079486459189,1,latency,0,4096,15,0,0
7350079486459189,2,market_ingress,0,1024,7,0,0
7350079486459189,2,trader_request,0,1024,1,0,0
7350079486459189,2,trading_callback,0,1024,3,0,0
7350079486459189,2,trace,0,8192,4,0,0
7350079486459189,2,latency,0,4096,5,0,0
7350079486459189,3,market_ingress,0,1024,8,0,0
7350079486459189,3,trader_request,0,1024,1,0,0
7350079486459189,3,trading_callback,0,1024,3,0,0
7350079486459189,3,trace,0,8192,4,0,0
7350079486459189,3,latency,0,4096,15,0,0
7350079586968662,0,market_ingress,0,1024,7,0,0
7350079586968662,0,trader_request,0,1024,1,0,0
7350079586968662,0,trading_callback,0,1024,3,0,0
7350079586968662,0,trace,0,8192,3,0,0
7350079586968662,0,latency,0,4096,13,0,0
7350079586968662,1,market_ingress,0,1024,2,0,0
7350079586968662,1,trader_request,0,1024,1,0,0
7350079586968662,1,trading_callback,0,1024,2,0,0
7350079586968662,1,trace,0,8192,3,0,0
7350079586968662,1,latency,0,4096,15,0,0
7350079586968662,2,market_ingress,0,1024,7,0,0
7350079586968662,2,trader_request,0,1024,1,0,0
7350079586968662,2,trading_callback,0,1024,3,0,0
7350079586968662,2,trace,0,8192,4,0,0
7350079586968662,2,latency,0,4096,5,0,0
7350079586968662,3,market_ingress,0,1024,8,0,0
7350079586968662,3,trader_request,0,1024,1,0,0
7350079586968662,3,trading_callback,0,1024,3,0,0
7350079586968662,3,trace,0,8192,4,0,0
7350079586968662,3,latency,0,4096,15,0,0
7350079687487882,0,market_ingress,0,1024,7,0,0
7350079687487882,0,trader_request,0,1024,1,0,0
7350079687487882,0,trading_callback,0,1024,3,0,0
7350079687487882,0,trace,0,8192,3,0,0
7350079687487882,0,latency,0,4096,13,0,0
7350079687487882,1,market_ingress,0,1024,2,0,0
7350079687487882,1,trader_request,0,1024,1,0,0
7350079687487882,1,trading_callback,0,1024,2,0,0
7350079687487882,1,trace,0,8192,3,0,0
7350079687487882,1,latency,0,4096,15,0,0
7350079687487882,2,market_ingress,0,1024,7,0,0
7350079687487882,2,trader_request,0,1024,1,0,0
7350079687487882,2,trading_callback,0,1024,3,0,0
7350079687487882,2,trace,0,8192,4,0,0
7350079687487882,2,latency,0,4096,5,0,0
7350079687487882,3,market_ingress,0,1024,8,0,0
7350079687487882,3,trader_request,0,1024,1,0,0
7350079687487882,3,trading_callback,0,1024,3,0,0
7350079687487882,3,trace,0,8192,4,0,0
7350079687487882,3,latency,0,4096,15,0,0
7350079787991639,0,market_ingress,0,1024,7,0,0
7350079787991639,0,trader_request,0,1024,1,0,0
7350079787991639,0,trading_callback,0,1024,3,0,0
7350079787991639,0,trace,0,8192,3,0,0
7350079787991639,0,latency,0,4096,13,0,0
7350079787991639,1,market_ingress,0,1024,2,0,0
7350079787991639,1,trader_request,0,1024,1,0,0
7350079787991639,1,trading_callback,0,1024,2,0,0
7350079787991639,1,trace,0,8192,3,0,0
7350079787991639,1,latency,0,4096,15,0,0
7350079787991639,2,market_ingress,0,1024,7,0,0
7350079787991639,2,trader_request,0,1024,1,0,0
7350079787991639,2,trading_callback,0,1024,3,0,0
7350079787991639,2,trace,0,8192,4,0,0
7350079787991639,2,latency,0,4096,5,0,0
7350079787991639,3,market_ingress,0,1024,8,0,0
7350079787991639,3,trader_request,0,1024,1,0,0
7350079787991639,3,trading_callback,0,1024,3,0,0
7350079787991639,3,trace,0,8192,4,0,0
7350079787991639,3,latency,0,4096,15,0,0
7350079888547867,0,market_ingress,0,1024,7,0,0
7350079888547867,0,trader_request,0,1024,1,0,0
7350079888547867,0,trading_callback,0,1024,3,0,0
7350079888547867,0,trace,0,8192,3,0,0
7350079888547867,0,latency,0,4096,13,0,0
7350079888547867,1,market_ingress,0,1024,2,0,0
7350079888547867,1,trader_request,0,1024,1,0,0
7350079888547867,1,trading_callback,0,1024,2,0,0
7350079888547867,1,trace,0,8192,3,0,0
7350079888547867,1,latency,0,4096,15,0,0
7350079888547867,2,market_ingress,0,1024,7,0,0
7350079888547867,2,trader_request,0,1024,1,0,0
7350079888547867,2,trading_callback,0,1024,3,0,0
7350079888547867,2,trace,0,8192,4,0,0
7350079888547867,2,latency,0,4096,5,0,0
7350079888547867,3,market_ingress,0,1024,8,0,0
7350079888547867,3,trader_request,0,1024,1,0,0
7350079888547867,3,trading_callback,0,1024,3,0,0
7350079888547867,3,trace,0,8192,4,0,0
7350079888547867,3,latency,0,4096,15,0,0
7350079989011302,0,market_ingress,0,1024,7,0,0
7350079989011302,0,trader_request,0,1024,1,0,0
7350079989011302,0,trading_callback,0,1024,3,0,0
7350079989011302,0,trace,0,8192,3,0,0
7350079989011302,0,latency,0,4096,13,0,0
7350079989011302,1,market_ingress,0,1024,2,0,0
7350079989011302,1,trader_request,0,1024,1,0,0
7350079989011302,1,trading_callback,0,1024,2,0,0
7350079989011302,1,trace,0,8192,3,0,0
7350079989011302,1,latency,0,4096,15,0,0
7350079989011302,2,market_ingress,0,1024,7,0,0
7350079989011302,2,trader_request,0,1024,1,0,0
7350079989011302,2,trading_callback,0,1024,3,0,0
7350079989011302,2,trace,0,8192,4,0,0
7350079989011302,2,latency,0,4096,5,0,0
7350079989011302,3,market_ingress,0,1024,8,0,0
7350079989011302,3,trader_request,0,1024,1,0,0
7350079989011302,3,trading_callback,0,1024,3,0,0
7350079989011302,3,trace,0,8192,4,0,0
7350079989011302,3,latency,0,4096,15,0,0
7350080089595989,0,market_ingress,0,1024,7,0,0
7350080089595989,0,trader_request,0,1024,1,0,0
7350080089595989,0,trading_callback,0,1024,3,0,0
7350080089595989,0,trace,0,8192,3,0,0
7350080089595989,0,latency,0,4096,13,0,0
7350080089595989,1,market_ingress,0,1024,2,0,0
7350080089595989,1,trader_request,0,1024,1,0,0
7350080089595989,1,trading_callback,0,1024,2,0,0
7350080089595989,1,trace,0,8192,3,0,0
7350080089595989,1,latency,0,4096,15,0,0
7350080089595989,2,market_ingress,0,1024,7,0,0
7350080089595989,2,trader_request,0,1024,1,0,0
7350080089595989,2,trading_callback,0,1024,3,0,0
7350080089595989,2,trace,0,8192,4,0,0
7350080089595989,2,latency,0,4096,5,0,0
7350080089595989,3,market_ingress,0,1024,8,0,0
7350080089595989,3,trader_request,0,1024,1,0,0
7350080089595989,3,trading_callback,0,1024,3,0,0
7350080089595989,3,trace,0,8192,4,0,0
7350080089595989,3,latency,0,4096,15,0,0
7350080190111672,0,market_ingress,0,1024,7,0,0
7350080190111672,0,trader_request,0,1024,1,0,0
7350080190111672,0,trading_callback,0,1024,3,0,0
7350080190111672,0,trace,0,8192,3,0,0
7350080190111672,0,latency,0,4096,13,0,0
7350080190111672,1,market_ingress,0,1024,2,0,0
7350080190111672,1,trader_request,0,1024,1,0,0
7350080190111672,1,trading_callback,0,1024,2,0,0
7350080190111672,1,trace,0,8192,3,0,0
7350080190111672,1,latency,0,4096,15,0,0
7350080190111672,2,market_ingress,0,1024,7,0,0
7350080190111672,2,trader_request,0,1024,1,0,0
7350080190111672,2,trading_callback,0,1024,3,0,0
7350080190111672,2,trace,0,8192,4,0,0
7350080190111672,2,latency,0,4096,5,0,0
7350080190111672,3,market_ingress,0,1024,8,0,0
7350080190111672,3,trader_request,0,1024,2,0,0
7350080190111672,3,trading_callback,0,1024,3,0,0
7350080190111672,3,trace,0,8192,4,0,0
7350080190111672,3,latency,0,4096,15,0,0
7350080290849482,0,market_ingress,0,1024,7,0,0
7350080290849482,0,trader_request,0,1024,1,0,0
7350080290849482,0,trading_callback,0,1024,3,0,0
7350080290849482,0,trace,0,8192,3,0,0
7350080290849482,0,latency,0,4096,13,0,0
7350080290849482,1,market_ingress,0,1024,2,0,0
7350080290849482,1,trader_request,0,1024,1,0,0
7350080290849482,1,trading_callback,0,1024,2,0,0
7350080290849482,1,trace,0,8192,3,0,0
7350080290849482,1,latency,0,4096,15,0,0
7350080290849482,2,market_ingress,0,1024,7,0,0
7350080290849482,2,trader_request,0,1024,1,0,0
7350080290849482,2,trading_callback,0,1024,3,0,0
7350080290849482,2,trace,0,8192,4,0,0
7350080290849482,2,latency,0,4096,5,0,0
7350080290849482,3,market_ingress,0,1024,8,0,0
7350080290849482,3,trader_request,0,1024,2,0,0
7350080290849482,3,trading_callback,0,1024,3,0,0
7350080290849482,3,trace,0,8192,4,0,0
7350080290849482,3,latency,0,4096,15,0,0
7350080396807744,0,market_ingress,0,1024,7,0,0
7350080396807744,0,trader_request,0,1024,1,0,0
7350080396807744,0,trading_callback,0,1024,3,0,0
7350080396807744,0,trace,0,8192,3,0,0
7350080396807744,0,latency,0,4096,13,0,0
7350080396807744,1,market_ingress,0,1024,2,0,0
7350080396807744,1,trader_request,0,1024,1,0,0
7350080396807744,1,trading_callback,0,1024,2,0,0
7350080396807744,1,trace,0,8192,3,0,0
7350080396807744,1,latency,0,4096,15,0,0
7350080396807744,2,market_ingress,0,1024,7,0,0
7350080396807744,2,trader_request,0,1024,1,0,0
7350080396807744,2,trading_callback,0,1024,3,0,0
7350080396807744,2,trace,0,8192,4,0,0
7350080396807744,2,latency,0,4096,5,0,0
7350080396807744,3,market_ingress,0,1024,8,0,0
7350080396807744,3,trader_request,0,1024,2,0,0
7350080396807744,3,trading_callback,0,1024,3,0,0
7350080396807744,3,trace,0,8192,4,0,0
7350080396807744,3,latency,0,4096,15,0,0
7350080497559139,0,market_ingress,0,1024,7,0,0
7350080497559139,0,trader_request,0,1024,1,0,0
7350080497559139,0,trading_callback,0,1024,3,0,0
7350080497559139,0,trace,0,8192,3,0,0
7350080497559139,0,latency,0,4096,13,0,0
7350080497559139,1,market_ingress,0,1024,2,0,0
7350080497559139,1,trader_request,0,1024,1,0,0
7350080497559139,1,trading_callback,0,1024,2,0,0
7350080497559139,1,trace,0,8192,3,0,0
7350080497559139,1,latency,0,4096,15,0,0
7350080497559139,2,market_ingress,0,1024,7,0,0
7350080497559139,2,trader_request,0,1024,1,0,0
7350080497559139,2,trading_callback,0,1024,3,0,0
7350080497559139,2,trace,0,8192,4,0,0
7350080497559139,2,latency,0,4096,5,0,0
7350080497559139,3,market_ingress,0,1024,8,0,0
7350080497559139,3,trader_request,0,1024,2,0,0
7350080497559139,3,trading_callback,0,1024,3,0,0
7350080497559139,3,trace,0,8192,4,0,0
7350080497559139,3,latency,0,4096,15,0,0
7350080598274810,0,market_ingress,0,1024,7,0,0
7350080598274810,0,trader_request,0,1024,1,0,0
7350080598274810,0,trading_callback,0,1024,3,0,0
7350080598274810,0,trace,0,8192,3,0,0
7350080598274810,0,latency,0,4096,13,0,0
7350080598274810,1,market_ingress,1,1024,2,603432,0
7350080598274810,1,trader_request,0,1024,1,0,0
7350080598274810,1,trading_callback,0,1024,2,0,0
7350080598274810,1,trace,0,8192,3,0,0
7350080598274810,1,latency,0,4096,15,0,0
7350080598274810,2,market_ingress,0,1024,7,0,0
7350080598274810,2,trader_request,0,1024,1,0,0
7350080598274810,2,trading_callback,0,1024,3,0,0
7350080598274810,2,trace,0,8192,4,0,0
7350080598274810,2,latency,0,4096,5,0,0
7350080598274810,3,market_ingress,0,1024,8,0,0
7350080598274810,3,trader_request,0,1024,2,0,0
7350080598274810,3,trading_callback,0,1024,3,0,0
7350080598274810,3,trace,0,8192,4,0,0
7350080598274810,3,latency,0,4096,15,0,0
7350080699055209,0,market_ingress,0,1024,7,0,0
7350080699055209,0,trader_request,0,1024,1,0,0
7350080699055209,0,trading_callback,0,1024,3,0,0
7350080699055209,0,trace,0,8192,3,0,0
7350080699055209,0,latency,0,4096,13,0,0
7350080699055209,1,market_ingress,1,1024,2,339977,0
7350080699055209,1,trader_request,0,1024,1,0,0
7350080699055209,1,trading_callback,0,1024,2,0,0
7350080699055209,1,trace,0,8192,3,0,0
7350080699055209,1,latency,0,4096,15,0,0
7350080699055209,2,market_ingress,0,1024,7,0,0
7350080699055209,2,trader_request,0,1024,1,0,0
7350080699055209,2,trading_callback,0,1024,3,0,0
7350080699055209,2,trace,0,8192,4,0,0
7350080699055209,2,latency,0,4096,5,0,0
7350080699055209,3,market_ingress,0,1024,8,0,0
7350080699055209,3,trader_request,0,1024,2,0,0
7350080699055209,3,trading_callback,0,1024,3,0,0
7350080699055209,3,trace,0,8192,4,0,0
7350080699055209,3,latency,0,4096,15,0,0
7350080799776284,0,market_ingress,0,1024,7,0,0
7350080799776284,0,trader_request,0,1024,1,0,0
7350080799776284,0,trading_callback,0,1024,3,0,0
7350080799776284,0,trace,0,8192,3,0,0
7350080799776284,0,latency,0,4096,13,0,0
7350080799776284,1,market_ingress,1,1024,5,86080,0
7350080799776284,1,trader_request,0,1024,1,0,0
7350080799776284,1,trading_callback,0,1024,2,0,0
7350080799776284,1,trace,0,8192,4,0,0
7350080799776284,1,latency,0,4096,15,0,0
7350080799776284,2,market_ingress,0,1024,7,0,0
7350080799776284,2,trader_request,0,1024,1,0,0
7350080799776284,2,trading_callback,0,1024,3,0,0
7350080799776284,2,trace,0,8192,4,0,0
7350080799776284,2,latency,0,4096,5,0,0
7350080799776284,3,market_ingress,1,1024,8,101197,0
7350080799776284,3,trader_request,0,1024,2,0,0
7350080799776284,3,trading_callback,0,1024,3,0,0
7350080799776284,3,trace,0,8192,4,0,0
7350080799776284,3,latency,0,4096,15,0,0
7350080900512317,0,market_ingress,0,1024,7,0,0
7350080900512317,0,trader_request,0,1024,1,0,0
7350080900512317,0,trading_callback,0,1024,3,0,0
7350080900512317,0,trace,0,8192,3,0,0
7350080900512317,0,latency,0,4096,13,0,0
7350080900512317,1,market_ingress,0,1024,5,0,0
7350080900512317,1,trader_request,0,1024,1,0,0
7350080900512317,1,trading_callback,0,1024,2,0,0
7350080900512317,1,trace,0,8192,4,0,0
7350080900512317,1,latency,0,4096,15,0,0
7350080900512317,2,market_ingress,0,1024,7,0,0
7350080900512317,2,trader_request,0,1024,1,0,0
7350080900512317,2,trading_callback,0,1024,3,0,0
7350080900512317,2,trace,0,8192,4,0,0
7350080900512317,2,latency,0,4096,5,0,0
7350080900512317,3,market_ingress,0,1024,8,0,0
7350080900512317,3,trader_request,0,1024,2,0,0
7350080900512317,3,trading_callback,0,1024,3,0,0
7350080900512317,3,trace,0,8192,4,0,0
7350080900512317,3,latency,0,4096,15,0,0
7350081001232820,0,market_ingress,0,1024,7,0,0
7350081001232820,0,trader_request,0,1024,1,0,0
7350081001232820,0,trading_callback,0,1024,3,0,0
7350081001232820,0,trace,0,8192,3,0,0
7350081001232820,0,latency,0,4096,13,0,0
7350081001232820,1,market_ingress,1,1024,5,499263,0
7350081001232820,1,trader_request,0,1024,1,0,0
7350081001232820,1,trading_callback,0,1024,2,0,0
7350081001232820,1,trace,0,8192,4,0,0
7350081001232820,1,latency,0,4096,15,0,0
7350081001232820,2,market_ingress,0,1024,7,0,0
7350081001232820,2,trader_request,0,1024,1,0,0
7350081001232820,2,trading_callback,0,1024,3,0,0
7350081001232820,2,trace,0,8192,4,0,0
7350081001232820,2,latency,0,4096,5,0,0
7350081001232820,3,market_ingress,0,1024,8,0,0
7350081001232820,3,trader_request,0,1024,2,0,0
7350081001232820,3,trading_callback,0,1024,3,0,0
7350081001232820,3,trace,0,8192,4,0,0
7350081001232820,3,latency,0,4096,15,0,0
7350081101923899,0,market_ingress,0,1024,7,0,0
7350081101923899,0,trader_request,0,1024,1,0,0
7350081101923899,0,trading_callback,0,1024,3,0,0
7350081101923899,0,trace,0,8192,3,0,0
7350081101923899,0,latency,0,4096,13,0,0
7350081101923899,1,market_ingress,1,1024,5,237767,0
7350081101923899,1,trader_request,0,1024,1,0,0
7350081101923899,1,trading_callback,0,1024,2,0,0
7350081101923899,1,trace,0,8192,4,0,0
7350081101923899,1,latency,0,4096,15,0,0
7350081101923899,2,market_ingress,0,1024,7,0,0
7350081101923899,2,trader_request,0,1024,1,0,0
7350081101923899,2,trading_callback,0,1024,3,0,0
7350081101923899,2,trace,0,8192,4,0,0
7350081101923899,2,latency,0,4096,5,0,0
7350081101923899,3,market_ingress,0,1024,8,0,0
7350081101923899,3,trader_request,0,1024,2,0,0
7350081101923899,3,trading_callback,0,1024,3,0,0
7350081101923899,3,trace,0,8192,4,0,0
7350081101923899,3,latency,0,4096,15,0,0
7350081202661684,0,market_ingress,0,1024,7,0,0
7350081202661684,0,trader_request,0,1024,1,0,0
7350081202661684,0,trading_callback,0,1024,3,0,0
7350081202661684,0,trace,0,8192,3,0,0
7350081202661684,0,latency,0,4096,13,0,0
7350081202661684,1,market_ingress,0,1024,5,0,0
7350081202661684,1,trader_request,0,1024,1,0,0
7350081202661684,1,trading_callback,0,1024,2,0,0
7350081202661684,1,trace,0,8192,4,0,0
7350081202661684,1,latency,0,4096,15,0,0
7350081202661684,2,market_ingress,0,1024,7,0,0
7350081202661684,2,trader_request,0,1024,1,0,0
7350081202661684,2,trading_callback,0,1024,3,0,0
7350081202661684,2,trace,0,8192,4,0,0
7350081202661684,2,latency,0,4096,5,0,0
7350081202661684,3,market_ingress,0,1024,8,0,0
7350081202661684,3,trader_request,0,1024,2,0,0
7350081202661684,3,trading_callback,0,1024,3,0,0
7350081202661684,3,trace,0,8192,4,0,0
7350081202661684,3,latency,0,4096,15,0,0
7350081303387998,0,market_ingress,0,1024,7,0,0
7350081303387998,0,trader_request,0,1024,1,0,0
7350081303387998,0,trading_callback,0,1024,3,0,0
7350081303387998,0,trace,0,8192,3,0,0
7350081303387998,0,latency,0,4096,13,0,0
7350081303387998,1,market_ingress,0,1024,5,0,0
7350081303387998,1,trader_request,0,1024,1,0,0
7350081303387998,1,trading_callback,0,1024,2,0,0
7350081303387998,1,trace,0,8192,4,0,0
7350081303387998,1,latency,0,4096,15,0,0
7350081303387998,2,market_ingress,0,1024,7,0,0
7350081303387998,2,trader_request,0,1024,1,0,0
7350081303387998,2,trading_callback,0,1024,3,0,0
7350081303387998,2,trace,0,8192,4,0,0
7350081303387998,2,latency,0,4096,5,0,0
7350081303387998,3,market_ingress,0,1024,8,0,0
7350081303387998,3,trader_request,0,1024,2,0,0
7350081303387998,3,trading_callback,0,1024,3,0,0
7350081303387998,3,trace,0,8192,4,0,0
7350081303387998,3,latency,0,4096,15,0,0
7350081404113671,0,market_ingress,0,1024,7,0,0
7350081404113671,0,trader_request,0,1024,1,0,0
7350081404113671,0,trading_callback,0,1024,3,0,0
7350081404113671,0,trace,0,8192,3,0,0
7350081404113671,0,latency,0,4096,13,0,0
7350081404113671,1,market_ingress,1,1024,5,439676,0
7350081404113671,1,trader_request,0,1024,1,0,0
7350081404113671,1,trading_callback,0,1024,2,0,0
7350081404113671,1,trace,0,8192,4,0,0
7350081404113671,1,latency,0,4096,15,0,0
7350081404113671,2,market_ingress,0,1024,7,0,0
7350081404113671,2,trader_request,0,1024,1,0,0
7350081404113671,2,trading_callback,0,1024,3,0,0
7350081404113671,2,trace,0,8192,4,0,0
7350081404113671,2,latency,0,4096,5,0,0
7350081404113671,3,market_ingress,0,1024,8,0,0
7350081404113671,3,trader_request,0,1024,2,0,0
7350081404113671,3,trading_callback,0,1024,3,0,0
7350081404113671,3,trace,0,8192,4,0,0
7350081404113671,3,latency,0,4096,15,0,0
7350081504865182,0,market_ingress,0,1024,7,0,0
7350081504865182,0,trader_request,0,1024,1,0,0
7350081504865182,0,trading_callback,0,1024,3,0,0
7350081504865182,0,trace,0,8192,3,0,0
7350081504865182,0,latency,0,4096,13,0,0
7350081504865182,1,market_ingress,1,1024,5,172098,0
7350081504865182,1,trader_request,0,1024,1,0,0
7350081504865182,1,trading_callback,0,1024,2,0,0
7350081504865182,1,trace,0,8192,4,0,0
7350081504865182,1,latency,0,4096,15,0,0
7350081504865182,2,market_ingress,0,1024,7,0,0
7350081504865182,2,trader_request,0,1024,1,0,0
7350081504865182,2,trading_callback,0,1024,3,0,0
7350081504865182,2,trace,0,8192,4,0,0
7350081504865182,2,latency,0,4096,5,0,0
7350081504865182,3,market_ingress,0,1024,8,0,0
7350081504865182,3,trader_request,0,1024,2,0,0
7350081504865182,3,trading_callback,0,1024,3,0,0
7350081504865182,3,trace,0,8192,4,0,0
7350081504865182,3,latency,0,4096,15,0,0
7350081605600237,0,market_ingress,0,1024,7,0,0
7350081605600237,0,trader_request,0,1024,1,0,0
7350081605600237,0,trading_callback,0,1024,3,0,0
7350081605600237,0,trace,0,8192,3,0,0
7350081605600237,0,latency,0,4096,13,0,0
7350081605600237,1,market_ingress,0,1024,5,0,0
7350081605600237,1,trader_request,0,1024,1,0,0
7350081605600237,1,trading_callback,0,1024,2,0,0
7350081605600237,1,trace,0,8192,4,0,0
7350081605600237,1,latency,0,4096,15,0,0
7350081605600237,2,market_ingress,0,1024,7,0,0
7350081605600237,2,trader_request,0,1024,1,0,0
7350081605600237,2,trading_callback,0,1024,3,0,0
7350081605600237,2,trace,0,8192,4,0,0
7350081605600237,2,latency,0,4096,5,0,0
7350081605600237,3,market_ingress,0,1024,8,0,0
7350081605600237,3,trader_request,0,1024,2,0,0
7350081605600237,3,trading_callback,0,1024,3,0,0
7350081605600237,3,trace,0,8192,4,0,0
7350081605600237,3,latency,0,4096,15,0,0
7350081706303361,0,market_ingress,0,1024,7,0,0
7350081706303361,0,trader_request,0,1024,1,0,0
7350081706303361,0,trading_callback,0,1024,3,0,0
7350081706303361,0,trace,0,8192,3,0,0
7350081706303361,0,latency,0,4096,13,0,0
7350081706303361,1,market_ingress,1,1024,5,599408,0
7350081706303361,1,trader_request,0,1024,1,0,0
7350081706303361,1,trading_callback,0,1024,2,0,0
7350081706303361,1,trace,0,8192,4,0,0
7350081706303361,1,latency,0,4096,15,0,0
7350081706303361,2,market_ingress,0,1024,7,0,0
7350081706303361,2,trader_request,0,1024,1,0,0
7350081706303361,2,trading_callback,0,1024,3,0,0
7350081706303361,2,trace,0,8192,4,0,0
7350081706303361,2,latency,0,4096,5,0,0
7350081706303361,3,market_ingress,0,1024,8,0,0
7350081706303361,3,trader_request,0,1024,2,0,0
7350081706303361,3,trading_callback,0,1024,3,0,0
7350081706303361,3,trace,0,8192,4,0,0
7350081706303361,3,latency,0,4096,15,0,0
7350081807024659,0,market_ingress,0,1024,7,0,0
7350081807024659,0,trader_request,0,1024,1,0,0
7350081807024659,0,trading_callback,0,1024,3,0,0
7350081807024659,0,trace,0,8192,3,0,0
7350081807024659,0,latency,0,4096,13,0,0
7350081807024659,1,market_ingress,1,1024,5,318864,0
7350081807024659,1,trader_request,0,1024,1,0,0
7350081807024659,1,trading_callback,0,1024,2,0,0
7350081807024659,1,trace,0,8192,4,0,0
7350081807024659,1,latency,0,4096,15,0,0
7350081807024659,2,market_ingress,0,1024,7,0,0
7350081807024659,2,trader_request,0,1024,1,0,0
7350081807024659,2,trading_callback,0,1024,3,0,0
7350081807024659,2,trace,0,8192,4,0,0
7350081807024659,2,latency,0,4096,5,0,0
7350081807024659,3,market_ingress,0,1024,8,0,0
7350081807024659,3,trader_request,0,1024,2,0,0
7350081807024659,3,trading_callback,0,1024,3,0,0
7350081807024659,3,trace,0,8192,4,0,0
7350081807024659,3,latency,0,4096,15,0,0
7350081907775157,0,market_ingress,0,1024,7,0,0
7350081907775157,0,trader_request,0,1024,1,0,0
7350081907775157,0,trading_callback,0,1024,3,0,0
7350081907775157,0,trace,0,8192,3,0,0
7350081907775157,0,latency,0,4096,13,0,0
7350081907775157,1,market_ingress,1,1024,7,88496,0
7350081907775157,1,trader_request,0,1024,1,0,0
7350081907775157,1,trading_callback,0,1024,3,0,0
7350081907775157,1,trace,0,8192,4,0,0
7350081907775157,1,latency,0,4096,15,0,0
7350081907775157,2,market_ingress,0,1024,7,0,0
7350081907775157,2,trader_request,0,1024,1,0,0
7350081907775157,2,trading_callback,0,1024,3,0,0
7350081907775157,2,trace,0,8192,4,0,0
7350081907775157,2,latency,0,4096,5,0,0
7350081907775157,3,market_ingress,0,1024,8,0,0
7350081907775157,3,trader_request,0,1024,2,0,0
7350081907775157,3,trading_callback,0,1024,3,0,0
7350081907775157,3,trace,0,8192,4,0,0
7350081907775157,3,latency,0,4096,15,0,0
7350082008517997,0,market_ingress,0,1024,7,0,0
7350082008517997,0,trader_request,0,1024,1,0,0
7350082008517997,0,trading_callback,0,1024,3,0,0
7350082008517997,0,trace,0,8192,3,0,0
7350082008517997,0,latency,0,4096,13,0,0
7350082008517997,1,market_ingress,0,1024,7,0,0
7350082008517997,1,trader_request,0,1024,1,0,0
7350082008517997,1,trading_callback,0,1024,3,0,0
7350082008517997,1,trace,0,8192,4,0,0
7350082008517997,1,latency,0,4096,15,0,0
7350082008517997,2,market_ingress,0,1024,7,0,0
7350082008517997,2,trader_request,0,1024,1,0,0
7350082008517997,2,trading_callback,0,1024,3,0,0
7350082008517997,2,trace,0,8192,4,0,0
7350082008517997,2,latency,0,4096,5,0,0
7350082008517997,3,market_ingress,0,1024,8,0,0
7350082008517997,3,trader_request,0,1024,2,0,0
7350082008517997,3,trading_callback,0,1024,3,0,0
7350082008517997,3,trace,0,8192,4,0,0
7350082008517997,3,latency,0,4096,15,0,0
7350082109256248,0,market_ingress,0,1024,7,0,0
7350082109256248,0,trader_request,0,1024,1,0,0
7350082109256248,0,trading_callback,0,1024,3,0,0
7350082109256248,0,trace,0,8192,3,0,0
7350082109256248,0,latency,0,4096,13,0,0
7350082109256248,1,market_ingress,1,1024,7,563711,0
7350082109256248,1,trader_request,0,1024,1,0,0
7350082109256248,1,trading_callback,0,1024,3,0,0
7350082109256248,1,trace,0,8192,4,0,0
7350082109256248,1,latency,0,4096,15,0,0
7350082109256248,2,market_ingress,0,1024,7,0,0
7350082109256248,2,trader_request,0,1024,1,0,0
7350082109256248,2,trading_callback,0,1024,3,0,0
7350082109256248,2,trace,0,8192,4,0,0
7350082109256248,2,latency,0,4096,5,0,0
7350082109256248,3,market_ingress,0,1024,8,0,0
7350082109256248,3,trader_request,0,1024,2,0,0
7350082109256248,3,trading_callback,0,1024,3,0,0
7350082109256248,3,trace,0,8192,4,0,0
7350082109256248,3,latency,0,4096,15,0,0
7350082210017291,0,market_ingress,0,1024,7,0,0
7350082210017291,0,trader_request,0,1024,1,0,0
7350082210017291,0,trading_callback,0,1024,3,0,0
7350082210017291,0,trace,0,8192,3,0,0
7350082210017291,0,latency,0,4096,13,0,0
7350082210017291,1,market_ingress,1,1024,7,306218,0
7350082210017291,1,trader_request,0,1024,1,0,0
7350082210017291,1,trading_callback,0,1024,3,0,0
7350082210017291,1,trace,0,8192,4,0,0
7350082210017291,1,latency,0,4096,15,0,0
7350082210017291,2,market_ingress,0,1024,7,0,0
7350082210017291,2,trader_request,0,1024,1,0,0
7350082210017291,2,trading_callback,0,1024,3,0,0
7350082210017291,2,trace,0,8192,4,0,0
7350082210017291,2,latency,0,4096,5,0,0
7350082210017291,3,market_ingress,0,1024,8,0,0
7350082210017291,3,trader_request,0,1024,2,0,0
7350082210017291,3,trading_callback,0,1024,3,0,0
7350082210017291,3,trace,0,8192,4,0,0
7350082210017291,3,latency,0,4096,15,0,0
7350082310729669,0,market_ingress,0,1024,7,0,0
7350082310729669,0,trader_request,0,1024,1,0,0
7350082310729669,0,trading_callback,0,1024,3,0,0
7350082310729669,0,trace,0,8192,3,0,0
7350082310729669,0,latency,0,4096,13,0,0
7350082310729669,1,market_ingress,1,1024,7,28384,0
7350082310729669,1,trader_request,0,1024,1,0,0
7350082310729669,1,trading_callback,0,1024,3,0,0
7350082310729669,1,trace,0,8192,4,0,0
7350082310729669,1,latency,0,4096,15,0,0
7350082310729669,2,market_ingress,0,1024,7,0,0
7350082310729669,2,trader_request,0,1024,1,0,0
7350082310729669,2,trading_callback,0,1024,3,0,0
7350082310729669,2,trace,0,8192,4,0,0
7350082310729669,2,latency,0,4096,5,0,0
7350082310729669,3,market_ingress,0,1024,8,0,0
7350082310729669,3,trader_request,0,1024,2,0,0
7350082310729669,3,trading_callback,0,1024,3,0,0
7350082310729669,3,trace,0,8192,5,0,0
7350082310729669,3,latency,0,4096,15,0,0
7350082411449615,0,market_ingress,0,1024,7,0,0
7350082411449615,0,trader_request,0,1024,1,0,0
7350082411449615,0,trading_callback,0,1024,3,0,0
7350082411449615,0,trace,0,8192,3,0,0
7350082411449615,0,latency,0,4096,13,0,0
7350082411449615,1,market_ingress,0,1024,7,0,0
7350082411449615,1,trader_request,0,1024,1,0,0
7350082411449615,1,trading_callback,0,1024,3,0,0
7350082411449615,1,trace,0,8192,4,0,0
7350082411449615,1,latency,0,4096,15,0,0
7350082411449615,2,market_ingress,0,1024,7,0,0
7350082411449615,2,trader_request,0,1024,1,0,0
7350082411449615,2,trading_callback,0,1024,3,0,0
7350082411449615,2,trace,0,8192,4,0,0
7350082411449615,2,latency,0,4096,5,0,0
7350082411449615,3,market_ingress,0,1024,8,0,0
7350082411449615,3,trader_request,1,1024,2,683099,0
7350082411449615,3,trading_callback,0,1024,3,0,0
7350082411449615,3,trace,0,8192,5,0,0
7350082411449615,3,latency,0,4096,15,0,0
7350082512193754,0,market_ingress,0,1024,7,0,0
7350082512193754,0,trader_request,0,1024,1,0,0
7350082512193754,0,trading_callback,0,1024,3,0,0
7350082512193754,0,trace,0,8192,3,0,0
7350082512193754,0,latency,0,4096,13,0,0
7350082512193754,1,market_ingress,0,1024,7,0,0
7350082512193754,1,trader_request,0,1024,1,0,0
7350082512193754,1,trading_callback,0,1024,3,0,0
7350082512193754,1,trace,0,8192,4,0,0
7350082512193754,1,latency,0,4096,15,0,0
7350082512193754,2,market_ingress,0,1024,7,0,0
7350082512193754,2,trader_request,0,1024,1,0,0
7350082512193754,2,trading_callback,0,1024,3,0,0
7350082512193754,2,trace,0,8192,4,0,0
7350082512193754,2,latency,0,4096,5,0,0
7350082512193754,3,market_ingress,0,1024,8,0,0
7350082512193754,3,trader_request,0,1024,2,0,0
7350082512193754,3,trading_callback,0,1024,3,0,0
7350082512193754,3,trace,0,8192,5,0,0
7350082512193754,3,latency,0,4096,15,0,0
7350082612832856,0,market_ingress,0,1024,7,0,0
7350082612832856,0,trader_request,0,1024,1,0,0
7350082612832856,0,trading_callback,0,1024,3,0,0
7350082612832856,0,trace,0,8192,3,0,0
7350082612832856,0,latency,0,4096,13,0,0
7350082612832856,1,market_ingress,1,1024,7,130718,0
7350082612832856,1,trader_request,0,1024,1,0,0
7350082612832856,1,trading_callback,0,1024,3,0,0
7350082612832856,1,trace,0,8192,4,0,0
7350082612832856,1,latency,0,4096,15,0,0
7350082612832856,2,market_ingress,0,1024,7,0,0
7350082612832856,2,trader_request,0,1024,1,0,0
7350082612832856,2,trading_callback,0,1024,3,0,0
7350082612832856,2,trace,0,8192,4,0,0
7350082612832856,2,latency,0,4096,5,0,0
7350082612832856,3,market_ingress,0,1024,8,0,0
7350082612832856,3,trader_request,1,1024,2,36986,0
7350082612832856,3,trading_callback,0,1024,3,0,0
7350082612832856,3,trace,0,8192,5,0,0
7350082612832856,3,latency,0,4096,15,0,0
7350082713553473,0,market_ingress,0,1024,7,0,0
7350082713553473,0,trader_request,0,1024,1,0,0
7350082713553473,0,trading_callback,0,1024,3,0,0
7350082713553473,0,trace,0,8192,3,0,0
7350082713553473,0,latency,0,4096,13,0,0
7350082713553473,1,market_ingress,0,1024,7,0,0
7350082713553473,1,trader_request,0,1024,1,0,0
7350082713553473,1,trading_callback,0,1024,3,0,0
7350082713553473,1,trace,0,8192,4,0,0
7350082713553473,1,latency,0,4096,15,0,0
7350082713553473,2,market_ingress,0,1024,7,0,0
7350082713553473,2,trader_request,0,1024,1,0,0
7350082713553473,2,trading_callback,0,1024,3,0,0
7350082713553473,2,trace,0,8192,4,0,0
7350082713553473,2,latency,0,4096,5,0,0
7350082713553473,3,market_ingress,0,1024,8,0,0
7350082713553473,3,trader_request,0,1024,2,0,0
7350082713553473,3,trading_callback,0,1024,3,0,0
7350082713553473,3,trace,0,8192,5,0,0
7350082713553473,3,latency,0,4096,15,0,0
7350082814053448,0,market_ingress,0,1024,7,0,0
7350082814053448,0,trader_request,0,1024,1,0,0
7350082814053448,0,trading_callback,0,1024,3,0,0
7350082814053448,0,trace,0,8192,3,0,0
7350082814053448,0,latency,0,4096,13,0,0
7350082814053448,1,market_ingress,1,1024,7,170659,0
7350082814053448,1,trader_request,0,1024,1,0,0
7350082814053448,1,trading_callback,0,1024,3,0,0
7350082814053448,1,trace,0,8192,4,0,0
7350082814053448,1,latency,0,4096,15,0,0
7350082814053448,2,market_ingress,0,1024,7,0,0
7350082814053448,2,trader_request,0,1024,1,0,0
7350082814053448,2,trading_callback,0,1024,3,0,0
7350082814053448,2,trace,0,8192,4,0,0
7350082814053448,2,latency,0,4096,5,0,0
7350082814053448,3,market_ingress,0,1024,8,0,0
7350082814053448,3,trader_request,1,1024,2,60055,0
7350082814053448,3,trading_callback,0,1024,3,0,0
7350082814053448,3,trace,0,8192,5,0,0
7350082814053448,3,latency,0,4096,15,0,0
7350082914585823,0,market_ingress,0,1024,7,0,0
7350082914585823,0,trader_request,0,1024,1,0,0
7350082914585823,0,trading_callback,0,1024,3,0,0
7350082914585823,0,trace,0,8192,3,0,0
7350082914585823,0,latency,0,4096,13,0,0
7350082914585823,1,market_ingress,0,1024,7,0,0
7350082914585823,1,trader_request,0,1024,1,0,0
7350082914585823,1,trading_callback,0,1024,3,0,0
7350082914585823,1,trace,0,8192,4,0,0
7350082914585823,1,latency,0,4096,15,0,0
7350082914585823,2,market_ingress,0,1024,7,0,0
7350082914585823,2,trader_request,0,1024,1,0,0
7350082914585823,2,trading_callback,0,1024,3,0,0
7350082914585823,2,trace,0,8192,4,0,0
7350082914585823,2,latency,0,4096,5,0,0
7350082914585823,3,market_ingress,0,1024,8,0,0
7350082914585823,3,trader_request,0,1024,2,0,0
7350082914585823,3,trading_callback,0,1024,3,0,0
7350082914585823,3,trace,0,8192,5,0,0
7350082914585823,3,latency,0,4096,15,0,0
7350083015095391,0,market_ingress,0,1024,7,0,0
7350083015095391,0,trader_request,0,1024,1,0,0
7350083015095391,0,trading_callback,0,1024,3,0,0
7350083015095391,0,trace,0,8192,3,0,0
7350083015095391,0,latency,0,4096,13,0,0
7350083015095391,1,market_ingress,1,1024,7,172155,0
7350083015095391,1,trader_request,0,1024,1,0,0
7350083015095391,1,trading_callback,0,1024,3,0,0
7350083015095391,1,trace,0,8192,4,0,0
7350083015095391,1,latency,0,4096,15,0,0
7350083015095391,2,market_ingress,0,1024,7,0,0
7350083015095391,2,trader_request,0,1024,1,0,0
7350083015095391,2,trading_callback,0,1024,3,0,0
7350083015095391,2,trace,0,8192,4,0,0
7350083015095391,2,latency,0,4096,5,0,0
7350083015095391,3,market_ingress,0,1024,8,0,0
7350083015095391,3,trader_request,0,1024,3,0,0
7350083015095391,3,trading_callback,0,1024,5,0,0
7350083015095391,3,trace,0,8192,5,0,0
7350083015095391,3,latency,0,4096,15,0,0
7350083115614022,0,market_ingress,0,1024,7,0,0
7350083115614022,0,trader_request,0,1024,1,0,0
7350083115614022,0,trading_callback,0,1024,3,0,0
7350083115614022,0,trace,0,8192,3,0,0
7350083115614022,0,latency,0,4096,13,0,0
7350083115614022,1,market_ingress,0,1024,7,0,0
7350083115614022,1,trader_request,0,1024,1,0,0
7350083115614022,1,trading_callback,0,1024,3,0,0
7350083115614022,1,trace,0,8192,4,0,0
7350083115614022,1,latency,0,4096,15,0,0
7350083115614022,2,market_ingress,0,1024,7,0,0
7350083115614022,2,trader_request,0,1024,1,0,0
7350083115614022,2,trading_callback,0,1024,3,0,0
7350083115614022,2,trace,0,8192,4,0,0
7350083115614022,2,latency,0,4096,5,0,0
7350083115614022,3,market_ingress,0,1024,8,0,0
7350083115614022,3,trader_request,0,1024,3,0,0
7350083115614022,3,trading_callback,0,1024,5,0,0
7350083115614022,3,trace,0,8192,5,0,0
7350083115614022,3,latency,0,4096,15,0,0
7350083216109467,0,market_ingress,0,1024,7,0,0
7350083216109467,0,trader_request,0,1024,1,0,0
7350083216109467,0,trading_callback,0,1024,3,0,0
7350083216109467,0,trace,0,8192,3,0,0
7350083216109467,0,latency,0,4096,13,0,0
7350083216109467,1,market_ingress,1,1024,7,190715,0
7350083216109467,1,trader_request,0,1024,1,0,0
7350083216109467,1,trading_callback,0,1024,3,0,0
7350083216109467,1,trace,0,8192,4,0,0
7350083216109467,1,latency,0,4096,15,0,0
7350083216109467,2,market_ingress,0,1024,7,0,0
7350083216109467,2,trader_request,0,1024,1,0,0
7350083216109467,2,trading_callback,0,1024,3,0,0
7350083216109467,2,trace,0,8192,4,0,0
7350083216109467,2,latency,0,4096,5,0,0
7350083216109467,3,market_ingress,0,1024,8,0,0
7350083216109467,3,trader_request,1,1024,3,87151,0
7350083216109467,3,trading_callback,0,1024,5,0,0
7350083216109467,3,trace,0,8192,5,0,0
7350083216109467,3,latency,0,4096,15,0,0
7350083316619381,0,market_ingress,0,1024,7,0,0
7350083316619381,0,trader_request,0,1024,1,0,0
7350083316619381,0,trading_callback,0,1024,3,0,0
7350083316619381,0,trace,0,8192,3,0,0
7350083316619381,0,latency,0,4096,13,0,0
7350083316619381,1,market_ingress,0,1024,7,0,0
7350083316619381,1,trader_request,0,1024,1,0,0
7350083316619381,1,trading_callback,0,1024,3,0,0
7350083316619381,1,trace,0,8192,4,0,0
7350083316619381,1,latency,0,4096,15,0,0
7350083316619381,2,market_ingress,0,1024,7,0,0
7350083316619381,2,trader_request,0,1024,1,0,0
7350083316619381,2,trading_callback,0,1024,3,0,0
7350083316619381,2,trace,0,8192,4,0,0
7350083316619381,2,latency,0,4096,5,0,0
7350083316619381,3,market_ingress,0,1024,8,0,0
7350083316619381,3,trader_request,0,1024,3,0,0
7350083316619381,3,trading_callback,0,1024,5,0,0
7350083316619381,3,trace,0,8192,5,0,0
7350083316619381,3,latency,0,4096,15,0,0
7350083417117309,0,market_ingress,0,1024,7,0,0
7350083417117309,0,trader_request,0,1024,1,0,0
7350083417117309,0,trading_callback,0,1024,3,0,0
7350083417117309,0,trace,0,8192,3,0,0
7350083417117309,0,latency,0,4096,13,0,0
7350083417117309,1,market_ingress,1,1024,7,193674,0
7350083417117309,1,trader_request,0,1024,1,0,0
7350083417117309,1,trading_callback,0,1024,3,0,0
7350083417117309,1,trace,0,8192,4,0,0
7350083417117309,1,latency,0,4096,15,0,0
7350083417117309,2,market_ingress,0,1024,7,0,0
7350083417117309,2,trader_request,0,1024,1,0,0
7350083417117309,2,trading_callback,0,1024,3,0,0
7350083417117309,2,trace,0,8192,4,0,0
7350083417117309,2,latency,0,4096,5,0,0
7350083417117309,3,market_ingress,0,1024,8,0,0
7350083417117309,3,trader_request,1,1024,3,89388,0
7350083417117309,3,trading_callback,0,1024,5,0,0
7350083417117309,3,trace,0,8192,5,0,0
7350083417117309,3,latency,0,4096,15,0,0
7350083517609427,0,market_ingress,0,1024,7,0,0
7350083517609427,0,trader_request,0,1024,1,0,0
7350083517609427,0,trading_callback,0,1024,3,0,0
7350083517609427,0,trace,0,8192,3,0,0
7350083517609427,0,latency,0,4096,13,0,0
7350083517609427,1,market_ingress,0,1024,7,0,0
7350083517609427,1,trader_request,0,1024,1,0,0
7350083517609427,1,trading_callback,0,1024,3,0,0
7350083517609427,1,trace,0,8192,4,0,0
7350083517609427,1,latency,0,4096,15,0,0
7350083517609427,2,market_ingress,0,1024,7,0,0
7350083517609427,2,trader_request,0,1024,1,0,0
7350083517609427,2,trading_callback,0,1024,3,0,0
7350083517609427,2,trace,0,8192,4,0,0
7350083517609427,2,latency,0,4096,5,0,0
7350083517609427,3,market_ingress,0,1024,8,0,0
7350083517609427,3,trader_request,0,1024,3,0,0
7350083517609427,3,trading_callback,0,1024,5,0,0
7350083517609427,3,trace,0,8192,5,0,0
7350083517609427,3,latency,0,4096,15,0,0
7350083618124780,0,market_ingress,0,1024,7,0,0
7350083618124780,0,trader_request,0,1024,1,0,0
7350083618124780,0,trading_callback,0,1024,3,0,0
7350083618124780,0,trace,0,8192,3,0,0
7350083618124780,0,latency,0,4096,13,0,0
7350083618124780,1,market_ingress,1,1024,7,220334,0
7350083618124780,1,trader_request,0,1024,1,0,0
7350083618124780,1,trading_callback,0,1024,3,0,0
7350083618124780,1,trace,0,8192,4,0,0
7350083618124780,1,latency,0,4096,15,0,0
7350083618124780,2,market_ingress,0,1024,7,0,0
7350083618124780,2,trader_request,0,1024,1,0,0
7350083618124780,2,trading_callback,0,1024,3,0,0
7350083618124780,2,trace,0,8192,4,0,0
7350083618124780,2,latency,0,4096,5,0,0
7350083618124780,3,market_ingress,0,1024,8,0,0
7350083618124780,3,trader_request,0,1024,3,0,0
7350083618124780,3,trading_callback,0,1024,5,0,0
7350083618124780,3,trace,0,8192,5,0,0
7350083618124780,3,latency,0,4096,15,0,0
7350083718653463,0,market_ingress,0,1024,7,0,0
7350083718653463,0,trader_request,0,1024,1,0,0
7350083718653463,0,trading_callback,0,1024,3,0,0
7350083718653463,0,trace,0,8192,3,0,0
7350083718653463,0,latency,0,4096,13,0,0
7350083718653463,1,market_ingress,0,1024,7,0,0
7350083718653463,1,trader_request,0,1024,1,0,0
7350083718653463,1,trading_callback,0,1024,3,0,0
7350083718653463,1,trace,0,8192,4,0,0
7350083718653463,1,latency,0,4096,15,0,0
7350083718653463,2,market_ingress,0,1024,7,0,0
7350083718653463,2,trader_request,0,1024,1,0,0
7350083718653463,2,trading_callback,0,1024,3,0,0
7350083718653463,2,trace,0,8192,4,0,0
7350083718653463,2,latency,0,4096,5,0,0
7350083718653463,3,market_ingress,0,1024,8,0,0
7350083718653463,3,trader_request,0,1024,3,0,0
7350083718653463,3,trading_callback,0,1024,5,0,0
7350083718653463,3,trace,0,8192,5,0,0
7350083718653463,3,latency,0,4096,15,0,0
7350083823171729,0,market_ingress,0,1024,7,0,0
7350083823171729,0,trader_request,0,1024,1,0,0
7350083823171729,0,trading_callback,0,1024,3,0,0
7350083823171729,0,trace,0,8192,3,0,0
7350083823171729,0,latency,0,4096,13,0,0
7350083823171729,1,market_ingress,0,1024,7,0,0
7350083823171729,1,trader_request,0,1024,1,0,0
7350083823171729,1,trading_callback,0,1024,3,0,0
7350083823171729,1,trace,0,8192,4,0,0
7350083823171729,1,latency,0,4096,15,0,0
7350083823171729,2,market_ingress,0,1024,7,0,0
7350083823171729,2,trader_request,0,1024,1,0,0
7350083823171729,2,trading_callback,0,1024,3,0,0
7350083823171729,2,trace,0,8192,4,0,0
7350083823171729,2,latency,0,4096,5,0,0
7350083823171729,3,market_ingress,0,1024,8,0,0
7350083823171729,3,trader_request,0,1024,3,0,0
7350083823171729,3,trading_callback,0,1024,5,0,0
7350083823171729,3,trace,0,8192,5,0,0
7350083823171729,3,latency,0,4096,15,0,0
7350083923726046,0,market_ingress,0,1024,7,0,0
7350083923726046,0,trader_request,0,1024,1,0,0
7350083923726046,0,trading_callback,0,1024,3,0,0
7350083923726046,0,trace,0,8192,3,0,0
7350083923726046,0,latency,0,4096,13,0,0
7350083923726046,1,market_ingress,0,1024,7,0,0
7350083923726046,1,trader_request,0,1024,1,0,0
7350083923726046,1,trading_callback,0,1024,3,0,0
7350083923726046,1,trace,0,8192,4,0,0
7350083923726046,1,latency,0,4096,15,0,0
7350083923726046,2,market_ingress,0,1024,7,0,0
7350083923726046,2,trader_request,0,1024,1,0,0
7350083923726046,2,trading_callback,0,1024,3,0,0
7350083923726046,2,trace,0,8192,4,0,0
7350083923726046,2,latency,0,4096,5,0,0
7350083923726046,3,market_ingress,0,1024,8,0,0
7350083923726046,3,trader_request,0,1024,3,0,0
7350083923726046,3,trading_callback,0,1024,5,0,0
7350083923726046,3,trace,0,8192,5,0,0
7350083923726046,3,latency,0,4096,15,0,0
7350084024283068,0,market_ingress,0,1024,8,0,0
7350084024283068,0,trader_request,0,1024,1,0,0
7350084024283068,0,trading_callback,0,1024,3,0,0
7350084024283068,0,trace,0,8192,3,0,0
7350084024283068,0,latency,0,4096,13,0,0
7350084024283068,1,market_ingress,0,1024,8,0,0
7350084024283068,1,trader_request,0,1024,1,0,0
7350084024283068,1,trading_callback,0,1024,3,0,0
7350084024283068,1,trace,0,8192,4,0,0
7350084024283068,1,latency,0,4096,15,0,0
7350084024283068,2,market_ingress,0,1024,7,0,0
7350084024283068,2,trader_request,0,1024,1,0,0
7350084024283068,2,trading_callback,0,1024,3,0,0
7350084024283068,2,trace,1,8192,4,391082,0
7350084024283068,2,latency,1,4096,5,391285,0
7350084024283068,3,market_ingress,0,1024,8,0,0
7350084024283068,3,trader_request,0,1024,3,0,0
7350084024283068,3,trading_callback,0,1024,5,0,0
7350084024283068,3,trace,0,8192,5,0,0
7350084024283068,3,latency,0,4096,15,0,0
7350084124801148,0,market_ingress,0,1024,8,0,0
7350084124801148,0,trader_request,0,1024,1,0,0
7350084124801148,0,trading_callback,0,1024,3,0,0
7350084124801148,0,trace,0,8192,3,0,0
7350084124801148,0,latency,0,4096,13,0,0
7350084124801148,1,market_ingress,0,1024,8,0,0
7350084124801148,1,trader_request,0,1024,1,0,0
7350084124801148,1,trading_callback,0,1024,3,0,0
7350084124801148,1,trace,0,8192,4,0,0
7350084124801148,1,latency,0,4096,15,0,0
7350084124801148,2,market_ingress,0,1024,7,0,0
7350084124801148,2,trader_request,0,1024,1,0,0
7350084124801148,2,trading_callback,0,1024,3,0,0
7350084124801148,2,trace,0,8192,4,0,0
7350084124801148,2,latency,0,4096,5,0,0
7350084124801148,3,market_ingress,0,1024,8,0,0
7350084124801148,3,trader_request,0,1024,3,0,0
7350084124801148,3,trading_callback,0,1024,5,0,0
7350084124801148,3,trace,0,8192,5,0,0
7350084124801148,3,latency,0,4096,15,0,0
7350084225284606,0,market_ingress,0,1024,8,0,0
7350084225284606,0,trader_request,0,1024,1,0,0
7350084225284606,0,trading_callback,0,1024,3,0,0
7350084225284606,0,trace,0,8192,3,0,0
7350084225284606,0,latency,0,4096,13,0,0
7350084225284606,1,market_ingress,0,1024,8,0,0
7350084225284606,1,trader_request,0,1024,1,0,0
7350084225284606,1,trading_callback,0,1024,3,0,0
7350084225284606,1,trace,0,8192,4,0,0
7350084225284606,1,latency,0,4096,15,0,0
7350084225284606,2,market_ingress,0,1024,7,0,0
7350084225284606,2,trader_request,0,1024,1,0,0
7350084225284606,2,trading_callback,0,1024,3,0,0
7350084225284606,2,trace,1,8192,4,335151,0
7350084225284606,2,latency,1,4096,5,335058,0
7350084225284606,3,market_ingress,0,1024,8,0,0
7350084225284606,3,trader_request,0,1024,3,0,0
7350084225284606,3,trading_callback,0,1024,5,0,0
7350084225284606,3,trace,0,8192,5,0,0
7350084225284606,3,latency,0,4096,15,0,0
7350084325759165,0,market_ingress,0,1024,8,0,0
7350084325759165,0,trader_request,0,1024,1,0,0
7350084325759165,0,trading_callback,0,1024,3,0,0
7350084325759165,0,trace,0,8192,3,0,0
7350084325759165,0,latency,0,4096,13,0,0
7350084325759165,1,market_ingress,0,1024,8,0,0
7350084325759165,1,trader_request,0,1024,1,0,0
7350084325759165,1,trading_callback,0,1024,3,0,0
7350084325759165,1,trace,0,8192,4,0,0
7350084325759165,1,latency,0,4096,15,0,0
7350084325759165,2,market_ingress,0,1024,7,0,0
7350084325759165,2,trader_request,0,1024,1,0,0
7350084325759165,2,trading_callback,0,1024,3,0,0
7350084325759165,2,trace,0,8192,4,0,0
7350084325759165,2,latency,0,4096,5,0,0
7350084325759165,3,market_ingress,0,1024,8,0,0
7350084325759165,3,trader_request,0,1024,3,0,0
7350084325759165,3,trading_callback,0,1024,5,0,0
7350084325759165,3,trace,0,8192,5,0,0
7350084325759165,3,latency,0,4096,15,0,0
7350084426248731,0,market_ingress,0,1024,8,0,0
7350084426248731,0,trader_request,0,1024,1,0,0
7350084426248731,0,trading_callback,0,1024,3,0,0
7350084426248731,0,trace,0,8192,3,0,0
7350084426248731,0,latency,0,4096,13,0,0
7350084426248731,1,market_ingress,0,1024,8,0,0
7350084426248731,1,trader_request,0,1024,1,0,0
7350084426248731,1,trading_callback,0,1024,3,0,0
7350084426248731,1,trace,0,8192,4,0,0
7350084426248731,1,latency,0,4096,15,0,0
7350084426248731,2,market_ingress,0,1024,7,0,0
7350084426248731,2,trader_request,0,1024,1,0,0
7350084426248731,2,trading_callback,0,1024,3,0,0
7350084426248731,2,trace,1,8192,4,316339,0
7350084426248731,2,latency,1,4096,5,316516,0
7350084426248731,3,market_ingress,0,1024,8,0,0
7350084426248731,3,trader_request,0,1024,3,0,0
7350084426248731,3,trading_callback,0,1024,5,0,0
7350084426248731,3,trace,0,8192,5,0,0
7350084426248731,3,latency,0,4096,15,0,0
7350084526720874,0,market_ingress,0,1024,8,0,0
7350084526720874,0,trader_request,0,1024,1,0,0
7350084526720874,0,trading_callback,0,1024,3,0,0
7350084526720874,0,trace,0,8192,3,0,0
7350084526720874,0,latency,0,4096,13,0,0
7350084526720874,1,market_ingress,0,1024,8,0,0
7350084526720874,1,trader_request,0,1024,1,0,0
7350084526720874,1,trading_callback,0,1024,3,0,0
7350084526720874,1,trace,0,8192,4,0,0
7350084526720874,1,latency,0,4096,15,0,0
7350084526720874,2,market_ingress,0,1024,7,0,0
7350084526720874,2,trader_request,0,1024,1,0,0
7350084526720874,2,trading_callback,0,1024,3,0,0
7350084526720874,2,trace,0,8192,4,0,0
7350084526720874,2,latency,0,4096,5,0,0
7350084526720874,3,market_ingress,0,1024,8,0,0
7350084526720874,3,trader_request,0,1024,3,0,0
7350084526720874,3,trading_callback,0,1024,5,0,0
7350084526720874,3,trace,0,8192,5,0,0
7350084526720874,3,latency,0,4096,15,0,0
7350084627181952,0,market_ingress,0,1024,8,0,0
7350084627181952,0,trader_request,0,1024,1,0,0
7350084627181952,0,trading_callback,0,1024,3,0,0
7350084627181952,0,trace,0,8192,3,0,0
7350084627181952,0,latency,0,4096,13,0,0
7350084627181952,1,market_ingress,0,1024,8,0,0
7350084627181952,1,trader_request,0,1024,1,0,0
7350084627181952,1,trading_callback,0,1024,3,0,0
7350084627181952,1,trace,0,8192,4,0,0
7350084627181952,1,latency,0,4096,15,0,0
7350084627181952,2,market_ingress,0,1024,7,0,0
7350084627181952,2,trader_request,0,1024,1,0,0
7350084627181952,2,trading_callback,0,1024,3,0,0
7350084627181952,2,trace,1,8192,4,216134,0
7350084627181952,2,latency,1,4096,5,216387,0
7350084627181952,3,market_ingress,0,1024,8,0,0
7350084627181952,3,trader_request,0,1024,3,0,0
7350084627181952,3,trading_callback,0,1024,5,0,0
7350084627181952,3,trace,0,8192,5,0,0
7350084627181952,3,latency,0,4096,15,0,0
7350084727652254,0,market_ingress,0,1024,8,0,0
7350084727652254,0,trader_request,0,1024,1,0,0
7350084727652254,0,trading_callback,0,1024,3,0,0
7350084727652254,0,trace,0,8192,3,0,0
7350084727652254,0,latency,0,4096,13,0,0
7350084727652254,1,market_ingress,0,1024,8,0,0
7350084727652254,1,trader_request,0,1024,1,0,0
7350084727652254,1,trading_callback,0,1024,3,0,0
7350084727652254,1,trace,0,8192,4,0,0
7350084727652254,1,latency,0,4096,15,0,0
7350084727652254,2,market_ingress,0,1024,7,0,0
7350084727652254,2,trader_request,0,1024,1,0,0
7350084727652254,2,trading_callback,0,1024,3,0,0
7350084727652254,2,trace,0,8192,4,0,0
7350084727652254,2,latency,0,4096,5,0,0
7350084727652254,3,market_ingress,0,1024,8,0,0
7350084727652254,3,trader_request,0,1024,3,0,0
7350084727652254,3,trading_callback,0,1024,5,0,0
7350084727652254,3,trace,0,8192,5,0,0
7350084727652254,3,latency,0,4096,15,0,0
7350084828150022,0,market_ingress,0,1024,8,0,0
7350084828150022,0,trader_request,0,1024,1,0,0
7350084828150022,0,trading_callback,0,1024,3,0,0
7350084828150022,0,trace,0,8192,3,0,0
7350084828150022,0,latency,0,4096,13,0,0
7350084828150022,1,market_ingress,0,1024,8,0,0
7350084828150022,1,trader_request,0,1024,1,0,0
7350084828150022,1,trading_callback,0,1024,3,0,0
7350084828150022,1,trace,0,8192,4,0,0
7350084828150022,1,latency,0,4096,15,0,0
7350084828150022,2,market_ingress,0,1024,7,0,0
7350084828150022,2,trader_request,0,1024,1,0,0
7350084828150022,2,trading_callback,0,1024,3,0,0
7350084828150022,2,trace,1,8192,4,252028,0
7350084828150022,2,latency,1,4096,5,252181,0
7350084828150022,3,market_ingress,0,1024,8,0,0
7350084828150022,3,trader_request,0,1024,3,0,0
7350084828150022,3,trading_callback,0,1024,5,0,0
7350084828150022,3,trace,0,8192,5,0,0
7350084828150022,3,latency,0,4096,15,0,0
7350084928674160,0,market_ingress,0,1024,8,0,0
7350084928674160,0,trader_request,0,1024,1,0,0
7350084928674160,0,trading_callback,0,1024,3,0,0
7350084928674160,0,trace,0,8192,3,0,0
7350084928674160,0,latency,0,4096,13,0,0
7350084928674160,1,market_ingress,0,1024,8,0,0
7350084928674160,1,trader_request,0,1024,1,0,0
7350084928674160,1,trading_callback,0,1024,3,0,0
7350084928674160,1,trace,0,8192,4,0,0
7350084928674160,1,latency,0,4096,15,0,0
7350084928674160,2,market_ingress,0,1024,7,0,0
7350084928674160,2,trader_request,0,1024,1,0,0
7350084928674160,2,trading_callback,0,1024,3,0,0
7350084928674160,2,trace,0,8192,4,0,0
7350084928674160,2,latency,0,4096,5,0,0
7350084928674160,3,market_ingress,0,1024,8,0,0
7350084928674160,3,trader_request,0,1024,3,0,0
7350084928674160,3,trading_callback,0,1024,5,0,0
7350084928674160,3,trace,0,8192,5,0,0
7350084928674160,3,latency,0,4096,15,0,0
7350085029146111,0,market_ingress,0,1024,8,0,0
7350085029146111,0,trader_request,0,1024,1,0,0
7350085029146111,0,trading_callback,0,1024,3,0,0
7350085029146111,0,trace,0,8192,3,0,0
7350085029146111,0,latency,0,4096,13,0,0
7350085029146111,1,market_ingress,0,1024,8,0,0
7350085029146111,1,trader_request,0,1024,1,0,0
7350085029146111,1,trading_callback,0,1024,3,0,0
7350085029146111,1,trace,0,8192,4,0,0
7350085029146111,1,latency,0,4096,15,0,0
7350085029146111,2,market_ingress,0,1024,7,0,0
7350085029146111,2,trader_request,0,1024,1,0,0
7350085029146111,2,trading_callback,0,1024,3,0,0
7350085029146111,2,trace,1,8192,4,216205,0
7350085029146111,2,latency,1,4096,5,216147,0
7350085029146111,3,market_ingress,0,1024,8,0,0
7350085029146111,3,trader_request,0,1024,3,0,0
7350085029146111,3,trading_callback,0,1024,5,0,0
7350085029146111,3,trace,0,8192,5,0,0
7350085029146111,3,latency,0,4096,15,0,0
7350085129620113,0,market_ingress,0,1024,8,0,0
7350085129620113,0,trader_request,0,1024,1,0,0
7350085129620113,0,trading_callback,0,1024,3,0,0
7350085129620113,0,trace,0,8192,3,0,0
7350085129620113,0,latency,0,4096,13,0,0
7350085129620113,1,market_ingress,0,1024,8,0,0
7350085129620113,1,trader_request,0,1024,1,0,0
7350085129620113,1,trading_callback,0,1024,3,0,0
7350085129620113,1,trace,0,8192,4,0,0
7350085129620113,1,latency,0,4096,15,0,0
7350085129620113,2,market_ingress,0,1024,7,0,0
7350085129620113,2,trader_request,0,1024,1,0,0
7350085129620113,2,trading_callback,0,1024,3,0,0
7350085129620113,2,trace,0,8192,4,0,0
7350085129620113,2,latency,0,4096,5,0,0
7350085129620113,3,market_ingress,0,1024,8,0,0
7350085129620113,3,trader_request,0,1024,3,0,0
7350085129620113,3,trading_callback,0,1024,5,0,0
7350085129620113,3,trace,0,8192,5,0,0
7350085129620113,3,latency,0,4096,15,0,0
7350085230065904,0,market_ingress,0,1024,8,0,0
7350085230065904,0,trader_request,0,1024,1,0,0
7350085230065904,0,trading_callback,0,1024,3,0,0
7350085230065904,0,trace,0,8192,3,0,0
7350085230065904,0,latency,0,4096,13,0,0
7350085230065904,1,market_ingress,0,1024,8,0,0
7350085230065904,1,trader_request,0,1024,1,0,0
7350085230065904,1,trading_callback,0,1024,3,0,0
7350085230065904,1,trace,0,8192,4,0,0
7350085230065904,1,latency,0,4096,15,0,0
7350085230065904,2,market_ingress,0,1024,7,0,0
7350085230065904,2,trader_request,0,1024,1,0,0
7350085230065904,2,trading_callback,0,1024,3,0,0
7350085230065904,2,trace,1,8192,4,113749,0
7350085230065904,2,latency,1,4096,5,114047,0
7350085230065904,3,market_ingress,0,1024,8,0,0
7350085230065904,3,trader_request,0,1024,3,0,0
7350085230065904,3,trading_callback,0,1024,5,0,0
7350085230065904,3,trace,0,8192,5,0,0
7350085230065904,3,latency,0,4096,15,0,0
7350085330521184,0,market_ingress,0,1024,8,0,0
7350085330521184,0,trader_request,0,1024,1,0,0
7350085330521184,0,trading_callback,0,1024,3,0,0
7350085330521184,0,trace,0,8192,3,0,0
7350085330521184,0,latency,0,4096,13,0,0
7350085330521184,1,market_ingress,0,1024,8,0,0
7350085330521184,1,trader_request,0,1024,1,0,0
7350085330521184,1,trading_callback,0,1024,3,0,0
7350085330521184,1,trace,0,8192,4,0,0
7350085330521184,1,latency,0,4096,15,0,0
7350085330521184,2,market_ingress,0,1024,7,0,0
7350085330521184,2,trader_request,0,1024,1,0,0
7350085330521184,2,trading_callback,0,1024,3,0,0
7350085330521184,2,trace,0,8192,4,0,0
7350085330521184,2,latency,0,4096,5,0,0
7350085330521184,3,market_ingress,0,1024,8,0,0
7350085330521184,3,trader_request,0,1024,3,0,0
7350085330521184,3,trading_callback,0,1024,5,0,0
7350085330521184,3,trace,0,8192,5,0,0
7350085330521184,3,latency,0,4096,15,0,0
7350085431038793,0,market_ingress,0,1024,8,0,0
7350085431038793,0,trader_request,0,1024,1,0,0
7350085431038793,0,trading_callback,0,1024,3,0,0
7350085431038793,0,trace,0,8192,3,0,0
7350085431038793,0,latency,0,4096,13,0,0
7350085431038793,1,market_ingress,0,1024,8,0,0
7350085431038793,1,trader_request,0,1024,1,0,0
7350085431038793,1,trading_callback,0,1024,3,0,0
7350085431038793,1,trace,0,8192,4,0,0
7350085431038793,1,latency,0,4096,15,0,0
7350085431038793,2,market_ingress,0,1024,7,0,0
7350085431038793,2,trader_request,0,1024,1,0,0
7350085431038793,2,trading_callback,0,1024,3,0,0
7350085431038793,2,trace,0,8192,8,0,0
7350085431038793,2,latency,0,4096,6,0,0
7350085431038793,3,market_ingress,0,1024,8,0,0
7350085431038793,3,trader_request,0,1024,3,0,0
7350085431038793,3,trading_callback,0,1024,5,0,0
7350085431038793,3,trace,0,8192,5,0,0
7350085431038793,3,latency,0,4096,15,0,0
7350085531575896,0,market_ingress,0,1024,8,0,0
7350085531575896,0,trader_request,0,1024,1,0,0
7350085531575896,0,trading_callback,0,1024,3,0,0
7350085531575896,0,trace,0,8192,3,0,0
7350085531575896,0,latency,0,4096,13,0,0
7350085531575896,1,market_ingress,0,1024,8,0,0
7350085531575896,1,trader_request,0,1024,1,0,0
7350085531575896,1,trading_callback,0,1024,3,0,0
7350085531575896,1,trace,0,8192,4,0,0
7350085531575896,1,latency,0,4096,15,0,0
7350085531575896,2,market_ingress,0,1024,7,0,0
7350085531575896,2,trader_request,0,1024,1,0,0
7350085531575896,2,trading_callback,0,1024,3,0,0
7350085531575896,2,trace,0,8192,8,0,0
7350085531575896,2,latency,0,4096,6,0,0
7350085531575896,3,market_ingress,0,1024,8,0,0
7350085531575896,3,trader_request,0,1024,3,0,0
7350085531575896,3,trading_callback,0,1024,5,0,0
7350085531575896,3,trace,0,8192,5,0,0
7350085531575896,3,latency,0,4096,15,0,0
7350085632097716,0,market_ingress,0,1024,8,0,0
7350085632097716,0,trader_request,0,1024,1,0,0
7350085632097716,0,trading_callback,0,1024,3,0,0
7350085632097716,0,trace,0,8192,3,0,0
7350085632097716,0,latency,0,4096,13,0,0
7350085632097716,1,market_ingress,0,1024,8,0,0
7350085632097716,1,trader_request,0,1024,1,0,0
7350085632097716,1,trading_callback,0,1024,3,0,0
7350085632097716,1,trace,0,8192,4,0,0
7350085632097716,1,latency,0,4096,15,0,0
7350085632097716,2,market_ingress,0,1024,7,0,0
7350085632097716,2,trader_request,0,1024,1,0,0
7350085632097716,2,trading_callback,0,1024,3,0,0
7350085632097716,2,trace,0,8192,8,0,0
7350085632097716,2,latency,0,4096,6,0,0
7350085632097716,3,market_ingress,4,1024,8,3214520,0
7350085632097716,3,trader_request,0,1024,3,0,0
7350085632097716,3,trading_callback,0,1024,5,0,0
7350085632097716,3,trace,0,8192,5,0,0
7350085632097716,3,latency,0,4096,15,0,0
7350085732622561,0,market_ingress,0,1024,8,0,0
7350085732622561,0,trader_request,0,1024,1,0,0
7350085732622561,0,trading_callback,0,1024,3,0,0
7350085732622561,0,trace,0,8192,22,0,0
7350085732622561,0,latency,0,4096,13,0,0
7350085732622561,1,market_ingress,0,1024,8,0,0
7350085732622561,1,trader_request,0,1024,1,0,0
7350085732622561,1,trading_callback,0,1024,3,0,0
7350085732622561,1,trace,0,8192,4,0,0
7350085732622561,1,latency,0,4096,15,0,0
7350085732622561,2,market_ingress,0,1024,7,0,0
7350085732622561,2,trader_request,0,1024,1,0,0
7350085732622561,2,trading_callback,0,1024,3,0,0
7350085732622561,2,trace,0,8192,8,0,0
7350085732622561,2,latency,0,4096,6,0,0
7350085732622561,3,market_ingress,0,1024,8,0,0
7350085732622561,3,trader_request,0,1024,3,0,0
7350085732622561,3,trading_callback,2,1024,5,677489,0
7350085732622561,3,trace,0,8192,5,0,0
7350085732622561,3,latency,0,4096,15,0,0
7350085833198016,0,market_ingress,0,1024,8,0,0
7350085833198016,0,trader_request,0,1024,1,0,0
7350085833198016,0,trading_callback,0,1024,3,0,0
7350085833198016,0,trace,0,8192,22,0,0
7350085833198016,0,latency,0,4096,13,0,0
7350085833198016,1,market_ingress,0,1024,8,0,0
7350085833198016,1,trader_request,0,1024,1,0,0
7350085833198016,1,trading_callback,0,1024,3,0,0
7350085833198016,1,trace,0,8192,4,0,0
7350085833198016,1,latency,1,4096,15,336723,0
7350085833198016,2,market_ingress,0,1024,7,0,0
7350085833198016,2,trader_request,0,1024,1,0,0
7350085833198016,2,trading_callback,0,1024,3,0,0
7350085833198016,2,trace,0,8192,8,0,0
7350085833198016,2,latency,1,4096,6,341228,0
7350085833198016,3,market_ingress,1,1024,8,344821,0
7350085833198016,3,trader_request,0,1024,3,0,0
7350085833198016,3,trading_callback,0,1024,5,0,0
7350085833198016,3,trace,0,8192,5,0,0
7350085833198016,3,latency,0,4096,15,0,0
7350085933752617,0,market_ingress,0,1024,8,0,0
7350085933752617,0,trader_request,0,1024,1,0,0
7350085933752617,0,trading_callback,0,1024,3,0,0
7350085933752617,0,trace,0,8192,22,0,0
7350085933752617,0,latency,0,4096,13,0,0
7350085933752617,1,market_ingress,0,1024,8,0,0
7350085933752617,1,trader_request,0,1024,1,0,0
7350085933752617,1,trading_callback,0,1024,3,0,0
7350085933752617,1,trace,0,8192,4,0,0
7350085933752617,1,latency,0,4096,15,0,0
7350085933752617,2,market_ingress,0,1024,7,0,0
7350085933752617,2,trader_request,0,1024,1,0,0
7350085933752617,2,trading_callback,0,1024,3,0,0
7350085933752617,2,trace,0,8192,8,0,0
7350085933752617,2,latency,0,4096,6,0,0
7350085933752617,3,market_ingress,0,1024,8,0,0
7350085933752617,3,trader_request,0,1024,3,0,0
7350085933752617,3,trading_callback,0,1024,5,0,0
7350085933752617,3,trace,0,8192,5,0,0
7350085933752617,3,latency,0,4096,15,0,0
7350086034276606,0,market_ingress,0,1024,8,0,0
7350086034276606,0,trader_request,0,1024,1,0,0
7350086034276606,0,trading_callback,0,1024,3,0,0
7350086034276606,0,trace,0,8192,22,0,0
7350086034276606,0,latency,0,4096,13,0,0
7350086034276606,1,market_ingress,0,1024,8,0,0
7350086034276606,1,trader_request,0,1024,1,0,0
7350086034276606,1,trading_callback,0,1024,3,0,0
7350086034276606,1,trace,0,8192,4,0,0
7350086034276606,1,latency,1,4096,15,390857,0
7350086034276606,2,market_ingress,0,1024,7,0,0
7350086034276606,2,trader_request,0,1024,1,0,0
7350086034276606,2,trading_callback,0,1024,3,0,0
7350086034276606,2,trace,0,8192,8,0,0
7350086034276606,2,latency,1,4096,6,412035,0
7350086034276606,3,market_ingress,1,1024,8,415779,0
7350086034276606,3,trader_request,0,1024,3,0,0
7350086034276606,3,trading_callback,0,1024,5,0,0
7350086034276606,3,trace,0,8192,5,0,0
7350086034276606,3,latency,0,4096,15,0,0
7350086134816985,0,market_ingress,0,1024,8,0,0
7350086134816985,0,trader_request,0,1024,1,0,0
7350086134816985,0,trading_callback,0,1024,3,0,0
7350086134816985,0,trace,0,8192,22,0,0
7350086134816985,0,latency,0,4096,13,0,0
7350086134816985,1,market_ingress,0,1024,8,0,0
7350086134816985,1,trader_request,0,1024,1,0,0
7350086134816985,1,trading_callback,0,1024,3,0,0
7350086134816985,1,trace,0,8192,4,0,0
7350086134816985,1,latency,0,4096,15,0,0
7350086134816985,2,market_ingress,0,1024,7,0,0
7350086134816985,2,trader_request,0,1024,1,0,0
7350086134816985,2,trading_callback,0,1024,3,0,0
7350086134816985,2,trace,0,8192,8,0,0
7350086134816985,2,latency,0,4096,6,0,0
7350086134816985,3,market_ingress,0,1024,8,0,0
7350086134816985,3,trader_request,0,1024,3,0,0
7350086134816985,3,trading_callback,0,1024,5,0,0
7350086134816985,3,trace,0,8192,5,0,0
7350086134816985,3,latency,0,4096,15,0,0
7350086235338899,0,market_ingress,0,1024,8,0,0
7350086235338899,0,trader_request,0,1024,1,0,0
7350086235338899,0,trading_callback,0,1024,3,0,0
7350086235338899,0,trace,0,8192,22,0,0
7350086235338899,0,latency,0,4096,13,0,0
7350086235338899,1,market_ingress,0,1024,8,0,0
7350086235338899,1,trader_request,0,1024,1,0,0
7350086235338899,1,trading_callback,0,1024,3,0,0
7350086235338899,1,trace,0,8192,4,0,0
7350086235338899,1,latency,1,4096,15,448054,0
7350086235338899,2,market_ingress,0,1024,7,0,0
7350086235338899,2,trader_request,0,1024,1,0,0
7350086235338899,2,trading_callback,0,1024,3,0,0
7350086235338899,2,trace,0,8192,8,0,0
7350086235338899,2,latency,1,4096,6,452778,0
7350086235338899,3,market_ingress,1,1024,8,456037,0
7350086235338899,3,trader_request,0,1024,3,0,0
7350086235338899,3,trading_callback,0,1024,5,0,0
7350086235338899,3,trace,0,8192,5,0,0
7350086235338899,3,latency,0,4096,15,0,0
7350086335860069,0,market_ingress,0,1024,8,0,0
7350086335860069,0,trader_request,0,1024,1,0,0
7350086335860069,0,trading_callback,0,1024,3,0,0
7350086335860069,0,trace,0,8192,22,0,0
7350086335860069,0,latency,0,4096,13,0,0
7350086335860069,1,market_ingress,0,1024,8,0,0
7350086335860069,1,trader_request,0,1024,1,0,0
7350086335860069,1,trading_callback,0,1024,3,0,0
7350086335860069,1,trace,0,8192,4,0,0
7350086335860069,1,latency,0,4096,15,0,0
7350086335860069,2,market_ingress,0,1024,7,0,0
7350086335860069,2,trader_request,0,1024,1,0,0
7350086335860069,2,trading_callback,0,1024,3,0,0
7350086335860069,2,trace,0,8192,8,0,0
7350086335860069,2,latency,0,4096,6,0,0
7350086335860069,3,market_ingress,0,1024,8,0,0
7350086335860069,3,trader_request,0,1024,3,0,0
7350086335860069,3,trading_callback,0,1024,5,0,0
7350086335860069,3,trace,0,8192,5,0,0
7350086335860069,3,latency,0,4096,15,0,0
7350086436388131,0,market_ingress,0,1024,8,0,0
7350086436388131,0,trader_request,0,1024,1,0,0
7350086436388131,0,trading_callback,0,1024,3,0,0
7350086436388131,0,trace,0,8192,22,0,0
7350086436388131,0,latency,0,4096,13,0,0
7350086436388131,1,market_ingress,0,1024,8,0,0
7350086436388131,1,trader_request,0,1024,1,0,0
7350086436388131,1,trading_callback,0,1024,3,0,0
7350086436388131,1,trace,0,8192,4,0,0
7350086436388131,1,latency,0,4096,15,0,0
7350086436388131,2,market_ingress,0,1024,7,0,0
7350086436388131,2,trader_request,0,1024,1,0,0
7350086436388131,2,trading_callback,0,1024,3,0,0
7350086436388131,2,trace,0,8192,8,0,0
7350086436388131,2,latency,0,4096,6,0,0
7350086436388131,3,market_ingress,0,1024,8,0,0
7350086436388131,3,trader_request,0,1024,3,0,0
7350086436388131,3,trading_callback,0,1024,5,0,0
7350086436388131,3,trace,0,8192,5,0,0
7350086436388131,3,latency,0,4096,15,0,0
7350086536898592,0,market_ingress,0,1024,8,0,0
7350086536898592,0,trader_request,0,1024,1,0,0
7350086536898592,0,trading_callback,0,1024,3,0,0
7350086536898592,0,trace,0,8192,22,0,0
7350086536898592,0,latency,0,4096,13,0,0
7350086536898592,1,market_ingress,0,1024,8,0,0
7350086536898592,1,trader_request,0,1024,1,0,0
7350086536898592,1,trading_callback,0,1024,3,0,0
7350086536898592,1,trace,0,8192,4,0,0
7350086536898592,1,latency,1,4096,15,10430,0
7350086536898592,2,market_ingress,0,1024,7,0,0
7350086536898592,2,trader_request,0,1024,1,0,0
7350086536898592,2,trading_callback,0,1024,3,0,0
7350086536898592,2,trace,0,8192,8,0,0
7350086536898592,2,latency,1,4096,6,15468,0
7350086536898592,3,market_ingress,1,1024,8,18883,0
7350086536898592,3,trader_request,0,1024,3,0,0
7350086536898592,3,trading_callback,0,1024,5,0,0
7350086536898592,3,trace,0,8192,5,0,0
7350086536898592,3,latency,0,4096,15,0,0
7350086637412558,0,market_ingress,0,1024,8,0,0
7350086637412558,0,trader_request,0,1024,1,0,0
7350086637412558,0,trading_callback,0,1024,3,0,0
7350086637412558,0,trace,0,8192,22,0,0
7350086637412558,0,latency,0,4096,13,0,0
7350086637412558,1,market_ingress,0,1024,8,0,0
7350086637412558,1,trader_request,0,1024,1,0,0
7350086637412558,1,trading_callback,0,1024,3,0,0
7350086637412558,1,trace,0,8192,4,0,0
7350086637412558,1,latency,0,4096,15,0,0
7350086637412558,2,market_ingress,0,1024,7,0,0
7350086637412558,2,trader_request,0,1024,1,0,0
7350086637412558,2,trading_callback,0,1024,3,0,0
7350086637412558,2,trace,0,8192,8,0,0
7350086637412558,2,latency,0,4096,6,0,0
7350086637412558,3,market_ingress,0,1024,8,0,0
7350086637412558,3,trader_request,0,1024,3,0,0
7350086637412558,3,trading_callback,0,1024,5,0,0
7350086637412558,3,trace,0,8192,5,0,0
7350086637412558,3,latency,0,4096,15,0,0
7350086737949696,0,market_ingress,0,1024,8,0,0
7350086737949696,0,trader_request,0,1024,1,0,0
7350086737949696,0,trading_callback,0,1024,3,0,0
7350086737949696,0,trace,1,8192,22,1606,0
7350086737949696,0,latency,0,4096,13,0,0
7350086737949696,1,market_ingress,0,1024,8,0,0
7350086737949696,1,trader_request,0,1024,1,0,0
7350086737949696,1,trading_callback,1,1024,3,4945,0
7350086737949696,1,trace,0,8192,4,0,0
7350086737949696,1,latency,2,4096,15,120667,0
7350086737949696,2,market_ingress,0,1024,7,0,0
7350086737949696,2,trader_request,0,1024,1,0,0
7350086737949696,2,trading_callback,0,1024,3,0,0
7350086737949696,2,trace,0,8192,8,0,0
7350086737949696,2,latency,5,4096,6,148511,0
7350086737949696,3,market_ingress,0,1024,8,0,0
7350086737949696,3,trader_request,0,1024,3,0,0
7350086737949696,3,trading_callback,0,1024,5,0,0
7350086737949696,3,trace,0,8192,5,0,0
7350086737949696,3,latency,0,4096,15,0,0
7350086838558861,0,market_ingress,0,1024,8,0,0
7350086838558861,0,trader_request,0,1024,1,0,0
7350086838558861,0,trading_callback,0,1024,3,0,0
7350086838558861,0,trace,0,8192,22,0,0
7350086838558861,0,latency,0,4096,13,0,0
7350086838558861,1,market_ingress,0,1024,8,0,0
7350086838558861,1,trader_request,0,1024,1,0,0
7350086838558861,1,trading_callback,0,1024,3,0,0
7350086838558861,1,trace,0,8192,4,0,0
7350086838558861,1,latency,0,4096,15,0,0
7350086838558861,2,market_ingress,0,1024,7,0,0
7350086838558861,2,trader_request,0,1024,1,0,0
7350086838558861,2,trading_callback,0,1024,3,0,0
7350086838558861,2,trace,0,8192,8,0,0
7350086838558861,2,latency,0,4096,6,0,0
7350086838558861,3,market_ingress,0,1024,8,0,0
7350086838558861,3,trader_request,0,1024,3,0,0
7350086838558861,3,trading_callback,0,1024,5,0,0
7350086838558861,3,trace,0,8192,5,0,0
7350086838558861,3,latency,0,4096,15,0,0
7350086940501306,0,market_ingress,0,1024,8,0,0
7350086940501306,0,trader_request,0,1024,1,0,0
7350086940501306,0,trading_callback,0,1024,3,0,0
7350086940501306,0,trace,0,8192,22,0,0
7350086940501306,0,latency,0,4096,13,0,0
7350086940501306,1,market_ingress,0,1024,8,0,0
7350086940501306,1,trader_request,0,1024,1,0,0
7350086940501306,1,trading_callback,0,1024,3,0,0
7350086940501306,1,trace,0,8192,4,0,0
7350086940501306,1,latency,0,4096,15,0,0
7350086940501306,2,market_ingress,0,1024,7,0,0
7350086940501306,2,trader_request,0,1024,1,0,0
7350086940501306,2,trading_callback,0,1024,3,0,0
7350086940501306,2,trace,0,8192,8,0,0
7350086940501306,2,latency,22,4096,22,9620934,0
7350086940501306,3,market_ingress,0,1024,8,0,0
7350086940501306,3,trader_request,0,1024,3,0,0
7350086940501306,3,trading_callback,0,1024,5,0,0
7350086940501306,3,trace,0,8192,5,0,0
7350086940501306,3,latency,0,4096,15,0,0
7350087041024240,0,market_ingress,0,1024,8,0,0
7350087041024240,0,trader_request,0,1024,1,0,0
7350087041024240,0,trading_callback,0,1024,3,0,0
7350087041024240,0,trace,0,8192,22,0,0
7350087041024240,0,latency,0,4096,13,0,0
7350087041024240,1,market_ingress,0,1024,8,0,0
7350087041024240,1,trader_request,0,1024,1,0,0
7350087041024240,1,trading_callback,1,1024,3,7315,0
7350087041024240,1,trace,0,8192,4,0,0
7350087041024240,1,latency,0,4096,15,0,0
7350087041024240,2,market_ingress,0,1024,7,0,0
7350087041024240,2,trader_request,0,1024,1,0,0
7350087041024240,2,trading_callback,1,1024,3,3374,0
7350087041024240,2,trace,0,8192,8,0,0
7350087041024240,2,latency,2,4096,22,122220,0
7350087041024240,3,market_ingress,0,1024,8,0,0
7350087041024240,3,trader_request,0,1024,3,0,0
7350087041024240,3,trading_callback,1,1024,5,12811,0
7350087041024240,3,trace,0,8192,5,0,0
7350087041024240,3,latency,0,4096,15,0,0
7350087141530455,0,market_ingress,0,1024,8,0,0
7350087141530455,0,trader_request,0,1024,1,0,0
7350087141530455,0,trading_callback,0,1024,3,0,0
7350087141530455,0,trace,0,8192,22,0,0
7350087141530455,0,latency,0,4096,13,0,0
7350087141530455,1,market_ingress,0,1024,8,0,0
7350087141530455,1,trader_request,0,1024,1,0,0
7350087141530455,1,trading_callback,0,1024,3,0,0
7350087141530455,1,trace,0,8192,4,0,0
7350087141530455,1,latency,0,4096,15,0,0
7350087141530455,2,market_ingress,0,1024,7,0,0
7350087141530455,2,trader_request,0,1024,1,0,0
7350087141530455,2,trading_callback,0,1024,3,0,0
7350087141530455,2,trace,0,8192,8,0,0
7350087141530455,2,latency,0,4096,22,0,0
7350087141530455,3,market_ingress,0,1024,8,0,0
7350087141530455,3,trader_request,0,1024,3,0,0
7350087141530455,3,trading_callback,0,1024,5,0,0
7350087141530455,3,trace,0,8192,5,0,0
7350087141530455,3,latency,0,4096,15,0,0
7350087242046688,0,market_ingress,0,1024,8,0,0
7350087242046688,0,trader_request,0,1024,1,0,0
7350087242046688,0,trading_callback,0,1024,3,0,0
7350087242046688,0,trace,0,8192,22,0,0
7350087242046688,0,latency,0,4096,13,0,0
7350087242046688,1,market_ingress,0,1024,8,0,0
7350087242046688,1,trader_request,0,1024,1,0,0
7350087242046688,1,trading_callback,0,1024,4,0,0
7350087242046688,1,trace,0,8192,4,0,0
7350087242046688,1,latency,0,4096,15,0,0
7350087242046688,2,market_ingress,0,1024,9,0,0
7350087242046688,2,trader_request,0,1024,1,0,0
7350087242046688,2,trading_callback,0,1024,3,0,0
7350087242046688,2,trace,0,8192,8,0,0
7350087242046688,2,latency,5,4096,22,210366,0
7350087242046688,3,market_ingress,0,1024,8,0,0
7350087242046688,3,trader_request,0,1024,3,0,0
7350087242046688,3,trading_callback,0,1024,5,0,0
7350087242046688,3,trace,0,8192,5,0,0
7350087242046688,3,latency,0,4096,15,0,0
7350087342618749,0,market_ingress,0,1024,8,0,0
7350087342618749,0,trader_request,0,1024,1,0,0
7350087342618749,0,trading_callback,0,1024,3,0,0
7350087342618749,0,trace,0,8192,22,0,0
7350087342618749,0,latency,0,4096,13,0,0
7350087342618749,1,market_ingress,0,1024,8,0,0
7350087342618749,1,trader_request,0,1024,1,0,0
7350087342618749,1,trading_callback,0,1024,4,0,0
7350087342618749,1,trace,0,8192,16,0,0
7350087342618749,1,latency,0,4096,15,0,0
7350087342618749,2,market_ingress,0,1024,9,0,0
7350087342618749,2,trader_request,0,1024,1,0,0
7350087342618749,2,trading_callback,0,1024,3,0,0
7350087342618749,2,trace,0,8192,8,0,0
7350087342618749,2,latency,0,4096,22,0,0
7350087342618749,3,market_ingress,0,1024,8,0,0
7350087342618749,3,trader_request,0,1024,3,0,0
7350087342618749,3,trading_callback,0,1024,5,0,0
7350087342618749,3,trace,0,8192,5,0,0
7350087342618749,3,latency,0,4096,15,0,0
7350087443109745,0,market_ingress,0,1024,8,0,0
7350087443109745,0,trader_request,0,1024,1,0,0
7350087443109745,0,trading_callback,0,1024,3,0,0
7350087443109745,0,trace,0,8192,22,0,0
7350087443109745,0,latency,0,4096,13,0,0
7350087443109745,1,market_ingress,0,1024,8,0,0
7350087443109745,1,trader_request,0,1024,1,0,0
7350087443109745,1,trading_callback,0,1024,4,0,0
7350087443109745,1,trace,0,8192,16,0,0
7350087443109745,1,latency,0,4096,15,0,0
7350087443109745,2,market_ingress,0,1024,9,0,0
7350087443109745,2,trader_request,0,1024,1,0,0
7350087443109745,2,trading_callback,0,1024,3,0,0
7350087443109745,2,trace,0,8192,8,0,0
7350087443109745,2,latency,1,4096,22,169835,0
7350087443109745,3,market_ingress,0,1024,8,0,0
7350087443109745,3,trader_request,0,1024,3,0,0
7350087443109745,3,trading_callback,0,1024,5,0,0
7350087443109745,3,trace,0,8192,5,0,0
7350087443109745,3,latency,0,4096,15,0,0
7350087543576371,0,market_ingress,0,1024,9,0,0
7350087543576371,0,trader_request,0,1024,1,0,0
7350087543576371,0,trading_callback,0,1024,3,0,0
7350087543576371,0,trace,0,8192,22,0,0
7350087543576371,0,latency,0,4096,13,0,0
7350087543576371,1,market_ingress,0,1024,9,0,0
7350087543576371,1,trader_request,0,1024,1,0,0
7350087543576371,1,trading_callback,0,1024,4,0,0
7350087543576371,1,trace,0,8192,16,0,0
7350087543576371,1,latency,0,4096,15,0,0
7350087543576371,2,market_ingress,0,1024,9,0,0
7350087543576371,2,trader_request,0,1024,1,0,0
7350087543576371,2,trading_callback,0,1024,3,0,0
7350087543576371,2,trace,0,8192,8,0,0
7350087543576371,2,latency,0,4096,22,0,0
7350087543576371,3,market_ingress,0,1024,9,0,0
7350087543576371,3,trader_request,0,1024,3,0,0
7350087543576371,3,trading_callback,0,1024,5,0,0
7350087543576371,3,trace,0,8192,5,0,0
7350087543576371,3,latency,0,4096,15,0,0
7350087644015869,0,market_ingress,0,1024,9,0,0
7350087644015869,0,trader_request,0,1024,1,0,0
7350087644015869,0,trading_callback,1,1024,3,0,0
7350087644015869,0,trace,0,8192,22,0,0
7350087644015869,0,latency,0,4096,13,0,0
7350087644015869,1,market_ingress,0,1024,9,0,0
7350087644015869,1,trader_request,0,1024,1,0,0
7350087644015869,1,trading_callback,0,1024,4,0,0
7350087644015869,1,trace,0,8192,16,0,0
7350087644015869,1,latency,0,4096,15,0,0
7350087644015869,2,market_ingress,0,1024,9,0,0
7350087644015869,2,trader_request,0,1024,1,0,0
7350087644015869,2,trading_callback,0,1024,3,0,0
7350087644015869,2,trace,0,8192,8,0,0
7350087644015869,2,latency,5,4096,22,142363,0
7350087644015869,3,market_ingress,0,1024,9,0,0
7350087644015869,3,trader_request,0,1024,3,0,0
7350087644015869,3,trading_callback,0,1024,5,0,0
7350087644015869,3,trace,0,8192,5,0,0
7350087644015869,3,latency,0,4096,15,0,0
7350087744577226,0,market_ingress,0,1024,9,0,0
7350087744577226,0,trader_request,0,1024,1,0,0
7350087744577226,0,trading_callback,0,1024,3,0,0
7350087744577226,0,trace,0,8192,22,0,0
7350087744577226,0,latency,0,4096,13,0,0
7350087744577226,1,market_ingress,0,1024,9,0,0
7350087744577226,1,trader_request,0,1024,1,0,0
7350087744577226,1,trading_callback,0,1024,4,0,0
7350087744577226,1,trace,0,8192,16,0,0
7350087744577226,1,latency,0,4096,15,0,0
7350087744577226,2,market_ingress,0,1024,9,0,0
7350087744577226,2,trader_request,0,1024,1,0,0
7350087744577226,2,trading_callback,0,1024,3,0,0
7350087744577226,2,trace,0,8192,8,0,0
7350087744577226,2,latency,0,4096,22,0,0
7350087744577226,3,market_ingress,0,1024,9,0,0
7350087744577226,3,trader_request,0,1024,3,0,0
7350087744577226,3,trading_callback,0,1024,5,0,0
7350087744577226,3,trace,0,8192,5,0,0
7350087744577226,3,latency,0,4096,15,0,0
7350087845169054,0,market_ingress,0,1024,9,0,0
7350087845169054,0,trader_request,0,1024,1,0,0
7350087845169054,0,trading_callback,0,1024,3,0,0
7350087845169054,0,trace,0,8192,22,0,0
7350087845169054,0,latency,0,4096,13,0,0
7350087845169054,1,market_ingress,0,1024,9,0,0
7350087845169054,1,trader_request,0,1024,1,0,0
7350087845169054,1,trading_callback,0,1024,4,0,0
7350087845169054,1,trace,0,8192,16,0,0
7350087845169054,1,latency,0,4096,15,0,0
7350087845169054,2,market_ingress,0,1024,9,0,0
7350087845169054,2,trader_request,0,1024,1,0,0
7350087845169054,2,trading_callback,0,1024,3,0,0
7350087845169054,2,trace,0,8192,8,0,0
7350087845169054,2,latency,5,4096,22,326464,0
7350087845169054,3,market_ingress,0,1024,9,0,0
7350087845169054,3,trader_request,0,1024,3,0,0
7350087845169054,3,trading_callback,0,1024,5,0,0
7350087845169054,3,trace,0,8192,5,0,0
7350087845169054,3,latency,0,4096,15,0,0
7350087945733196,0,market_ingress,0,1024,9,0,0
7350087945733196,0,trader_request,0,1024,1,0,0
7350087945733196,0,trading_callback,0,1024,3,0,0
7350087945733196,0,trace,0,8192,22,0,0
7350087945733196,0,latency,0,4096,13,0,0
7350087945733196,1,market_ingress,0,1024,9,0,0
7350087945733196,1,trader_request,0,1024,1,0,0
7350087945733196,1,trading_callback,0,1024,4,0,0
7350087945733196,1,trace,0,8192,16,0,0
7350087945733196,1,latency,0,4096,15,0,0
7350087945733196,2,market_ingress,0,1024,9,0,0
7350087945733196,2,trader_request,0,1024,1,0,0
7350087945733196,2,trading_callback,0,1024,3,0,0
7350087945733196,2,trace,0,8192,8,0,0
7350087945733196,2,latency,0,4096,22,0,0
7350087945733196,3,market_ingress,0,1024,9,0,0
7350087945733196,3,trader_request,0,1024,3,0,0
7350087945733196,3,trading_callback,0,1024,5,0,0
7350087945733196,3,trace,0,8192,5,0,0
7350087945733196,3,latency,0,4096,15,0,0
7350088046229140,0,market_ingress,0,1024,9,0,0
7350088046229140,0,trader_request,0,1024,1,0,0
7350088046229140,0,trading_callback,0,1024,3,0,0
7350088046229140,0,trace,0,8192,22,0,0
7350088046229140,0,latency,0,4096,13,0,0
7350088046229140,1,market_ingress,0,1024,9,0,0
7350088046229140,1,trader_request,0,1024,1,0,0
7350088046229140,1,trading_callback,0,1024,4,0,0
7350088046229140,1,trace,0,8192,16,0,0
7350088046229140,1,latency,0,4096,15,0,0
7350088046229140,2,market_ingress,0,1024,9,0,0
7350088046229140,2,trader_request,0,1024,1,0,0
7350088046229140,2,trading_callback,0,1024,3,0,0
7350088046229140,2,trace,0,8192,8,0,0
7350088046229140,2,latency,1,4096,22,286359,0
7350088046229140,3,market_ingress,0,1024,9,0,0
7350088046229140,3,trader_request,0,1024,3,0,0
7350088046229140,3,trading_callback,0,1024,5,0,0
7350088046229140,3,trace,0,8192,5,0,0
7350088046229140,3,latency,0,4096,15,0,0
7350088146700001,0,market_ingress,0,1024,9,0,0
7350088146700001,0,trader_request,0,1024,1,0,0
7350088146700001,0,trading_callback,0,1024,3,0,0
7350088146700001,0,trace,0,8192,22,0,0
7350088146700001,0,latency,0,4096,13,0,0
7350088146700001,1,market_ingress,0,1024,9,0,0
7350088146700001,1,trader_request,0,1024,1,0,0
7350088146700001,1,trading_callback,0,1024,4,0,0
7350088146700001,1,trace,0,8192,16,0,0
7350088146700001,1,latency,0,4096,15,0,0
7350088146700001,2,market_ingress,0,1024,9,0,0
7350088146700001,2,trader_request,0,1024,1,0,0
7350088146700001,2,trading_callback,0,1024,3,0,0
7350088146700001,2,trace,0,8192,8,0,0
7350088146700001,2,latency,0,4096,22,0,0
7350088146700001,3,market_ingress,0,1024,9,0,0
7350088146700001,3,trader_request,0,1024,3,0,0
7350088146700001,3,trading_callback,0,1024,5,0,0
7350088146700001,3,trace,0,8192,5,0,0
7350088146700001,3,latency,0,4096,15,0,0
7350088247241699,0,market_ingress,0,1024,9,0,0
7350088247241699,0,trader_request,0,1024,1,0,0
7350088247241699,0,trading_callback,0,1024,3,0,0
7350088247241699,0,trace,0,8192,22,0,0
7350088247241699,0,latency,0,4096,13,0,0
7350088247241699,1,market_ingress,0,1024,9,0,0
7350088247241699,1,trader_request,0,1024,1,0,0
7350088247241699,1,trading_callback,0,1024,4,0,0
7350088247241699,1,trace,0,8192,16,0,0
7350088247241699,1,latency,0,4096,15,0,0
7350088247241699,2,market_ingress,0,1024,9,0,0
7350088247241699,2,trader_request,0,1024,1,0,0
7350088247241699,2,trading_callback,0,1024,3,0,0
7350088247241699,2,trace,0,8192,8,0,0
7350088247241699,2,latency,5,4096,22,511760,0
7350088247241699,3,market_ingress,0,1024,9,0,0
7350088247241699,3,trader_request,0,1024,3,0,0
7350088247241699,3,trading_callback,0,1024,5,0,0
7350088247241699,3,trace,0,8192,5,0,0
7350088247241699,3,latency,0,4096,15,0,0
7350088347926109,0,market_ingress,0,1024,9,0,0
7350088347926109,0,trader_request,0,1024,1,0,0
7350088347926109,0,trading_callback,0,1024,3,0,0
7350088347926109,0,trace,0,8192,22,0,0
7350088347926109,0,latency,0,4096,13,0,0
7350088347926109,1,market_ingress,0,1024,9,0,0
7350088347926109,1,trader_request,0,1024,1,0,0
7350088347926109,1,trading_callback,0,1024,4,0,0
7350088347926109,1,trace,0,8192,16,0,0
7350088347926109,1,latency,0,4096,15,0,0
7350088347926109,2,market_ingress,0,1024,9,0,0
7350088347926109,2,trader_request,0,1024,1,0,0
7350088347926109,2,trading_callback,0,1024,3,0,0
7350088347926109,2,trace,0,8192,8,0,0
7350088347926109,2,latency,1,4096,22,74159,0
7350088347926109,3,market_ingress,0,1024,9,0,0
7350088347926109,3,trader_request,0,1024,3,0,0
7350088347926109,3,trading_callback,0,1024,5,0,0
7350088347926109,3,trace,0,8192,5,0,0
7350088347926109,3,latency,0,4096,15,0,0
7350088448484551,0,market_ingress,0,1024,9,0,0
7350088448484551,0,trader_request,0,1024,1,0,0
7350088448484551,0,trading_callback,0,1024,3,0,0
7350088448484551,0,trace,0,8192,22,0,0
7350088448484551,0,latency,0,4096,13,0,0
7350088448484551,1,market_ingress,0,1024,9,0,0
7350088448484551,1,trader_request,0,1024,1,0,0
7350088448484551,1,trading_callback,0,1024,4,0,0
7350088448484551,1,trace,0,8192,16,0,0
7350088448484551,1,latency,0,4096,15,0,0
7350088448484551,2,market_ingress,0,1024,9,0,0
7350088448484551,2,trader_request,0,1024,1,0,0
7350088448484551,2,trading_callback,0,1024,3,0,0
7350088448484551,2,trace,0,8192,8,0,0
7350088448484551,2,latency,3,4096,22,496140,0
7350088448484551,3,market_ingress,0,1024,9,0,0
7350088448484551,3,trader_request,0,1024,3,0,0
7350088448484551,3,trading_callback,0,1024,5,0,0
7350088448484551,3,trace,0,8192,5,0,0
7350088448484551,3,latency,0,4096,15,0,0
7350088549040372,0,market_ingress,0,1024,9,0,0
7350088549040372,0,trader_request,0,1024,1,0,0
7350088549040372,0,trading_callback,0,1024,3,0,0
7350088549040372,0,trace,0,8192,22,0,0
7350088549040372,0,latency,0,4096,13,0,0
7350088549040372,1,market_ingress,0,1024,9,0,0
7350088549040372,1,trader_request,0,1024,1,0,0
7350088549040372,1,trading_callback,0,1024,4,0,0
7350088549040372,1,trace,0,8192,16,0,0
7350088549040372,1,latency,0,4096,15,0,0
7350088549040372,2,market_ingress,0,1024,9,0,0
7350088549040372,2,trader_request,0,1024,1,0,0
7350088549040372,2,trading_callback,0,1024,3,0,0
7350088549040372,2,trace,0,8192,8,0,0
7350088549040372,2,latency,5,4096,22,134870,0
7350088549040372,3,market_ingress,0,1024,9,0,0
7350088549040372,3,trader_request,0,1024,3,0,0
7350088549040372,3,trading_callback,0,1024,5,0,0
7350088549040372,3,trace,0,8192,5,0,0
7350088549040372,3,latency,0,4096,15,0,0
7350088649562233,0,market_ingress,0,1024,9,0,0
7350088649562233,0,trader_request,0,1024,1,0,0
7350088649562233,0,trading_callback,0,1024,3,0,0
7350088649562233,0,trace,0,8192,22,0,0
7350088649562233,0,latency,0,4096,13,0,0
7350088649562233,1,market_ingress,0,1024,9,0,0
7350088649562233,1,trader_request,0,1024,1,0,0
7350088649562233,1,trading_callback,0,1024,4,0,0
7350088649562233,1,trace,0,8192,16,0,0
7350088649562233,1,latency,0,4096,15,0,0
7350088649562233,2,market_ingress,0,1024,9,0,0
7350088649562233,2,trader_request,0,1024,1,0,0
7350088649562233,2,trading_callback,0,1024,3,0,0
7350088649562233,2,trace,0,8192,8,0,0
7350088649562233,2,latency,0,4096,22,0,0
7350088649562233,3,market_ingress,0,1024,9,0,0
7350088649562233,3,trader_request,0,1024,3,0,0
7350088649562233,3,trading_callback,0,1024,5,0,0
7350088649562233,3,trace,0,8192,5,0,0
7350088649562233,3,latency,0,4096,15,0,0
7350088750190296,0,market_ingress,0,1024,9,0,0
7350088750190296,0,trader_request,0,1024,1,0,0
7350088750190296,0,trading_callback,0,1024,3,0,0
7350088750190296,0,trace,0,8192,22,0,0
7350088750190296,0,latency,0,4096,13,0,0
7350088750190296,1,market_ingress,0,1024,9,0,0
7350088750190296,1,trader_request,0,1024,1,0,0
7350088750190296,1,trading_callback,0,1024,4,0,0
7350088750190296,1,trace,0,8192,16,0,0
7350088750190296,1,latency,0,4096,15,0,0
7350088750190296,2,market_ingress,0,1024,9,0,0
7350088750190296,2,trader_request,0,1024,1,0,0
7350088750190296,2,trading_callback,0,1024,3,0,0
7350088750190296,2,trace,0,8192,8,0,0
7350088750190296,2,latency,1,4096,22,327542,0
7350088750190296,3,market_ingress,0,1024,9,0,0
7350088750190296,3,trader_request,0,1024,3,0,0
7350088750190296,3,trading_callback,0,1024,5,0,0
7350088750190296,3,trace,0,8192,5,0,0
7350088750190296,3,latency,0,4096,15,0,0
7350088850737170,0,market_ingress,0,1024,9,0,0
7350088850737170,0,trader_request,0,1024,1,0,0
7350088850737170,0,trading_callback,0,1024,3,0,0
7350088850737170,0,trace,0,8192,22,0,0
7350088850737170,0,latency,0,4096,13,0,0
7350088850737170,1,market_ingress,0,1024,9,0,0
7350088850737170,1,trader_request,0,1024,1,0,0
7350088850737170,1,trading_callback,0,1024,4,0,0
7350088850737170,1,trace,0,8192,16,0,0
7350088850737170,1,latency,0,4096,15,0,0
7350088850737170,2,market_ingress,0,1024,9,0,0
7350088850737170,2,trader_request,0,1024,1,0,0
7350088850737170,2,trading_callback,0,1024,3,0,0
7350088850737170,2,trace,0,8192,8,0,0
7350088850737170,2,latency,0,4096,22,0,0
7350088850737170,3,market_ingress,0,1024,9,0,0
7350088850737170,3,trader_request,0,1024,3,0,0
7350088850737170,3,trading_callback,0,1024,5,0,0
7350088850737170,3,trace,0,8192,5,0,0
7350088850737170,3,latency,0,4096,15,0,0
7350088951250862,0,market_ingress,0,1024,9,0,0
7350088951250862,0,trader_request,0,1024,1,0,0
7350088951250862,0,trading_callback,0,1024,3,0,0
7350088951250862,0,trace,0,8192,22,0,0
7350088951250862,0,latency,0,4096,13,0,0
7350088951250862,1,market_ingress,0,1024,9,0,0
7350088951250862,1,trader_request,0,1024,1,0,0
7350088951250862,1,trading_callback,0,1024,4,0,0
7350088951250862,1,trace,0,8192,16,0,0
7350088951250862,1,latency,0,4096,15,0,0
7350088951250862,2,market_ingress,0,1024,9,0,0
7350088951250862,2,trader_request,0,1024,1,0,0
7350088951250862,2,trading_callback,0,1024,3,0,0
7350088951250862,2,trace,0,8192,8,0,0
7350088951250862,2,latency,1,4096,22,376638,0
7350088951250862,3,market_ingress,0,1024,9,0,0
7350088951250862,3,trader_request,0,1024,3,0,0
7350088951250862,3,trading_callback,0,1024,5,0,0
7350088951250862,3,trace,0,8192,5,0,0
7350088951250862,3,latency,0,4096,15,0,0
7350089051793764,0,market_ingress,0,1024,9,0,0
7350089051793764,0,trader_request,0,1024,1,0,0
7350089051793764,0,trading_callback,0,1024,3,0,0
7350089051793764,0,trace,0,8192,22,0,0
7350089051793764,0,latency,0,4096,13,0,0
7350089051793764,1,market_ingress,0,1024,9,0,0
7350089051793764,1,trader_request,0,1024,1,0,0
7350089051793764,1,trading_callback,0,1024,4,0,0
7350089051793764,1,trace,0,8192,16,0,0
7350089051793764,1,latency,0,4096,15,0,0
7350089051793764,2,market_ingress,0,1024,9,0,0
7350089051793764,2,trader_request,0,1024,1,0,0
7350089051793764,2,trading_callback,0,1024,3,0,0
7350089051793764,2,trace,0,8192,8,0,0
7350089051793764,2,latency,0,4096,22,0,0
7350089051793764,3,market_ingress,0,1024,9,0,0
7350089051793764,3,trader_request,0,1024,3,0,0
7350089051793764,3,trading_callback,0,1024,5,0,0
7350089051793764,3,trace,0,8192,5,0,0
7350089051793764,3,latency,0,4096,15,0,0
7350089152379871,0,market_ingress,0,1024,9,0,0
7350089152379871,0,trader_request,0,1024,1,0,0
7350089152379871,0,trading_callback,0,1024,3,0,0
7350089152379871,0,trace,0,8192,22,0,0
7350089152379871,0,latency,0,4096,13,0,0
7350089152379871,1,market_ingress,0,1024,9,0,0
7350089152379871,1,trader_request,0,1024,1,0,0
7350089152379871,1,trading_callback,0,1024,4,0,0
7350089152379871,1,trace,0,8192,16,0,0
7350089152379871,1,latency,0,4096,15,0,0
7350089152379871,2,market_ingress,0,1024,9,0,0
7350089152379871,2,trader_request,0,1024,1,0,0
7350089152379871,2,trading_callback,0,1024,3,0,0
7350089152379871,2,trace,0,8192,8,0,0
7350089152379871,2,latency,4,4096,22,385521,0
7350089152379871,3,market_ingress,0,1024,9,0,0
7350089152379871,3,trader_request,0,1024,3,0,0
7350089152379871,3,trading_callback,0,1024,5,0,0
7350089152379871,3,trace,0,8192,5,0,0
7350089152379871,3,latency,0,4096,15,0,0
7350089252900079,0,market_ingress,0,1024,9,0,0
7350089252900079,0,trader_request,0,1024,1,0,0
7350089252900079,0,trading_callback,0,1024,3,0,0
7350089252900079,0,trace,0,8192,22,0,0
7350089252900079,0,latency,0,4096,13,0,0
7350089252900079,1,market_ingress,0,1024,9,0,0
7350089252900079,1,trader_request,0,1024,1,0,0
7350089252900079,1,trading_callback,0,1024,4,0,0
7350089252900079,1,trace,0,8192,16,0,0
7350089252900079,1,latency,0,4096,15,0,0
7350089252900079,2,market_ingress,0,1024,9,0,0
7350089252900079,2,trader_request,0,1024,1,0,0
7350089252900079,2,trading_callback,0,1024,3,0,0
7350089252900079,2,trace,0,8192,8,0,0
7350089252900079,2,latency,1,4096,22,47611,0
7350089252900079,3,market_ingress,0,1024,9,0,0
7350089252900079,3,trader_request,0,1024,3,0,0
7350089252900079,3,trading_callback,0,1024,5,0,0
7350089252900079,3,trace,0,8192,5,0,0
7350089252900079,3,latency,0,4096,15,0,0
7350089353457927,0,market_ingress,0,1024,9,0,0
7350089353457927,0,trader_request,0,1024,1,0,0
7350089353457927,0,trading_callback,0,1024,3,0,0
7350089353457927,0,trace,0,8192,22,0,0
7350089353457927,0,latency,0,4096,13,0,0
7350089353457927,1,market_ingress,0,1024,9,0,0
7350089353457927,1,trader_request,0,1024,1,0,0
7350089353457927,1,trading_callback,0,1024,4,0,0
7350089353457927,1,trace,0,8192,16,0,0
7350089353457927,1,latency,0,4096,15,0,0
7350089353457927,2,market_ingress,0,1024,9,0,0
7350089353457927,2,trader_request,0,1024,1,0,0
7350089353457927,2,trading_callback,0,1024,3,0,0
7350089353457927,2,trace,0,8192,8,0,0
7350089353457927,2,latency,0,4096,22,0,0
7350089353457927,3,market_ingress,0,1024,9,0,0
7350089353457927,3,trader_request,0,1024,3,0,0
7350089353457927,3,trading_callback,0,1024,5,0,0
7350089353457927,3,trace,0,8192,5,0,0
7350089353457927,3,latency,0,4096,15,0,0
7350089453952206,0,market_ingress,0,1024,9,0,0
7350089453952206,0,trader_request,0,1024,1,0,0
7350089453952206,0,trading_callback,0,1024,3,0,0
7350089453952206,0,trace,0,8192,22,0,0
7350089453952206,0,latency,0,4096,13,0,0
7350089453952206,1,market_ingress,0,1024,9,0,0
7350089453952206,1,trader_request,0,1024,1,0,0
7350089453952206,1,trading_callback,0,1024,4,0,0
7350089453952206,1,trace,0,8192,16,0,0
7350089453952206,1,latency,0,4096,15,0,0
7350089453952206,2,market_ingress,0,1024,9,0,0
7350089453952206,2,trader_request,0,1024,1,0,0
7350089453952206,2,trading_callback,0,1024,3,0,0
7350089453952206,2,trace,0,8192,8,0,0
7350089453952206,2,latency,1,4096,22,67536,0
7350089453952206,3,market_ingress,0,1024,9,0,0
7350089453952206,3,trader_request,0,1024,3,0,0
7350089453952206,3,trading_callback,0,1024,5,0,0
7350089453952206,3,trace,0,8192,5,0,0
7350089453952206,3,latency,0,4096,15,0,0
7350089554475872,0,market_ingress,0,1024,9,0,0
7350089554475872,0,trader_request,0,1024,1,0,0
7350089554475872,0,trading_callback,0,1024,3,0,0
7350089554475872,0,trace,0,8192,22,0,0
7350089554475872,0,latency,0,4096,13,0,0
7350089554475872,1,market_ingress,0,1024,9,0,0
7350089554475872,1,trader_request,0,1024,1,0,0
7350089554475872,1,trading_callback,0,1024,4,0,0
7350089554475872,1,trace,0,8192,16,0,0
7350089554475872,1,latency,0,4096,15,0,0
7350089554475872,2,market_ingress,0,1024,9,0,0
7350089554475872,2,trader_request,0,1024,1,0,0
7350089554475872,2,trading_callback,0,1024,3,0,0
7350089554475872,2,trace,0,8192,8,0,0
7350089554475872,2,latency,0,4096,22,0,0
7350089554475872,3,market_ingress,0,1024,9,0,0
7350089554475872,3,trader_request,0,1024,3,0,0
7350089554475872,3,trading_callback,0,1024,5,0,0
7350089554475872,3,trace,0,8192,5,0,0
7350089554475872,3,latency,0,4096,15,0,0
7350089654990066,0,market_ingress,0,1024,9,0,0
7350089654990066,0,trader_request,0,1024,1,0,0
7350089654990066,0,trading_callback,0,1024,3,0,0
7350089654990066,0,trace,0,8192,22,0,0
7350089654990066,0,latency,0,4096,13,0,0
7350089654990066,1,market_ingress,0,1024,9,0,0
7350089654990066,1,trader_request,0,1024,1,0,0
7350089654990066,1,trading_callback,0,1024,4,0,0
7350089654990066,1,trace,0,8192,16,0,0
7350089654990066,1,latency,0,4096,15,0,0
7350089654990066,2,market_ingress,0,1024,9,0,0
7350089654990066,2,trader_request,0,1024,1,0,0
7350089654990066,2,trading_callback,0,1024,3,0,0
7350089654990066,2,trace,0,8192,8,0,0
7350089654990066,2,latency,1,4096,22,86709,0
7350089654990066,3,market_ingress,0,1024,9,0,0
7350089654990066,3,trader_request,0,1024,3,0,0
7350089654990066,3,trading_callback,0,1024,5,0,0
7350089654990066,3,trace,0,8192,5,0,0
7350089654990066,3,latency,0,4096,15,0,0
7350089755498177,0,market_ingress,0,1024,9,0,0
7350089755498177,0,trader_request,0,1024,1,0,0
7350089755498177,0,trading_callback,0,1024,3,0,0
7350089755498177,0,trace,0,8192,22,0,0
7350089755498177,0,latency,0,4096,13,0,0
7350089755498177,1,market_ingress,0,1024,9,0,0
7350089755498177,1,trader_request,0,1024,1,0,0
7350089755498177,1,trading_callback,0,1024,4,0,0
7350089755498177,1,trace,0,8192,16,0,0
7350089755498177,1,latency,0,4096,15,0,0
7350089755498177,2,market_ingress,0,1024,9,0,0
7350089755498177,2,trader_request,0,1024,1,0,0
7350089755498177,2,trading_callback,0,1024,3,0,0
7350089755498177,2,trace,0,8192,8,0,0
7350089755498177,2,latency,2,4096,22,537992,0
7350089755498177,3,market_ingress,0,1024,9,0,0
7350089755498177,3,trader_request,0,1024,3,0,0
7350089755498177,3,trading_callback,0,1024,5,0,0
7350089755498177,3,trace,0,8192,5,0,0
7350089755498177,3,latency,0,4096,15,0,0
7350089856096595,0,market_ingress,0,1024,9,0,0
7350089856096595,0,trader_request,0,1024,1,0,0
7350089856096595,0,trading_callback,0,1024,3,0,0
7350089856096595,0,trace,0,8192,22,0,0
7350089856096595,0,latency,0,4096,13,0,0
7350089856096595,1,market_ingress,0,1024,9,0,0
7350089856096595,1,trader_request,0,1024,1,0,0
7350089856096595,1,trading_callback,0,1024,4,0,0
7350089856096595,1,trace,0,8192,18,0,0
7350089856096595,1,latency,0,4096,15,0,0
7350089856096595,2,market_ingress,0,1024,9,0,0
7350089856096595,2,trader_request,0,1024,1,0,0
7350089856096595,2,trading_callback,0,1024,3,0,0
7350089856096595,2,trace,0,8192,8,0,0
7350089856096595,2,latency,1,4096,34,243215,0
7350089856096595,3,market_ingress,0,1024,9,0,0
7350089856096595,3,trader_request,0,1024,3,0,0
7350089856096595,3,trading_callback,0,1024,5,0,0
7350089856096595,3,trace,0,8192,5,0,0
7350089856096595,3,latency,0,4096,15,0,0
7350089956651107,0,market_ingress,0,1024,9,0,0
7350089956651107,0,trader_request,0,1024,1,0,0
7350089956651107,0,trading_callback,0,1024,3,0,0
7350089956651107,0,trace,0,8192,22,0,0
7350089956651107,0,latency,0,4096,13,0,0
7350089956651107,1,market_ingress,0,1024,9,0,0
7350089956651107,1,trader_request,0,1024,1,0,0
7350089956651107,1,trading_callback,0,1024,4,0,0
7350089956651107,1,trace,0,8192,18,0,0
7350089956651107,1,latency,0,4096,15,0,0
7350089956651107,2,market_ingress,0,1024,9,0,0
7350089956651107,2,trader_request,0,1024,1,0,0
7350089956651107,2,trading_callback,0,1024,3,0,0
7350089956651107,2,trace,0,8192,8,0,0
7350089956651107,2,latency,0,4096,34,0,0
7350089956651107,3,market_ingress,0,1024,9,0,0
7350089956651107,3,trader_request,0,1024,3,0,0
7350089956651107,3,trading_callback,0,1024,5,0,0
7350089956651107,3,trace,0,8192,5,0,0
7350089956651107,3,latency,0,4096,15,0,0
7350090060080560,0,market_ingress,0,1024,9,0,0
7350090060080560,0,trader_request,0,1024,1,0,0
7350090060080560,0,trading_callback,0,1024,3,0,0
7350090060080560,0,trace,0,8192,22,0,0
7350090060080560,0,latency,0,4096,13,0,0
7350090060080560,1,market_ingress,0,1024,9,0,0
7350090060080560,1,trader_request,0,1024,1,0,0
7350090060080560,1,trading_callback,0,1024,4,0,0
7350090060080560,1,trace,0,8192,18,0,0
7350090060080560,1,latency,0,4096,15,0,0
7350090060080560,2,market_ingress,0,1024,9,0,0
7350090060080560,2,trader_request,0,1024,1,0,0
7350090060080560,2,trading_callback,0,1024,3,0,0
7350090060080560,2,trace,0,8192,8,0,0
7350090060080560,2,latency,0,4096,34,0,0
7350090060080560,3,market_ingress,0,1024,9,0,0
7350090060080560,3,trader_request,0,1024,3,0,0
7350090060080560,3,trading_callback,0,1024,5,0,0
7350090060080560,3,trace,0,8192,5,0,0
7350090060080560,3,latency,0,4096,15,0,0
7350090161591609,0,market_ingress,0,1024,9,0,0
7350090161591609,0,trader_request,0,1024,1,0,0
7350090161591609,0,trading_callback,0,1024,3,0,0
7350090161591609,0,trace,0,8192,22,0,0
7350090161591609,0,latency,0,4096,13,0,0
7350090161591609,1,market_ingress,0,1024,9,0,0
7350090161591609,1,trader_request,0,1024,1,0,0
7350090161591609,1,trading_callback,0,1024,4,0,0
7350090161591609,1,trace,0,8192,18,0,0
7350090161591609,1,latency,0,4096,15,0,0
7350090161591609,2,market_ingress,0,1024,9,0,0
7350090161591609,2,trader_request,0,1024,1,0,0
7350090161591609,2,trading_callback,0,1024,3,0,0
7350090161591609,2,trace,0,8192,8,0,0
7350090161591609,2,latency,0,4096,34,0,0
7350090161591609,3,market_ingress,0,1024,9,0,0
7350090161591609,3,trader_request,0,1024,3,0,0
7350090161591609,3,trading_callback,0,1024,5,0,0
7350090161591609,3,trace,0,8192,5,0,0
7350090161591609,3,latency,0,4096,15,0,0
7350090263723177,0,market_ingress,0,1024,9,0,0
7350090263723177,0,trader_request,0,1024,1,0,0
7350090263723177,0,trading_callback,0,1024,3,0,0
7350090263723177,0,trace,0,8192,22,0,0
7350090263723177,0,latency,0,4096,13,0,0
7350090263723177,1,market_ingress,0,1024,9,0,0
7350090263723177,1,trader_request,0,1024,1,0,0
7350090263723177,1,trading_callback,0,1024,4,0,0
7350090263723177,1,trace,0,8192,18,0,0
7350090263723177,1,latency,0,4096,15,0,0
7350090263723177,2,market_ingress,0,1024,9,0,0
7350090263723177,2,trader_request,0,1024,1,0,0
7350090263723177,2,trading_callback,0,1024,3,0,0
7350090263723177,2,trace,0,8192,8,0,0
7350090263723177,2,latency,0,4096,34,0,0
7350090263723177,3,market_ingress,0,1024,9,0,0
7350090263723177,3,trader_request,0,1024,3,0,0
7350090263723177,3,trading_callback,0,1024,5,0,0
7350090263723177,3,trace,0,8192,5,0,0
7350090263723177,3,latency,0,4096,15,0,0
7350090366009199,0,market_ingress,0,1024,9,0,0
7350090366009199,0,trader_request,0,1024,1,0,0
7350090366009199,0,trading_callback,0,1024,3,0,0
7350090366009199,0,trace,9,8192,22,2114438,0
7350090366009199,0,latency,0,4096,13,0,0
7350090366009199,1,market_ingress,0,1024,9,0,0
7350090366009199,1,trader_request,0,1024,1,0,0
7350090366009199,1,trading_callback,0,1024,4,0,0
7350090366009199,1,trace,0,8192,36,0,0
7350090366009199,1,latency,0,4096,15,0,0
7350090366009199,2,market_ingress,0,1024,9,0,0
7350090366009199,2,trader_request,0,1024,1,0,0
7350090366009199,2,trading_callback,0,1024,3,0,0
7350090366009199,2,trace,0,8192,8,0,0
7350090366009199,2,latency,0,4096,34,0,0
7350090366009199,3,market_ingress,0,1024,9,0,0
7350090366009199,3,trader_request,0,1024,3,0,0
7350090366009199,3,trading_callback,0,1024,5,0,0
7350090366009199,3,trace,0,8192,5,0,0
7350090366009199,3,latency,0,4096,15,0,0
7350090467644731,0,market_ingress,0,1024,9,0,0
7350090467644731,0,trader_request,0,1024,1,0,0
7350090467644731,0,trading_callback,0,1024,3,0,0
7350090467644731,0,trace,0,8192,22,0,0
7350090467644731,0,latency,0,4096,13,0,0
7350090467644731,1,market_ingress,0,1024,9,0,0
7350090467644731,1,trader_request,0,1024,1,0,0
7350090467644731,1,trading_callback,0,1024,4,0,0
7350090467644731,1,trace,0,8192,36,0,0
7350090467644731,1,latency,0,4096,15,0,0
7350090467644731,2,market_ingress,0,1024,9,0,0
7350090467644731,2,trader_request,0,1024,1,0,0
7350090467644731,2,trading_callback,0,1024,3,0,0
7350090467644731,2,trace,0,8192,8,0,0
7350090467644731,2,latency,0,4096,34,0,0
7350090467644731,3,market_ingress,0,1024,9,0,0
7350090467644731,3,trader_request,0,1024,3,0,0
7350090467644731,3,trading_callback,0,1024,5,0,0
7350090467644731,3,trace,0,8192,5,0,0
7350090467644731,3,latency,0,4096,15,0,0
7350090570392115,0,market_ingress,0,1024,9,0,0
7350090570392115,0,trader_request,0,1024,1,0,0
7350090570392115,0,trading_callback,0,1024,3,0,0
7350090570392115,0,trace,9,8192,22,2516780,0
7350090570392115,0,latency,0,4096,13,0,0
7350090570392115,1,market_ingress,0,1024,9,0,0
7350090570392115,1,trader_request,0,1024,1,0,0
7350090570392115,1,trading_callback,0,1024,4,0,0
7350090570392115,1,trace,0,8192,36,0,0
7350090570392115,1,latency,0,4096,15,0,0
7350090570392115,2,market_ingress,0,1024,9,0,0
7350090570392115,2,trader_request,0,1024,1,0,0
7350090570392115,2,trading_callback,0,1024,3,0,0
7350090570392115,2,trace,0,8192,8,0,0
7350090570392115,2,latency,0,4096,34,0,0
7350090570392115,3,market_ingress,0,1024,9,0,0
7350090570392115,3,trader_request,0,1024,3,0,0
7350090570392115,3,trading_callback,0,1024,5,0,0
7350090570392115,3,trace,0,8192,5,0,0
7350090570392115,3,latency,0,4096,15,0,0
7350090670930365,0,market_ingress,0,1024,9,0,0
7350090670930365,0,trader_request,0,1024,1,0,0
7350090670930365,0,trading_callback,0,1024,3,0,0
7350090670930365,0,trace,0,8192,22,0,0
7350090670930365,0,latency,0,4096,13,0,0
7350090670930365,1,market_ingress,0,1024,9,0,0
7350090670930365,1,trader_request,0,1024,1,0,0
7350090670930365,1,trading_callback,0,1024,4,0,0
7350090670930365,1,trace,0,8192,36,0,0
7350090670930365,1,latency,0,4096,15,0,0
7350090670930365,2,market_ingress,0,1024,9,0,0
7350090670930365,2,trader_request,0,1024,1,0,0
7350090670930365,2,trading_callback,0,1024,3,0,0
7350090670930365,2,trace,0,8192,8,0,0
7350090670930365,2,latency,0,4096,34,0,0
7350090670930365,3,market_ingress,0,1024,9,0,0
7350090670930365,3,trader_request,0,1024,3,0,0
7350090670930365,3,trading_callback,0,1024,5,0,0
7350090670930365,3,trace,0,8192,5,0,0
7350090670930365,3,latency,0,4096,15,0,0
7350090771479091,0,market_ingress,0,1024,9,0,0
7350090771479091,0,trader_request,0,1024,1,0,0
7350090771479091,0,trading_callback,0,1024,3,0,0
7350090771479091,0,trace,0,8192,22,0,0
7350090771479091,0,latency,0,4096,13,0,0
7350090771479091,1,market_ingress,0,1024,9,0,0
7350090771479091,1,trader_request,0,1024,1,0,0
7350090771479091,1,trading_callback,0,1024,4,0,0
7350090771479091,1,trace,0,8192,36,0,0
7350090771479091,1,latency,0,4096,15,0,0
7350090771479091,2,market_ingress,0,1024,9,0,0
7350090771479091,2,trader_request,0,1024,1,0,0
7350090771479091,2,trading_callback,0,1024,3,0,0
7350090771479091,2,trace,0,8192,8,0,0
7350090771479091,2,latency,0,4096,34,0,0
7350090771479091,3,market_ingress,0,1024,9,0,0
7350090771479091,3,trader_request,0,1024,3,0,0
7350090771479091,3,trading_callback,0,1024,5,0,0
7350090771479091,3,trace,0,8192,5,0,0
7350090771479091,3,latency,0,4096,15,0,0
7350090872084030,0,market_ingress,0,1024,9,0,0
7350090872084030,0,trader_request,0,1024,1,0,0
7350090872084030,0,trading_callback,0,1024,4,0,0
7350090872084030,0,trace,0,8192,22,0,0
7350090872084030,0,latency,0,4096,13,0,0
7350090872084030,1,market_ingress,0,1024,9,0,0
7350090872084030,1,trader_request,0,1024,1,0,0
7350090872084030,1,trading_callback,0,1024,4,0,0
7350090872084030,1,trace,0,8192,36,0,0
7350090872084030,1,latency,0,4096,15,0,0
7350090872084030,2,market_ingress,0,1024,9,0,0
7350090872084030,2,trader_request,0,1024,1,0,0
7350090872084030,2,trading_callback,0,1024,3,0,0
7350090872084030,2,trace,0,8192,8,0,0
7350090872084030,2,latency,1,4096,34,220675,0
7350090872084030,3,market_ingress,0,1024,9,0,0
7350090872084030,3,trader_request,0,1024,3,0,0
7350090872084030,3,trading_callback,0,1024,5,0,0
7350090872084030,3,trace,0,8192,5,0,0
7350090872084030,3,latency,0,4096,15,0,0
7350090972631424,0,market_ingress,0,1024,9,0,0
7350090972631424,0,trader_request,0,1024,1,0,0
7350090972631424,0,trading_callback,0,1024,4,0,0
7350090972631424,0,trace,0,8192,22,0,0
7350090972631424,0,latency,0,4096,13,0,0
7350090972631424,1,market_ingress,0,1024,9,0,0
7350090972631424,1,trader_request,0,1024,1,0,0
7350090972631424,1,trading_callback,0,1024,4,0,0
7350090972631424,1,trace,0,8192,36,0,0
7350090972631424,1,latency,0,4096,15,0,0
7350090972631424,2,market_ingress,0,1024,9,0,0
7350090972631424,2,trader_request,0,1024,1,0,0
7350090972631424,2,trading_callback,0,1024,3,0,0
7350090972631424,2,trace,0,8192,8,0,0
7350090972631424,2,latency,0,4096,34,0,0
7350090972631424,3,market_ingress,0,1024,9,0,0
7350090972631424,3,trader_request,0,1024,3,0,0
7350090972631424,3,trading_callback,0,1024,5,0,0
7350090972631424,3,trace,0,8192,5,0,0
7350090972631424,3,latency,0,4096,15,0,0
7350091073154832,0,market_ingress,0,1024,9,0,0
7350091073154832,0,trader_request,0,1024,1,0,0
7350091073154832,0,trading_callback,0,1024,4,0,0
7350091073154832,0,trace,0,8192,22,0,0
7350091073154832,0,latency,0,4096,13,0,0
7350091073154832,1,market_ingress,0,1024,9,0,0
7350091073154832,1,trader_request,0,1024,1,0,0
7350091073154832,1,trading_callback,0,1024,4,0,0
7350091073154832,1,trace,0,8192,36,0,0
7350091073154832,1,latency,0,4096,15,0,0
7350091073154832,2,market_ingress,0,1024,9,0,0
7350091073154832,2,trader_request,0,1024,1,0,0
7350091073154832,2,trading_callback,0,1024,3,0,0
7350091073154832,2,trace,0,8192,8,0,0
7350091073154832,2,latency,5,4096,34,270936,0
7350091073154832,3,market_ingress,0,1024,9,0,0
7350091073154832,3,trader_request,0,1024,3,0,0
7350091073154832,3,trading_callback,0,1024,5,0,0
7350091073154832,3,trace,0,8192,5,0,0
7350091073154832,3,latency,0,4096,15,0,0
7350091173673815,0,market_ingress,0,1024,9,0,0
7350091173673815,0,trader_request,0,1024,1,0,0
7350091173673815,0,trading_callback,0,1024,4,0,0
7350091173673815,0,trace,0,8192,22,0,0
7350091173673815,0,latency,0,4096,13,0,0
7350091173673815,1,market_ingress,0,1024,9,0,0
7350091173673815,1,trader_request,0,1024,1,0,0
7350091173673815,1,trading_callback,0,1024,4,0,0
7350091173673815,1,trace,0,8192,36,0,0
7350091173673815,1,latency,0,4096,15,0,0
7350091173673815,2,market_ingress,0,1024,9,0,0
7350091173673815,2,trader_request,0,1024,1,0,0
7350091173673815,2,trading_callback,0,1024,3,0,0
7350091173673815,2,trace,0,8192,8,0,0
7350091173673815,2,latency,0,4096,34,0,0
7350091173673815,3,market_ingress,0,1024,9,0,0
7350091173673815,3,trader_request,0,1024,3,0,0
7350091173673815,3,trading_callback,0,1024,5,0,0
7350091173673815,3,trace,0,8192,5,0,0
7350091173673815,3,latency,0,4096,15,0,0
7350091274193890,0,market_ingress,0,1024,9,0,0
7350091274193890,0,trader_request,0,1024,1,0,0
7350091274193890,0,trading_callback,0,1024,4,0,0
7350091274193890,0,trace,0,8192,22,0,0
7350091274193890,0,latency,0,4096,13,0,0
7350091274193890,1,market_ingress,0,1024,9,0,0
7350091274193890,1,trader_request,0,1024,1,0,0
7350091274193890,1,trading_callback,0,1024,4,0,0
7350091274193890,1,trace,0,8192,36,0,0
7350091274193890,1,latency,0,4096,15,0,0
7350091274193890,2,market_ingress,0,1024,9,0,0
7350091274193890,2,trader_request,0,1024,1,0,0
7350091274193890,2,trading_callback,0,1024,3,0,0
7350091274193890,2,trace,0,8192,8,0,0
7350091274193890,2,latency,5,4096,34,311314,0
7350091274193890,3,market_ingress,0,1024,9,0,0
7350091274193890,3,trader_request,0,1024,3,0,0
7350091274193890,3,trading_callback,0,1024,5,0,0
7350091274193890,3,trace,0,8192,5,0,0
7350091274193890,3,latency,0,4096,15,0,0
7350091374717221,0,market_ingress,0,1024,9,0,0
7350091374717221,0,trader_request,0,1024,1,0,0
7350091374717221,0,trading_callback,0,1024,4,0,0
7350091374717221,0,trace,0,8192,22,0,0
7350091374717221,0,latency,0,4096,13,0,0
7350091374717221,1,market_ingress,0,1024,9,0,0
7350091374717221,1,trader_request,0,1024,1,0,0
7350091374717221,1,trading_callback,0,1024,4,0,0
7350091374717221,1,trace,0,8192,36,0,0
7350091374717221,1,latency,0,4096,15,0,0
7350091374717221,2,market_ingress,0,1024,9,0,0
7350091374717221,2,trader_request,0,1024,1,0,0
7350091374717221,2,trading_callback,0,1024,3,0,0
7350091374717221,2,trace,0,8192,8,0,0
7350091374717221,2,latency,0,4096,34,0,0
7350091374717221,3,market_ingress,0,1024,9,0,0
7350091374717221,3,trader_request,2,1024,3,4772288,0
7350091374717221,3,trading_callback,0,1024,5,0,0
7350091374717221,3,trace,0,8192,5,0,0
7350091374717221,3,latency,0,4096,15,0,0
7350091475278490,0,market_ingress,0,1024,9,0,0
7350091475278490,0,trader_request,0,1024,1,0,0
7350091475278490,0,trading_callback,0,1024,4,0,0
7350091475278490,0,trace,0,8192,22,0,0
7350091475278490,0,latency,0,4096,13,0,0
7350091475278490,1,market_ingress,0,1024,9,0,0
7350091475278490,1,trader_request,0,1024,1,0,0
7350091475278490,1,trading_callback,0,1024,4,0,0
7350091475278490,1,trace,0,8192,36,0,0
7350091475278490,1,latency,0,4096,15,0,0
7350091475278490,2,market_ingress,0,1024,9,0,0
7350091475278490,2,trader_request,0,1024,1,0,0
7350091475278490,2,trading_callback,0,1024,3,0,0
7350091475278490,2,trace,0,8192,8,0,0
7350091475278490,2,latency,0,4096,34,0,0
7350091475278490,3,market_ingress,0,1024,9,0,0
7350091475278490,3,trader_request,0,1024,3,0,0
7350091475278490,3,trading_callback,0,1024,5,0,0
7350091475278490,3,trace,0,8192,5,0,0
7350091475278490,3,latency,0,4096,15,0,0
7350091575811442,0,market_ingress,0,1024,9,0,0
7350091575811442,0,trader_request,0,1024,1,0,0
7350091575811442,0,trading_callback,0,1024,4,0,0
7350091575811442,0,trace,0,8192,22,0,0
7350091575811442,0,latency,0,4096,13,0,0
7350091575811442,1,market_ingress,0,1024,9,0,0
7350091575811442,1,trader_request,0,1024,1,0,0
7350091575811442,1,trading_callback,0,1024,4,0,0
7350091575811442,1,trace,0,8192,36,0,0
7350091575811442,1,latency,0,4096,15,0,0
7350091575811442,2,market_ingress,0,1024,9,0,0
7350091575811442,2,trader_request,0,1024,1,0,0
7350091575811442,2,trading_callback,0,1024,3,0,0
7350091575811442,2,trace,0,8192,8,0,0
7350091575811442,2,latency,0,4096,34,0,0
7350091575811442,3,market_ingress,0,1024,9,0,0
7350091575811442,3,trader_request,0,1024,3,0,0
7350091575811442,3,trading_callback,0,1024,5,0,0
7350091575811442,3,trace,0,8192,5,0,0
7350091575811442,3,latency,0,4096,15,0,0
7350091676343606,0,market_ingress,0,1024,9,0,0
7350091676343606,0,trader_request,0,1024,1,0,0
7350091676343606,0,trading_callback,0,1024,4,0,0
7350091676343606,0,trace,0,8192,22,0,0
7350091676343606,0,latency,0,4096,13,0,0
7350091676343606,1,market_ingress,0,1024,9,0,0
7350091676343606,1,trader_request,0,1024,1,0,0
7350091676343606,1,trading_callback,0,1024,4,0,0
7350091676343606,1,trace,0,8192,36,0,0
7350091676343606,1,latency,0,4096,15,0,0
7350091676343606,2,market_ingress,0,1024,9,0,0
7350091676343606,2,trader_request,0,1024,1,0,0
7350091676343606,2,trading_callback,0,1024,3,0,0
7350091676343606,2,trace,0,8192,8,0,0
7350091676343606,2,latency,5,4096,34,469198,0
7350091676343606,3,market_ingress,0,1024,9,0,0
7350091676343606,3,trader_request,0,1024,3,0,0
7350091676343606,3,trading_callback,0,1024,5,0,0
7350091676343606,3,trace,0,8192,5,0,0
7350091676343606,3,latency,0,4096,15,0,0
7350091776964284,0,market_ingress,2,1024,9,1131277,0
7350091776964284,0,trader_request,0,1024,1,0,0
7350091776964284,0,trading_callback,0,1024,4,0,0
7350091776964284,0,trace,0,8192,22,0,0
7350091776964284,0,latency,0,4096,13,0,0
7350091776964284,1,market_ingress,2,1024,9,1139272,0
7350091776964284,1,trader_request,0,1024,1,0,0
7350091776964284,1,trading_callback,0,1024,4,0,0
7350091776964284,1,trace,0,8192,36,0,0
7350091776964284,1,latency,0,4096,15,0,0
7350091776964284,2,market_ingress,0,1024,9,0,0
7350091776964284,2,trader_request,0,1024,1,0,0
7350091776964284,2,trading_callback,0,1024,3,0,0
7350091776964284,2,trace,0,8192,8,0,0
7350091776964284,2,latency,6,4096,34,107031,0
7350091776964284,3,market_ingress,2,1024,9,1149513,0
7350091776964284,3,trader_request,0,1024,3,0,0
7350091776964284,3,trading_callback,0,1024,5,0,0
7350091776964284,3,trace,0,8192,5,0,0
7350091776964284,3,latency,0,4096,15,0,0
7350091877585870,0,market_ingress,0,1024,9,0,0
7350091877585870,0,trader_request,0,1024,1,0,0
7350091877585870,0,trading_callback,0,1024,4,0,0
7350091877585870,0,trace,0,8192,22,0,0
7350091877585870,0,latency,0,4096,13,0,0
7350091877585870,1,market_ingress,0,1024,9,0,0
7350091877585870,1,trader_request,0,1024,1,0,0
7350091877585870,1,trading_callback,1,1024,4,610030,0
7350091877585870,1,trace,0,8192,36,0,0
7350091877585870,1,latency,0,4096,15,0,0
7350091877585870,2,market_ingress,0,1024,9,0,0
7350091877585870,2,trader_request,0,1024,1,0,0
7350091877585870,2,trading_callback,0,1024,3,0,0
7350091877585870,2,trace,0,8192,8,0,0
7350091877585870,2,latency,2,4096,34,457508,0
7350091877585870,3,market_ingress,0,1024,9,0,0
7350091877585870,3,trader_request,0,1024,3,0,0
7350091877585870,3,trading_callback,0,1024,5,0,0
7350091877585870,3,trace,0,8192,5,0,0
7350091877585870,3,latency,0,4096,15,0,0
7350091978132584,0,market_ingress,0,1024,9,0,0
7350091978132584,0,trader_request,0,1024,1,0,0
7350091978132584,0,trading_callback,0,1024,4,0,0
7350091978132584,0,trace,0,8192,22,0,0
7350091978132584,0,latency,0,4096,13,0,0
7350091978132584,1,market_ingress,1,1024,9,239710,0
7350091978132584,1,trader_request,0,1024,1,0,0
7350091978132584,1,trading_callback,0,1024,4,0,0
7350091978132584,1,trace,0,8192,36,0,0
7350091978132584,1,latency,0,4096,15,0,0
7350091978132584,2,market_ingress,0,1024,9,0,0
7350091978132584,2,trader_request,0,1024,1,0,0
7350091978132584,2,trading_callback,1,1024,3,137958,0
7350091978132584,2,trace,0,8192,8,0,0
7350091978132584,2,latency,3,4096,34,245833,0
7350091978132584,3,market_ingress,1,1024,9,249039,0
7350091978132584,3,trader_request,0,1024,3,0,0
7350091978132584,3,trading_callback,0,1024,5,0,0
7350091978132584,3,trace,0,8192,5,0,0
7350091978132584,3,latency,0,4096,15,0,0
7350092078656821,0,market_ingress,0,1024,9,0,0
7350092078656821,0,trader_request,0,1024,1,0,0
7350092078656821,0,trading_callback,0,1024,4,0,0
7350092078656821,0,trace,0,8192,22,0,0
7350092078656821,0,latency,0,4096,13,0,0
7350092078656821,1,market_ingress,0,1024,9,0,0
7350092078656821,1,trader_request,0,1024,1,0,0
7350092078656821,1,trading_callback,0,1024,4,0,0
7350092078656821,1,trace,0,8192,36,0,0
7350092078656821,1,latency,0,4096,15,0,0
7350092078656821,2,market_ingress,0,1024,9,0,0
7350092078656821,2,trader_request,0,1024,1,0,0
7350092078656821,2,trading_callback,0,1024,3,0,0
7350092078656821,2,trace,0,8192,8,0,0
7350092078656821,2,latency,0,4096,34,0,0
7350092078656821,3,market_ingress,0,1024,9,0,0
7350092078656821,3,trader_request,0,1024,3,0,0
7350092078656821,3,trading_callback,0,1024,5,0,0
7350092078656821,3,trace,0,8192,5,0,0
7350092078656821,3,latency,0,4096,15,0,0
7350092179187522,0,market_ingress,0,1024,9,0,0
7350092179187522,0,trader_request,0,1024,1,0,0
7350092179187522,0,trading_callback,0,1024,4,0,0
7350092179187522,0,trace,0,8192,22,0,0
7350092179187522,0,latency,0,4096,13,0,0
7350092179187522,1,market_ingress,1,1024,9,273674,0
7350092179187522,1,trader_request,0,1024,1,0,0
7350092179187522,1,trading_callback,0,1024,4,0,0
7350092179187522,1,trace,0,8192,36,0,0
7350092179187522,1,latency,0,4096,15,0,0
7350092179187522,2,market_ingress,0,1024,9,0,0
7350092179187522,2,trader_request,0,1024,1,0,0
7350092179187522,2,trading_callback,0,1024,3,0,0
7350092179187522,2,trace,0,8192,8,0,0
7350092179187522,2,latency,1,4096,34,278196,0
7350092179187522,3,market_ingress,1,1024,9,282166,0
7350092179187522,3,trader_request,0,1024,3,0,0
7350092179187522,3,trading_callback,0,1024,5,0,0
7350092179187522,3,trace,0,8192,5,0,0
7350092179187522,3,latency,0,4096,15,0,0
7350092279690620,0,market_ingress,0,1024,9,0,0
7350092279690620,0,trader_request,0,1024,1,0,0
7350092279690620,0,trading_callback,0,1024,4,0,0
7350092279690620,0,trace,0,8192,22,0,0
7350092279690620,0,latency,0,4096,13,0,0
7350092279690620,1,market_ingress,0,1024,9,0,0
7350092279690620,1,trader_request,0,1024,1,0,0
7350092279690620,1,trading_callback,0,1024,4,0,0
7350092279690620,1,trace,0,8192,36,0,0
7350092279690620,1,latency,0,4096,15,0,0
7350092279690620,2,market_ingress,0,1024,9,0,0
7350092279690620,2,trader_request,0,1024,1,0,0
7350092279690620,2,trading_callback,0,1024,3,0,0
7350092279690620,2,trace,0,8192,8,0,0
7350092279690620,2,latency,0,4096,34,0,0
7350092279690620,3,market_ingress,0,1024,9,0,0
7350092279690620,3,trader_request,0,1024,3,0,0
7350092279690620,3,trading_callback,0,1024,5,0,0
7350092279690620,3,trace,0,8192,5,0,0
7350092279690620,3,latency,0,4096,15,0,0
7350092380299313,0,market_ingress,0,1024,9,0,0
7350092380299313,0,trader_request,0,1024,1,0,0
7350092380299313,0,trading_callback,0,1024,4,0,0
7350092380299313,0,trace,0,8192,22,0,0
7350092380299313,0,latency,0,4096,13,0,0
7350092380299313,1,market_ingress,1,1024,9,400896,0
7350092380299313,1,trader_request,0,1024,1,0,0
7350092380299313,1,trading_callback,0,1024,4,0,0
7350092380299313,1,trace,0,8192,36,0,0
7350092380299313,1,latency,0,4096,15,0,0
7350092380299313,2,market_ingress,0,1024,9,0,0
7350092380299313,2,trader_request,0,1024,1,0,0
7350092380299313,2,trading_callback,0,1024,3,0,0
7350092380299313,2,trace,0,8192,8,0,0
7350092380299313,2,latency,1,4096,34,405601,0
7350092380299313,3,market_ingress,0,1024,9,0,0
7350092380299313,3,trader_request,0,1024,3,0,0
7350092380299313,3,trading_callback,0,1024,5,0,0
7350092380299313,3,trace,0,8192,5,0,0
7350092380299313,3,latency,0,4096,15,0,0
7350092480814924,0,market_ingress,0,1024,9,0,0
7350092480814924,0,trader_request,0,1024,1,0,0
7350092480814924,0,trading_callback,0,1024,4,0,0
7350092480814924,0,trace,0,8192,22,0,0
7350092480814924,0,latency,0,4096,13,0,0
7350092480814924,1,market_ingress,0,1024,9,0,0
7350092480814924,1,trader_request,0,1024,1,0,0
7350092480814924,1,trading_callback,0,1024,4,0,0
7350092480814924,1,trace,0,8192,36,0,0
7350092480814924,1,latency,0,4096,15,0,0
7350092480814924,2,market_ingress,0,1024,9,0,0
7350092480814924,2,trader_request,0,1024,1,0,0
7350092480814924,2,trading_callback,0,1024,3,0,0
7350092480814924,2,trace,0,8192,8,0,0
7350092480814924,2,latency,0,4096,34,0,0
7350092480814924,3,market_ingress,0,1024,9,0,0
7350092480814924,3,trader_request,0,1024,3,0,0
7350092480814924,3,trading_callback,0,1024,5,0,0
7350092480814924,3,trace,0,8192,5,0,0
7350092480814924,3,latency,0,4096,15,0,0
7350092581325928,0,market_ingress,0,1024,9,0,0
7350092581325928,0,trader_request,0,1024,1,0,0
7350092581325928,0,trading_callback,0,1024,4,0,0
7350092581325928,0,trace,0,8192,22,0,0
7350092581325928,0,latency,0,4096,13,0,0
7350092581325928,1,market_ingress,1,1024,9,478499,0
7350092581325928,1,trader_request,0,1024,1,0,0
7350092581325928,1,trading_callback,0,1024,4,0,0
7350092581325928,1,trace,0,8192,36,0,0
7350092581325928,1,latency,0,4096,15,0,0
7350092581325928,2,market_ingress,0,1024,9,0,0
7350092581325928,2,trader_request,0,1024,1,0,0
7350092581325928,2,trading_callback,0,1024,3,0,0
7350092581325928,2,trace,0,8192,8,0,0
7350092581325928,2,latency,5,4096,34,483845,0
7350092581325928,3,market_ingress,0,1024,9,0,0
7350092581325928,3,trader_request,0,1024,3,0,0
7350092581325928,3,trading_callback,0,1024,5,0,0
7350092581325928,3,trace,0,8192,5,0,0
7350092581325928,3,latency,0,4096,15,0,0
7350092681900643,0,market_ingress,0,1024,9,0,0
7350092681900643,0,trader_request,0,1024,1,0,0
7350092681900643,0,trading_callback,0,1024,4,0,0
7350092681900643,0,trace,0,8192,22,0,0
7350092681900643,0,latency,0,4096,13,0,0
7350092681900643,1,market_ingress,1,1024,9,70229,0
7350092681900643,1,trader_request,0,1024,1,0,0
7350092681900643,1,trading_callback,0,1024,4,0,0
7350092681900643,1,trace,0,8192,36,0,0
7350092681900643,1,latency,0,4096,15,0,0
7350092681900643,2,market_ingress,0,1024,9,0,0
7350092681900643,2,trader_request,0,1024,1,0,0
7350092681900643,2,trading_callback,0,1024,3,0,0
7350092681900643,2,trace,0,8192,8,0,0
7350092681900643,2,latency,1,4096,34,74939,0
7350092681900643,3,market_ingress,0,1024,9,0,0
7350092681900643,3,trader_request,0,1024,3,0,0
7350092681900643,3,trading_callback,0,1024,5,0,0
7350092681900643,3,trace,0,8192,5,0,0
7350092681900643,3,latency,0,4096,15,0,0
7350092782453900,0,market_ingress,0,1024,9,0,0
7350092782453900,0,trader_request,0,1024,1,0,0
7350092782453900,0,trading_callback,0,1024,4,0,0
7350092782453900,0,trace,0,8192,22,0,0
7350092782453900,0,latency,0,4096,13,0,0
7350092782453900,1,market_ingress,0,1024,9,0,0
7350092782453900,1,trader_request,0,1024,1,0,0
7350092782453900,1,trading_callback,0,1024,4,0,0
7350092782453900,1,trace,0,8192,36,0,0
7350092782453900,1,latency,0,4096,15,0,0
7350092782453900,2,market_ingress,0,1024,9,0,0
7350092782453900,2,trader_request,0,1024,1,0,0
7350092782453900,2,trading_callback,0,1024,3,0,0
7350092782453900,2,trace,0,8192,8,0,0
7350092782453900,2,latency,0,4096,34,0,0
7350092782453900,3,market_ingress,0,1024,9,0,0
7350092782453900,3,trader_request,0,1024,3,0,0
7350092782453900,3,trading_callback,0,1024,5,0,0
7350092782453900,3,trace,0,8192,5,0,0
7350092782453900,3,latency,0,4096,15,0,0
7350092882985390,0,market_ingress,0,1024,9,0,0
7350092882985390,0,trader_request,0,1024,1,0,0
7350092882985390,0,trading_callback,0,1024,4,0,0
7350092882985390,0,trace,0,8192,22,0,0
7350092882985390,0,latency,0,4096,13,0,0
7350092882985390,1,market_ingress,1,1024,9,121021,0
7350092882985390,1,trader_request,0,1024,1,0,0
7350092882985390,1,trading_callback,0,1024,4,0,0
7350092882985390,1,trace,0,8192,36,0,0
7350092882985390,1,latency,0,4096,15,0,0
7350092882985390,2,market_ingress,0,1024,9,0,0
7350092882985390,2,trader_request,0,1024,1,0,0
7350092882985390,2,trading_callback,0,1024,3,0,0
7350092882985390,2,trace,0,8192,8,0,0
7350092882985390,2,latency,0,4096,34,0,0
7350092882985390,3,market_ingress,0,1024,9,0,0
7350092882985390,3,trader_request,0,1024,3,0,0
7350092882985390,3,trading_callback,0,1024,5,0,0
7350092882985390,3,trace,0,8192,5,0,0
7350092882985390,3,latency,0,4096,15,0,0
7350092983536073,0,market_ingress,0,1024,9,0,0
7350092983536073,0,trader_request,0,1024,1,0,0
7350092983536073,0,trading_callback,0,1024,4,0,0
7350092983536073,0,trace,0,8192,22,0,0
7350092983536073,0,latency,0,4096,13,0,0
7350092983536073,1,market_ingress,0,1024,9,0,0
7350092983536073,1,trader_request,0,1024,1,0,0
7350092983536073,1,trading_callback,0,1024,4,0,0
7350092983536073,1,trace,0,8192,36,0,0
7350092983536073,1,latency,0,4096,15,0,0
7350092983536073,2,market_ingress,0,1024,9,0,0
7350092983536073,2,trader_request,0,1024,1,0,0
7350092983536073,2,trading_callback,0,1024,3,0,0
7350092983536073,2,trace,0,8192,8,0,0
7350092983536073,2,latency,0,4096,34,0,0
7350092983536073,3,market_ingress,0,1024,9,0,0
7350092983536073,3,trader_request,0,1024,3,0,0
7350092983536073,3,trading_callback,0,1024,5,0,0
7350092983536073,3,trace,0,8192,5,0,0
7350092983536073,3,latency,0,4096,15,0,0
7350093084017971,0,market_ingress,0,1024,9,0,0
7350093084017971,0,trader_request,0,1024,1,0,0
7350093084017971,0,trading_callback,0,1024,4,0,0
7350093084017971,0,trace,0,8192,22,0,0
7350093084017971,0,latency,0,4096,13,0,0
7350093084017971,1,market_ingress,1,1024,9,132974,0
7350093084017971,1,trader_request,0,1024,1,0,0
7350093084017971,1,trading_callback,0,1024,4,0,0
7350093084017971,1,trace,0,8192,36,0,0
7350093084017971,1,latency,0,4096,15,0,0
7350093084017971,2,market_ingress,0,1024,9,0,0
7350093084017971,2,trader_request,0,1024,1,0,0
7350093084017971,2,trading_callback,0,1024,3,0,0
7350093084017971,2,trace,0,8192,8,0,0
7350093084017971,2,latency,0,4096,34,0,0
7350093084017971,3,market_ingress,0,1024,9,0,0
7350093084017971,3,trader_request,0,1024,3,0,0
7350093084017971,3,trading_callback,0,1024,5,0,0
7350093084017971,3,trace,0,8192,5,0,0
7350093084017971,3,latency,0,4096,15,0,0
7350093184573767,0,market_ingress,0,1024,9,0,0
7350093184573767,0,trader_request,0,1024,1,0,0
7350093184573767,0,trading_callback,0,1024,4,0,0
7350093184573767,0,trace,0,8192,22,0,0
7350093184573767,0,latency,0,4096,13,0,0
7350093184573767,1,market_ingress,0,1024,9,0,0
7350093184573767,1,trader_request,0,1024,1,0,0
7350093184573767,1,trading_callback,0,1024,4,0,0
7350093184573767,1,trace,0,8192,36,0,0
7350093184573767,1,latency,0,4096,15,0,0
7350093184573767,2,market_ingress,0,1024,9,0,0
7350093184573767,2,trader_request,0,1024,1,0,0
7350093184573767,2,trading_callback,0,1024,3,0,0
7350093184573767,2,trace,0,8192,8,0,0
7350093184573767,2,latency,0,4096,34,0,0
7350093184573767,3,market_ingress,0,1024,9,0,0
7350093184573767,3,trader_request,0,1024,3,0,0
7350093184573767,3,trading_callback,0,1024,5,0,0
7350093184573767,3,trace,0,8192,5,0,0
7350093184573767,3,latency,0,4096,15,0,0
7350093285113448,0,market_ingress,0,1024,9,0,0
7350093285113448,0,trader_request,0,1024,1,0,0
7350093285113448,0,trading_callback,0,1024,4,0,0
7350093285113448,0,trace,0,8192,22,0,0
7350093285113448,0,latency,0,4096,13,0,0
7350093285113448,1,market_ingress,1,1024,9,243057,0
7350093285113448,1,trader_request,0,1024,1,0,0
7350093285113448,1,trading_callback,0,1024,4,0,0
7350093285113448,1,trace,0,8192,36,0,0
7350093285113448,1,latency,0,4096,15,0,0
7350093285113448,2,market_ingress,0,1024,9,0,0
7350093285113448,2,trader_request,0,1024,1,0,0
7350093285113448,2,trading_callback,0,1024,3,0,0
7350093285113448,2,trace,0,8192,8,0,0
7350093285113448,2,latency,0,4096,34,0,0
7350093285113448,3,market_ingress,1,1024,9,251471,0
7350093285113448,3,trader_request,0,1024,3,0,0
7350093285113448,3,trading_callback,0,1024,5,0,0
7350093285113448,3,trace,0,8192,5,0,0
7350093285113448,3,latency,0,4096,15,0,0
7350093385613097,0,market_ingress,0,1024,9,0,0
7350093385613097,0,trader_request,0,1024,1,0,0
7350093385613097,0,trading_callback,0,1024,4,0,0
7350093385613097,0,trace,0,8192,22,0,0
7350093385613097,0,latency,0,4096,13,0,0
7350093385613097,1,market_ingress,0,1024,9,0,0
7350093385613097,1,trader_request,0,1024,1,0,0
7350093385613097,1,trading_callback,0,1024,4,0,0
7350093385613097,1,trace,0,8192,36,0,0
7350093385613097,1,latency,0,4096,15,0,0
7350093385613097,2,market_ingress,0,1024,9,0,0
7350093385613097,2,trader_request,0,1024,1,0,0
7350093385613097,2,trading_callback,0,1024,3,0,0
7350093385613097,2,trace,0,8192,8,0,0
7350093385613097,2,latency,0,4096,34,0,0
7350093385613097,3,market_ingress,0,1024,9,0,0
7350093385613097,3,trader_request,0,1024,3,0,0
7350093385613097,3,trading_callback,0,1024,5,0,0
7350093385613097,3,trace,0,8192,5,0,0
7350093385613097,3,latency,0,4096,15,0,0
7350093486143659,0,market_ingress,0,1024,9,0,0
7350093486143659,0,trader_request,0,1024,1,0,0
7350093486143659,0,trading_callback,0,1024,4,0,0
7350093486143659,0,trace,0,8192,22,0,0
7350093486143659,0,latency,0,4096,13,0,0
7350093486143659,1,market_ingress,0,1024,9,0,0
7350093486143659,1,trader_request,0,1024,1,0,0
7350093486143659,1,trading_callback,0,1024,4,0,0
7350093486143659,1,trace,0,8192,36,0,0
7350093486143659,1,latency,0,4096,15,0,0
7350093486143659,2,market_ingress,0,1024,9,0,0
7350093486143659,2,trader_request,0,1024,1,0,0
7350093486143659,2,trading_callback,0,1024,3,0,0
7350093486143659,2,trace,0,8192,8,0,0
7350093486143659,2,latency,0,4096,34,0,0
7350093486143659,3,market_ingress,1,1024,9,310722,0
7350093486143659,3,trader_request,0,1024,3,0,0
7350093486143659,3,trading_callback,0,1024,5,0,0
7350093486143659,3,trace,0,8192,5,0,0
7350093486143659,3,latency,0,4096,15,0,0
7350093586722532,0,market_ingress,0,1024,9,0,0
7350093586722532,0,trader_request,0,1024,1,0,0
7350093586722532,0,trading_callback,0,1024,4,0,0
7350093586722532,0,trace,0,8192,22,0,0
7350093586722532,0,latency,0,4096,13,0,0
7350093586722532,1,market_ingress,0,1024,9,0,0
7350093586722532,1,trader_request,0,1024,1,0,0
7350093586722532,1,trading_callback,0,1024,4,0,0
7350093586722532,1,trace,0,8192,36,0,0
7350093586722532,1,latency,0,4096,15,0,0
7350093586722532,2,market_ingress,0,1024,9,0,0
7350093586722532,2,trader_request,0,1024,1,0,0
7350093586722532,2,trading_callback,0,1024,3,0,0
7350093586722532,2,trace,0,8192,8,0,0
7350093586722532,2,latency,0,4096,34,0,0
7350093586722532,3,market_ingress,0,1024,9,0,0
7350093586722532,3,trader_request,0,1024,3,0,0
7350093586722532,3,trading_callback,0,1024,5,0,0
7350093586722532,3,trace,0,8192,5,0,0
7350093586722532,3,latency,0,4096,15,0,0
7350093687248365,0,market_ingress,0,1024,9,0,0
7350093687248365,0,trader_request,0,1024,1,0,0
7350093687248365,0,trading_callback,0,1024,4,0,0
7350093687248365,0,trace,0,8192,22,0,0
7350093687248365,0,latency,0,4096,13,0,0
7350093687248365,1,market_ingress,1,1024,9,366932,0
7350093687248365,1,trader_request,0,1024,1,0,0
7350093687248365,1,trading_callback,0,1024,4,0,0
7350093687248365,1,trace,0,8192,36,0,0
7350093687248365,1,latency,0,4096,15,0,0
7350093687248365,2,market_ingress,0,1024,9,0,0
7350093687248365,2,trader_request,0,1024,1,0,0
7350093687248365,2,trading_callback,0,1024,3,0,0
7350093687248365,2,trace,0,8192,8,0,0
7350093687248365,2,latency,0,4096,34,0,0
7350093687248365,3,market_ingress,1,1024,9,397925,0
7350093687248365,3,trader_request,0,1024,3,0,0
7350093687248365,3,trading_callback,0,1024,5,0,0
7350093687248365,3,trace,0,8192,5,0,0
7350093687248365,3,latency,0,4096,15,0,0
7350093787804711,0,market_ingress,0,1024,9,0,0
7350093787804711,0,trader_request,0,1024,1,0,0
7350093787804711,0,trading_callback,0,1024,4,0,0
7350093787804711,0,trace,0,8192,22,0,0
7350093787804711,0,latency,0,4096,13,0,0
7350093787804711,1,market_ingress,0,1024,9,0,0
7350093787804711,1,trader_request,0,1024,1,0,0
7350093787804711,1,trading_callback,0,1024,4,0,0
7350093787804711,1,trace,0,8192,36,0,0
7350093787804711,1,latency,0,4096,15,0,0
7350093787804711,2,market_ingress,0,1024,9,0,0
7350093787804711,2,trader_request,0,1024,1,0,0
7350093787804711,2,trading_callback,0,1024,3,0,0
7350093787804711,2,trace,0,8192,8,0,0
7350093787804711,2,latency,0,4096,34,0,0
7350093787804711,3,market_ingress,0,1024,9,0,0
7350093787804711,3,trader_request,0,1024,3,0,0
7350093787804711,3,trading_callback,0,1024,5,0,0
7350093787804711,3,trace,0,8192,5,0,0
7350093787804711,3,latency,0,4096,15,0,0
7350093888339628,0,market_ingress,0,1024,9,0,0
7350093888339628,0,trader_request,0,1024,1,0,0
7350093888339628,0,trading_callback,0,1024,4,0,0
7350093888339628,0,trace,0,8192,22,0,0
7350093888339628,0,latency,0,4096,13,0,0
7350093888339628,1,market_ingress,1,1024,9,444416,0
7350093888339628,1,trader_request,0,1024,1,0,0
7350093888339628,1,trading_callback,0,1024,4,0,0
7350093888339628,1,trace,0,8192,36,0,0
7350093888339628,1,latency,0,4096,15,0,0
7350093888339628,2,market_ingress,0,1024,9,0,0
7350093888339628,2,trader_request,0,1024,1,0,0
7350093888339628,2,trading_callback,0,1024,3,0,0
7350093888339628,2,trace,0,8192,8,0,0
7350093888339628,2,latency,0,4096,34,0,0
7350093888339628,3,market_ingress,1,1024,9,452237,0
7350093888339628,3,trader_request,0,1024,3,0,0
7350093888339628,3,trading_callback,0,1024,5,0,0
7350093888339628,3,trace,0,8192,5,0,0
7350093888339628,3,latency,0,4096,15,0,0
7350093988855922,0,market_ingress,0,1024,9,0,0
7350093988855922,0,trader_request,0,1024,1,0,0
7350093988855922,0,trading_callback,0,1024,4,0,0
7350093988855922,0,trace,0,8192,22,0,0
7350093988855922,0,latency,0,4096,13,0,0
7350093988855922,1,market_ingress,0,1024,9,0,0
7350093988855922,1,trader_request,0,1024,1,0,0
7350093988855922,1,trading_callback,0,1024,4,0,0
7350093988855922,1,trace,0,8192,36,0,0
7350093988855922,1,latency,0,4096,15,0,0
7350093988855922,2,market_ingress,0,1024,9,0,0
7350093988855922,2,trader_request,0,1024,1,0,0
7350093988855922,2,trading_callback,0,1024,3,0,0
7350093988855922,2,trace,0,8192,8,0,0
7350093988855922,2,latency,0,4096,34,0,0
7350093988855922,3,market_ingress,0,1024,9,0,0
7350093988855922,3,trader_request,0,1024,3,0,0
7350093988855922,3,trading_callback,0,1024,5,0,0
7350093988855922,3,trace,0,8192,5,0,0
7350093988855922,3,latency,0,4096,15,0,0
7350094089368160,0,market_ingress,0,1024,9,0,0
7350094089368160,0,trader_request,0,1024,1,0,0
7350094089368160,0,trading_callback,0,1024,4,0,0
7350094089368160,0,trace,0,8192,22,0,0
7350094089368160,0,latency,0,4096,13,0,0
7350094089368160,1,market_ingress,0,1024,9,0,0
7350094089368160,1,trader_request,0,1024,1,0,0
7350094089368160,1,trading_callback,0,1024,4,0,0
7350094089368160,1,trace,0,8192,36,0,0
7350094089368160,1,latency,0,4096,15,0,0
7350094089368160,2,market_ingress,0,1024,9,0,0
7350094089368160,2,trader_request,0,1024,1,0,0
7350094089368160,2,trading_callback,0,1024,3,0,0
7350094089368160,2,trace,0,8192,8,0,0
7350094089368160,2,latency,0,4096,34,0,0
7350094089368160,3,market_ingress,0,1024,9,0,0
7350094089368160,3,trader_request,0,1024,3,0,0
7350094089368160,3,trading_callback,0,1024,5,0,0
7350094089368160,3,trace,0,8192,5,0,0
7350094089368160,3,latency,0,4096,15,0,0
7350094189898245,0,market_ingress,0,1024,9,0,0
7350094189898245,0,trader_request,0,1024,1,0,0
7350094189898245,0,trading_callback,0,1024,4,0,0
7350094189898245,0,trace,0,8192,22,0,0
7350094189898245,0,latency,0,4096,13,0,0
7350094189898245,1,market_ingress,1,1024,9,1394,0
7350094189898245,1,trader_request,0,1024,1,0,0
7350094189898245,1,trading_callback,0,1024,4,0,0
7350094189898245,1,trace,0,8192,36,0,0
7350094189898245,1,latency,0,4096,15,0,0
7350094189898245,2,market_ingress,0,1024,9,0,0
7350094189898245,2,trader_request,0,1024,1,0,0
7350094189898245,2,trading_callback,0,1024,3,0,0
7350094189898245,2,trace,0,8192,8,0,0
7350094189898245,2,latency,0,4096,34,0,0
7350094189898245,3,market_ingress,1,1024,9,10006,0
7350094189898245,3,trader_request,0,1024,3,0,0
7350094189898245,3,trading_callback,0,1024,5,0,0
7350094189898245,3,trace,0,8192,5,0,0
7350094189898245,3,latency,0,4096,15,0,0
7350094290419199,0,market_ingress,0,1024,9,0,0
7350094290419199,0,trader_request,0,1024,1,0,0
7350094290419199,0,trading_callback,0,1024,4,0,0
7350094290419199,0,trace,0,8192,22,0,0
7350094290419199,0,latency,0,4096,13,0,0
7350094290419199,1,market_ingress,0,1024,9,0,0
7350094290419199,1,trader_request,0,1024,1,0,0
7350094290419199,1,trading_callback,0,1024,4,0,0
7350094290419199,1,trace,0,8192,36,0,0
7350094290419199,1,latency,0,4096,15,0,0
7350094290419199,2,market_ingress,0,1024,9,0,0
7350094290419199,2,trader_request,0,1024,1,0,0
7350094290419199,2,trading_callback,0,1024,3,0,0
7350094290419199,2,trace,0,8192,8,0,0
7350094290419199,2,latency,0,4096,34,0,0
7350094290419199,3,market_ingress,0,1024,9,0,0
7350094290419199,3,trader_request,0,1024,3,0,0
7350094290419199,3,trading_callback,0,1024,5,0,0
7350094290419199,3,trace,0,8192,5,0,0
7350094290419199,3,latency,0,4096,15,0,0
7350094390994354,0,market_ingress,0,1024,9,0,0
7350094390994354,0,trader_request,0,1024,1,0,0
7350094390994354,0,trading_callback,0,1024,4,0,0
7350094390994354,0,trace,0,8192,22,0,0
7350094390994354,0,latency,0,4096,13,0,0
7350094390994354,1,market_ingress,0,1024,9,0,0
7350094390994354,1,trader_request,0,1024,1,0,0
7350094390994354,1,trading_callback,0,1024,4,0,0
7350094390994354,1,trace,1,8192,36,106478,0
7350094390994354,1,latency,0,4096,15,0,0
7350094390994354,2,market_ingress,0,1024,9,0,0
7350094390994354,2,trader_request,0,1024,1,0,0
7350094390994354,2,trading_callback,0,1024,3,0,0
7350094390994354,2,trace,0,8192,8,0,0
7350094390994354,2,latency,0,4096,34,0,0
7350094390994354,3,market_ingress,0,1024,9,0,0
7350094390994354,3,trader_request,0,1024,3,0,0
7350094390994354,3,trading_callback,0,1024,5,0,0
7350094390994354,3,trace,0,8192,5,0,0
7350094390994354,3,latency,0,4096,15,0,0
7350094491518661,0,market_ingress,0,1024,9,0,0
7350094491518661,0,trader_request,0,1024,1,0,0
7350094491518661,0,trading_callback,0,1024,4,0,0
7350094491518661,0,trace,0,8192,22,0,0
7350094491518661,0,latency,0,4096,13,0,0
7350094491518661,1,market_ingress,0,1024,9,0,0
7350094491518661,1,trader_request,0,1024,1,0,0
7350094491518661,1,trading_callback,0,1024,4,0,0
7350094491518661,1,trace,0,8192,36,0,0
7350094491518661,1,latency,0,4096,15,0,0
7350094491518661,2,market_ingress,0,1024,9,0,0
7350094491518661,2,trader_request,0,1024,1,0,0
7350094491518661,2,trading_callback,0,1024,3,0,0
7350094491518661,2,trace,0,8192,8,0,0
7350094491518661,2,latency,0,4096,34,0,0
7350094491518661,3,market_ingress,0,1024,9,0,0
7350094491518661,3,trader_request,0,1024,3,0,0
7350094491518661,3,trading_callback,0,1024,5,0,0
7350094491518661,3,trace,0,8192,5,0,0
7350094491518661,3,latency,0,4096,15,0,0
7350094591961770,0,market_ingress,0,1024,9,0,0
7350094591961770,0,trader_request,0,1024,1,0,0
7350094591961770,0,trading_callback,0,1024,4,0,0
7350094591961770,0,trace,0,8192,22,0,0
7350094591961770,0,latency,0,4096,13,0,0
7350094591961770,1,market_ingress,0,1024,9,0,0
7350094591961770,1,trader_request,0,1024,1,0,0
7350094591961770,1,trading_callback,0,1024,4,0,0
7350094591961770,1,trace,3,8192,36,62093,0
7350094591961770,1,latency,0,4096,15,0,0
7350094591961770,2,market_ingress,0,1024,9,0,0
7350094591961770,2,trader_request,0,1024,1,0,0
7350094591961770,2,trading_callback,0,1024,3,0,0
7350094591961770,2,trace,0,8192,8,0,0
7350094591961770,2,latency,0,4096,34,0,0
7350094591961770,3,market_ingress,1,1024,9,70654,0
7350094591961770,3,trader_request,0,1024,3,0,0
7350094591961770,3,trading_callback,0,1024,5,0,0
7350094591961770,3,trace,0,8192,5,0,0
7350094591961770,3,latency,0,4096,15,0,0
7350094692478880,0,market_ingress,0,1024,9,0,0
7350094692478880,0,trader_request,0,1024,1,0,0
7350094692478880,0,trading_callback,0,1024,4,0,0
7350094692478880,0,trace,0,8192,22,0,0
7350094692478880,0,latency,0,4096,13,0,0
7350094692478880,1,market_ingress,0,1024,9,0,0
7350094692478880,1,trader_request,0,1024,1,0,0
7350094692478880,1,trading_callback,0,1024,4,0,0
7350094692478880,1,trace,0,8192,36,0,0
7350094692478880,1,latency,0,4096,15,0,0
7350094692478880,2,market_ingress,0,1024,9,0,0
7350094692478880,2,trader_request,0,1024,1,0,0
7350094692478880,2,trading_callback,0,1024,3,0,0
7350094692478880,2,trace,0,8192,8,0,0
7350094692478880,2,latency,0,4096,34,0,0
7350094692478880,3,market_ingress,0,1024,9,0,0
7350094692478880,3,trader_request,0,1024,3,0,0
7350094692478880,3,trading_callback,0,1024,5,0,0
7350094692478880,3,trace,0,8192,5,0,0
7350094692478880,3,latency,0,4096,15,0,0
7350094793050871,0,market_ingress,0,1024,9,0,0
7350094793050871,0,trader_request,0,1024,1,0,0
7350094793050871,0,trading_callback,1,1024,4,13426,0
7350094793050871,0,trace,0,8192,22,0,0
7350094793050871,0,latency,0,4096,13,0,0
7350094793050871,1,market_ingress,0,1024,9,0,0
7350094793050871,1,trader_request,0,1024,1,0,0
7350094793050871,1,trading_callback,1,1024,4,18720,0
7350094793050871,1,trace,5,8192,36,121169,0
7350094793050871,1,latency,0,4096,15,0,0
7350094793050871,2,market_ingress,0,1024,9,0,0
7350094793050871,2,trader_request,0,1024,1,0,0
7350094793050871,2,trading_callback,1,1024,3,22064,0
7350094793050871,2,trace,0,8192,8,0,0
7350094793050871,2,latency,0,4096,34,0,0
7350094793050871,3,market_ingress,1,1024,9,130470,0
7350094793050871,3,trader_request,0,1024,3,0,0
7350094793050871,3,trading_callback,0,1024,5,0,0
7350094793050871,3,trace,0,8192,5,0,0
7350094793050871,3,latency,0,4096,15,0,0
7350094893534731,0,market_ingress,0,1024,9,0,0
7350094893534731,0,trader_request,0,1024,1,0,0
7350094893534731,0,trading_callback,0,1024,4,0,0
7350094893534731,0,trace,0,8192,22,0,0
7350094893534731,0,latency,0,4096,13,0,0
7350094893534731,1,market_ingress,0,1024,9,0,0
7350094893534731,1,trader_request,0,1024,1,0,0
7350094893534731,1,trading_callback,0,1024,4,0,0
7350094893534731,1,trace,0,8192,36,0,0
7350094893534731,1,latency,0,4096,15,0,0
7350094893534731,2,market_ingress,0,1024,9,0,0
7350094893534731,2,trader_request,0,1024,1,0,0
7350094893534731,2,trading_callback,0,1024,3,0,0
7350094893534731,2,trace,0,8192,8,0,0
7350094893534731,2,latency,0,4096,34,0,0
7350094893534731,3,market_ingress,0,1024,9,0,0
7350094893534731,3,trader_request,0,1024,3,0,0
7350094893534731,3,trading_callback,0,1024,5,0,0
7350094893534731,3,trace,0,8192,5,0,0
7350094893534731,3,latency,0,4096,15,0,0
7350094994050089,0,market_ingress,0,1024,9,0,0
7350094994050089,0,trader_request,0,1024,1,0,0
7350094994050089,0,trading_callback,0,1024,4,0,0
7350094994050089,0,trace,0,8192,22,0,0
7350094994050089,0,latency,0,4096,13,0,0
7350094994050089,1,market_ingress,0,1024,9,0,0
7350094994050089,1,trader_request,0,1024,1,0,0
7350094994050089,1,trading_callback,0,1024,4,0,0
7350094994050089,1,trace,1,8192,36,122562,0
7350094994050089,1,latency,0,4096,15,0,0
7350094994050089,2,market_ingress,0,1024,9,0,0
7350094994050089,2,trader_request,0,1024,1,0,0
7350094994050089,2,trading_callback,0,1024,3,0,0
7350094994050089,2,trace,0,8192,8,0,0
7350094994050089,2,latency,0,4096,34,0,0
7350094994050089,3,market_ingress,0,1024,9,0,0
7350094994050089,3,trader_request,0,1024,3,0,0
7350094994050089,3,trading_callback,0,1024,5,0,0
7350094994050089,3,trace,0,8192,5,0,0
7350094994050089,3,latency,0,4096,15,0,0
7350095094539410,0,market_ingress,0,1024,9,0,0
7350095094539410,0,trader_request,0,1024,1,0,0
7350095094539410,0,trading_callback,0,1024,4,0,0
7350095094539410,0,trace,0,8192,22,0,0
7350095094539410,0,latency,0,4096,13,0,0
7350095094539410,1,market_ingress,0,1024,9,0,0
7350095094539410,1,trader_request,0,1024,1,0,0
7350095094539410,1,trading_callback,0,1024,4,0,0
7350095094539410,1,trace,0,8192,36,0,0
7350095094539410,1,latency,0,4096,15,0,0
7350095094539410,2,market_ingress,0,1024,9,0,0
7350095094539410,2,trader_request,0,1024,1,0,0
7350095094539410,2,trading_callback,0,1024,3,0,0
7350095094539410,2,trace,0,8192,8,0,0
7350095094539410,2,latency,0,4096,34,0,0
7350095094539410,3,market_ingress,0,1024,9,0,0
7350095094539410,3,trader_request,0,1024,3,0,0
7350095094539410,3,trading_callback,0,1024,5,0,0
7350095094539410,3,trace,0,8192,5,0,0
7350095094539410,3,latency,0,4096,15,0,0
7350095195032112,0,market_ingress,0,1024,9,0,0
7350095195032112,0,trader_request,0,1024,1,0,0
7350095195032112,0,trading_callback,0,1024,4,0,0
7350095195032112,0,trace,0,8192,22,0,0
7350095195032112,0,latency,0,4096,13,0,0
7350095195032112,1,market_ingress,1,1024,9,107183,0
7350095195032112,1,trader_request,0,1024,1,0,0
7350095195032112,1,trading_callback,0,1024,4,0,0
7350095195032112,1,trace,0,8192,36,0,0
7350095195032112,1,latency,0,4096,15,0,0
7350095195032112,2,market_ingress,0,1024,9,0,0
7350095195032112,2,trader_request,0,1024,1,0,0
7350095195032112,2,trading_callback,1,1024,3,7296,0
7350095195032112,2,trace,0,8192,8,0,0
7350095195032112,2,latency,0,4096,34,0,0
7350095195032112,3,market_ingress,0,1024,9,0,0
7350095195032112,3,trader_request,0,1024,3,0,0
7350095195032112,3,trading_callback,2,1024,5,9882,0
7350095195032112,3,trace,0,8192,5,0,0
7350095195032112,3,latency,0,4096,15,0,0
7350095295519551,0,market_ingress,0,1024,9,0,0
7350095295519551,0,trader_request,0,1024,1,0,0
7350095295519551,0,trading_callback,0,1024,4,0,0
7350095295519551,0,trace,0,8192,22,0,0
7350095295519551,0,latency,0,4096,13,0,0
7350095295519551,1,market_ingress,0,1024,9,0,0
7350095295519551,1,trader_request,0,1024,1,0,0
7350095295519551,1,trading_callback,0,1024,4,0,0
7350095295519551,1,trace,0,8192,36,0,0
7350095295519551,1,latency,0,4096,15,0,0
7350095295519551,2,market_ingress,0,1024,9,0,0
7350095295519551,2,trader_request,0,1024,1,0,0
7350095295519551,2,trading_callback,0,1024,3,0,0
7350095295519551,2,trace,0,8192,8,0,0
7350095295519551,2,latency,0,4096,34,0,0
7350095295519551,3,market_ingress,0,1024,9,0,0
7350095295519551,3,trader_request,0,1024,3,0,0
7350095295519551,3,trading_callback,0,1024,5,0,0
7350095295519551,3,trace,0,8192,5,0,0
7350095295519551,3,latency,0,4096,15,0,0
7350095396009030,0,market_ingress,0,1024,9,0,0
7350095396009030,0,trader_request,0,1024,1,0,0
7350095396009030,0,trading_callback,0,1024,4,0,0
7350095396009030,0,trace,0,8192,22,0,0
7350095396009030,0,latency,0,4096,13,0,0
7350095396009030,1,market_ingress,1,1024,10,82025,0
7350095396009030,1,trader_request,0,1024,1,0,0
7350095396009030,1,trading_callback,0,1024,4,0,0
7350095396009030,1,trace,0,8192,36,0,0
7350095396009030,1,latency,0,4096,15,0,0
7350095396009030,2,market_ingress,0,1024,9,0,0
7350095396009030,2,trader_request,0,1024,1,0,0
7350095396009030,2,trading_callback,0,1024,3,0,0
7350095396009030,2,trace,0,8192,8,0,0
7350095396009030,2,latency,0,4096,34,0,0
7350095396009030,3,market_ingress,0,1024,11,0,0
7350095396009030,3,trader_request,0,1024,3,0,0
7350095396009030,3,trading_callback,0,1024,5,0,0
7350095396009030,3,trace,0,8192,8,0,0
7350095396009030,3,latency,0,4096,15,0,0
7350095496516478,0,market_ingress,0,1024,9,0,0
7350095496516478,0,trader_request,0,1024,1,0,0
7350095496516478,0,trading_callback,0,1024,4,0,0
7350095496516478,0,trace,0,8192,22,0,0
7350095496516478,0,latency,0,4096,13,0,0
7350095496516478,1,market_ingress,0,1024,11,0,0
7350095496516478,1,trader_request,0,1024,1,0,0
7350095496516478,1,trading_callback,0,1024,4,0,0
7350095496516478,1,trace,0,8192,37,0,0
7350095496516478,1,latency,0,4096,15,0,0
7350095496516478,2,market_ingress,0,1024,9,0,0
7350095496516478,2,trader_request,0,1024,1,0,0
7350095496516478,2,trading_callback,0,1024,3,0,0
7350095496516478,2,trace,0,8192,8,0,0
7350095496516478,2,latency,0,4096,34,0,0
7350095496516478,3,market_ingress,0,1024,11,0,0
7350095496516478,3,trader_request,0,1024,3,0,0
7350095496516478,3,trading_callback,0,1024,5,0,0
7350095496516478,3,trace,0,8192,8,0,0
7350095496516478,3,latency,0,4096,24,0,0
7350095597039877,0,market_ingress,0,1024,9,0,0
7350095597039877,0,trader_request,0,1024,1,0,0
7350095597039877,0,trading_callback,0,1024,4,0,0
7350095597039877,0,trace,0,8192,22,0,0
7350095597039877,0,latency,0,4096,13,0,0
7350095597039877,1,market_ingress,1,1024,11,101103,0
7350095597039877,1,trader_request,0,1024,1,0,0
7350095597039877,1,trading_callback,0,1024,4,0,0
7350095597039877,1,trace,0,8192,37,0,0
7350095597039877,1,latency,0,4096,15,0,0
7350095597039877,2,market_ingress,0,1024,9,0,0
7350095597039877,2,trader_request,0,1024,1,0,0
7350095597039877,2,trading_callback,0,1024,3,0,0
7350095597039877,2,trace,0,8192,8,0,0
7350095597039877,2,latency,0,4096,34,0,0
7350095597039877,3,market_ingress,0,1024,11,0,0
7350095597039877,3,trader_request,0,1024,3,0,0
7350095597039877,3,trading_callback,0,1024,5,0,0
7350095597039877,3,trace,0,8192,8,0,0
7350095597039877,3,latency,0,4096,24,0,0
7350095697517597,0,market_ingress,0,1024,9,0,0
7350095697517597,0,trader_request,0,1024,1,0,0
7350095697517597,0,trading_callback,0,1024,4,0,0
7350095697517597,0,trace,0,8192,22,0,0
7350095697517597,0,latency,0,4096,13,0,0
7350095697517597,1,market_ingress,0,1024,11,0,0
7350095697517597,1,trader_request,0,1024,1,0,0
7350095697517597,1,trading_callback,0,1024,4,0,0
7350095697517597,1,trace,0,8192,37,0,0
7350095697517597,1,latency,0,4096,15,0,0
7350095697517597,2,market_ingress,0,1024,9,0,0
7350095697517597,2,trader_request,0,1024,1,0,0
7350095697517597,2,trading_callback,0,1024,3,0,0
7350095697517597,2,trace,0,8192,8,0,0
7350095697517597,2,latency,0,4096,34,0,0
7350095697517597,3,market_ingress,0,1024,11,0,0
7350095697517597,3,trader_request,0,1024,3,0,0
7350095697517597,3,trading_callback,0,1024,5,0,0
7350095697517597,3,trace,0,8192,8,0,0
7350095697517597,3,latency,0,4096,24,0,0
7350095797999137,0,market_ingress,0,1024,9,0,0
7350095797999137,0,trader_request,0,1024,1,0,0
7350095797999137,0,trading_callback,0,1024,4,0,0
7350095797999137,0,trace,0,8192,22,0,0
7350095797999137,0,latency,0,4096,13,0,0
7350095797999137,1,market_ingress,1,1024,11,85476,0
7350095797999137,1,trader_request,0,1024,1,0,0
7350095797999137,1,trading_callback,0,1024,4,0,0
7350095797999137,1,trace,0,8192,37,0,0
7350095797999137,1,latency,0,4096,15,0,0
7350095797999137,2,market_ingress,0,1024,9,0,0
7350095797999137,2,trader_request,0,1024,1,0,0
7350095797999137,2,trading_callback,0,1024,3,0,0
7350095797999137,2,trace,0,8192,8,0,0
7350095797999137,2,latency,0,4096,34,0,0
7350095797999137,3,market_ingress,0,1024,11,0,0
7350095797999137,3,trader_request,0,1024,3,0,0
7350095797999137,3,trading_callback,0,1024,5,0,0
7350095797999137,3,trace,0,8192,8,0,0
7350095797999137,3,latency,1,4096,24,92386,0
7350095898499338,0,market_ingress,0,1024,9,0,0
7350095898499338,0,trader_request,0,1024,1,0,0
7350095898499338,0,trading_callback,0,1024,4,0,0
7350095898499338,0,trace,0,8192,22,0,0
7350095898499338,0,latency,0,4096,13,0,0
7350095898499338,1,market_ingress,0,1024,11,0,0
7350095898499338,1,trader_request,0,1024,1,0,0
7350095898499338,1,trading_callback,0,1024,4,0,0
7350095898499338,1,trace,0,8192,37,0,0
7350095898499338,1,latency,0,4096,15,0,0
7350095898499338,2,market_ingress,0,1024,9,0,0
7350095898499338,2,trader_request,0,1024,1,0,0
7350095898499338,2,trading_callback,0,1024,3,0,0
7350095898499338,2,trace,0,8192,8,0,0
7350095898499338,2,latency,0,4096,34,0,0
7350095898499338,3,market_ingress,0,1024,11,0,0
7350095898499338,3,trader_request,0,1024,3,0,0
7350095898499338,3,trading_callback,0,1024,5,0,0
7350095898499338,3,trace,0,8192,8,0,0
7350095898499338,3,latency,0,4096,24,0,0
7350095999005307,0,market_ingress,0,1024,9,0,0
7350095999005307,0,trader_request,0,1024,1,0,0
7350095999005307,0,trading_callback,0,1024,4,0,0
7350095999005307,0,trace,0,8192,22,0,0
7350095999005307,0,latency,0,4096,13,0,0
7350095999005307,1,market_ingress,1,1024,11,95668,0
7350095999005307,1,trader_request,0,1024,1,0,0
7350095999005307,1,trading_callback,0,1024,4,0,0
7350095999005307,1,trace,0,8192,37,0,0
7350095999005307,1,latency,0,4096,15,0,0
7350095999005307,2,market_ingress,0,1024,9,0,0
7350095999005307,2,trader_request,0,1024,1,0,0
7350095999005307,2,trading_callback,0,1024,3,0,0
7350095999005307,2,trace,0,8192,8,0,0
7350095999005307,2,latency,1,4096,34,100668,0
7350095999005307,3,market_ingress,0,1024,11,0,0
7350095999005307,3,trader_request,0,1024,3,0,0
7350095999005307,3,trading_callback,0,1024,5,0,0
7350095999005307,3,trace,0,8192,8,0,0
7350095999005307,3,latency,1,4096,24,111859,0
7350096099529750,0,market_ingress,0,1024,9,0,0
7350096099529750,0,trader_request,0,1024,1,0,0
7350096099529750,0,trading_callback,0,1024,4,0,0
7350096099529750,0,trace,0,8192,22,0,0
7350096099529750,0,latency,0,4096,13,0,0
7350096099529750,1,market_ingress,0,1024,11,0,0
7350096099529750,1,trader_request,0,1024,1,0,0
7350096099529750,1,trading_callback,0,1024,4,0,0
7350096099529750,1,trace,0,8192,37,0,0
7350096099529750,1,latency,0,4096,15,0,0
7350096099529750,2,market_ingress,0,1024,9,0,0
7350096099529750,2,trader_request,0,1024,1,0,0
7350096099529750,2,trading_callback,0,1024,3,0,0
7350096099529750,2,trace,0,8192,8,0,0
7350096099529750,2,latency,0,4096,34,0,0
7350096099529750,3,market_ingress,0,1024,11,0,0
7350096099529750,3,trader_request,0,1024,3,0,0
7350096099529750,3,trading_callback,0,1024,5,0,0
7350096099529750,3,trace,0,8192,8,0,0
7350096099529750,3,latency,0,4096,24,0,0
7350096200073011,0,market_ingress,0,1024,9,0,0
7350096200073011,0,trader_request,0,1024,1,0,0
7350096200073011,0,trading_callback,0,1024,4,0,0
7350096200073011,0,trace,0,8192,22,0,0
7350096200073011,0,latency,0,4096,13,0,0
7350096200073011,1,market_ingress,1,1024,11,199570,0
7350096200073011,1,trader_request,0,1024,1,0,0
7350096200073011,1,trading_callback,0,1024,4,0,0
7350096200073011,1,trace,0,8192,37,0,0
7350096200073011,1,latency,0,4096,15,0,0
7350096200073011,2,market_ingress,0,1024,9,0,0
7350096200073011,2,trader_request,0,1024,1,0,0
7350096200073011,2,trading_callback,0,1024,3,0,0
7350096200073011,2,trace,0,8192,8,0,0
7350096200073011,2,latency,0,4096,34,0,0
7350096200073011,3,market_ingress,0,1024,11,0,0
7350096200073011,3,trader_request,0,1024,3,0,0
7350096200073011,3,trading_callback,0,1024,5,0,0
7350096200073011,3,trace,0,8192,8,0,0
7350096200073011,3,latency,0,4096,24,0,0
7350096300613431,0,market_ingress,0,1024,9,0,0
7350096300613431,0,trader_request,0,1024,1,0,0
7350096300613431,0,trading_callback,0,1024,4,0,0
7350096300613431,0,trace,0,8192,22,0,0
7350096300613431,0,latency,0,4096,13,0,0
7350096300613431,1,market_ingress,0,1024,11,0,0
7350096300613431,1,trader_request,0,1024,1,0,0
7350096300613431,1,trading_callback,0,1024,4,0,0
7350096300613431,1,trace,0,8192,37,0,0
7350096300613431,1,latency,0,4096,15,0,0
7350096300613431,2,market_ingress,0,1024,9,0,0
7350096300613431,2,trader_request,0,1024,1,0,0
7350096300613431,2,trading_callback,0,1024,3,0,0
7350096300613431,2,trace,0,8192,8,0,0
7350096300613431,2,latency,0,4096,34,0,0
7350096300613431,3,market_ingress,0,1024,11,0,0
7350096300613431,3,trader_request,0,1024,3,0,0
7350096300613431,3,trading_callback,0,1024,5,0,0
7350096300613431,3,trace,0,8192,8,0,0
7350096300613431,3,latency,0,4096,24,0,0
7350096401114314,0,market_ingress,0,1024,9,0,0
7350096401114314,0,trader_request,0,1024,1,0,0
7350096401114314,0,trading_callback,0,1024,4,0,0
7350096401114314,0,trace,0,8192,22,0,0
7350096401114314,0,latency,0,4096,13,0,0
7350096401114314,1,market_ingress,1,1024,11,216365,0
7350096401114314,1,trader_request,0,1024,1,0,0
7350096401114314,1,trading_callback,0,1024,4,0,0
7350096401114314,1,trace,0,8192,37,0,0
7350096401114314,1,latency,0,4096,15,0,0
7350096401114314,2,market_ingress,0,1024,9,0,0
7350096401114314,2,trader_request,0,1024,1,0,0
7350096401114314,2,trading_callback,0,1024,3,0,0
7350096401114314,2,trace,0,8192,8,0,0
7350096401114314,2,latency,0,4096,34,0,0
7350096401114314,3,market_ingress,0,1024,11,0,0
7350096401114314,3,trader_request,0,1024,3,0,0
7350096401114314,3,trading_callback,1,1024,5,115400,0
7350096401114314,3,trace,0,8192,8,0,0
7350096401114314,3,latency,0,4096,24,0,0
7350096501632476,0,market_ingress,0,1024,9,0,0
7350096501632476,0,trader_request,0,1024,1,0,0
7350096501632476,0,trading_callback,0,1024,4,0,0
7350096501632476,0,trace,0,8192,22,0,0
7350096501632476,0,latency,0,4096,13,0,0
7350096501632476,1,market_ingress,0,1024,11,0,0
7350096501632476,1,trader_request,0,1024,1,0,0
7350096501632476,1,trading_callback,0,1024,4,0,0
7350096501632476,1,trace,0,8192,37,0,0
7350096501632476,1,latency,0,4096,15,0,0
7350096501632476,2,market_ingress,0,1024,9,0,0
7350096501632476,2,trader_request,0,1024,1,0,0
7350096501632476,2,trading_callback,0,1024,3,0,0
7350096501632476,2,trace,0,8192,8,0,0
7350096501632476,2,latency,0,4096,34,0,0
7350096501632476,3,market_ingress,0,1024,11,0,0
7350096501632476,3,trader_request,0,1024,3,0,0
7350096501632476,3,trading_callback,0,1024,5,0,0
7350096501632476,3,trace,0,8192,8,0,0
7350096501632476,3,latency,0,4096,24,0,0
7350096602173577,0,market_ingress,0,1024,9,0,0
7350096602173577,0,trader_request,0,1024,1,0,0
7350096602173577,0,trading_callback,1,1024,4,157136,0
7350096602173577,0,trace,0,8192,22,0,0
7350096602173577,0,latency,0,4096,13,0,0
7350096602173577,1,market_ingress,0,1024,11,0,0
7350096602173577,1,trader_request,0,1024,1,0,0
7350096602173577,1,trading_callback,0,1024,4,0,0
7350096602173577,1,trace,7,8192,37,267595,0
7350096602173577,1,latency,0,4096,15,0,0
7350096602173577,2,market_ingress,0,1024,9,0,0
7350096602173577,2,trader_request,0,1024,1,0,0
7350096602173577,2,trading_callback,0,1024,3,0,0
7350096602173577,2,trace,0,8192,8,0,0
7350096602173577,2,latency,0,4096,34,0,0
7350096602173577,3,market_ingress,0,1024,11,0,0
7350096602173577,3,trader_request,0,1024,3,0,0
7350096602173577,3,trading_callback,0,1024,5,0,0
7350096602173577,3,trace,0,8192,8,0,0
7350096602173577,3,latency,0,4096,24,0,0
7350096702691475,0,market_ingress,0,1024,9,0,0
7350096702691475,0,trader_request,0,1024,1,0,0
7350096702691475,0,trading_callback,0,1024,4,0,0
7350096702691475,0,trace,0,8192,22,0,0
7350096702691475,0,latency,0,4096,13,0,0
7350096702691475,1,market_ingress,0,1024,11,0,0
7350096702691475,1,trader_request,0,1024,1,0,0
7350096702691475,1,trading_callback,0,1024,4,0,0
7350096702691475,1,trace,0,8192,37,0,0
7350096702691475,1,latency,0,4096,15,0,0
7350096702691475,2,market_ingress,0,1024,9,0,0
7350096702691475,2,trader_request,0,1024,1,0,0
7350096702691475,2,trading_callback,0,1024,3,0,0
7350096702691475,2,trace,0,8192,8,0,0
7350096702691475,2,latency,0,4096,34,0,0
7350096702691475,3,market_ingress,0,1024,11,0,0
7350096702691475,3,trader_request,0,1024,3,0,0
7350096702691475,3,trading_callback,0,1024,5,0,0
7350096702691475,3,trace,0,8192,8,0,0
7350096702691475,3,latency,0,4096,24,0,0
7350096803119387,0,market_ingress,0,1024,9,0,0
7350096803119387,0,trader_request,0,1024,1,0,0
7350096803119387,0,trading_callback,0,1024,4,0,0
7350096803119387,0,trace,0,8192,22,0,0
7350096803119387,0,latency,0,4096,13,0,0
7350096803119387,1,market_ingress,0,1024,11,0,0
7350096803119387,1,trader_request,0,1024,1,0,0
7350096803119387,1,trading_callback,0,1024,4,0,0
7350096803119387,1,trace,1,8192,37,150223,0
7350096803119387,1,latency,0,4096,15,0,0
7350096803119387,2,market_ingress,0,1024,9,0,0
7350096803119387,2,trader_request,0,1024,1,0,0
7350096803119387,2,trading_callback,0,1024,3,0,0
7350096803119387,2,trace,0,8192,8,0,0
7350096803119387,2,latency,0,4096,34,0,0
7350096803119387,3,market_ingress,0,1024,11,0,0
7350096803119387,3,trader_request,0,1024,3,0,0
7350096803119387,3,trading_callback,0,1024,5,0,0
7350096803119387,3,trace,0,8192,8,0,0
7350096803119387,3,latency,0,4096,24,0,0
7350096903558798,0,market_ingress,0,1024,9,0,0
7350096903558798,0,trader_request,0,1024,1,0,0
7350096903558798,0,trading_callback,0,1024,4,0,0
7350096903558798,0,trace,0,8192,22,0,0
7350096903558798,0,latency,0,4096,13,0,0
7350096903558798,1,market_ingress,0,1024,11,0,0
7350096903558798,1,trader_request,0,1024,1,0,0
7350096903558798,1,trading_callback,0,1024,4,0,0
7350096903558798,1,trace,0,8192,37,0,0
7350096903558798,1,latency,0,4096,15,0,0
7350096903558798,2,market_ingress,0,1024,9,0,0
7350096903558798,2,trader_request,0,1024,1,0,0
7350096903558798,2,trading_callback,0,1024,3,0,0
7350096903558798,2,trace,0,8192,8,0,0
7350096903558798,2,latency,0,4096,34,0,0
7350096903558798,3,market_ingress,0,1024,11,0,0
7350096903558798,3,trader_request,0,1024,3,0,0
7350096903558798,3,trading_callback,0,1024,5,0,0
7350096903558798,3,trace,0,8192,8,0,0
7350096903558798,3,latency,0,4096,24,0,0
7350097004087774,0,market_ingress,0,1024,9,0,0
7350097004087774,0,trader_request,0,1024,1,0,0
7350097004087774,0,trading_callback,2,1024,4,19031,0
7350097004087774,0,trace,0,8192,22,0,0
7350097004087774,0,latency,0,4096,13,0,0
7350097004087774,1,market_ingress,0,1024,11,0,0
7350097004087774,1,trader_request,0,1024,1,0,0
7350097004087774,1,trading_callback,1,1024,4,18708,0
7350097004087774,1,trace,5,8192,37,129037,0
7350097004087774,1,latency,0,4096,15,0,0
7350097004087774,2,market_ingress,0,1024,9,0,0
7350097004087774,2,trader_request,0,1024,1,0,0
7350097004087774,2,trading_callback,1,1024,3,28119,0
7350097004087774,2,trace,0,8192,8,0,0
7350097004087774,2,latency,1,4096,34,0,0
7350097004087774,3,market_ingress,0,1024,11,0,0
7350097004087774,3,trader_request,0,1024,3,0,0
7350097004087774,3,trading_callback,0,1024,5,0,0
7350097004087774,3,trace,0,8192,8,0,0
7350097004087774,3,latency,0,4096,24,0,0
7350097104539188,0,market_ingress,0,1024,9,0,0
7350097104539188,0,trader_request,0,1024,1,0,0
7350097104539188,0,trading_callback,0,1024,4,0,0
7350097104539188,0,trace,0,8192,22,0,0
7350097104539188,0,latency,0,4096,13,0,0
7350097104539188,1,market_ingress,0,1024,11,0,0
7350097104539188,1,trader_request,0,1024,1,0,0
7350097104539188,1,trading_callback,0,1024,4,0,0
7350097104539188,1,trace,0,8192,37,0,0
7350097104539188,1,latency,0,4096,15,0,0
7350097104539188,2,market_ingress,0,1024,9,0,0
7350097104539188,2,trader_request,0,1024,1,0,0
7350097104539188,2,trading_callback,0,1024,3,0,0
7350097104539188,2,trace,0,8192,8,0,0
7350097104539188,2,latency,0,4096,34,0,0
7350097104539188,3,market_ingress,0,1024,11,0,0
7350097104539188,3,trader_request,0,1024,3,0,0
7350097104539188,3,trading_callback,0,1024,5,0,0
7350097104539188,3,trace,0,8192,8,0,0
7350097104539188,3,latency,0,4096,24,0,0
7350097205009012,0,market_ingress,0,1024,9,0,0
7350097205009012,0,trader_request,1,1024,1,957,0
7350097205009012,0,trading_callback,0,1024,4,0,0
7350097205009012,0,trace,0,8192,22,0,0
7350097205009012,0,latency,0,4096,13,0,0
7350097205009012,1,market_ingress,0,1024,11,0,0
7350097205009012,1,trader_request,0,1024,1,0,0
7350097205009012,1,trading_callback,1,1024,4,1276,0
7350097205009012,1,trace,5,8192,37,122346,0
7350097205009012,1,latency,0,4096,15,0,0
7350097205009012,2,market_ingress,0,1024,9,0,0
7350097205009012,2,trader_request,0,1024,1,0,0
7350097205009012,2,trading_callback,1,1024,3,16979,0
7350097205009012,2,trace,0,8192,8,0,0
7350097205009012,2,latency,0,4096,34,0,0
7350097205009012,3,market_ingress,0,1024,11,0,0
7350097205009012,3,trader_request,0,1024,3,0,0
7350097205009012,3,trading_callback,0,1024,5,0,0
7350097205009012,3,trace,0,8192,8,0,0
7350097205009012,3,latency,0,4096,24,0,0
7350097305536125,0,market_ingress,0,1024,9,0,0
7350097305536125,0,trader_request,0,1024,1,0,0
7350097305536125,0,trading_callback,0,1024,4,0,0
7350097305536125,0,trace,0,8192,22,0,0
7350097305536125,0,latency,0,4096,13,0,0
7350097305536125,1,market_ingress,0,1024,11,0,0
7350097305536125,1,trader_request,0,1024,1,0,0
7350097305536125,1,trading_callback,0,1024,4,0,0
7350097305536125,1,trace,0,8192,37,0,0
7350097305536125,1,latency,0,4096,15,0,0
7350097305536125,2,market_ingress,0,1024,9,0,0
7350097305536125,2,trader_request,0,1024,1,0,0
7350097305536125,2,trading_callback,0,1024,3,0,0
7350097305536125,2,trace,0,8192,8,0,0
7350097305536125,2,latency,0,4096,34,0,0
7350097305536125,3,market_ingress,0,1024,11,0,0
7350097305536125,3,trader_request,0,1024,3,0,0
7350097305536125,3,trading_callback,0,1024,5,0,0
7350097305536125,3,trace,0,8192,8,0,0
7350097305536125,3,latency,0,4096,24,0,0
7350097405997971,0,market_ingress,0,1024,9,0,0
7350097405997971,0,trader_request,0,1024,1,0,0
7350097405997971,0,trading_callback,0,1024,4,0,0
7350097405997971,0,trace,0,8192,22,0,0
7350097405997971,0,latency,0,4096,13,0,0
7350097405997971,1,market_ingress,0,1024,11,0,0
7350097405997971,1,trader_request,0,1024,1,0,0
7350097405997971,1,trading_callback,0,1024,4,0,0
7350097405997971,1,trace,0,8192,37,0,0
7350097405997971,1,latency,0,4096,15,0,0
7350097405997971,2,market_ingress,0,1024,9,0,0
7350097405997971,2,trader_request,0,1024,1,0,0
7350097405997971,2,trading_callback,0,1024,3,0,0
7350097405997971,2,trace,0,8192,8,0,0
7350097405997971,2,latency,0,4096,34,0,0
7350097405997971,3,market_ingress,0,1024,11,0,0
7350097405997971,3,trader_request,0,1024,3,0,0
7350097405997971,3,trading_callback,0,1024,5,0,0
7350097405997971,3,trace,0,8192,8,0,0
7350097405997971,3,latency,0,4096,24,0,0
7350097506536857,0,market_ingress,0,1024,9,0,0
7350097506536857,0,trader_request,0,1024,1,0,0
7350097506536857,0,trading_callback,0,1024,4,0,0
7350097506536857,0,trace,0,8192,22,0,0
7350097506536857,0,latency,0,4096,13,0,0
7350097506536857,1,market_ingress,0,1024,11,0,0
7350097506536857,1,trader_request,0,1024,1,0,0
7350097506536857,1,trading_callback,0,1024,4,0,0
7350097506536857,1,trace,0,8192,37,0,0
7350097506536857,1,latency,0,4096,15,0,0
7350097506536857,2,market_ingress,0,1024,9,0,0
7350097506536857,2,trader_request,0,1024,1,0,0
7350097506536857,2,trading_callback,0,1024,3,0,0
7350097506536857,2,trace,0,8192,8,0,0
7350097506536857,2,latency,0,4096,34,0,0
7350097506536857,3,market_ingress,0,1024,11,0,0
7350097506536857,3,trader_request,0,1024,3,0,0
7350097506536857,3,trading_callback,0,1024,5,0,0
7350097506536857,3,trace,0,8192,8,0,0
7350097506536857,3,latency,0,4096,24,0,0
7350097607076709,0,market_ingress,0,1024,9,0,0
7350097607076709,0,trader_request,0,1024,1,0,0
7350097607076709,0,trading_callback,2,1024,4,59865,0
7350097607076709,0,trace,0,8192,22,0,0
7350097607076709,0,latency,0,4096,13,0,0
7350097607076709,1,market_ingress,0,1024,11,0,0
7350097607076709,1,trader_request,0,1024,1,0,0
7350097607076709,1,trading_callback,0,1024,4,0,0
7350097607076709,1,trace,0,8192,37,0,0
7350097607076709,1,latency,5,4096,15,170889,0
7350097607076709,2,market_ingress,0,1024,9,0,0
7350097607076709,2,trader_request,0,1024,1,0,0
7350097607076709,2,trading_callback,0,1024,3,0,0
7350097607076709,2,trace,0,8192,8,0,0
7350097607076709,2,latency,0,4096,34,0,0
7350097607076709,3,market_ingress,0,1024,11,0,0
7350097607076709,3,trader_request,0,1024,3,0,0
7350097607076709,3,trading_callback,0,1024,5,0,0
7350097607076709,3,trace,0,8192,8,0,0
7350097607076709,3,latency,0,4096,24,0,0
7350097707584434,0,market_ingress,0,1024,9,0,0
7350097707584434,0,trader_request,0,1024,1,0,0
7350097707584434,0,trading_callback,0,1024,4,0,0
7350097707584434,0,trace,0,8192,22,0,0
7350097707584434,0,latency,0,4096,13,0,0
7350097707584434,1,market_ingress,0,1024,11,0,0
7350097707584434,1,trader_request,0,1024,1,0,0
7350097707584434,1,trading_callback,0,1024,4,0,0
7350097707584434,1,trace,0,8192,37,0,0
7350097707584434,1,latency,0,4096,15,0,0
7350097707584434,2,market_ingress,0,1024,9,0,0
7350097707584434,2,trader_request,0,1024,1,0,0
7350097707584434,2,trading_callback,0,1024,3,0,0
7350097707584434,2,trace,0,8192,8,0,0
7350097707584434,2,latency,0,4096,34,0,0
7350097707584434,3,market_ingress,0,1024,11,0,0
7350097707584434,3,trader_request,0,1024,3,0,0
7350097707584434,3,trading_callback,0,1024,5,0,0
7350097707584434,3,trace,0,8192,8,0,0
7350097707584434,3,latency,0,4096,24,0,0
7350097808263071,0,market_ingress,0,1024,9,0,0
7350097808263071,0,trader_request,0,1024,1,0,0
7350097808263071,0,trading_callback,0,1024,4,0,0
7350097808263071,0,trace,0,8192,22,0,0
7350097808263071,0,latency,0,4096,13,0,0
7350097808263071,1,market_ingress,0,1024,11,0,0
7350097808263071,1,trader_request,0,1024,1,0,0
7350097808263071,1,trading_callback,0,1024,4,0,0
7350097808263071,1,trace,0,8192,37,0,0
7350097808263071,1,latency,5,4096,15,384507,0
7350097808263071,2,market_ingress,0,1024,9,0,0
7350097808263071,2,trader_request,0,1024,1,0,0
7350097808263071,2,trading_callback,0,1024,3,0,0
7350097808263071,2,trace,0,8192,8,0,0
7350097808263071,2,latency,0,4096,34,0,0
7350097808263071,3,market_ingress,0,1024,11,0,0
7350097808263071,3,trader_request,0,1024,3,0,0
7350097808263071,3,trading_callback,0,1024,5,0,0
7350097808263071,3,trace,0,8192,8,0,0
7350097808263071,3,latency,0,4096,24,0,0
7350097908822711,0,market_ingress,0,1024,9,0,0
7350097908822711,0,trader_request,0,1024,1,0,0
7350097908822711,0,trading_callback,0,1024,4,0,0
7350097908822711,0,trace,0,8192,22,0,0
7350097908822711,0,latency,0,4096,13,0,0
7350097908822711,1,market_ingress,0,1024,11,0,0
7350097908822711,1,trader_request,0,1024,1,0,0
7350097908822711,1,trading_callback,0,1024,4,0,0
7350097908822711,1,trace,0,8192,37,0,0
7350097908822711,1,latency,0,4096,15,0,0
7350097908822711,2,market_ingress,0,1024,9,0,0
7350097908822711,2,trader_request,0,1024,1,0,0
7350097908822711,2,trading_callback,0,1024,3,0,0
7350097908822711,2,trace,0,8192,8,0,0
7350097908822711,2,latency,0,4096,34,0,0
7350097908822711,3,market_ingress,0,1024,11,0,0
7350097908822711,3,trader_request,0,1024,3,0,0
7350097908822711,3,trading_callback,0,1024,5,0,0
7350097908822711,3,trace,0,8192,8,0,0
7350097908822711,3,latency,0,4096,24,0,0
7350098009346978,0,market_ingress,0,1024,9,0,0
7350098009346978,0,trader_request,0,1024,1,0,0
7350098009346978,0,trading_callback,0,1024,4,0,0
7350098009346978,0,trace,0,8192,22,0,0
7350098009346978,0,latency,0,4096,13,0,0
7350098009346978,1,market_ingress,0,1024,11,0,0
7350098009346978,1,trader_request,0,1024,1,0,0
7350098009346978,1,trading_callback,0,1024,4,0,0
7350098009346978,1,trace,0,8192,37,0,0
7350098009346978,1,latency,0,4096,15,0,0
7350098009346978,2,market_ingress,0,1024,9,0,0
7350098009346978,2,trader_request,0,1024,1,0,0
7350098009346978,2,trading_callback,0,1024,3,0,0
7350098009346978,2,trace,0,8192,8,0,0
7350098009346978,2,latency,0,4096,34,0,0
7350098009346978,3,market_ingress,0,1024,11,0,0
7350098009346978,3,trader_request,0,1024,3,0,0
7350098009346978,3,trading_callback,0,1024,5,0,0
7350098009346978,3,trace,0,8192,8,0,0
7350098009346978,3,latency,0,4096,24,0,0
7350098109852827,0,market_ingress,0,1024,9,0,0
7350098109852827,0,trader_request,0,1024,1,0,0
7350098109852827,0,trading_callback,0,1024,4,0,0
7350098109852827,0,trace,0,8192,22,0,0
7350098109852827,0,latency,0,4096,13,0,0
7350098109852827,1,market_ingress,0,1024,11,0,0
7350098109852827,1,trader_request,0,1024,1,0,0
7350098109852827,1,trading_callback,0,1024,4,0,0
7350098109852827,1,trace,0,8192,37,0,0
7350098109852827,1,latency,0,4096,15,0,0
7350098109852827,2,market_ingress,0,1024,9,0,0
7350098109852827,2,trader_request,0,1024,1,0,0
7350098109852827,2,trading_callback,0,1024,3,0,0
7350098109852827,2,trace,0,8192,8,0,0
7350098109852827,2,latency,0,4096,34,0,0
7350098109852827,3,market_ingress,0,1024,11,0,0
7350098109852827,3,trader_request,0,1024,3,0,0
7350098109852827,3,trading_callback,0,1024,5,0,0
7350098109852827,3,trace,0,8192,8,0,0
7350098109852827,3,latency,0,4096,24,0,0
7350098210371919,0,market_ingress,0,1024,9,0,0
7350098210371919,0,trader_request,0,1024,1,0,0
7350098210371919,0,trading_callback,0,1024,4,0,0
7350098210371919,0,trace,0,8192,22,0,0
7350098210371919,0,latency,0,4096,13,0,0
7350098210371919,1,market_ingress,0,1024,11,0,0
7350098210371919,1,trader_request,0,1024,1,0,0
7350098210371919,1,trading_callback,0,1024,4,0,0
7350098210371919,1,trace,0,8192,37,0,0
7350098210371919,1,latency,0,4096,15,0,0
7350098210371919,2,market_ingress,0,1024,9,0,0
7350098210371919,2,trader_request,0,1024,1,0,0
7350098210371919,2,trading_callback,0,1024,3,0,0
7350098210371919,2,trace,0,8192,8,0,0
7350098210371919,2,latency,0,4096,34,0,0
7350098210371919,3,market_ingress,0,1024,11,0,0
7350098210371919,3,trader_request,0,1024,3,0,0
7350098210371919,3,trading_callback,0,1024,5,0,0
7350098210371919,3,trace,0,8192,8,0,0
7350098210371919,3,latency,0,4096,24,0,0
7350098310883799,0,market_ingress,0,1024,9,0,0
7350098310883799,0,trader_request,0,1024,1,0,0
7350098310883799,0,trading_callback,0,1024,4,0,0
7350098310883799,0,trace,0,8192,22,0,0
7350098310883799,0,latency,0,4096,13,0,0
7350098310883799,1,market_ingress,0,1024,11,0,0
7350098310883799,1,trader_request,0,1024,1,0,0
7350098310883799,1,trading_callback,0,1024,4,0,0
7350098310883799,1,trace,0,8192,37,0,0
7350098310883799,1,latency,0,4096,15,0,0
7350098310883799,2,market_ingress,0,1024,9,0,0
7350098310883799,2,trader_request,0,1024,1,0,0
7350098310883799,2,trading_callback,0,1024,3,0,0
7350098310883799,2,trace,0,8192,8,0,0
7350098310883799,2,latency,0,4096,34,0,0
7350098310883799,3,market_ingress,1,1024,11,2229,0
7350098310883799,3,trader_request,0,1024,3,0,0
7350098310883799,3,trading_callback,0,1024,5,0,0
7350098310883799,3,trace,0,8192,8,0,0
7350098310883799,3,latency,0,4096,24,0,0
7350098411408889,0,market_ingress,0,1024,9,0,0
7350098411408889,0,trader_request,0,1024,1,0,0
7350098411408889,0,trading_callback,0,1024,4,0,0
7350098411408889,0,trace,0,8192,22,0,0
7350098411408889,0,latency,0,4096,13,0,0
7350098411408889,1,market_ingress,0,1024,11,0,0
7350098411408889,1,trader_request,0,1024,1,0,0
7350098411408889,1,trading_callback,0,1024,4,0,0
7350098411408889,1,trace,0,8192,37,0,0
7350098411408889,1,latency,0,4096,15,0,0
7350098411408889,2,market_ingress,0,1024,9,0,0
7350098411408889,2,trader_request,0,1024,1,0,0
7350098411408889,2,trading_callback,0,1024,3,0,0
7350098411408889,2,trace,0,8192,8,0,0
7350098411408889,2,latency,0,4096,34,0,0
7350098411408889,3,market_ingress,0,1024,11,0,0
7350098411408889,3,trader_request,0,1024,3,0,0
7350098411408889,3,trading_callback,0,1024,5,0,0
7350098411408889,3,trace,0,8192,8,0,0
7350098411408889,3,latency,0,4096,24,0,0
7350098511933888,0,market_ingress,0,1024,9,0,0
7350098511933888,0,trader_request,0,1024,1,0,0
7350098511933888,0,trading_callback,1,1024,4,1611,0
7350098511933888,0,trace,0,8192,22,0,0
7350098511933888,0,latency,0,4096,13,0,0
7350098511933888,1,market_ingress,0,1024,11,0,0
7350098511933888,1,trader_request,0,1024,1,0,0
7350098511933888,1,trading_callback,1,1024,4,6322,0
7350098511933888,1,trace,0,8192,37,0,0
7350098511933888,1,latency,0,4096,15,0,0
7350098511933888,2,market_ingress,0,1024,9,0,0
7350098511933888,2,trader_request,0,1024,1,0,0
7350098511933888,2,trading_callback,1,1024,3,12644,0
7350098511933888,2,trace,0,8192,8,0,0
7350098511933888,2,latency,0,4096,34,0,0
7350098511933888,3,market_ingress,1,1024,11,118218,0
7350098511933888,3,trader_request,0,1024,3,0,0
7350098511933888,3,trading_callback,0,1024,5,0,0
7350098511933888,3,trace,0,8192,8,0,0
7350098511933888,3,latency,0,4096,24,0,0
7350098612522725,0,market_ingress,0,1024,9,0,0
7350098612522725,0,trader_request,0,1024,1,0,0
7350098612522725,0,trading_callback,0,1024,4,0,0
7350098612522725,0,trace,0,8192,22,0,0
7350098612522725,0,latency,0,4096,13,0,0
7350098612522725,1,market_ingress,0,1024,11,0,0
7350098612522725,1,trader_request,0,1024,1,0,0
7350098612522725,1,trading_callback,0,1024,4,0,0
7350098612522725,1,trace,0,8192,37,0,0
7350098612522725,1,latency,0,4096,15,0,0
7350098612522725,2,market_ingress,0,1024,9,0,0
7350098612522725,2,trader_request,0,1024,1,0,0
7350098612522725,2,trading_callback,0,1024,3,0,0
7350098612522725,2,trace,0,8192,8,0,0
7350098612522725,2,latency,0,4096,34,0,0
7350098612522725,3,market_ingress,0,1024,11,0,0
7350098612522725,3,trader_request,0,1024,3,0,0
7350098612522725,3,trading_callback,0,1024,5,0,0
7350098612522725,3,trace,0,8192,8,0,0
7350098612522725,3,latency,0,4096,24,0,0
7350098713046225,0,market_ingress,0,1024,9,0,0
7350098713046225,0,trader_request,0,1024,1,0,0
7350098713046225,0,trading_callback,0,1024,4,0,0
7350098713046225,0,trace,0,8192,22,0,0
7350098713046225,0,latency,0,4096,13,0,0
7350098713046225,1,market_ingress,0,1024,11,0,0
7350098713046225,1,trader_request,0,1024,1,0,0
7350098713046225,1,trading_callback,0,1024,4,0,0
7350098713046225,1,trace,0,8192,37,0,0
7350098713046225,1,latency,0,4096,15,0,0
7350098713046225,2,market_ingress,0,1024,9,0,0
7350098713046225,2,trader_request,0,1024,1,0,0
7350098713046225,2,trading_callback,0,1024,3,0,0
7350098713046225,2,trace,0,8192,8,0,0
7350098713046225,2,latency,0,4096,34,0,0
7350098713046225,3,market_ingress,1,1024,11,181250,0
7350098713046225,3,trader_request,0,1024,3,0,0
7350098713046225,3,trading_callback,0,1024,5,0,0
7350098713046225,3,trace,0,8192,8,0,0
7350098713046225,3,latency,0,4096,24,0,0
7350098813587223,0,market_ingress,0,1024,9,0,0
7350098813587223,0,trader_request,0,1024,1,0,0
7350098813587223,0,trading_callback,0,1024,4,0,0
7350098813587223,0,trace,0,8192,22,0,0
7350098813587223,0,latency,0,4096,13,0,0
7350098813587223,1,market_ingress,0,1024,11,0,0
7350098813587223,1,trader_request,0,1024,1,0,0
7350098813587223,1,trading_callback,0,1024,4,0,0
7350098813587223,1,trace,0,8192,37,0,0
7350098813587223,1,latency,0,4096,15,0,0
7350098813587223,2,market_ingress,0,1024,9,0,0
7350098813587223,2,trader_request,0,1024,1,0,0
7350098813587223,2,trading_callback,0,1024,3,0,0
7350098813587223,2,trace,0,8192,8,0,0
7350098813587223,2,latency,0,4096,34,0,0
7350098813587223,3,market_ingress,0,1024,11,0,0
7350098813587223,3,trader_request,0,1024,3,0,0
7350098813587223,3,trading_callback,0,1024,5,0,0
7350098813587223,3,trace,0,8192,8,0,0
7350098813587223,3,latency,0,4096,24,0,0
7350098914097899,0,market_ingress,0,1024,9,0,0
7350098914097899,0,trader_request,0,1024,1,0,0
7350098914097899,0,trading_callback,0,1024,4,0,0
7350098914097899,0,trace,0,8192,22,0,0
7350098914097899,0,latency,0,4096,13,0,0
7350098914097899,1,market_ingress,0,1024,11,0,0
7350098914097899,1,trader_request,0,1024,1,0,0
7350098914097899,1,trading_callback,0,1024,4,0,0
7350098914097899,1,trace,0,8192,37,0,0
7350098914097899,1,latency,0,4096,15,0,0
7350098914097899,2,market_ingress,0,1024,9,0,0
7350098914097899,2,trader_request,0,1024,1,0,0
7350098914097899,2,trading_callback,0,1024,3,0,0
7350098914097899,2,trace,0,8192,8,0,0
7350098914097899,2,latency,0,4096,34,0,0
7350098914097899,3,market_ingress,1,1024,11,248306,0
7350098914097899,3,trader_request,0,1024,3,0,0
7350098914097899,3,trading_callback,0,1024,5,0,0
7350098914097899,3,trace,0,8192,8,0,0
7350098914097899,3,latency,0,4096,24,0,0
7350099014655192,0,market_ingress,0,1024,9,0,0
7350099014655192,0,trader_request,0,1024,1,0,0
7350099014655192,0,trading_callback,0,1024,4,0,0
7350099014655192,0,trace,0,8192,22,0,0
7350099014655192,0,latency,0,4096,13,0,0
7350099014655192,1,market_ingress,0,1024,11,0,0
7350099014655192,1,trader_request,0,1024,1,0,0
7350099014655192,1,trading_callback,0,1024,4,0,0
7350099014655192,1,trace,0,8192,37,0,0
7350099014655192,1,latency,0,4096,15,0,0
7350099014655192,2,market_ingress,0,1024,9,0,0
7350099014655192,2,trader_request,0,1024,1,0,0
7350099014655192,2,trading_callback,0,1024,3,0,0
7350099014655192,2,trace,0,8192,8,0,0
7350099014655192,2,latency,0,4096,34,0,0
7350099014655192,3,market_ingress,0,1024,11,0,0
7350099014655192,3,trader_request,0,1024,3,0,0
7350099014655192,3,trading_callback,0,1024,5,0,0
7350099014655192,3,trace,0,8192,8,0,0
7350099014655192,3,latency,0,4096,24,0,0
7350099115144388,0,market_ingress,0,1024,9,0,0
7350099115144388,0,trader_request,0,1024,1,0,0
7350099115144388,0,trading_callback,0,1024,4,0,0
7350099115144388,0,trace,0,8192,22,0,0
7350099115144388,0,latency,0,4096,13,0,0
7350099115144388,1,market_ingress,0,1024,11,0,0
7350099115144388,1,trader_request,0,1024,1,0,0
7350099115144388,1,trading_callback,0,1024,4,0,0
7350099115144388,1,trace,0,8192,37,0,0
7350099115144388,1,latency,0,4096,15,0,0
7350099115144388,2,market_ingress,0,1024,9,0,0
7350099115144388,2,trader_request,0,1024,1,0,0
7350099115144388,2,trading_callback,0,1024,3,0,0
7350099115144388,2,trace,0,8192,8,0,0
7350099115144388,2,latency,0,4096,34,0,0
7350099115144388,3,market_ingress,1,1024,11,251742,0
7350099115144388,3,trader_request,0,1024,3,0,0
7350099115144388,3,trading_callback,0,1024,5,0,0
7350099115144388,3,trace,0,8192,8,0,0
7350099115144388,3,latency,0,4096,24,0,0
7350099215658891,0,market_ingress,0,1024,9,0,0
7350099215658891,0,trader_request,0,1024,1,0,0
7350099215658891,0,trading_callback,0,1024,4,0,0
7350099215658891,0,trace,0,8192,22,0,0
7350099215658891,0,latency,0,4096,13,0,0
7350099215658891,1,market_ingress,0,1024,11,0,0
7350099215658891,1,trader_request,0,1024,1,0,0
7350099215658891,1,trading_callback,0,1024,4,0,0
7350099215658891,1,trace,0,8192,37,0,0
7350099215658891,1,latency,0,4096,15,0,0
7350099215658891,2,market_ingress,0,1024,9,0,0
7350099215658891,2,trader_request,0,1024,1,0,0
7350099215658891,2,trading_callback,0,1024,3,0,0
7350099215658891,2,trace,0,8192,8,0,0
7350099215658891,2,latency,0,4096,34,0,0
7350099215658891,3,market_ingress,0,1024,11,0,0
7350099215658891,3,trader_request,0,1024,3,0,0
7350099215658891,3,trading_callback,0,1024,5,0,0
7350099215658891,3,trace,0,8192,8,0,0
7350099215658891,3,latency,0,4096,24,0,0
7350099316184861,0,market_ingress,0,1024,9,0,0
7350099316184861,0,trader_request,0,1024,1,0,0
7350099316184861,0,trading_callback,0,1024,4,0,0
7350099316184861,0,trace,0,8192,22,0,0
7350099316184861,0,latency,0,4096,13,0,0
7350099316184861,1,market_ingress,0,1024,11,0,0
7350099316184861,1,trader_request,0,1024,1,0,0
7350099316184861,1,trading_callback,0,1024,4,0,0
7350099316184861,1,trace,0,8192,37,0,0
7350099316184861,1,latency,0,4096,15,0,0
7350099316184861,2,market_ingress,0,1024,9,0,0
7350099316184861,2,trader_request,0,1024,1,0,0
7350099316184861,2,trading_callback,0,1024,3,0,0
7350099316184861,2,trace,0,8192,8,0,0
7350099316184861,2,latency,0,4096,34,0,0
7350099316184861,3,market_ingress,1,1024,11,295884,0
7350099316184861,3,trader_request,0,1024,3,0,0
7350099316184861,3,trading_callback,0,1024,5,0,0
7350099316184861,3,trace,0,8192,8,0,0
7350099316184861,3,latency,0,4096,24,0,0
7350099416704429,0,market_ingress,0,1024,9,0,0
7350099416704429,0,trader_request,0,1024,1,0,0
7350099416704429,0,trading_callback,0,1024,4,0,0
7350099416704429,0,trace,0,8192,22,0,0
7350099416704429,0,latency,0,4096,13,0,0
7350099416704429,1,market_ingress,0,1024,11,0,0
7350099416704429,1,trader_request,0,1024,1,0,0
7350099416704429,1,trading_callback,0,1024,4,0,0
7350099416704429,1,trace,0,8192,37,0,0
7350099416704429,1,latency,0,4096,15,0,0
7350099416704429,2,market_ingress,0,1024,9,0,0
7350099416704429,2,trader_request,0,1024,1,0,0
7350099416704429,2,trading_callback,0,1024,3,0,0
7350099416704429,2,trace,0,8192,8,0,0
7350099416704429,2,latency,0,4096,34,0,0
7350099416704429,3,market_ingress,0,1024,11,0,0
7350099416704429,3,trader_request,0,1024,3,0,0
7350099416704429,3,trading_callback,0,1024,5,0,0
7350099416704429,3,trace,0,8192,8,0,0
7350099416704429,3,latency,0,4096,24,0,0
7350099517228580,0,market_ingress,0,1024,9,0,0
7350099517228580,0,trader_request,0,1024,1,0,0
7350099517228580,0,trading_callback,0,1024,4,0,0
7350099517228580,0,trace,0,8192,22,0,0
7350099517228580,0,latency,0,4096,13,0,0
7350099517228580,1,market_ingress,0,1024,11,0,0
7350099517228580,1,trader_request,0,1024,1,0,0
7350099517228580,1,trading_callback,0,1024,4,0,0
7350099517228580,1,trace,0,8192,37,0,0
7350099517228580,1,latency,0,4096,15,0,0
7350099517228580,2,market_ingress,0,1024,9,0,0
7350099517228580,2,trader_request,0,1024,1,0,0
7350099517228580,2,trading_callback,0,1024,3,0,0
7350099517228580,2,trace,0,8192,8,0,0
7350099517228580,2,latency,0,4096,34,0,0
7350099517228580,3,market_ingress,1,1024,11,382834,0
7350099517228580,3,trader_request,0,1024,3,0,0
7350099517228580,3,trading_callback,0,1024,5,0,0
7350099517228580,3,trace,0,8192,8,0,0
7350099517228580,3,latency,0,4096,24,0,0
7350099617791967,0,market_ingress,0,1024,9,0,0
7350099617791967,0,trader_request,0,1024,1,0,0
7350099617791967,0,trading_callback,0,1024,4,0,0
7350099617791967,0,trace,0,8192,22,0,0
7350099617791967,0,latency,0,4096,13,0,0
7350099617791967,1,market_ingress,0,1024,11,0,0
7350099617791967,1,trader_request,0,1024,1,0,0
7350099617791967,1,trading_callback,0,1024,4,0,0
7350099617791967,1,trace,0,8192,37,0,0
7350099617791967,1,latency,0,4096,15,0,0
7350099617791967,2,market_ingress,0,1024,9,0,0
7350099617791967,2,trader_request,0,1024,1,0,0
7350099617791967,2,trading_callback,0,1024,3,0,0
7350099617791967,2,trace,0,8192,8,0,0
7350099617791967,2,latency,0,4096,34,0,0
7350099617791967,3,market_ingress,0,1024,11,0,0
7350099617791967,3,trader_request,0,1024,3,0,0
7350099617791967,3,trading_callback,0,1024,5,0,0
7350099617791967,3,trace,0,8192,8,0,0
7350099617791967,3,latency,0,4096,24,0,0
7350099718342461,0,market_ingress,0,1024,9,0,0
7350099718342461,0,trader_request,0,1024,1,0,0
7350099718342461,0,trading_callback,0,1024,4,0,0
7350099718342461,0,trace,0,8192,22,0,0
7350099718342461,0,latency,0,4096,13,0,0
7350099718342461,1,market_ingress,0,1024,11,0,0
7350099718342461,1,trader_request,0,1024,1,0,0
7350099718342461,1,trading_callback,0,1024,4,0,0
7350099718342461,1,trace,0,8192,37,0,0
7350099718342461,1,latency,0,4096,15,0,0
7350099718342461,2,market_ingress,0,1024,9,0,0
7350099718342461,2,trader_request,0,1024,1,0,0
7350099718342461,2,trading_callback,0,1024,3,0,0
7350099718342461,2,trace,0,8192,8,0,0
7350099718342461,2,latency,0,4096,34,0,0
7350099718342461,3,market_ingress,0,1024,11,0,0
7350099718342461,3,trader_request,0,1024,3,0,0
7350099718342461,3,trading_callback,0,1024,5,0,0
7350099718342461,3,trace,0,8192,8,0,0
7350099718342461,3,latency,0,4096,24,0,0
7350099818880332,0,market_ingress,0,1024,9,0,0
7350099818880332,0,trader_request,0,1024,1,0,0
7350099818880332,0,trading_callback,0,1024,4,0,0
7350099818880332,0,trace,0,8192,22,0,0
7350099818880332,0,latency,0,4096,13,0,0
7350099818880332,1,market_ingress,0,1024,11,0,0
7350099818880332,1,trader_request,0,1024,1,0,0
7350099818880332,1,trading_callback,0,1024,4,0,0
7350099818880332,1,trace,0,8192,37,0,0
7350099818880332,1,latency,0,4096,15,0,0
7350099818880332,2,market_ingress,0,1024,9,0,0
7350099818880332,2,trader_request,0,1024,1,0,0
7350099818880332,2,trading_callback,0,1024,3,0,0
7350099818880332,2,trace,0,8192,8,0,0
7350099818880332,2,latency,0,4096,34,0,0
7350099818880332,3,market_ingress,0,1024,11,0,0
7350099818880332,3,trader_request,0,1024,3,0,0
7350099818880332,3,trading_callback,0,1024,5,0,0
7350099818880332,3,trace,0,8192,8,0,0
7350099818880332,3,latency,0,4096,24,0,0
7350099919426049,0,market_ingress,0,1024,9,0,0
7350099919426049,0,trader_request,0,1024,1,0,0
7350099919426049,0,trading_callback,0,1024,4,0,0
7350099919426049,0,trace,0,8192,22,0,0
7350099919426049,0,latency,0,4096,13,0,0
7350099919426049,1,market_ingress,0,1024,11,0,0
7350099919426049,1,trader_request,0,1024,1,0,0
7350099919426049,1,trading_callback,0,1024,4,0,0
7350099919426049,1,trace,0,8192,37,0,0
7350099919426049,1,latency,0,4096,15,0,0
7350099919426049,2,market_ingress,0,1024,9,0,0
7350099919426049,2,trader_request,0,1024,1,0,0
7350099919426049,2,trading_callback,0,1024,3,0,0
7350099919426049,2,trace,0,8192,8,0,0
7350099919426049,2,latency,0,4096,34,0,0
7350099919426049,3,market_ingress,0,1024,11,0,0
7350099919426049,3,trader_request,0,1024,3,0,0
7350099919426049,3,trading_callback,0,1024,5,0,0
7350099919426049,3,trace,0,8192,23,0,0
7350099919426049,3,latency,0,4096,24,0,0
7350100020017194,0,market_ingress,1,1024,9,158500,0
7350100020017194,0,trader_request,0,1024,1,0,0
7350100020017194,0,trading_callback,0,1024,4,0,0
7350100020017194,0,trace,0,8192,22,0,0
7350100020017194,0,latency,0,4096,13,0,0
7350100020017194,1,market_ingress,0,1024,11,0,0
7350100020017194,1,trader_request,0,1024,1,0,0
7350100020017194,1,trading_callback,0,1024,4,0,0
7350100020017194,1,trace,0,8192,37,0,0
7350100020017194,1,latency,0,4096,15,0,0
7350100020017194,2,market_ingress,0,1024,9,0,0
7350100020017194,2,trader_request,0,1024,1,0,0
7350100020017194,2,trading_callback,0,1024,3,0,0
7350100020017194,2,trace,0,8192,8,0,0
7350100020017194,2,latency,0,4096,34,0,0
7350100020017194,3,market_ingress,0,1024,11,0,0
7350100020017194,3,trader_request,0,1024,3,0,0
7350100020017194,3,trading_callback,0,1024,5,0,0
7350100020017194,3,trace,0,8192,23,0,0
7350100020017194,3,latency,0,4096,24,0,0
7350100120611914,0,market_ingress,0,1024,9,0,0
7350100120611914,0,trader_request,0,1024,1,0,0
7350100120611914,0,trading_callback,0,1024,4,0,0
7350100120611914,0,trace,0,8192,22,0,0
7350100120611914,0,latency,0,4096,13,0,0
7350100120611914,1,market_ingress,0,1024,11,0,0
7350100120611914,1,trader_request,0,1024,1,0,0
7350100120611914,1,trading_callback,0,1024,4,0,0
7350100120611914,1,trace,0,8192,37,0,0
7350100120611914,1,latency,0,4096,15,0,0
7350100120611914,2,market_ingress,0,1024,9,0,0
7350100120611914,2,trader_request,0,1024,1,0,0
7350100120611914,2,trading_callback,0,1024,3,0,0
7350100120611914,2,trace,0,8192,8,0,0
7350100120611914,2,latency,0,4096,34,0,0
7350100120611914,3,market_ingress,0,1024,11,0,0
7350100120611914,3,trader_request,0,1024,3,0,0
7350100120611914,3,trading_callback,0,1024,5,0,0
7350100120611914,3,trace,0,8192,23,0,0
7350100120611914,3,latency,0,4096,24,0,0
7350100221131191,0,market_ingress,1,1024,9,232496,0
7350100221131191,0,trader_request,0,1024,1,0,0
7350100221131191,0,trading_callback,0,1024,4,0,0
7350100221131191,0,trace,0,8192,22,0,0
7350100221131191,0,latency,0,4096,13,0,0
7350100221131191,1,market_ingress,0,1024,11,0,0
7350100221131191,1,trader_request,0,1024,1,0,0
7350100221131191,1,trading_callback,0,1024,4,0,0
7350100221131191,1,trace,0,8192,37,0,0
7350100221131191,1,latency,0,4096,15,0,0
7350100221131191,2,market_ingress,0,1024,9,0,0
7350100221131191,2,trader_request,0,1024,1,0,0
7350100221131191,2,trading_callback,0,1024,3,0,0
7350100221131191,2,trace,0,8192,8,0,0
7350100221131191,2,latency,0,4096,34,0,0
7350100221131191,3,market_ingress,0,1024,11,0,0
7350100221131191,3,trader_request,0,1024,3,0,0
7350100221131191,3,trading_callback,0,1024,5,0,0
7350100221131191,3,trace,0,8192,23,0,0
7350100221131191,3,latency,0,4096,24,0,0
7350100321655676,0,market_ingress,0,1024,9,0,0
7350100321655676,0,trader_request,0,1024,1,0,0
7350100321655676,0,trading_callback,0,1024,4,0,0
7350100321655676,0,trace,0,8192,22,0,0
7350100321655676,0,latency,0,4096,13,0,0
7350100321655676,1,market_ingress,0,1024,11,0,0
7350100321655676,1,trader_request,0,1024,1,0,0
7350100321655676,1,trading_callback,0,1024,4,0,0
7350100321655676,1,trace,0,8192,37,0,0
7350100321655676,1,latency,0,4096,15,0,0
7350100321655676,2,market_ingress,0,1024,9,0,0
7350100321655676,2,trader_request,0,1024,1,0,0
7350100321655676,2,trading_callback,0,1024,3,0,0
7350100321655676,2,trace,0,8192,8,0,0
7350100321655676,2,latency,0,4096,34,0,0
7350100321655676,3,market_ingress,0,1024,11,0,0
7350100321655676,3,trader_request,0,1024,3,0,0
7350100321655676,3,trading_callback,0,1024,5,0,0
7350100321655676,3,trace,0,8192,23,0,0
7350100321655676,3,latency,0,4096,24,0,0
7350100422178698,0,market_ingress,1,1024,9,281147,0
7350100422178698,0,trader_request,0,1024,1,0,0
7350100422178698,0,trading_callback,0,1024,4,0,0
7350100422178698,0,trace,0,8192,22,0,0
7350100422178698,0,latency,0,4096,13,0,0
7350100422178698,1,market_ingress,0,1024,11,0,0
7350100422178698,1,trader_request,0,1024,1,0,0
7350100422178698,1,trading_callback,0,1024,4,0,0
7350100422178698,1,trace,0,8192,37,0,0
7350100422178698,1,latency,0,4096,15,0,0
7350100422178698,2,market_ingress,0,1024,9,0,0
7350100422178698,2,trader_request,0,1024,1,0,0
7350100422178698,2,trading_callback,0,1024,3,0,0
7350100422178698,2,trace,0,8192,8,0,0
7350100422178698,2,latency,0,4096,34,0,0
7350100422178698,3,market_ingress,0,1024,11,0,0
7350100422178698,3,trader_request,0,1024,3,0,0
7350100422178698,3,trading_callback,0,1024,5,0,0
7350100422178698,3,trace,0,8192,23,0,0
7350100422178698,3,latency,0,4096,24,0,0
7350100522704012,0,market_ingress,0,1024,9,0,0
7350100522704012,0,trader_request,0,1024,1,0,0
7350100522704012,0,trading_callback,0,1024,4,0,0
7350100522704012,0,trace,0,8192,22,0,0
7350100522704012,0,latency,0,4096,13,0,0
7350100522704012,1,market_ingress,0,1024,11,0,0
7350100522704012,1,trader_request,0,1024,1,0,0
7350100522704012,1,trading_callback,0,1024,4,0,0
7350100522704012,1,trace,0,8192,37,0,0
7350100522704012,1,latency,0,4096,15,0,0
7350100522704012,2,market_ingress,0,1024,9,0,0
7350100522704012,2,trader_request,0,1024,1,0,0
7350100522704012,2,trading_callback,0,1024,3,0,0
7350100522704012,2,trace,0,8192,8,0,0
7350100522704012,2,latency,0,4096,34,0,0
7350100522704012,3,market_ingress,0,1024,11,0,0
7350100522704012,3,trader_request,0,1024,3,0,0
7350100522704012,3,trading_callback,0,1024,5,0,0
7350100522704012,3,trace,0,8192,23,0,0
7350100522704012,3,latency,0,4096,24,0,0
7350100623258185,0,market_ingress,1,1024,9,343261,0
7350100623258185,0,trader_request,0,1024,1,0,0
7350100623258185,0,trading_callback,0,1024,4,0,0
7350100623258185,0,trace,0,8192,22,0,0
7350100623258185,0,latency,0,4096,13,0,0
7350100623258185,1,market_ingress,0,1024,11,0,0
7350100623258185,1,trader_request,0,1024,1,0,0
7350100623258185,1,trading_callback,0,1024,4,0,0
7350100623258185,1,trace,0,8192,37,0,0
7350100623258185,1,latency,0,4096,15,0,0
7350100623258185,2,market_ingress,0,1024,9,0,0
7350100623258185,2,trader_request,0,1024,1,0,0
7350100623258185,2,trading_callback,0,1024,3,0,0
7350100623258185,2,trace,0,8192,8,0,0
7350100623258185,2,latency,0,4096,34,0,0
7350100623258185,3,market_ingress,0,1024,11,0,0
7350100623258185,3,trader_request,0,1024,3,0,0
7350100623258185,3,trading_callback,0,1024,5,0,0
7350100623258185,3,trace,0,8192,23,0,0
7350100623258185,3,latency,0,4096,24,0,0
7350100723784255,0,market_ingress,0,1024,9,0,0
7350100723784255,0,trader_request,0,1024,1,0,0
7350100723784255,0,trading_callback,0,1024,4,0,0
7350100723784255,0,trace,0,8192,22,0,0
7350100723784255,0,latency,0,4096,13,0,0
7350100723784255,1,market_ingress,0,1024,11,0,0
7350100723784255,1,trader_request,0,1024,1,0,0
7350100723784255,1,trading_callback,0,1024,4,0,0
7350100723784255,1,trace,0,8192,37,0,0
7350100723784255,1,latency,0,4096,15,0,0
7350100723784255,2,market_ingress,0,1024,9,0,0
7350100723784255,2,trader_request,0,1024,1,0,0
7350100723784255,2,trading_callback,0,1024,3,0,0
7350100723784255,2,trace,0,8192,8,0,0
7350100723784255,2,latency,0,4096,34,0,0
7350100723784255,3,market_ingress,0,1024,11,0,0
7350100723784255,3,trader_request,0,1024,3,0,0
7350100723784255,3,trading_callback,0,1024,5,0,0
7350100723784255,3,trace,0,8192,23,0,0
7350100723784255,3,latency,0,4096,24,0,0
7350100824293262,0,market_ingress,1,1024,9,426183,0
7350100824293262,0,trader_request,0,1024,1,0,0
7350100824293262,0,trading_callback,0,1024,4,0,0
7350100824293262,0,trace,0,8192,22,0,0
7350100824293262,0,latency,0,4096,13,0,0
7350100824293262,1,market_ingress,0,1024,11,0,0
7350100824293262,1,trader_request,0,1024,1,0,0
7350100824293262,1,trading_callback,0,1024,4,0,0
7350100824293262,1,trace,0,8192,37,0,0
7350100824293262,1,latency,0,4096,15,0,0
7350100824293262,2,market_ingress,0,1024,9,0,0
7350100824293262,2,trader_request,0,1024,1,0,0
7350100824293262,2,trading_callback,0,1024,3,0,0
7350100824293262,2,trace,0,8192,8,0,0
7350100824293262,2,latency,0,4096,34,0,0
7350100824293262,3,market_ingress,0,1024,11,0,0
7350100824293262,3,trader_request,0,1024,3,0,0
7350100824293262,3,trading_callback,0,1024,5,0,0
7350100824293262,3,trace,0,8192,23,0,0
7350100824293262,3,latency,0,4096,24,0,0
7350100924854170,0,market_ingress,0,1024,9,0,0
7350100924854170,0,trader_request,0,1024,1,0,0
7350100924854170,0,trading_callback,0,1024,4,0,0
7350100924854170,0,trace,0,8192,22,0,0
7350100924854170,0,latency,0,4096,13,0,0
7350100924854170,1,market_ingress,0,1024,11,0,0
7350100924854170,1,trader_request,0,1024,1,0,0
7350100924854170,1,trading_callback,0,1024,4,0,0
7350100924854170,1,trace,0,8192,37,0,0
7350100924854170,1,latency,0,4096,15,0,0
7350100924854170,2,market_ingress,0,1024,9,0,0
7350100924854170,2,trader_request,0,1024,1,0,0
7350100924854170,2,trading_callback,0,1024,3,0,0
7350100924854170,2,trace,0,8192,8,0,0
7350100924854170,2,latency,0,4096,34,0,0
7350100924854170,3,market_ingress,0,1024,11,0,0
7350100924854170,3,trader_request,0,1024,3,0,0
7350100924854170,3,trading_callback,0,1024,5,0,0
7350100924854170,3,trace,0,8192,23,0,0
7350100924854170,3,latency,0,4096,24,0,0
7350101025394121,0,market_ingress,0,1024,9,0,0
7350101025394121,0,trader_request,0,1024,1,0,0
7350101025394121,0,trading_callback,0,1024,4,0,0
7350101025394121,0,trace,0,8192,22,0,0
7350101025394121,0,latency,0,4096,13,0,0
7350101025394121,1,market_ingress,0,1024,11,0,0
7350101025394121,1,trader_request,0,1024,1,0,0
7350101025394121,1,trading_callback,0,1024,4,0,0
7350101025394121,1,trace,0,8192,37,0,0
7350101025394121,1,latency,0,4096,15,0,0
7350101025394121,2,market_ingress,0,1024,9,0,0
7350101025394121,2,trader_request,0,1024,1,0,0
7350101025394121,2,trading_callback,0,1024,3,0,0
7350101025394121,2,trace,0,8192,8,0,0
7350101025394121,2,latency,0,4096,34,0,0
7350101025394121,3,market_ingress,0,1024,11,0,0
7350101025394121,3,trader_request,0,1024,3,0,0
7350101025394121,3,trading_callback,0,1024,5,0,0
7350101025394121,3,trace,0,8192,23,0,0
7350101025394121,3,latency,0,4096,24,0,0
7350101125939131,0,market_ingress,0,1024,9,0,0
7350101125939131,0,trader_request,0,1024,1,0,0
7350101125939131,0,trading_callback,0,1024,4,0,0
7350101125939131,0,trace,0,8192,22,0,0
7350101125939131,0,latency,0,4096,13,0,0
7350101125939131,1,market_ingress,1,1024,11,63879,0
7350101125939131,1,trader_request,0,1024,1,0,0
7350101125939131,1,trading_callback,0,1024,4,0,0
7350101125939131,1,trace,0,8192,37,0,0
7350101125939131,1,latency,0,4096,15,0,0
7350101125939131,2,market_ingress,0,1024,9,0,0
7350101125939131,2,trader_request,0,1024,1,0,0
7350101125939131,2,trading_callback,0,1024,3,0,0
7350101125939131,2,trace,0,8192,8,0,0
7350101125939131,2,latency,0,4096,34,0,0
7350101125939131,3,market_ingress,0,1024,11,0,0
7350101125939131,3,trader_request,0,1024,3,0,0
7350101125939131,3,trading_callback,0,1024,5,0,0
7350101125939131,3,trace,3,8192,23,73020,0
7350101125939131,3,latency,0,4096,24,0,0
7350101226481812,0,market_ingress,0,1024,9,0,0
7350101226481812,0,trader_request,0,1024,1,0,0
7350101226481812,0,trading_callback,0,1024,4,0,0
7350101226481812,0,trace,0,8192,22,0,0
7350101226481812,0,latency,0,4096,13,0,0
7350101226481812,1,market_ingress,0,1024,11,0,0
7350101226481812,1,trader_request,0,1024,1,0,0
7350101226481812,1,trading_callback,0,1024,4,0,0
7350101226481812,1,trace,0,8192,37,0,0
7350101226481812,1,latency,0,4096,15,0,0
7350101226481812,2,market_ingress,0,1024,9,0,0
7350101226481812,2,trader_request,0,1024,1,0,0
7350101226481812,2,trading_callback,0,1024,3,0,0
7350101226481812,2,trace,0,8192,8,0,0
7350101226481812,2,latency,0,4096,34,0,0
7350101226481812,3,market_ingress,0,1024,11,0,0
7350101226481812,3,trader_request,0,1024,3,0,0
7350101226481812,3,trading_callback,0,1024,5,0,0
7350101226481812,3,trace,0,8192,23,0,0
7350101226481812,3,latency,0,4096,24,0,0
7350101327043546,0,market_ingress,0,1024,9,0,0
7350101327043546,0,trader_request,0,1024,1,0,0
7350101327043546,0,trading_callback,0,1024,4,0,0
7350101327043546,0,trace,0,8192,22,0,0
7350101327043546,0,latency,0,4096,13,0,0
7350101327043546,1,market_ingress,0,1024,11,0,0
7350101327043546,1,trader_request,0,1024,1,0,0
7350101327043546,1,trading_callback,0,1024,4,0,0
7350101327043546,1,trace,0,8192,37,0,0
7350101327043546,1,latency,0,4096,15,0,0
7350101327043546,2,market_ingress,0,1024,9,0,0
7350101327043546,2,trader_request,0,1024,1,0,0
7350101327043546,2,trading_callback,0,1024,3,0,0
7350101327043546,2,trace,0,8192,8,0,0
7350101327043546,2,latency,0,4096,34,0,0
7350101327043546,3,market_ingress,1,1024,11,162471,0
7350101327043546,3,trader_request,0,1024,3,0,0
7350101327043546,3,trading_callback,0,1024,5,0,0
7350101327043546,3,trace,0,8192,23,0,0
7350101327043546,3,latency,0,4096,24,0,0
7350101427569525,0,market_ingress,0,1024,9,0,0
7350101427569525,0,trader_request,0,1024,1,0,0
7350101427569525,0,trading_callback,0,1024,4,0,0
7350101427569525,0,trace,0,8192,22,0,0
7350101427569525,0,latency,0,4096,13,0,0
7350101427569525,1,market_ingress,0,1024,11,0,0
7350101427569525,1,trader_request,0,1024,1,0,0
7350101427569525,1,trading_callback,0,1024,4,0,0
7350101427569525,1,trace,0,8192,37,0,0
7350101427569525,1,latency,0,4096,15,0,0
7350101427569525,2,market_ingress,0,1024,9,0,0
7350101427569525,2,trader_request,0,1024,1,0,0
7350101427569525,2,trading_callback,0,1024,3,0,0
7350101427569525,2,trace,0,8192,8,0,0
7350101427569525,2,latency,0,4096,34,0,0
7350101427569525,3,market_ingress,0,1024,11,0,0
7350101427569525,3,trader_request,0,1024,3,0,0
7350101427569525,3,trading_callback,0,1024,5,0,0
7350101427569525,3,trace,0,8192,23,0,0
7350101427569525,3,latency,0,4096,24,0,0
7350101528135356,0,market_ingress,0,1024,9,0,0
7350101528135356,0,trader_request,0,1024,1,0,0
7350101528135356,0,trading_callback,0,1024,4,0,0
7350101528135356,0,trace,0,8192,22,0,0
7350101528135356,0,latency,0,4096,13,0,0
7350101528135356,1,market_ingress,0,1024,11,0,0
7350101528135356,1,trader_request,0,1024,1,0,0
7350101528135356,1,trading_callback,0,1024,4,0,0
7350101528135356,1,trace,0,8192,37,0,0
7350101528135356,1,latency,0,4096,15,0,0
7350101528135356,2,market_ingress,0,1024,9,0,0
7350101528135356,2,trader_request,0,1024,1,0,0
7350101528135356,2,trading_callback,0,1024,3,0,0
7350101528135356,2,trace,0,8192,8,0,0
7350101528135356,2,latency,0,4096,34,0,0
7350101528135356,3,market_ingress,1,1024,11,281143,0
7350101528135356,3,trader_request,0,1024,3,0,0
7350101528135356,3,trading_callback,0,1024,5,0,0
7350101528135356,3,trace,0,8192,23,0,0
7350101528135356,3,latency,0,4096,24,0,0
7350101628686300,0,market_ingress,0,1024,9,0,0
7350101628686300,0,trader_request,0,1024,1,0,0
7350101628686300,0,trading_callback,0,1024,4,0,0
7350101628686300,0,trace,0,8192,22,0,0
7350101628686300,0,latency,0,4096,13,0,0
7350101628686300,1,market_ingress,0,1024,11,0,0
7350101628686300,1,trader_request,0,1024,1,0,0
7350101628686300,1,trading_callback,0,1024,4,0,0
7350101628686300,1,trace,0,8192,37,0,0
7350101628686300,1,latency,0,4096,15,0,0
7350101628686300,2,market_ingress,0,1024,9,0,0
7350101628686300,2,trader_request,0,1024,1,0,0
7350101628686300,2,trading_callback,0,1024,3,0,0
7350101628686300,2,trace,0,8192,8,0,0
7350101628686300,2,latency,0,4096,34,0,0
7350101628686300,3,market_ingress,0,1024,11,0,0
7350101628686300,3,trader_request,0,1024,3,0,0
7350101628686300,3,trading_callback,0,1024,5,0,0
7350101628686300,3,trace,0,8192,23,0,0
7350101628686300,3,latency,0,4096,24,0,0
7350101729195487,0,market_ingress,0,1024,9,0,0
7350101729195487,0,trader_request,0,1024,1,0,0
7350101729195487,0,trading_callback,0,1024,4,0,0
7350101729195487,0,trace,0,8192,22,0,0
7350101729195487,0,latency,0,4096,13,0,0
7350101729195487,1,market_ingress,0,1024,11,0,0
7350101729195487,1,trader_request,0,1024,1,0,0
7350101729195487,1,trading_callback,0,1024,4,0,0
7350101729195487,1,trace,0,8192,37,0,0
7350101729195487,1,latency,0,4096,15,0,0
7350101729195487,2,market_ingress,0,1024,9,0,0
7350101729195487,2,trader_request,0,1024,1,0,0
7350101729195487,2,trading_callback,0,1024,3,0,0
7350101729195487,2,trace,0,8192,8,0,0
7350101729195487,2,latency,0,4096,34,0,0
7350101729195487,3,market_ingress,1,1024,11,311392,0
7350101729195487,3,trader_request,0,1024,3,0,0
7350101729195487,3,trading_callback,0,1024,5,0,0
7350101729195487,3,trace,0,8192,23,0,0
7350101729195487,3,latency,0,4096,24,0,0
7350101829718820,0,market_ingress,0,1024,9,0,0
7350101829718820,0,trader_request,0,1024,1,0,0
7350101829718820,0,trading_callback,0,1024,4,0,0
7350101829718820,0,trace,0,8192,22,0,0
7350101829718820,0,latency,0,4096,13,0,0
7350101829718820,1,market_ingress,0,1024,11,0,0
7350101829718820,1,trader_request,0,1024,1,0,0
7350101829718820,1,trading_callback,0,1024,4,0,0
7350101829718820,1,trace,0,8192,37,0,0
7350101829718820,1,latency,0,4096,15,0,0
7350101829718820,2,market_ingress,0,1024,9,0,0
7350101829718820,2,trader_request,0,1024,1,0,0
7350101829718820,2,trading_callback,0,1024,3,0,0
7350101829718820,2,trace,0,8192,8,0,0
7350101829718820,2,latency,0,4096,34,0,0
7350101829718820,3,market_ingress,0,1024,11,0,0
7350101829718820,3,trader_request,0,1024,3,0,0
7350101829718820,3,trading_callback,0,1024,5,0,0
7350101829718820,3,trace,0,8192,23,0,0
7350101829718820,3,latency,0,4096,24,0,0
7350101930267227,0,market_ingress,0,1024,9,0,0
7350101930267227,0,trader_request,0,1024,1,0,0
7350101930267227,0,trading_callback,0,1024,4,0,0
7350101930267227,0,trace,0,8192,22,0,0
7350101930267227,0,latency,0,4096,13,0,0
7350101930267227,1,market_ingress,0,1024,11,0,0
7350101930267227,1,trader_request,0,1024,1,0,0
7350101930267227,1,trading_callback,0,1024,4,0,0
7350101930267227,1,trace,7,8192,37,388935,0
7350101930267227,1,latency,0,4096,15,0,0
7350101930267227,2,market_ingress,0,1024,9,0,0
7350101930267227,2,trader_request,0,1024,1,0,0
7350101930267227,2,trading_callback,0,1024,3,0,0
7350101930267227,2,trace,0,8192,18,0,0
7350101930267227,2,latency,0,4096,34,0,0
7350101930267227,3,market_ingress,0,1024,11,0,0
7350101930267227,3,trader_request,0,1024,3,0,0
7350101930267227,3,trading_callback,0,1024,5,0,0
7350101930267227,3,trace,0,8192,23,0,0
7350101930267227,3,latency,0,4096,24,0,0
7350102030801642,0,market_ingress,0,1024,9,0,0
7350102030801642,0,trader_request,0,1024,1,0,0
7350102030801642,0,trading_callback,0,1024,4,0,0
7350102030801642,0,trace,0,8192,22,0,0
7350102030801642,0,latency,0,4096,13,0,0
7350102030801642,1,market_ingress,0,1024,11,0,0
7350102030801642,1,trader_request,0,1024,1,0,0
7350102030801642,1,trading_callback,0,1024,4,0,0
7350102030801642,1,trace,0,8192,37,0,0
7350102030801642,1,latency,0,4096,15,0,0
7350102030801642,2,market_ingress,0,1024,9,0,0
7350102030801642,2,trader_request,0,1024,1,0,0
7350102030801642,2,trading_callback,0,1024,3,0,0
7350102030801642,2,trace,0,8192,18,0,0
7350102030801642,2,latency,0,4096,34,0,0
7350102030801642,3,market_ingress,0,1024,11,0,0
7350102030801642,3,trader_request,0,1024,3,0,0
7350102030801642,3,trading_callback,0,1024,5,0,0
7350102030801642,3,trace,0,8192,23,0,0
7350102030801642,3,latency,0,4096,24,0,0
7350102131277150,0,market_ingress,0,1024,9,0,0
7350102131277150,0,trader_request,0,1024,1,0,0
7350102131277150,0,trading_callback,0,1024,4,0,0
7350102131277150,0,trace,0,8192,22,0,0
7350102131277150,0,latency,0,4096,13,0,0
7350102131277150,1,market_ingress,0,1024,11,0,0
7350102131277150,1,trader_request,0,1024,1,0,0
7350102131277150,1,trading_callback,0,1024,4,0,0
7350102131277150,1,trace,1,8192,37,388773,0
7350102131277150,1,latency,0,4096,15,0,0
7350102131277150,2,market_ingress,0,1024,9,0,0
7350102131277150,2,trader_request,0,1024,1,0,0
7350102131277150,2,trading_callback,0,1024,3,0,0
7350102131277150,2,trace,0,8192,18,0,0
7350102131277150,2,latency,0,4096,34,0,0
7350102131277150,3,market_ingress,0,1024,11,0,0
7350102131277150,3,trader_request,0,1024,3,0,0
7350102131277150,3,trading_callback,0,1024,5,0,0
7350102131277150,3,trace,0,8192,23,0,0
7350102131277150,3,latency,0,4096,24,0,0
7350102231801310,0,market_ingress,0,1024,9,0,0
7350102231801310,0,trader_request,0,1024,1,0,0
7350102231801310,0,trading_callback,0,1024,4,0,0
7350102231801310,0,trace,0,8192,22,0,0
7350102231801310,0,latency,0,4096,13,0,0
7350102231801310,1,market_ingress,0,1024,11,0,0
7350102231801310,1,trader_request,0,1024,1,0,0
7350102231801310,1,trading_callback,0,1024,4,0,0
7350102231801310,1,trace,0,8192,37,0,0
7350102231801310,1,latency,0,4096,15,0,0
7350102231801310,2,market_ingress,0,1024,9,0,0
7350102231801310,2,trader_request,0,1024,1,0,0
7350102231801310,2,trading_callback,0,1024,3,0,0
7350102231801310,2,trace,0,8192,18,0,0
7350102231801310,2,latency,0,4096,34,0,0
7350102231801310,3,market_ingress,0,1024,11,0,0
7350102231801310,3,trader_request,0,1024,3,0,0
7350102231801310,3,trading_callback,0,1024,5,0,0
7350102231801310,3,trace,0,8192,23,0,0
7350102231801310,3,latency,0,4096,24,0,0
7350102332300938,0,market_ingress,0,1024,9,0,0
7350102332300938,0,trader_request,0,1024,1,0,0
7350102332300938,0,trading_callback,0,1024,4,0,0
7350102332300938,0,trace,0,8192,22,0,0
7350102332300938,0,latency,0,4096,13,0,0
7350102332300938,1,market_ingress,0,1024,11,0,0
7350102332300938,1,trader_request,0,1024,1,0,0
7350102332300938,1,trading_callback,0,1024,4,0,0
7350102332300938,1,trace,7,8192,37,377231,0
7350102332300938,1,latency,0,4096,15,0,0
7350102332300938,2,market_ingress,0,1024,9,0,0
7350102332300938,2,trader_request,0,1024,1,0,0
7350102332300938,2,trading_callback,0,1024,3,0,0
7350102332300938,2,trace,0,8192,18,0,0
7350102332300938,2,latency,0,4096,34,0,0
7350102332300938,3,market_ingress,0,1024,11,0,0
7350102332300938,3,trader_request,0,1024,3,0,0
7350102332300938,3,trading_callback,0,1024,5,0,0
7350102332300938,3,trace,0,8192,23,0,0
7350102332300938,3,latency,0,4096,24,0,0
7350102432803175,0,market_ingress,0,1024,9,0,0
7350102432803175,0,trader_request,0,1024,1,0,0
7350102432803175,0,trading_callback,0,1024,4,0,0
7350102432803175,0,trace,0,8192,22,0,0
7350102432803175,0,latency,0,4096,13,0,0
7350102432803175,1,market_ingress,0,1024,11,0,0
7350102432803175,1,trader_request,0,1024,1,0,0
7350102432803175,1,trading_callback,0,1024,4,0,0
7350102432803175,1,trace,0,8192,37,0,0
7350102432803175,1,latency,0,4096,15,0,0
7350102432803175,2,market_ingress,0,1024,9,0,0
7350102432803175,2,trader_request,0,1024,1,0,0
7350102432803175,2,trading_callback,0,1024,3,0,0
7350102432803175,2,trace,0,8192,18,0,0
7350102432803175,2,latency,0,4096,34,0,0
7350102432803175,3,market_ingress,0,1024,11,0,0
7350102432803175,3,trader_request,0,1024,3,0,0
7350102432803175,3,trading_callback,0,1024,5,0,0
7350102432803175,3,trace,0,8192,23,0,0
7350102432803175,3,latency,0,4096,24,0,0
7350102533263067,0,market_ingress,0,1024,9,0,0
7350102533263067,0,trader_request,0,1024,1,0,0
7350102533263067,0,trading_callback,0,1024,4,0,0
7350102533263067,0,trace,0,8192,22,0,0
7350102533263067,0,latency,0,4096,13,0,0
7350102533263067,1,market_ingress,0,1024,11,0,0
7350102533263067,1,trader_request,0,1024,1,0,0
7350102533263067,1,trading_callback,0,1024,4,0,0
7350102533263067,1,trace,7,8192,37,292937,0
7350102533263067,1,latency,0,4096,15,0,0
7350102533263067,2,market_ingress,0,1024,9,0,0
7350102533263067,2,trader_request,0,1024,1,0,0
7350102533263067,2,trading_callback,0,1024,3,0,0
7350102533263067,2,trace,0,8192,18,0,0
7350102533263067,2,latency,0,4096,34,0,0
7350102533263067,3,market_ingress,0,1024,11,0,0
7350102533263067,3,trader_request,0,1024,3,0,0
7350102533263067,3,trading_callback,0,1024,5,0,0
7350102533263067,3,trace,0,8192,23,0,0
7350102533263067,3,latency,0,4096,24,0,0
7350102633724817,0,market_ingress,0,1024,9,0,0
7350102633724817,0,trader_request,0,1024,1,0,0
7350102633724817,0,trading_callback,0,1024,4,0,0
7350102633724817,0,trace,0,8192,22,0,0
7350102633724817,0,latency,0,4096,13,0,0
7350102633724817,1,market_ingress,0,1024,11,0,0
7350102633724817,1,trader_request,0,1024,1,0,0
7350102633724817,1,trading_callback,0,1024,4,0,0
7350102633724817,1,trace,0,8192,37,0,0
7350102633724817,1,latency,0,4096,15,0,0
7350102633724817,2,market_ingress,0,1024,9,0,0
7350102633724817,2,trader_request,0,1024,1,0,0
7350102633724817,2,trading_callback,0,1024,3,0,0
7350102633724817,2,trace,7,8192,18,185309,0
7350102633724817,2,latency,0,4096,34,0,0
7350102633724817,3,market_ingress,0,1024,11,0,0
7350102633724817,3,trader_request,0,1024,3,0,0
7350102633724817,3,trading_callback,0,1024,5,0,0
7350102633724817,3,trace,0,8192,23,0,0
7350102633724817,3,latency,0,4096,24,0,0
7350102734600922,0,market_ingress,0,1024,9,0,0
7350102734600922,0,trader_request,0,1024,1,0,0
7350102734600922,0,trading_callback,0,1024,4,0,0
7350102734600922,0,trace,0,8192,22,0,0
7350102734600922,0,latency,0,4096,13,0,0
7350102734600922,1,market_ingress,0,1024,11,0,0
7350102734600922,1,trader_request,0,1024,1,0,0
7350102734600922,1,trading_callback,0,1024,4,0,0
7350102734600922,1,trace,0,8192,37,0,0
7350102734600922,1,latency,0,4096,15,0,0
7350102734600922,2,market_ingress,0,1024,9,0,0
7350102734600922,2,trader_request,0,1024,1,0,0
7350102734600922,2,trading_callback,0,1024,3,0,0
7350102734600922,2,trace,0,8192,18,0,0
7350102734600922,2,latency,0,4096,34,0,0
7350102734600922,3,market_ingress,0,1024,11,0,0
7350102734600922,3,trader_request,0,1024,3,0,0
7350102734600922,3,trading_callback,0,1024,5,0,0
7350102734600922,3,trace,0,8192,23,0,0
7350102734600922,3,latency,0,4096,24,0,0
7350102835146104,0,market_ingress,0,1024,9,0,0
7350102835146104,0,trader_request,0,1024,1,0,0
7350102835146104,0,trading_callback,0,1024,4,0,0
7350102835146104,0,trace,0,8192,22,0,0
7350102835146104,0,latency,0,4096,13,0,0
7350102835146104,1,market_ingress,0,1024,11,0,0
7350102835146104,1,trader_request,0,1024,1,0,0
7350102835146104,1,trading_callback,0,1024,4,0,0
7350102835146104,1,trace,0,8192,37,0,0
7350102835146104,1,latency,0,4096,15,0,0
7350102835146104,2,market_ingress,0,1024,9,0,0
7350102835146104,2,trader_request,0,1024,1,0,0
7350102835146104,2,trading_callback,0,1024,3,0,0
7350102835146104,2,trace,1,8192,18,236050,0
7350102835146104,2,latency,0,4096,34,0,0
7350102835146104,3,market_ingress,0,1024,11,0,0
7350102835146104,3,trader_request,0,1024,3,0,0
7350102835146104,3,trading_callback,0,1024,5,0,0
7350102835146104,3,trace,0,8192,23,0,0
7350102835146104,3,latency,0,4096,24,0,0
7350102935653743,0,market_ingress,0,1024,9,0,0
7350102935653743,0,trader_request,0,1024,1,0,0
7350102935653743,0,trading_callback,0,1024,4,0,0
7350102935653743,0,trace,0,8192,22,0,0
7350102935653743,0,latency,0,4096,13,0,0
7350102935653743,1,market_ingress,0,1024,11,0,0
7350102935653743,1,trader_request,0,1024,1,0,0
7350102935653743,1,trading_callback,0,1024,4,0,0
7350102935653743,1,trace,0,8192,37,0,0
7350102935653743,1,latency,0,4096,15,0,0
7350102935653743,2,market_ingress,0,1024,9,0,0
7350102935653743,2,trader_request,0,1024,1,0,0
7350102935653743,2,trading_callback,0,1024,3,0,0
7350102935653743,2,trace,0,8192,18,0,0
7350102935653743,2,latency,0,4096,34,0,0
7350102935653743,3,market_ingress,0,1024,11,0,0
7350102935653743,3,trader_request,0,1024,3,0,0
7350102935653743,3,trading_callback,0,1024,5,0,0
7350102935653743,3,trace,0,8192,23,0,0
7350102935653743,3,latency,0,4096,24,0,0
7350103036195009,0,market_ingress,0,1024,9,0,0
7350103036195009,0,trader_request,0,1024,1,0,0
7350103036195009,0,trading_callback,0,1024,4,0,0
7350103036195009,0,trace,0,8192,22,0,0
7350103036195009,0,latency,0,4096,13,0,0
7350103036195009,1,market_ingress,0,1024,11,0,0
7350103036195009,1,trader_request,0,1024,1,0,0
7350103036195009,1,trading_callback,0,1024,4,0,0
7350103036195009,1,trace,0,8192,37,0,0
7350103036195009,1,latency,0,4096,15,0,0
7350103036195009,2,market_ingress,0,1024,9,0,0
7350103036195009,2,trader_request,0,1024,1,0,0
7350103036195009,2,trading_callback,0,1024,3,0,0
7350103036195009,2,trace,1,8192,18,235049,0
7350103036195009,2,latency,0,4096,34,0,0
7350103036195009,3,market_ingress,0,1024,11,0,0
7350103036195009,3,trader_request,0,1024,3,0,0
7350103036195009,3,trading_callback,0,1024,5,0,0
7350103036195009,3,trace,0,8192,23,0,0
7350103036195009,3,latency,0,4096,24,0,0
7350103136653701,0,market_ingress,0,1024,9,0,0
7350103136653701,0,trader_request,0,1024,1,0,0
7350103136653701,0,trading_callback,0,1024,4,0,0
7350103136653701,0,trace,0,8192,22,0,0
7350103136653701,0,latency,0,4096,13,0,0
7350103136653701,1,market_ingress,0,1024,11,0,0
7350103136653701,1,trader_request,0,1024,1,0,0
7350103136653701,1,trading_callback,0,1024,4,0,0
7350103136653701,1,trace,0,8192,37,0,0
7350103136653701,1,latency,0,4096,15,0,0
7350103136653701,2,market_ingress,0,1024,9,0,0
7350103136653701,2,trader_request,0,1024,1,0,0
7350103136653701,2,trading_callback,0,1024,3,0,0
7350103136653701,2,trace,0,8192,18,0,0
7350103136653701,2,latency,0,4096,34,0,0
7350103136653701,3,market_ingress,0,1024,11,0,0
7350103136653701,3,trader_request,0,1024,3,0,0
7350103136653701,3,trading_callback,0,1024,5,0,0
7350103136653701,3,trace,0,8192,23,0,0
7350103136653701,3,latency,0,4096,24,0,0
7350103237148927,0,market_ingress,0,1024,9,0,0
7350103237148927,0,trader_request,0,1024,1,0,0
7350103237148927,0,trading_callback,0,1024,4,0,0
7350103237148927,0,trace,0,8192,22,0,0
7350103237148927,0,latency,0,4096,13,0,0
7350103237148927,1,market_ingress,0,1024,11,0,0
7350103237148927,1,trader_request,0,1024,1,0,0
7350103237148927,1,trading_callback,0,1024,4,0,0
7350103237148927,1,trace,0,8192,37,0,0
7350103237148927,1,latency,0,4096,15,0,0
7350103237148927,2,market_ingress,0,1024,9,0,0
7350103237148927,2,trader_request,0,1024,1,0,0
7350103237148927,2,trading_callback,0,1024,3,0,0
7350103237148927,2,trace,7,8192,18,242178,0
7350103237148927,2,latency,0,4096,34,0,0
7350103237148927,3,market_ingress,0,1024,11,0,0
7350103237148927,3,trader_request,0,1024,3,0,0
7350103237148927,3,trading_callback,0,1024,5,0,0
7350103237148927,3,trace,0,8192,23,0,0
7350103237148927,3,latency,0,4096,24,0,0
7350103337647036,0,market_ingress,0,1024,9,0,0
7350103337647036,0,trader_request,0,1024,1,0,0
7350103337647036,0,trading_callback,0,1024,4,0,0
7350103337647036,0,trace,0,8192,22,0,0
7350103337647036,0,latency,0,4096,13,0,0
7350103337647036,1,market_ingress,0,1024,11,0,0
7350103337647036,1,trader_request,0,1024,1,0,0
7350103337647036,1,trading_callback,0,1024,4,0,0
7350103337647036,1,trace,0,8192,37,0,0
7350103337647036,1,latency,0,4096,15,0,0
7350103337647036,2,market_ingress,0,1024,9,0,0
7350103337647036,2,trader_request,0,1024,1,0,0
7350103337647036,2,trading_callback,0,1024,3,0,0
7350103337647036,2,trace,0,8192,18,0,0
7350103337647036,2,latency,0,4096,34,0,0
7350103337647036,3,market_ingress,0,1024,11,0,0
7350103337647036,3,trader_request,0,1024,3,0,0
7350103337647036,3,trading_callback,0,1024,5,0,0
7350103337647036,3,trace,0,8192,23,0,0
7350103337647036,3,latency,0,4096,24,0,0
7350103438097153,0,market_ingress,0,1024,9,0,0
7350103438097153,0,trader_request,0,1024,1,0,0
7350103438097153,0,trading_callback,0,1024,4,0,0
7350103438097153,0,trace,0,8192,22,0,0
7350103438097153,0,latency,0,4096,13,0,0
7350103438097153,1,market_ingress,0,1024,11,0,0
7350103438097153,1,trader_request,0,1024,1,0,0
7350103438097153,1,trading_callback,0,1024,4,0,0
7350103438097153,1,trace,0,8192,37,0,0
7350103438097153,1,latency,0,4096,15,0,0
7350103438097153,2,market_ingress,0,1024,9,0,0
7350103438097153,2,trader_request,0,1024,1,0,0
7350103438097153,2,trading_callback,0,1024,3,0,0
7350103438097153,2,trace,1,8192,18,198603,0
7350103438097153,2,latency,0,4096,34,0,0
7350103438097153,3,market_ingress,0,1024,11,0,0
7350103438097153,3,trader_request,0,1024,3,0,0
7350103438097153,3,trading_callback,0,1024,5,0,0
7350103438097153,3,trace,0,8192,23,0,0
7350103438097153,3,latency,0,4096,24,0,0
7350103538611796,0,market_ingress,0,1024,9,0,0
7350103538611796,0,trader_request,0,1024,1,0,0
7350103538611796,0,trading_callback,0,1024,4,0,0
7350103538611796,0,trace,0,8192,22,0,0
7350103538611796,0,latency,0,4096,13,0,0
7350103538611796,1,market_ingress,0,1024,11,0,0
7350103538611796,1,trader_request,0,1024,1,0,0
7350103538611796,1,trading_callback,0,1024,4,0,0
7350103538611796,1,trace,0,8192,37,0,0
7350103538611796,1,latency,0,4096,15,0,0
7350103538611796,2,market_ingress,0,1024,9,0,0
7350103538611796,2,trader_request,0,1024,1,0,0
7350103538611796,2,trading_callback,0,1024,3,0,0
7350103538611796,2,trace,0,8192,18,0,0
7350103538611796,2,latency,0,4096,34,0,0
7350103538611796,3,market_ingress,0,1024,11,0,0
7350103538611796,3,trader_request,0,1024,3,0,0
7350103538611796,3,trading_callback,0,1024,5,0,0
7350103538611796,3,trace,0,8192,23,0,0
7350103538611796,3,latency,0,4096,24,0,0
7350103639504882,0,market_ingress,0,1024,9,0,0
7350103639504882,0,trader_request,0,1024,1,0,0
7350103639504882,0,trading_callback,0,1024,4,0,0
7350103639504882,0,trace,0,8192,22,0,0
7350103639504882,0,latency,0,4096,13,0,0
7350103639504882,1,market_ingress,0,1024,11,0,0
7350103639504882,1,trader_request,0,1024,1,0,0
7350103639504882,1,trading_callback,0,1024,4,0,0
7350103639504882,1,trace,0,8192,37,0,0
7350103639504882,1,latency,0,4096,15,0,0
7350103639504882,2,market_ingress,0,1024,9,0,0
7350103639504882,2,trader_request,0,1024,1,0,0
7350103639504882,2,trading_callback,0,1024,3,0,0
7350103639504882,2,trace,0,8192,18,0,0
7350103639504882,2,latency,0,4096,34,0,0
7350103639504882,3,market_ingress,0,1024,11,0,0
7350103639504882,3,trader_request,0,1024,3,0,0
7350103639504882,3,trading_callback,0,1024,5,0,0
7350103639504882,3,trace,0,8192,23,0,0
7350103639504882,3,latency,0,4096,24,0,0
7350103740015603,0,market_ingress,0,1024,9,0,0
7350103740015603,0,trader_request,0,1024,1,0,0
7350103740015603,0,trading_callback,0,1024,4,0,0
7350103740015603,0,trace,0,8192,22,0,0
7350103740015603,0,latency,0,4096,13,0,0
7350103740015603,1,market_ingress,0,1024,11,0,0
7350103740015603,1,trader_request,0,1024,1,0,0
7350103740015603,1,trading_callback,0,1024,4,0,0
7350103740015603,1,trace,0,8192,37,0,0
7350103740015603,1,latency,0,4096,15,0,0
7350103740015603,2,market_ingress,0,1024,9,0,0
7350103740015603,2,trader_request,0,1024,1,0,0
7350103740015603,2,trading_callback,0,1024,3,0,0
7350103740015603,2,trace,8,8192,18,307710,0
7350103740015603,2,latency,0,4096,34,0,0
7350103740015603,3,market_ingress,0,1024,11,0,0
7350103740015603,3,trader_request,0,1024,3,0,0
7350103740015603,3,trading_callback,0,1024,5,0,0
7350103740015603,3,trace,0,8192,23,0,0
7350103740015603,3,latency,0,4096,24,0,0
7350103840580388,0,market_ingress,0,1024,9,0,0
7350103840580388,0,trader_request,0,1024,1,0,0
7350103840580388,0,trading_callback,0,1024,4,0,0
7350103840580388,0,trace,0,8192,22,0,0
7350103840580388,0,latency,0,4096,13,0,0
7350103840580388,1,market_ingress,0,1024,11,0,0
7350103840580388,1,trader_request,0,1024,1,0,0
7350103840580388,1,trading_callback,0,1024,4,0,0
7350103840580388,1,trace,0,8192,37,0,0
7350103840580388,1,latency,0,4096,15,0,0
7350103840580388,2,market_ingress,0,1024,9,0,0
7350103840580388,2,trader_request,0,1024,1,0,0
7350103840580388,2,trading_callback,0,1024,3,0,0
7350103840580388,2,trace,0,8192,18,0,0
7350103840580388,2,latency,0,4096,34,0,0
7350103840580388,3,market_ingress,0,1024,11,0,0
7350103840580388,3,trader_request,0,1024,3,0,0
7350103840580388,3,trading_callback,0,1024,5,0,0
7350103840580388,3,trace,0,8192,23,0,0
7350103840580388,3,latency,0,4096,24,0,0
7350103941051870,0,market_ingress,0,1024,9,0,0
7350103941051870,0,trader_request,0,1024,1,0,0
7350103941051870,0,trading_callback,0,1024,4,0,0
7350103941051870,0,trace,0,8192,22,0,0
7350103941051870,0,latency,0,4096,13,0,0
7350103941051870,1,market_ingress,0,1024,11,0,0
7350103941051870,1,trader_request,0,1024,1,0,0
7350103941051870,1,trading_callback,0,1024,4,0,0
7350103941051870,1,trace,0,8192,37,0,0
7350103941051870,1,latency,0,4096,15,0,0
7350103941051870,2,market_ingress,0,1024,9,0,0
7350103941051870,2,trader_request,0,1024,1,0,0
7350103941051870,2,trading_callback,0,1024,3,0,0
7350103941051870,2,trace,0,8192,18,0,0
7350103941051870,2,latency,0,4096,34,0,0
7350103941051870,3,market_ingress,0,1024,11,0,0
7350103941051870,3,trader_request,0,1024,3,0,0
7350103941051870,3,trading_callback,0,1024,5,0,0
7350103941051870,3,trace,0,8192,23,0,0
7350103941051870,3,latency,0,4096,24,0,0
7350104041615733,0,market_ingress,0,1024,9,0,0
7350104041615733,0,trader_request,0,1024,1,0,0
7350104041615733,0,trading_callback,0,1024,4,0,0
7350104041615733,0,trace,0,8192,22,0,0
7350104041615733,0,latency,0,4096,13,0,0
7350104041615733,1,market_ingress,0,1024,11,0,0
7350104041615733,1,trader_request,0,1024,1,0,0
7350104041615733,1,trading_callback,0,1024,4,0,0
7350104041615733,1,trace,0,8192,37,0,0
7350104041615733,1,latency,0,4096,15,0,0
7350104041615733,2,market_ingress,0,1024,9,0,0
7350104041615733,2,trader_request,0,1024,1,0,0
7350104041615733,2,trading_callback,0,1024,3,0,0
7350104041615733,2,trace,0,8192,18,0,0
7350104041615733,2,latency,0,4096,34,0,0
7350104041615733,3,market_ingress,0,1024,11,0,0
7350104041615733,3,trader_request,0,1024,3,0,0
7350104041615733,3,trading_callback,0,1024,5,0,0
7350104041615733,3,trace,0,8192,23,0,0
7350104041615733,3,latency,0,4096,24,0,0
7350104142226152,0,market_ingress,0,1024,9,0,0
7350104142226152,0,trader_request,0,1024,1,0,0
7350104142226152,0,trading_callback,0,1024,4,0,0
7350104142226152,0,trace,0,8192,22,0,0
7350104142226152,0,latency,0,4096,13,0,0
7350104142226152,1,market_ingress,0,1024,11,0,0
7350104142226152,1,trader_request,0,1024,1,0,0
7350104142226152,1,trading_callback,0,1024,4,0,0
7350104142226152,1,trace,0,8192,37,0,0
7350104142226152,1,latency,0,4096,15,0,0
7350104142226152,2,market_ingress,0,1024,9,0,0
7350104142226152,2,trader_request,0,1024,1,0,0
7350104142226152,2,trading_callback,0,1024,3,0,0
7350104142226152,2,trace,0,8192,18,0,0
7350104142226152,2,latency,0,4096,34,0,0
7350104142226152,3,market_ingress,0,1024,11,0,0
7350104142226152,3,trader_request,0,1024,3,0,0
7350104142226152,3,trading_callback,0,1024,5,0,0
7350104142226152,3,trace,0,8192,23,0,0
7350104142226152,3,latency,0,4096,24,0,0
7350104242754586,0,market_ingress,0,1024,9,0,0
7350104242754586,0,trader_request,0,1024,1,0,0
7350104242754586,0,trading_callback,0,1024,4,0,0
7350104242754586,0,trace,0,8192,22,0,0
7350104242754586,0,latency,0,4096,13,0,0
7350104242754586,1,market_ingress,0,1024,11,0,0
7350104242754586,1,trader_request,0,1024,1,0,0
7350104242754586,1,trading_callback,0,1024,4,0,0
7350104242754586,1,trace,0,8192,37,0,0
7350104242754586,1,latency,0,4096,15,0,0
7350104242754586,2,market_ingress,0,1024,9,0,0
7350104242754586,2,trader_request,0,1024,1,0,0
7350104242754586,2,trading_callback,0,1024,3,0,0
7350104242754586,2,trace,0,8192,18,0,0
7350104242754586,2,latency,0,4096,34,0,0
7350104242754586,3,market_ingress,0,1024,11,0,0
7350104242754586,3,trader_request,0,1024,3,0,0
7350104242754586,3,trading_callback,0,1024,5,0,0
7350104242754586,3,trace,0,8192,23,0,0
7350104242754586,3,latency,0,4096,24,0,0
7350104343301726,0,market_ingress,1,1024,9,375808,0
7350104343301726,0,trader_request,0,1024,1,0,0
7350104343301726,0,trading_callback,0,1024,4,0,0
7350104343301726,0,trace,0,8192,22,0,0
7350104343301726,0,latency,0,4096,13,0,0
7350104343301726,1,market_ingress,0,1024,11,0,0
7350104343301726,1,trader_request,0,1024,1,0,0
7350104343301726,1,trading_callback,0,1024,4,0,0
7350104343301726,1,trace,0,8192,37,0,0
7350104343301726,1,latency,1,4096,15,381015,0
7350104343301726,2,market_ingress,0,1024,9,0,0
7350104343301726,2,trader_request,0,1024,1,0,0
7350104343301726,2,trading_callback,0,1024,3,0,0
7350104343301726,2,trace,0,8192,18,0,0
7350104343301726,2,latency,0,4096,34,0,0
7350104343301726,3,market_ingress,0,1024,11,0,0
7350104343301726,3,trader_request,0,1024,3,0,0
7350104343301726,3,trading_callback,0,1024,5,0,0
7350104343301726,3,trace,0,8192,23,0,0
7350104343301726,3,latency,0,4096,24,0,0
7350104443796475,0,market_ingress,0,1024,9,0,0
7350104443796475,0,trader_request,0,1024,1,0,0
7350104443796475,0,trading_callback,0,1024,4,0,0
7350104443796475,0,trace,0,8192,22,0,0
7350104443796475,0,latency,0,4096,13,0,0
7350104443796475,1,market_ingress,0,1024,11,0,0
7350104443796475,1,trader_request,0,1024,1,0,0
7350104443796475,1,trading_callback,0,1024,4,0,0
7350104443796475,1,trace,0,8192,37,0,0
7350104443796475,1,latency,0,4096,15,0,0
7350104443796475,2,market_ingress,0,1024,9,0,0
7350104443796475,2,trader_request,0,1024,1,0,0
7350104443796475,2,trading_callback,0,1024,3,0,0
7350104443796475,2,trace,0,8192,18,0,0
7350104443796475,2,latency,0,4096,34,0,0
7350104443796475,3,market_ingress,0,1024,11,0,0
7350104443796475,3,trader_request,0,1024,3,0,0
7350104443796475,3,trading_callback,0,1024,5,0,0
7350104443796475,3,trace,0,8192,23,0,0
7350104443796475,3,latency,0,4096,24,0,0
7350104544364431,0,market_ingress,0,1024,9,0,0
7350104544364431,0,trader_request,0,1024,1,0,0
7350104544364431,0,trading_callback,0,1024,4,0,0
7350104544364431,0,trace,0,8192,22,0,0
7350104544364431,0,latency,0,4096,13,0,0
7350104544364431,1,market_ingress,0,1024,11,0,0
7350104544364431,1,trader_request,0,1024,1,0,0
7350104544364431,1,trading_callback,0,1024,4,0,0
7350104544364431,1,trace,0,8192,37,0,0
7350104544364431,1,latency,0,4096,15,0,0
7350104544364431,2,market_ingress,0,1024,9,0,0
7350104544364431,2,trader_request,0,1024,1,0,0
7350104544364431,2,trading_callback,0,1024,3,0,0
7350104544364431,2,trace,0,8192,18,0,0
7350104544364431,2,latency,0,4096,34,0,0
7350104544364431,3,market_ingress,0,1024,11,0,0
7350104544364431,3,trader_request,0,1024,3,0,0
7350104544364431,3,trading_callback,0,1024,5,0,0
7350104544364431,3,trace,0,8192,23,0,0
7350104544364431,3,latency,0,4096,24,0,0
7350104644894531,0,market_ingress,0,1024,9,0,0
7350104644894531,0,trader_request,0,1024,1,0,0
7350104644894531,0,trading_callback,0,1024,4,0,0
7350104644894531,0,trace,0,8192,22,0,0
7350104644894531,0,latency,0,4096,13,0,0
7350104644894531,1,market_ingress,0,1024,11,0,0
7350104644894531,1,trader_request,0,1024,1,0,0
7350104644894531,1,trading_callback,0,1024,4,0,0
7350104644894531,1,trace,0,8192,37,0,0
7350104644894531,1,latency,0,4096,15,0,0
7350104644894531,2,market_ingress,0,1024,9,0,0
7350104644894531,2,trader_request,0,1024,1,0,0
7350104644894531,2,trading_callback,0,1024,3,0,0
7350104644894531,2,trace,0,8192,18,0,0
7350104644894531,2,latency,0,4096,34,0,0
7350104644894531,3,market_ingress,0,1024,11,0,0
7350104644894531,3,trader_request,0,1024,3,0,0
7350104644894531,3,trading_callback,0,1024,5,0,0
7350104644894531,3,trace,0,8192,23,0,0
7350104644894531,3,latency,0,4096,24,0,0
7350104745407035,0,market_ingress,0,1024,9,0,0
7350104745407035,0,trader_request,0,1024,1,0,0
7350104745407035,0,trading_callback,0,1024,4,0,0
7350104745407035,0,trace,0,8192,22,0,0
7350104745407035,0,latency,0,4096,13,0,0
7350104745407035,1,market_ingress,0,1024,11,0,0
7350104745407035,1,trader_request,0,1024,1,0,0
7350104745407035,1,trading_callback,0,1024,4,0,0
7350104745407035,1,trace,0,8192,37,0,0
7350104745407035,1,latency,0,4096,15,0,0
7350104745407035,2,market_ingress,0,1024,9,0,0
7350104745407035,2,trader_request,0,1024,1,0,0
7350104745407035,2,trading_callback,0,1024,3,0,0
7350104745407035,2,trace,0,8192,18,0,0
7350104745407035,2,latency,0,4096,34,0,0
7350104745407035,3,market_ingress,0,1024,11,0,0
7350104745407035,3,trader_request,0,1024,3,0,0
7350104745407035,3,trading_callback,0,1024,5,0,0
7350104745407035,3,trace,0,8192,23,0,0
7350104745407035,3,latency,0,4096,24,0,0
7350104845947636,0,market_ingress,1,1024,9,54212,0
7350104845947636,0,trader_request,0,1024,1,0,0
7350104845947636,0,trading_callback,0,1024,4,0,0
7350104845947636,0,trace,0,8192,22,0,0
7350104845947636,0,latency,0,4096,13,0,0
7350104845947636,1,market_ingress,0,1024,11,0,0
7350104845947636,1,trader_request,0,1024,1,0,0
7350104845947636,1,trading_callback,0,1024,4,0,0
7350104845947636,1,trace,0,8192,37,0,0
7350104845947636,1,latency,1,4096,15,62588,0
7350104845947636,2,market_ingress,0,1024,9,0,0
7350104845947636,2,trader_request,0,1024,1,0,0
7350104845947636,2,trading_callback,0,1024,3,0,0
7350104845947636,2,trace,0,8192,18,0,0
7350104845947636,2,latency,0,4096,34,0,0
7350104845947636,3,market_ingress,0,1024,11,0,0
7350104845947636,3,trader_request,0,1024,3,0,0
7350104845947636,3,trading_callback,0,1024,5,0,0
7350104845947636,3,trace,0,8192,23,0,0
7350104845947636,3,latency,0,4096,24,0,0
7350104946475955,0,market_ingress,0,1024,9,0,0
7350104946475955,0,trader_request,0,1024,1,0,0
7350104946475955,0,trading_callback,0,1024,4,0,0
7350104946475955,0,trace,0,8192,22,0,0
7350104946475955,0,latency,0,4096,13,0,0
7350104946475955,1,market_ingress,0,1024,11,0,0
7350104946475955,1,trader_request,0,1024,1,0,0
7350104946475955,1,trading_callback,0,1024,4,0,0
7350104946475955,1,trace,0,8192,37,0,0
7350104946475955,1,latency,0,4096,15,0,0
7350104946475955,2,market_ingress,0,1024,9,0,0
7350104946475955,2,trader_request,0,1024,1,0,0
7350104946475955,2,trading_callback,0,1024,3,0,0
7350104946475955,2,trace,0,8192,18,0,0
7350104946475955,2,latency,0,4096,34,0,0
7350104946475955,3,market_ingress,0,1024,11,0,0
7350104946475955,3,trader_request,0,1024,3,0,0
7350104946475955,3,trading_callback,0,1024,5,0,0
7350104946475955,3,trace,0,8192,23,0,0
7350104946475955,3,latency,0,4096,24,0,0
7350105046995024,0,market_ingress,1,1024,9,86479,0
7350105046995024,0,trader_request,0,1024,1,0,0
7350105046995024,0,trading_callback,0,1024,4,0,0
7350105046995024,0,trace,0,8192,22,0,0
7350105046995024,0,latency,0,4096,13,0,0
7350105046995024,1,market_ingress,0,1024,11,0,0
7350105046995024,1,trader_request,0,1024,1,0,0
7350105046995024,1,trading_callback,0,1024,4,0,0
7350105046995024,1,trace,0,8192,37,0,0
7350105046995024,1,latency,1,4096,15,94743,0
7350105046995024,2,market_ingress,0,1024,9,0,0
7350105046995024,2,trader_request,0,1024,1,0,0
7350105046995024,2,trading_callback,0,1024,3,0,0
7350105046995024,2,trace,0,8192,18,0,0
7350105046995024,2,latency,0,4096,34,0,0
7350105046995024,3,market_ingress,0,1024,11,0,0
7350105046995024,3,trader_request,0,1024,3,0,0
7350105046995024,3,trading_callback,0,1024,5,0,0
7350105046995024,3,trace,0,8192,23,0,0
7350105046995024,3,latency,0,4096,24,0,0
7350105147509664,0,market_ingress,0,1024,9,0,0
7350105147509664,0,trader_request,0,1024,1,0,0
7350105147509664,0,trading_callback,0,1024,4,0,0
7350105147509664,0,trace,0,8192,22,0,0
7350105147509664,0,latency,0,4096,13,0,0
7350105147509664,1,market_ingress,0,1024,11,0,0
7350105147509664,1,trader_request,0,1024,1,0,0
7350105147509664,1,trading_callback,0,1024,4,0,0
7350105147509664,1,trace,0,8192,37,0,0
7350105147509664,1,latency,0,4096,15,0,0
7350105147509664,2,market_ingress,0,1024,9,0,0
7350105147509664,2,trader_request,0,1024,1,0,0
7350105147509664,2,trading_callback,0,1024,3,0,0
7350105147509664,2,trace,0,8192,18,0,0
7350105147509664,2,latency,0,4096,34,0,0
7350105147509664,3,market_ingress,0,1024,11,0,0
7350105147509664,3,trader_request,0,1024,3,0,0
7350105147509664,3,trading_callback,0,1024,5,0,0
7350105147509664,3,trace,0,8192,23,0,0
7350105147509664,3,latency,0,4096,24,0,0
7350105248121633,0,market_ingress,0,1024,9,0,0
7350105248121633,0,trader_request,0,1024,1,0,0
7350105248121633,0,trading_callback,1,1024,4,180323,0
7350105248121633,0,trace,0,8192,22,0,0
7350105248121633,0,latency,0,4096,13,0,0
7350105248121633,1,market_ingress,0,1024,11,0,0
7350105248121633,1,trader_request,0,1024,1,0,0
7350105248121633,1,trading_callback,0,1024,4,0,0
7350105248121633,1,trace,0,8192,37,0,0
7350105248121633,1,latency,0,4096,15,0,0
7350105248121633,2,market_ingress,0,1024,9,0,0
7350105248121633,2,trader_request,0,1024,1,0,0
7350105248121633,2,trading_callback,0,1024,3,0,0
7350105248121633,2,trace,0,8192,18,0,0
7350105248121633,2,latency,0,4096,34,0,0
7350105248121633,3,market_ingress,0,1024,11,0,0
7350105248121633,3,trader_request,0,1024,3,0,0
7350105248121633,3,trading_callback,0,1024,5,0,0
7350105248121633,3,trace,0,8192,23,0,0
7350105248121633,3,latency,0,4096,24,0,0
7350105348740486,0,market_ingress,0,1024,9,0,0
7350105348740486,0,trader_request,0,1024,1,0,0
7350105348740486,0,trading_callback,0,1024,4,0,0
7350105348740486,0,trace,0,8192,22,0,0
7350105348740486,0,latency,0,4096,13,0,0
7350105348740486,1,market_ingress,0,1024,11,0,0
7350105348740486,1,trader_request,0,1024,1,0,0
7350105348740486,1,trading_callback,0,1024,4,0,0
7350105348740486,1,trace,0,8192,37,0,0
7350105348740486,1,latency,0,4096,15,0,0
7350105348740486,2,market_ingress,0,1024,9,0,0
7350105348740486,2,trader_request,0,1024,1,0,0
7350105348740486,2,trading_callback,0,1024,3,0,0
7350105348740486,2,trace,0,8192,18,0,0
7350105348740486,2,latency,0,4096,34,0,0
7350105348740486,3,market_ingress,0,1024,11,0,0
7350105348740486,3,trader_request,0,1024,3,0,0
7350105348740486,3,trading_callback,0,1024,5,0,0
7350105348740486,3,trace,0,8192,23,0,0
7350105348740486,3,latency,0,4096,24,0,0
7350105449481435,0,market_ingress,0,1024,9,0,0
7350105449481435,0,trader_request,0,1024,1,0,0
7350105449481435,0,trading_callback,0,1024,4,0,0
7350105449481435,0,trace,0,8192,22,0,0
7350105449481435,0,latency,0,4096,19,0,0
7350105449481435,1,market_ingress,0,1024,11,0,0
7350105449481435,1,trader_request,0,1024,1,0,0
7350105449481435,1,trading_callback,0,1024,4,0,0
7350105449481435,1,trace,0,8192,37,0,0
7350105449481435,1,latency,0,4096,15,0,0
7350105449481435,2,market_ingress,0,1024,9,0,0
7350105449481435,2,trader_request,0,1024,1,0,0
7350105449481435,2,trading_callback,0,1024,3,0,0
7350105449481435,2,trace,0,8192,18,0,0
7350105449481435,2,latency,0,4096,34,0,0
7350105449481435,3,market_ingress,0,1024,11,0,0
7350105449481435,3,trader_request,0,1024,3,0,0
7350105449481435,3,trading_callback,0,1024,5,0,0
7350105449481435,3,trace,0,8192,23,0,0
7350105449481435,3,latency,0,4096,24,0,0
7350105550017917,0,market_ingress,0,1024,9,0,0
7350105550017917,0,trader_request,0,1024,1,0,0
7350105550017917,0,trading_callback,1,1024,4,21853,0
7350105550017917,0,trace,0,8192,22,0,0
7350105550017917,0,latency,0,4096,19,0,0
7350105550017917,1,market_ingress,0,1024,11,0,0
7350105550017917,1,trader_request,0,1024,1,0,0
7350105550017917,1,trading_callback,1,1024,4,33222,0
7350105550017917,1,trace,0,8192,37,0,0
7350105550017917,1,latency,0,4096,15,0,0
7350105550017917,2,market_ingress,0,1024,9,0,0
7350105550017917,2,trader_request,0,1024,1,0,0
7350105550017917,2,trading_callback,1,1024,3,37217,0
7350105550017917,2,trace,6,8192,18,136549,0
7350105550017917,2,latency,0,4096,34,0,0
7350105550017917,3,market_ingress,0,1024,11,0,0
7350105550017917,3,trader_request,0,1024,3,0,0
7350105550017917,3,trading_callback,0,1024,5,0,0
7350105550017917,3,trace,0,8192,23,0,0
7350105550017917,3,latency,0,4096,24,0,0
7350105650544275,0,market_ingress,0,1024,9,0,0
7350105650544275,0,trader_request,0,1024,1,0,0
7350105650544275,0,trading_callback,0,1024,4,0,0
7350105650544275,0,trace,0,8192,22,0,0
7350105650544275,0,latency,0,4096,19,0,0
7350105650544275,1,market_ingress,0,1024,11,0,0
7350105650544275,1,trader_request,0,1024,1,0,0
7350105650544275,1,trading_callback,0,1024,4,0,0
7350105650544275,1,trace,0,8192,37,0,0
7350105650544275,1,latency,0,4096,15,0,0
7350105650544275,2,market_ingress,0,1024,9,0,0
7350105650544275,2,trader_request,0,1024,1,0,0
7350105650544275,2,trading_callback,0,1024,3,0,0
7350105650544275,2,trace,0,8192,18,0,0
7350105650544275,2,latency,0,4096,34,0,0
7350105650544275,3,market_ingress,0,1024,11,0,0
7350105650544275,3,trader_request,0,1024,3,0,0
7350105650544275,3,trading_callback,0,1024,5,0,0
7350105650544275,3,trace,0,8192,23,0,0
7350105650544275,3,latency,0,4096,24,0,0
7350105751193515,0,market_ingress,0,1024,9,0,0
7350105751193515,0,trader_request,0,1024,1,0,0
7350105751193515,0,trading_callback,0,1024,4,0,0
7350105751193515,0,trace,0,8192,22,0,0
7350105751193515,0,latency,0,4096,19,0,0
7350105751193515,1,market_ingress,0,1024,11,0,0
7350105751193515,1,trader_request,0,1024,1,0,0
7350105751193515,1,trading_callback,0,1024,4,0,0
7350105751193515,1,trace,0,8192,37,0,0
7350105751193515,1,latency,0,4096,15,0,0
7350105751193515,2,market_ingress,0,1024,9,0,0
7350105751193515,2,trader_request,0,1024,1,0,0
7350105751193515,2,trading_callback,0,1024,3,0,0
7350105751193515,2,trace,1,8192,18,381269,0
7350105751193515,2,latency,0,4096,34,0,0
7350105751193515,3,market_ingress,0,1024,11,0,0
7350105751193515,3,trader_request,0,1024,3,0,0
7350105751193515,3,trading_callback,0,1024,5,0,0
7350105751193515,3,trace,0,8192,23,0,0
7350105751193515,3,latency,0,4096,24,0,0
7350105851792360,0,market_ingress,0,1024,9,0,0
7350105851792360,0,trader_request,0,1024,1,0,0
7350105851792360,0,trading_callback,0,1024,4,0,0
7350105851792360,0,trace,0,8192,22,0,0
7350105851792360,0,latency,0,4096,19,0,0
7350105851792360,1,market_ingress,0,1024,11,0,0
7350105851792360,1,trader_request,0,1024,1,0,0
7350105851792360,1,trading_callback,0,1024,4,0,0
7350105851792360,1,trace,0,8192,37,0,0
7350105851792360,1,latency,0,4096,15,0,0
7350105851792360,2,market_ingress,0,1024,9,0,0
7350105851792360,2,trader_request,0,1024,1,0,0
7350105851792360,2,trading_callback,0,1024,3,0,0
7350105851792360,2,trace,0,8192,18,0,0
7350105851792360,2,latency,0,4096,34,0,0
7350105851792360,3,market_ingress,0,1024,11,0,0
7350105851792360,3,trader_request,0,1024,3,0,0
7350105851792360,3,trading_callback,0,1024,5,0,0
7350105851792360,3,trace,0,8192,23,0,0
7350105851792360,3,latency,0,4096,24,0,0
7350105952354359,0,market_ingress,0,1024,9,0,0
7350105952354359,0,trader_request,0,1024,1,0,0
7350105952354359,0,trading_callback,0,1024,4,0,0
7350105952354359,0,trace,0,8192,22,0,0
7350105952354359,0,latency,0,4096,19,0,0
7350105952354359,1,market_ingress,0,1024,11,0,0
7350105952354359,1,trader_request,0,1024,1,0,0
7350105952354359,1,trading_callback,0,1024,4,0,0
7350105952354359,1,trace,0,8192,37,0,0
7350105952354359,1,latency,0,4096,15,0,0
7350105952354359,2,market_ingress,0,1024,9,0,0
7350105952354359,2,trader_request,0,1024,1,0,0
7350105952354359,2,trading_callback,0,1024,3,0,0
7350105952354359,2,trace,0,8192,18,0,0
7350105952354359,2,latency,0,4096,34,0,0
7350105952354359,3,market_ingress,0,1024,11,0,0
7350105952354359,3,trader_request,0,1024,3,0,0
7350105952354359,3,trading_callback,0,1024,5,0,0
7350105952354359,3,trace,0,8192,23,0,0
7350105952354359,3,latency,0,4096,24,0,0
7350106052879915,0,market_ingress,0,1024,9,0,0
7350106052879915,0,trader_request,0,1024,1,0,0
7350106052879915,0,trading_callback,0,1024,4,0,0
7350106052879915,0,trace,0,8192,22,0,0
7350106052879915,0,latency,0,4096,19,0,0
7350106052879915,1,market_ingress,0,1024,11,0,0
7350106052879915,1,trader_request,0,1024,1,0,0
7350106052879915,1,trading_callback,0,1024,4,0,0
7350106052879915,1,trace,0,8192,37,0,0
7350106052879915,1,latency,0,4096,15,0,0
7350106052879915,2,market_ingress,0,1024,9,0,0
7350106052879915,2,trader_request,0,1024,1,0,0
7350106052879915,2,trading_callback,0,1024,3,0,0
7350106052879915,2,trace,1,8192,18,8811,0
7350106052879915,2,latency,0,4096,34,0,0
7350106052879915,3,market_ingress,0,1024,11,0,0
7350106052879915,3,trader_request,0,1024,3,0,0
7350106052879915,3,trading_callback,0,1024,5,0,0
7350106052879915,3,trace,0,8192,23,0,0
7350106052879915,3,latency,0,4096,24,0,0
7350106153435781,0,market_ingress,0,1024,9,0,0
7350106153435781,0,trader_request,0,1024,1,0,0
7350106153435781,0,trading_callback,0,1024,4,0,0
7350106153435781,0,trace,0,8192,22,0,0
7350106153435781,0,latency,0,4096,19,0,0
7350106153435781,1,market_ingress,0,1024,11,0,0
7350106153435781,1,trader_request,0,1024,1,0,0
7350106153435781,1,trading_callback,0,1024,4,0,0
7350106153435781,1,trace,0,8192,37,0,0
7350106153435781,1,latency,0,4096,15,0,0
7350106153435781,2,market_ingress,0,1024,9,0,0
7350106153435781,2,trader_request,0,1024,1,0,0
7350106153435781,2,trading_callback,0,1024,3,0,0
7350106153435781,2,trace,4,8192,18,466037,0
7350106153435781,2,latency,0,4096,34,0,0
7350106153435781,3,market_ingress,0,1024,11,0,0
7350106153435781,3,trader_request,0,1024,3,0,0
7350106153435781,3,trading_callback,0,1024,5,0,0
7350106153435781,3,trace,0,8192,23,0,0
7350106153435781,3,latency,0,4096,24,0,0
7350106253967654,0,market_ingress,0,1024,9,0,0
7350106253967654,0,trader_request,0,1024,1,0,0
7350106253967654,0,trading_callback,0,1024,4,0,0
7350106253967654,0,trace,0,8192,22,0,0
7350106253967654,0,latency,0,4096,19,0,0
7350106253967654,1,market_ingress,0,1024,11,0,0
7350106253967654,1,trader_request,0,1024,1,0,0
7350106253967654,1,trading_callback,0,1024,4,0,0
7350106253967654,1,trace,0,8192,37,0,0
7350106253967654,1,latency,0,4096,15,0,0
7350106253967654,2,market_ingress,0,1024,9,0,0
7350106253967654,2,trader_request,0,1024,1,0,0
7350106253967654,2,trading_callback,0,1024,3,0,0
7350106253967654,2,trace,1,8192,18,105699,0
7350106253967654,2,latency,0,4096,34,0,0
7350106253967654,3,market_ingress,0,1024,11,0,0
7350106253967654,3,trader_request,0,1024,3,0,0
7350106253967654,3,trading_callback,0,1024,5,0,0
7350106253967654,3,trace,0,8192,23,0,0
7350106253967654,3,latency,0,4096,24,0,0
7350106354519336,0,market_ingress,0,1024,9,0,0
7350106354519336,0,trader_request,0,1024,1,0,0
7350106354519336,0,trading_callback,0,1024,4,0,0
7350106354519336,0,trace,0,8192,22,0,0
7350106354519336,0,latency,0,4096,19,0,0
7350106354519336,1,market_ingress,0,1024,11,0,0
7350106354519336,1,trader_request,0,1024,1,0,0
7350106354519336,1,trading_callback,0,1024,4,0,0
7350106354519336,1,trace,0,8192,37,0,0
7350106354519336,1,latency,0,4096,15,0,0
7350106354519336,2,market_ingress,0,1024,9,0,0
7350106354519336,2,trader_request,0,1024,1,0,0
7350106354519336,2,trading_callback,0,1024,3,0,0
7350106354519336,2,trace,0,8192,18,0,0
7350106354519336,2,latency,0,4096,34,0,0
7350106354519336,3,market_ingress,0,1024,11,0,0
7350106354519336,3,trader_request,0,1024,3,0,0
7350106354519336,3,trading_callback,0,1024,5,0,0
7350106354519336,3,trace,0,8192,23,0,0
7350106354519336,3,latency,0,4096,24,0,0
7350106455051331,0,market_ingress,0,1024,9,0,0
7350106455051331,0,trader_request,0,1024,1,0,0
7350106455051331,0,trading_callback,0,1024,4,0,0
7350106455051331,0,trace,0,8192,22,0,0
7350106455051331,0,latency,0,4096,19,0,0
7350106455051331,1,market_ingress,0,1024,11,0,0
7350106455051331,1,trader_request,0,1024,1,0,0
7350106455051331,1,trading_callback,0,1024,4,0,0
7350106455051331,1,trace,0,8192,37,0,0
7350106455051331,1,latency,0,4096,15,0,0
7350106455051331,2,market_ingress,0,1024,9,0,0
7350106455051331,2,trader_request,0,1024,1,0,0
7350106455051331,2,trading_callback,0,1024,3,0,0
7350106455051331,2,trace,1,8192,18,185269,0
7350106455051331,2,latency,0,4096,34,0,0
7350106455051331,3,market_ingress,0,1024,11,0,0
7350106455051331,3,trader_request,0,1024,3,0,0
7350106455051331,3,trading_callback,0,1024,5,0,0
7350106455051331,3,trace,0,8192,23,0,0
7350106455051331,3,latency,0,4096,24,0,0
7350106555593188,0,market_ingress,0,1024,9,0,0
7350106555593188,0,trader_request,0,1024,1,0,0
7350106555593188,0,trading_callback,0,1024,4,0,0
7350106555593188,0,trace,0,8192,22,0,0
7350106555593188,0,latency,0,4096,19,0,0
7350106555593188,1,market_ingress,0,1024,11,0,0
7350106555593188,1,trader_request,0,1024,1,0,0
7350106555593188,1,trading_callback,0,1024,4,0,0
7350106555593188,1,trace,0,8192,37,0,0
7350106555593188,1,latency,0,4096,15,0,0
7350106555593188,2,market_ingress,0,1024,9,0,0
7350106555593188,2,trader_request,0,1024,1,0,0
7350106555593188,2,trading_callback,0,1024,3,0,0
7350106555593188,2,trace,0,8192,18,0,0
7350106555593188,2,latency,0,4096,34,0,0
7350106555593188,3,market_ingress,0,1024,11,0,0
7350106555593188,3,trader_request,0,1024,3,0,0
7350106555593188,3,trading_callback,0,1024,5,0,0
7350106555593188,3,trace,0,8192,23,0,0
7350106555593188,3,latency,0,4096,24,0,0
7350106656131443,0,market_ingress,0,1024,9,0,0
7350106656131443,0,trader_request,0,1024,1,0,0
7350106656131443,0,trading_callback,0,1024,4,0,0
7350106656131443,0,trace,0,8192,22,0,0
7350106656131443,0,latency,0,4096,19,0,0
7350106656131443,1,market_ingress,0,1024,11,0,0
7350106656131443,1,trader_request,0,1024,1,0,0
7350106656131443,1,trading_callback,0,1024,4,0,0
7350106656131443,1,trace,0,8192,37,0,0
7350106656131443,1,latency,0,4096,15,0,0
7350106656131443,2,market_ingress,0,1024,9,0,0
7350106656131443,2,trader_request,0,1024,1,0,0
7350106656131443,2,trading_callback,0,1024,3,0,0
7350106656131443,2,trace,1,8192,18,442350,0
7350106656131443,2,latency,0,4096,34,0,0
7350106656131443,3,market_ingress,0,1024,11,0,0
7350106656131443,3,trader_request,0,1024,3,0,0
7350106656131443,3,trading_callback,0,1024,5,0,0
7350106656131443,3,trace,0,8192,23,0,0
7350106656131443,3,latency,0,4096,24,0,0
7350106756853958,0,market_ingress,0,1024,9,0,0
7350106756853958,0,trader_request,0,1024,1,0,0
7350106756853958,0,trading_callback,0,1024,4,0,0
7350106756853958,0,trace,0,8192,22,0,0
7350106756853958,0,latency,0,4096,19,0,0
7350106756853958,1,market_ingress,0,1024,11,0,0
7350106756853958,1,trader_request,0,1024,1,0,0
7350106756853958,1,trading_callback,0,1024,4,0,0
7350106756853958,1,trace,0,8192,37,0,0
7350106756853958,1,latency,0,4096,15,0,0
7350106756853958,2,market_ingress,0,1024,9,0,0
7350106756853958,2,trader_request,0,1024,1,0,0
7350106756853958,2,trading_callback,0,1024,3,0,0
7350106756853958,2,trace,1,8192,18,24632,0
7350106756853958,2,latency,0,4096,34,0,0
7350106756853958,3,market_ingress,0,1024,11,0,0
7350106756853958,3,trader_request,0,1024,3,0,0
7350106756853958,3,trading_callback,0,1024,5,0,0
7350106756853958,3,trace,0,8192,23,0,0
7350106756853958,3,latency,0,4096,24,0,0
7350106857436803,0,market_ingress,0,1024,9,0,0
7350106857436803,0,trader_request,0,1024,1,0,0
7350106857436803,0,trading_callback,0,1024,4,0,0
7350106857436803,0,trace,0,8192,22,0,0
7350106857436803,0,latency,0,4096,19,0,0
7350106857436803,1,market_ingress,0,1024,11,0,0
7350106857436803,1,trader_request,0,1024,1,0,0
7350106857436803,1,trading_callback,0,1024,4,0,0
7350106857436803,1,trace,0,8192,37,0,0
7350106857436803,1,latency,0,4096,15,0,0
7350106857436803,2,market_ingress,0,1024,9,0,0
7350106857436803,2,trader_request,0,1024,1,0,0
7350106857436803,2,trading_callback,0,1024,3,0,0
7350106857436803,2,trace,0,8192,18,0,0
7350106857436803,2,latency,0,4096,34,0,0
7350106857436803,3,market_ingress,0,1024,11,0,0
7350106857436803,3,trader_request,0,1024,3,0,0
7350106857436803,3,trading_callback,0,1024,5,0,0
7350106857436803,3,trace,0,8192,23,0,0
7350106857436803,3,latency,0,4096,24,0,0
7350106957961267,0,market_ingress,0,1024,9,0,0
7350106957961267,0,trader_request,0,1024,1,0,0
7350106957961267,0,trading_callback,0,1024,4,0,0
7350106957961267,0,trace,0,8192,22,0,0
7350106957961267,0,latency,0,4096,19,0,0
7350106957961267,1,market_ingress,0,1024,11,0,0
7350106957961267,1,trader_request,0,1024,1,0,0
7350106957961267,1,trading_callback,0,1024,4,0,0
7350106957961267,1,trace,0,8192,37,0,0
7350106957961267,1,latency,0,4096,15,0,0
7350106957961267,2,market_ingress,0,1024,9,0,0
7350106957961267,2,trader_request,0,1024,1,0,0
7350106957961267,2,trading_callback,0,1024,3,0,0
7350106957961267,2,trace,3,8192,18,76345,0
7350106957961267,2,latency,0,4096,34,0,0
7350106957961267,3,market_ingress,0,1024,11,0,0
7350106957961267,3,trader_request,0,1024,3,0,0
7350106957961267,3,trading_callback,1,1024,5,9111,0
7350106957961267,3,trace,0,8192,23,0,0
7350106957961267,3,latency,0,4096,24,0,0
7350107058509123,0,market_ingress,0,1024,9,0,0
7350107058509123,0,trader_request,0,1024,1,0,0
7350107058509123,0,trading_callback,0,1024,4,0,0
7350107058509123,0,trace,0,8192,22,0,0
7350107058509123,0,latency,0,4096,19,0,0
7350107058509123,1,market_ingress,0,1024,11,0,0
7350107058509123,1,trader_request,0,1024,1,0,0
7350107058509123,1,trading_callback,0,1024,4,0,0
7350107058509123,1,trace,0,8192,37,0,0
7350107058509123,1,latency,0,4096,15,0,0
7350107058509123,2,market_ingress,0,1024,9,0,0
7350107058509123,2,trader_request,0,1024,1,0,0
7350107058509123,2,trading_callback,0,1024,3,0,0
7350107058509123,2,trace,0,8192,18,0,0
7350107058509123,2,latency,0,4096,34,0,0
7350107058509123,3,market_ingress,0,1024,11,0,0
7350107058509123,3,trader_request,0,1024,3,0,0
7350107058509123,3,trading_callback,0,1024,5,0,0
7350107058509123,3,trace,0,8192,23,0,0
7350107058509123,3,latency,0,4096,24,0,0
7350107159021626,0,market_ingress,0,1024,9,0,0
7350107159021626,0,trader_request,0,1024,1,0,0
7350107159021626,0,trading_callback,1,1024,4,25388,0
7350107159021626,0,trace,0,8192,22,0,0
7350107159021626,0,latency,0,4096,19,0,0
7350107159021626,1,market_ingress,0,1024,11,0,0
7350107159021626,1,trader_request,0,1024,1,0,0
7350107159021626,1,trading_callback,1,1024,4,37551,0
7350107159021626,1,trace,0,8192,37,0,0
7350107159021626,1,latency,0,4096,15,0,0
7350107159021626,2,market_ingress,0,1024,9,0,0
7350107159021626,2,trader_request,0,1024,1,0,0
7350107159021626,2,trading_callback,0,1024,3,0,0
7350107159021626,2,trace,6,8192,18,140481,0
7350107159021626,2,latency,0,4096,34,0,0
7350107159021626,3,market_ingress,0,1024,11,0,0
7350107159021626,3,trader_request,0,1024,3,0,0
7350107159021626,3,trading_callback,0,1024,5,0,0
7350107159021626,3,trace,0,8192,23,0,0
7350107159021626,3,latency,0,4096,24,0,0
7350107259545592,0,market_ingress,0,1024,9,0,0
7350107259545592,0,trader_request,0,1024,1,0,0
7350107259545592,0,trading_callback,0,1024,4,0,0
7350107259545592,0,trace,0,8192,22,0,0
7350107259545592,0,latency,0,4096,19,0,0
7350107259545592,1,market_ingress,0,1024,11,0,0
7350107259545592,1,trader_request,0,1024,1,0,0
7350107259545592,1,trading_callback,0,1024,4,0,0
7350107259545592,1,trace,0,8192,37,0,0
7350107259545592,1,latency,0,4096,15,0,0
7350107259545592,2,market_ingress,0,1024,9,0,0
7350107259545592,2,trader_request,0,1024,1,0,0
7350107259545592,2,trading_callback,0,1024,3,0,0
7350107259545592,2,trace,0,8192,18,0,0
7350107259545592,2,latency,0,4096,34,0,0
7350107259545592,3,market_ingress,0,1024,11,0,0
7350107259545592,3,trader_request,0,1024,3,0,0
7350107259545592,3,trading_callback,0,1024,5,0,0
7350107259545592,3,trace,0,8192,23,0,0
7350107259545592,3,latency,0,4096,24,0,0
7350107360097333,0,market_ingress,0,1024,9,0,0
7350107360097333,0,trader_request,0,1024,1,0,0
7350107360097333,0,trading_callback,0,1024,4,0,0
7350107360097333,0,trace,0,8192,22,0,0
7350107360097333,0,latency,0,4096,19,0,0
7350107360097333,1,market_ingress,0,1024,11,0,0
7350107360097333,1,trader_request,0,1024,1,0,0
7350107360097333,1,trading_callback,0,1024,4,0,0
7350107360097333,1,trace,0,8192,37,0,0
7350107360097333,1,latency,0,4096,15,0,0
7350107360097333,2,market_ingress,0,1024,9,0,0
7350107360097333,2,trader_request,0,1024,1,0,0
7350107360097333,2,trading_callback,0,1024,3,0,0
7350107360097333,2,trace,1,8192,18,230497,0
7350107360097333,2,latency,0,4096,34,0,0
7350107360097333,3,market_ingress,0,1024,11,0,0
7350107360097333,3,trader_request,0,1024,3,0,0
7350107360097333,3,trading_callback,0,1024,5,0,0
7350107360097333,3,trace,0,8192,23,0,0
7350107360097333,3,latency,0,4096,24,0,0
7350107460640139,0,market_ingress,0,1024,9,0,0
7350107460640139,0,trader_request,0,1024,1,0,0
7350107460640139,0,trading_callback,0,1024,4,0,0
7350107460640139,0,trace,0,8192,22,0,0
7350107460640139,0,latency,0,4096,19,0,0
7350107460640139,1,market_ingress,0,1024,11,0,0
7350107460640139,1,trader_request,0,1024,1,0,0
7350107460640139,1,trading_callback,0,1024,4,0,0
7350107460640139,1,trace,0,8192,37,0,0
7350107460640139,1,latency,0,4096,15,0,0
7350107460640139,2,market_ingress,0,1024,9,0,0
7350107460640139,2,trader_request,0,1024,1,0,0
7350107460640139,2,trading_callback,0,1024,3,0,0
7350107460640139,2,trace,0,8192,18,0,0
7350107460640139,2,latency,0,4096,34,0,0
7350107460640139,3,market_ingress,0,1024,11,0,0
7350107460640139,3,trader_request,0,1024,3,0,0
7350107460640139,3,trading_callback,0,1024,5,0,0
7350107460640139,3,trace,0,8192,23,0,0
7350107460640139,3,latency,0,4096,24,0,0
7350107561301204,0,market_ingress,0,1024,9,0,0
7350107561301204,0,trader_request,0,1024,1,0,0
7350107561301204,0,trading_callback,0,1024,4,0,0
7350107561301204,0,trace,0,8192,22,0,0
7350107561301204,0,latency,0,4096,19,0,0
7350107561301204,1,market_ingress,0,1024,11,0,0
7350107561301204,1,trader_request,0,1024,1,0,0
7350107561301204,1,trading_callback,0,1024,4,0,0
7350107561301204,1,trace,0,8192,37,0,0
7350107561301204,1,latency,0,4096,15,0,0
7350107561301204,2,market_ingress,0,1024,9,0,0
7350107561301204,2,trader_request,0,1024,1,0,0
7350107561301204,2,trading_callback,0,1024,3,0,0
7350107561301204,2,trace,7,8192,18,455213,0
7350107561301204,2,latency,0,4096,34,0,0
7350107561301204,3,market_ingress,0,1024,11,0,0
7350107561301204,3,trader_request,0,1024,3,0,0
7350107561301204,3,trading_callback,0,1024,5,0,0
7350107561301204,3,trace,0,8192,23,0,0
7350107561301204,3,latency,0,4096,24,0,0
7350107661862675,0,market_ingress,0,1024,9,0,0
7350107661862675,0,trader_request,0,1024,1,0,0
7350107661862675,0,trading_callback,0,1024,4,0,0
7350107661862675,0,trace,0,8192,22,0,0
7350107661862675,0,latency,0,4096,19,0,0
7350107661862675,1,market_ingress,0,1024,11,0,0
7350107661862675,1,trader_request,0,1024,1,0,0
7350107661862675,1,trading_callback,0,1024,4,0,0
7350107661862675,1,trace,0,8192,37,0,0
7350107661862675,1,latency,0,4096,15,0,0
7350107661862675,2,market_ingress,0,1024,9,0,0
7350107661862675,2,trader_request,0,1024,1,0,0
7350107661862675,2,trading_callback,0,1024,3,0,0
7350107661862675,2,trace,0,8192,18,0,0
7350107661862675,2,latency,0,4096,34,0,0
7350107661862675,3,market_ingress,0,1024,11,0,0
7350107661862675,3,trader_request,0,1024,3,0,0
7350107661862675,3,trading_callback,0,1024,5,0,0
7350107661862675,3,trace,0,8192,23,0,0
7350107661862675,3,latency,0,4096,24,0,0
7350107762392738,0,market_ingress,0,1024,9,0,0
7350107762392738,0,trader_request,0,1024,1,0,0
7350107762392738,0,trading_callback,0,1024,4,0,0
7350107762392738,0,trace,0,8192,22,0,0
7350107762392738,0,latency,0,4096,19,0,0
7350107762392738,1,market_ingress,0,1024,11,0,0
7350107762392738,1,trader_request,0,1024,1,0,0
7350107762392738,1,trading_callback,0,1024,4,0,0
7350107762392738,1,trace,0,8192,37,0,0
7350107762392738,1,latency,0,4096,15,0,0
7350107762392738,2,market_ingress,0,1024,9,0,0
7350107762392738,2,trader_request,0,1024,1,0,0
7350107762392738,2,trading_callback,0,1024,3,0,0
7350107762392738,2,trace,0,8192,18,0,0
7350107762392738,2,latency,0,4096,34,0,0
7350107762392738,3,market_ingress,0,1024,11,0,0
7350107762392738,3,trader_request,0,1024,3,0,0
7350107762392738,3,trading_callback,0,1024,5,0,0
7350107762392738,3,trace,0,8192,23,0,0
7350107762392738,3,latency,0,4096,24,0,0
7350107862934909,0,market_ingress,0,1024,9,0,0
7350107862934909,0,trader_request,0,1024,1,0,0
7350107862934909,0,trading_callback,0,1024,4,0,0
7350107862934909,0,trace,0,8192,22,0,0
7350107862934909,0,latency,0,4096,19,0,0
7350107862934909,1,market_ingress,0,1024,11,0,0
7350107862934909,1,trader_request,0,1024,1,0,0
7350107862934909,1,trading_callback,0,1024,4,0,0
7350107862934909,1,trace,0,8192,37,0,0
7350107862934909,1,latency,0,4096,15,0,0
7350107862934909,2,market_ingress,0,1024,9,0,0
7350107862934909,2,trader_request,0,1024,1,0,0
7350107862934909,2,trading_callback,0,1024,3,0,0
7350107862934909,2,trace,3,8192,18,52636,0
7350107862934909,2,latency,0,4096,34,0,0
7350107862934909,3,market_ingress,0,1024,11,0,0
7350107862934909,3,trader_request,0,1024,3,0,0
7350107862934909,3,trading_callback,0,1024,5,0,0
7350107862934909,3,trace,0,8192,23,0,0
7350107862934909,3,latency,0,4096,24,0,0
7350107963463460,0,market_ingress,0,1024,9,0,0
7350107963463460,0,trader_request,0,1024,1,0,0
7350107963463460,0,trading_callback,0,1024,4,0,0
7350107963463460,0,trace,0,8192,22,0,0
7350107963463460,0,latency,0,4096,19,0,0
7350107963463460,1,market_ingress,0,1024,11,0,0
7350107963463460,1,trader_request,0,1024,1,0,0
7350107963463460,1,trading_callback,0,1024,4,0,0
7350107963463460,1,trace,0,8192,37,0,0
7350107963463460,1,latency,0,4096,15,0,0
7350107963463460,2,market_ingress,0,1024,9,0,0
7350107963463460,2,trader_request,0,1024,1,0,0
7350107963463460,2,trading_callback,0,1024,3,0,0
7350107963463460,2,trace,0,8192,18,0,0
7350107963463460,2,latency,0,4096,34,0,0
7350107963463460,3,market_ingress,0,1024,11,0,0
7350107963463460,3,trader_request,0,1024,3,0,0
7350107963463460,3,trading_callback,0,1024,5,0,0
7350107963463460,3,trace,0,8192,23,0,0
7350107963463460,3,latency,0,4096,24,0,0
7350108064008201,0,market_ingress,0,1024,9,0,0
7350108064008201,0,trader_request,0,1024,1,0,0
7350108064008201,0,trading_callback,0,1024,4,0,0
7350108064008201,0,trace,0,8192,22,0,0
7350108064008201,0,latency,0,4096,19,0,0
7350108064008201,1,market_ingress,0,1024,11,0,0
7350108064008201,1,trader_request,0,1024,1,0,0
7350108064008201,1,trading_callback,0,1024,4,0,0
7350108064008201,1,trace,0,8192,37,0,0
7350108064008201,1,latency,0,4096,15,0,0
7350108064008201,2,market_ingress,0,1024,9,0,0
7350108064008201,2,trader_request,0,1024,1,0,0
7350108064008201,2,trading_callback,0,1024,3,0,0
7350108064008201,2,trace,1,8192,18,134502,0
7350108064008201,2,latency,0,4096,34,0,0
7350108064008201,3,market_ingress,0,1024,11,0,0
7350108064008201,3,trader_request,0,1024,3,0,0
7350108064008201,3,trading_callback,0,1024,5,0,0
7350108064008201,3,trace,0,8192,23,0,0
7350108064008201,3,latency,0,4096,24,0,0
7350108164542436,0,market_ingress,0,1024,9,0,0
7350108164542436,0,trader_request,0,1024,1,0,0
7350108164542436,0,trading_callback,0,1024,4,0,0
7350108164542436,0,trace,0,8192,22,0,0
7350108164542436,0,latency,0,4096,19,0,0
7350108164542436,1,market_ingress,0,1024,11,0,0
7350108164542436,1,trader_request,0,1024,1,0,0
7350108164542436,1,trading_callback,0,1024,4,0,0
7350108164542436,1,trace,0,8192,37,0,0
7350108164542436,1,latency,0,4096,15,0,0
7350108164542436,2,market_ingress,0,1024,9,0,0
7350108164542436,2,trader_request,0,1024,1,0,0
7350108164542436,2,trading_callback,0,1024,3,0,0
7350108164542436,2,trace,0,8192,18,0,0
7350108164542436,2,latency,0,4096,34,0,0
7350108164542436,3,market_ingress,0,1024,11,0,0
7350108164542436,3,trader_request,0,1024,3,0,0
7350108164542436,3,trading_callback,0,1024,5,0,0
7350108164542436,3,trace,0,8192,23,0,0
7350108164542436,3,latency,0,4096,24,0,0
7350108265079647,0,market_ingress,0,1024,9,0,0
7350108265079647,0,trader_request,0,1024,1,0,0
7350108265079647,0,trading_callback,0,1024,4,0,0
7350108265079647,0,trace,0,8192,22,0,0
7350108265079647,0,latency,0,4096,19,0,0
7350108265079647,1,market_ingress,0,1024,11,0,0
7350108265079647,1,trader_request,0,1024,1,0,0
7350108265079647,1,trading_callback,0,1024,4,0,0
7350108265079647,1,trace,0,8192,37,0,0
7350108265079647,1,latency,0,4096,15,0,0
7350108265079647,2,market_ingress,0,1024,9,0,0
7350108265079647,2,trader_request,0,1024,1,0,0
7350108265079647,2,trading_callback,0,1024,3,0,0
7350108265079647,2,trace,1,8192,18,268140,0
7350108265079647,2,latency,0,4096,34,0,0
7350108265079647,3,market_ingress,0,1024,11,0,0
7350108265079647,3,trader_request,0,1024,3,0,0
7350108265079647,3,trading_callback,0,1024,5,0,0
7350108265079647,3,trace,0,8192,23,0,0
7350108265079647,3,latency,0,4096,24,0,0
7350108365677276,0,market_ingress,0,1024,9,0,0
7350108365677276,0,trader_request,0,1024,1,0,0
7350108365677276,0,trading_callback,0,1024,4,0,0
7350108365677276,0,trace,0,8192,22,0,0
7350108365677276,0,latency,0,4096,19,0,0
7350108365677276,1,market_ingress,0,1024,11,0,0
7350108365677276,1,trader_request,0,1024,1,0,0
7350108365677276,1,trading_callback,0,1024,4,0,0
7350108365677276,1,trace,0,8192,37,0,0
7350108365677276,1,latency,0,4096,15,0,0
7350108365677276,2,market_ingress,0,1024,9,0,0
7350108365677276,2,trader_request,0,1024,1,0,0
7350108365677276,2,trading_callback,0,1024,3,0,0
7350108365677276,2,trace,0,8192,18,0,0
7350108365677276,2,latency,0,4096,34,0,0
7350108365677276,3,market_ingress,0,1024,11,0,0
7350108365677276,3,trader_request,0,1024,3,0,0
7350108365677276,3,trading_callback,0,1024,5,0,0
7350108365677276,3,trace,0,8192,23,0,0
7350108365677276,3,latency,0,4096,24,0,0
7350108466259166,0,market_ingress,0,1024,9,0,0
7350108466259166,0,trader_request,0,1024,1,0,0
7350108466259166,0,trading_callback,0,1024,4,0,0
7350108466259166,0,trace,0,8192,22,0,0
7350108466259166,0,latency,0,4096,19,0,0
7350108466259166,1,market_ingress,0,1024,11,0,0
7350108466259166,1,trader_request,0,1024,1,0,0
7350108466259166,1,trading_callback,0,1024,4,0,0
7350108466259166,1,trace,0,8192,37,0,0
7350108466259166,1,latency,0,4096,15,0,0
7350108466259166,2,market_ingress,0,1024,9,0,0
7350108466259166,2,trader_request,0,1024,1,0,0
7350108466259166,2,trading_callback,0,1024,3,0,0
7350108466259166,2,trace,7,8192,18,364089,0
7350108466259166,2,latency,0,4096,34,0,0
7350108466259166,3,market_ingress,0,1024,11,0,0
7350108466259166,3,trader_request,0,1024,3,0,0
7350108466259166,3,trading_callback,0,1024,5,0,0
7350108466259166,3,trace,0,8192,23,0,0
7350108466259166,3,latency,0,4096,24,0,0
7350108566771702,0,market_ingress,0,1024,9,0,0
7350108566771702,0,trader_request,0,1024,1,0,0
7350108566771702,0,trading_callback,0,1024,4,0,0
7350108566771702,0,trace,0,8192,22,0,0
7350108566771702,0,latency,0,4096,19,0,0
7350108566771702,1,market_ingress,0,1024,11,0,0
7350108566771702,1,trader_request,0,1024,1,0,0
7350108566771702,1,trading_callback,0,1024,4,0,0
7350108566771702,1,trace,0,8192,37,0,0
7350108566771702,1,latency,0,4096,15,0,0
7350108566771702,2,market_ingress,0,1024,9,0,0
7350108566771702,2,trader_request,0,1024,1,0,0
7350108566771702,2,trading_callback,0,1024,3,0,0
7350108566771702,2,trace,0,8192,18,0,0
7350108566771702,2,latency,0,4096,34,0,0
7350108566771702,3,market_ingress,0,1024,11,0,0
7350108566771702,3,trader_request,0,1024,3,0,0
7350108566771702,3,trading_callback,0,1024,5,0,0
7350108566771702,3,trace,0,8192,23,0,0
7350108566771702,3,latency,0,4096,24,0,0
7350108667269109,0,market_ingress,0,1024,9,0,0
7350108667269109,0,trader_request,0,1024,1,0,0
7350108667269109,0,trading_callback,0,1024,4,0,0
7350108667269109,0,trace,0,8192,22,0,0
7350108667269109,0,latency,0,4096,19,0,0
7350108667269109,1,market_ingress,0,1024,11,0,0
7350108667269109,1,trader_request,0,1024,1,0,0
7350108667269109,1,trading_callback,0,1024,4,0,0
7350108667269109,1,trace,0,8192,37,0,0
7350108667269109,1,latency,0,4096,15,0,0
7350108667269109,2,market_ingress,0,1024,9,0,0
7350108667269109,2,trader_request,0,1024,1,0,0
7350108667269109,2,trading_callback,0,1024,3,0,0
7350108667269109,2,trace,1,8192,18,388306,0
7350108667269109,2,latency,0,4096,34,0,0
7350108667269109,3,market_ingress,0,1024,11,0,0
7350108667269109,3,trader_request,0,1024,3,0,0
7350108667269109,3,trading_callback,0,1024,5,0,0
7350108667269109,3,trace,0,8192,23,0,0
7350108667269109,3,latency,0,4096,24,0,0
7350108767809345,0,market_ingress,0,1024,9,0,0
7350108767809345,0,trader_request,0,1024,1,0,0
7350108767809345,0,trading_callback,0,1024,4,0,0
7350108767809345,0,trace,0,8192,22,0,0
7350108767809345,0,latency,0,4096,19,0,0
7350108767809345,1,market_ingress,0,1024,11,0,0
7350108767809345,1,trader_request,0,1024,1,0,0
7350108767809345,1,trading_callback,0,1024,4,0,0
7350108767809345,1,trace,0,8192,37,0,0
7350108767809345,1,latency,0,4096,15,0,0
7350108767809345,2,market_ingress,0,1024,9,0,0
7350108767809345,2,trader_request,0,1024,1,0,0
7350108767809345,2,trading_callback,0,1024,3,0,0
7350108767809345,2,trace,0,8192,18,0,0
7350108767809345,2,latency,0,4096,34,0,0
7350108767809345,3,market_ingress,0,1024,11,0,0
7350108767809345,3,trader_request,0,1024,3,0,0
7350108767809345,3,trading_callback,0,1024,5,0,0
7350108767809345,3,trace,0,8192,23,0,0
7350108767809345,3,latency,0,4096,24,0,0
7350108868404101,0,market_ingress,0,1024,9,0,0
7350108868404101,0,trader_request,0,1024,1,0,0
7350108868404101,0,trading_callback,0,1024,4,0,0
7350108868404101,0,trace,0,8192,22,0,0
7350108868404101,0,latency,0,4096,19,0,0
7350108868404101,1,market_ingress,0,1024,11,0,0
7350108868404101,1,trader_request,0,1024,1,0,0
7350108868404101,1,trading_callback,0,1024,4,0,0
7350108868404101,1,trace,0,8192,37,0,0
7350108868404101,1,latency,0,4096,15,0,0
7350108868404101,2,market_ingress,0,1024,9,0,0
7350108868404101,2,trader_request,0,1024,1,0,0
7350108868404101,2,trading_callback,0,1024,3,0,0
7350108868404101,2,trace,3,8192,18,31983,0
7350108868404101,2,latency,0,4096,34,0,0
7350108868404101,3,market_ingress,0,1024,11,0,0
7350108868404101,3,trader_request,0,1024,3,0,0
7350108868404101,3,trading_callback,0,1024,5,0,0
7350108868404101,3,trace,0,8192,23,0,0
7350108868404101,3,latency,0,4096,24,0,0
7350108969476146,0,market_ingress,0,1024,9,0,0
7350108969476146,0,trader_request,0,1024,1,0,0
7350108969476146,0,trading_callback,0,1024,4,0,0
7350108969476146,0,trace,0,8192,22,0,0
7350108969476146,0,latency,0,4096,19,0,0
7350108969476146,1,market_ingress,0,1024,11,0,0
7350108969476146,1,trader_request,0,1024,1,0,0
7350108969476146,1,trading_callback,0,1024,4,0,0
7350108969476146,1,trace,0,8192,37,0,0
7350108969476146,1,latency,0,4096,15,0,0
7350108969476146,2,market_ingress,0,1024,9,0,0
7350108969476146,2,trader_request,0,1024,1,0,0
7350108969476146,2,trading_callback,0,1024,3,0,0
7350108969476146,2,trace,0,8192,18,0,0
7350108969476146,2,latency,0,4096,34,0,0
7350108969476146,3,market_ingress,0,1024,11,0,0
7350108969476146,3,trader_request,0,1024,3,0,0
7350108969476146,3,trading_callback,0,1024,5,0,0
7350108969476146,3,trace,0,8192,23,0,0
7350108969476146,3,latency,0,4096,24,0,0
7350109069996140,0,market_ingress,0,1024,9,0,0
7350109069996140,0,trader_request,0,1024,1,0,0
7350109069996140,0,trading_callback,0,1024,4,0,0
7350109069996140,0,trace,0,8192,22,0,0
7350109069996140,0,latency,0,4096,19,0,0
7350109069996140,1,market_ingress,0,1024,11,0,0
7350109069996140,1,trader_request,0,1024,1,0,0
7350109069996140,1,trading_callback,0,1024,4,0,0
7350109069996140,1,trace,0,8192,37,0,0
7350109069996140,1,latency,0,4096,15,0,0
7350109069996140,2,market_ingress,0,1024,9,0,0
7350109069996140,2,trader_request,0,1024,1,0,0
7350109069996140,2,trading_callback,0,1024,3,0,0
7350109069996140,2,trace,1,8192,18,125323,0
7350109069996140,2,latency,0,4096,34,0,0
7350109069996140,3,market_ingress,0,1024,11,0,0
7350109069996140,3,trader_request,0,1024,3,0,0
7350109069996140,3,trading_callback,0,1024,5,0,0
7350109069996140,3,trace,0,8192,23,0,0
7350109069996140,3,latency,0,4096,24,0,0
7350109170532230,0,market_ingress,0,1024,9,0,0
7350109170532230,0,trader_request,0,1024,1,0,0
7350109170532230,0,trading_callback,0,1024,4,0,0
7350109170532230,0,trace,0,8192,22,0,0
7350109170532230,0,latency,0,4096,19,0,0
7350109170532230,1,market_ingress,0,1024,11,0,0
7350109170532230,1,trader_request,0,1024,1,0,0
7350109170532230,1,trading_callback,0,1024,4,0,0
7350109170532230,1,trace,0,8192,37,0,0
7350109170532230,1,latency,0,4096,15,0,0
7350109170532230,2,market_ingress,0,1024,9,0,0
7350109170532230,2,trader_request,0,1024,1,0,0
7350109170532230,2,trading_callback,0,1024,3,0,0
7350109170532230,2,trace,0,8192,18,0,0
7350109170532230,2,latency,0,4096,34,0,0
7350109170532230,3,market_ingress,0,1024,11,0,0
7350109170532230,3,trader_request,0,1024,3,0,0
7350109170532230,3,trading_callback,0,1024,5,0,0
7350109170532230,3,trace,0,8192,23,0,0
7350109170532230,3,latency,0,4096,24,0,0
7350109271051198,0,market_ingress,0,1024,9,0,0
7350109271051198,0,trader_request,0,1024,1,0,0
7350109271051198,0,trading_callback,0,1024,4,0,0
7350109271051198,0,trace,0,8192,22,0,0
7350109271051198,0,latency,0,4096,19,0,0
7350109271051198,1,market_ingress,0,1024,11,0,0
7350109271051198,1,trader_request,0,1024,1,0,0
7350109271051198,1,trading_callback,0,1024,4,0,0
7350109271051198,1,trace,0,8192,37,0,0
7350109271051198,1,latency,0,4096,15,0,0
7350109271051198,2,market_ingress,0,1024,9,0,0
7350109271051198,2,trader_request,0,1024,1,0,0
7350109271051198,2,trading_callback,0,1024,3,0,0
7350109271051198,2,trace,7,8192,18,201823,0
7350109271051198,2,latency,0,4096,34,0,0
7350109271051198,3,market_ingress,0,1024,11,0,0
7350109271051198,3,trader_request,0,1024,3,0,0
7350109271051198,3,trading_callback,0,1024,5,0,0
7350109271051198,3,trace,0,8192,23,0,0
7350109271051198,3,latency,0,4096,24,0,0
7350109371611172,0,market_ingress,0,1024,9,0,0
7350109371611172,0,trader_request,0,1024,1,0,0
7350109371611172,0,trading_callback,0,1024,4,0,0
7350109371611172,0,trace,0,8192,22,0,0
7350109371611172,0,latency,0,4096,19,0,0
7350109371611172,1,market_ingress,0,1024,11,0,0
7350109371611172,1,trader_request,0,1024,1,0,0
7350109371611172,1,trading_callback,0,1024,4,0,0
7350109371611172,1,trace,0,8192,37,0,0
7350109371611172,1,latency,0,4096,15,0,0
7350109371611172,2,market_ingress,0,1024,9,0,0
7350109371611172,2,trader_request,0,1024,1,0,0
7350109371611172,2,trading_callback,0,1024,3,0,0
7350109371611172,2,trace,0,8192,18,0,0
7350109371611172,2,latency,0,4096,34,0,0
7350109371611172,3,market_ingress,0,1024,11,0,0
7350109371611172,3,trader_request,0,1024,3,0,0
7350109371611172,3,trading_callback,0,1024,5,0,0
7350109371611172,3,trace,0,8192,23,0,0
7350109371611172,3,latency,0,4096,24,0,0
7350109472148322,0,market_ingress,0,1024,9,0,0
7350109472148322,0,trader_request,0,1024,1,0,0
7350109472148322,0,trading_callback,0,1024,4,0,0
7350109472148322,0,trace,0,8192,22,0,0
7350109472148322,0,latency,0,4096,19,0,0
7350109472148322,1,market_ingress,0,1024,11,0,0
7350109472148322,1,trader_request,0,1024,1,0,0
7350109472148322,1,trading_callback,0,1024,4,0,0
7350109472148322,1,trace,0,8192,37,0,0
7350109472148322,1,latency,0,4096,15,0,0
7350109472148322,2,market_ingress,0,1024,9,0,0
7350109472148322,2,trader_request,0,1024,1,0,0
7350109472148322,2,trading_callback,0,1024,3,0,0
7350109472148322,2,trace,7,8192,18,290317,0
7350109472148322,2,latency,0,4096,34,0,0
7350109472148322,3,market_ingress,0,1024,11,0,0
7350109472148322,3,trader_request,0,1024,3,0,0
7350109472148322,3,trading_callback,0,1024,5,0,0
7350109472148322,3,trace,0,8192,23,0,0
7350109472148322,3,latency,0,4096,24,0,0
7350109572702356,0,market_ingress,0,1024,9,0,0
7350109572702356,0,trader_request,0,1024,1,0,0
7350109572702356,0,trading_callback,0,1024,4,0,0
7350109572702356,0,trace,0,8192,22,0,0
7350109572702356,0,latency,0,4096,19,0,0
7350109572702356,1,market_ingress,0,1024,11,0,0
7350109572702356,1,trader_request,0,1024,1,0,0
7350109572702356,1,trading_callback,0,1024,4,0,0
7350109572702356,1,trace,0,8192,37,0,0
7350109572702356,1,latency,0,4096,15,0,0
7350109572702356,2,market_ingress,0,1024,9,0,0
7350109572702356,2,trader_request,0,1024,1,0,0
7350109572702356,2,trading_callback,0,1024,3,0,0
7350109572702356,2,trace,0,8192,18,0,0
7350109572702356,2,latency,0,4096,34,0,0
7350109572702356,3,market_ingress,0,1024,11,0,0
7350109572702356,3,trader_request,0,1024,3,0,0
7350109572702356,3,trading_callback,0,1024,5,0,0
7350109572702356,3,trace,0,8192,23,0,0
7350109572702356,3,latency,0,4096,24,0,0
7350109676160589,0,market_ingress,0,1024,9,0,0
7350109676160589,0,trader_request,0,1024,1,0,0
7350109676160589,0,trading_callback,0,1024,4,0,0
7350109676160589,0,trace,0,8192,22,0,0
7350109676160589,0,latency,0,4096,19,0,0
7350109676160589,1,market_ingress,0,1024,11,0,0
7350109676160589,1,trader_request,0,1024,1,0,0
7350109676160589,1,trading_callback,0,1024,4,0,0
7350109676160589,1,trace,0,8192,37,0,0
7350109676160589,1,latency,0,4096,15,0,0
7350109676160589,2,market_ingress,0,1024,9,0,0
7350109676160589,2,trader_request,0,1024,1,0,0
7350109676160589,2,trading_callback,0,1024,3,0,0
7350109676160589,2,trace,0,8192,18,0,0
7350109676160589,2,latency,0,4096,34,0,0
7350109676160589,3,market_ingress,0,1024,11,0,0
7350109676160589,3,trader_request,0,1024,3,0,0
7350109676160589,3,trading_callback,0,1024,5,0,0
7350109676160589,3,trace,0,8192,23,0,0
7350109676160589,3,latency,0,4096,24,0,0
7350109776851466,0,market_ingress,0,1024,9,0,0
7350109776851466,0,trader_request,0,1024,1,0,0
7350109776851466,0,trading_callback,0,1024,4,0,0
7350109776851466,0,trace,0,8192,22,0,0
7350109776851466,0,latency,0,4096,19,0,0
7350109776851466,1,market_ingress,0,1024,11,0,0
7350109776851466,1,trader_request,0,1024,1,0,0
7350109776851466,1,trading_callback,0,1024,4,0,0
7350109776851466,1,trace,0,8192,37,0,0
7350109776851466,1,latency,0,4096,15,0,0
7350109776851466,2,market_ingress,0,1024,9,0,0
7350109776851466,2,trader_request,0,1024,1,0,0
7350109776851466,2,trading_callback,0,1024,3,0,0
7350109776851466,2,trace,0,8192,18,0,0
7350109776851466,2,latency,0,4096,34,0,0
7350109776851466,3,market_ingress,0,1024,11,0,0
7350109776851466,3,trader_request,0,1024,3,0,0
7350109776851466,3,trading_callback,0,1024,5,0,0
7350109776851466,3,trace,0,8192,23,0,0
7350109776851466,3,latency,0,4096,24,0,0
7350109877469321,0,market_ingress,0,1024,9,0,0
7350109877469321,0,trader_request,0,1024,1,0,0
7350109877469321,0,trading_callback,0,1024,4,0,0
7350109877469321,0,trace,0,8192,22,0,0
7350109877469321,0,latency,0,4096,19,0,0
7350109877469321,1,market_ingress,0,1024,11,0,0
7350109877469321,1,trader_request,0,1024,1,0,0
7350109877469321,1,trading_callback,0,1024,4,0,0
7350109877469321,1,trace,0,8192,37,0,0
7350109877469321,1,latency,0,4096,15,0,0
7350109877469321,2,market_ingress,0,1024,9,0,0
7350109877469321,2,trader_request,0,1024,1,0,0
7350109877469321,2,trading_callback,0,1024,3,0,0
7350109877469321,2,trace,0,8192,18,0,0
7350109877469321,2,latency,0,4096,34,0,0
7350109877469321,3,market_ingress,0,1024,11,0,0
7350109877469321,3,trader_request,0,1024,3,0,0
7350109877469321,3,trading_callback,0,1024,5,0,0
7350109877469321,3,trace,0,8192,23,0,0
7350109877469321,3,latency,0,4096,24,0,0
7350109978691912,0,market_ingress,0,1024,9,0,0
7350109978691912,0,trader_request,0,1024,1,0,0
7350109978691912,0,trading_callback,0,1024,4,0,0
7350109978691912,0,trace,0,8192,22,0,0
7350109978691912,0,latency,0,4096,19,0,0
7350109978691912,1,market_ingress,0,1024,11,0,0
7350109978691912,1,trader_request,0,1024,1,0,0
7350109978691912,1,trading_callback,0,1024,4,0,0
7350109978691912,1,trace,0,8192,37,0,0
7350109978691912,1,latency,0,4096,15,0,0
7350109978691912,2,market_ingress,0,1024,9,0,0
7350109978691912,2,trader_request,0,1024,1,0,0
7350109978691912,2,trading_callback,0,1024,3,0,0
7350109978691912,2,trace,0,8192,18,0,0
7350109978691912,2,latency,0,4096,34,0,0
7350109978691912,3,market_ingress,0,1024,11,0,0
7350109978691912,3,trader_request,0,1024,3,0,0
7350109978691912,3,trading_callback,0,1024,5,0,0
7350109978691912,3,trace,0,8192,23,0,0
7350109978691912,3,latency,0,4096,24,0,0
7350110079214702,0,market_ingress,0,1024,9,0,0
7350110079214702,0,trader_request,0,1024,1,0,0
7350110079214702,0,trading_callback,0,1024,4,0,0
7350110079214702,0,trace,0,8192,22,0,0
7350110079214702,0,latency,0,4096,19,0,0
7350110079214702,1,market_ingress,0,1024,11,0,0
7350110079214702,1,trader_request,0,1024,1,0,0
7350110079214702,1,trading_callback,0,1024,4,0,0
7350110079214702,1,trace,0,8192,37,0,0
7350110079214702,1,latency,0,4096,15,0,0
7350110079214702,2,market_ingress,0,1024,9,0,0
7350110079214702,2,trader_request,0,1024,1,0,0
7350110079214702,2,trading_callback,0,1024,3,0,0
7350110079214702,2,trace,1,8192,18,465105,0
7350110079214702,2,latency,0,4096,34,0,0
7350110079214702,3,market_ingress,0,1024,11,0,0
7350110079214702,3,trader_request,0,1024,3,0,0
7350110079214702,3,trading_callback,0,1024,5,0,0
7350110079214702,3,trace,0,8192,23,0,0
7350110079214702,3,latency,0,4096,24,0,0
7350110179873725,0,market_ingress,0,1024,9,0,0
7350110179873725,0,trader_request,0,1024,1,0,0
7350110179873725,0,trading_callback,0,1024,4,0,0
7350110179873725,0,trace,0,8192,22,0,0
7350110179873725,0,latency,0,4096,19,0,0
7350110179873725,1,market_ingress,0,1024,11,0,0
7350110179873725,1,trader_request,0,1024,1,0,0
7350110179873725,1,trading_callback,0,1024,4,0,0
7350110179873725,1,trace,0,8192,37,0,0
7350110179873725,1,latency,0,4096,15,0,0
7350110179873725,2,market_ingress,0,1024,9,0,0
7350110179873725,2,trader_request,0,1024,1,0,0
7350110179873725,2,trading_callback,0,1024,3,0,0
7350110179873725,2,trace,0,8192,18,0,0
7350110179873725,2,latency,0,4096,34,0,0
7350110179873725,3,market_ingress,0,1024,11,0,0
7350110179873725,3,trader_request,0,1024,3,0,0
7350110179873725,3,trading_callback,0,1024,5,0,0
7350110179873725,3,trace,0,8192,23,0,0
7350110179873725,3,latency,0,4096,24,0,0
7350110280310793,0,market_ingress,0,1024,9,0,0
7350110280310793,0,trader_request,0,1024,1,0,0
7350110280310793,0,trading_callback,0,1024,4,0,0
7350110280310793,0,trace,0,8192,22,0,0
7350110280310793,0,latency,0,4096,19,0,0
7350110280310793,1,market_ingress,0,1024,11,0,0
7350110280310793,1,trader_request,0,1024,1,0,0
7350110280310793,1,trading_callback,0,1024,4,0,0
7350110280310793,1,trace,0,8192,37,0,0
7350110280310793,1,latency,0,4096,15,0,0
7350110280310793,2,market_ingress,0,1024,9,0,0
7350110280310793,2,trader_request,0,1024,1,0,0
7350110280310793,2,trading_callback,0,1024,3,0,0
7350110280310793,2,trace,1,8192,18,378140,0
7350110280310793,2,latency,0,4096,34,0,0
7350110280310793,3,market_ingress,0,1024,11,0,0
7350110280310793,3,trader_request,0,1024,3,0,0
7350110280310793,3,trading_callback,0,1024,5,0,0
7350110280310793,3,trace,0,8192,23,0,0
7350110280310793,3,latency,0,4096,24,0,0
7350110380785166,0,market_ingress,0,1024,9,0,0
7350110380785166,0,trader_request,0,1024,1,0,0
7350110380785166,0,trading_callback,0,1024,4,0,0
7350110380785166,0,trace,0,8192,22,0,0
7350110380785166,0,latency,0,4096,19,0,0
7350110380785166,1,market_ingress,0,1024,11,0,0
7350110380785166,1,trader_request,0,1024,1,0,0
7350110380785166,1,trading_callback,0,1024,4,0,0
7350110380785166,1,trace,0,8192,37,0,0
7350110380785166,1,latency,0,4096,15,0,0
7350110380785166,2,market_ingress,0,1024,9,0,0
7350110380785166,2,trader_request,0,1024,1,0,0
7350110380785166,2,trading_callback,0,1024,3,0,0
7350110380785166,2,trace,0,8192,18,0,0
7350110380785166,2,latency,0,4096,34,0,0
7350110380785166,3,market_ingress,0,1024,11,0,0
7350110380785166,3,trader_request,0,1024,3,0,0
7350110380785166,3,trading_callback,0,1024,5,0,0
7350110380785166,3,trace,0,8192,23,0,0
7350110380785166,3,latency,0,4096,24,0,0
7350110481292632,0,market_ingress,0,1024,9,0,0
7350110481292632,0,trader_request,0,1024,1,0,0
7350110481292632,0,trading_callback,0,1024,4,0,0
7350110481292632,0,trace,0,8192,22,0,0
7350110481292632,0,latency,0,4096,19,0,0
7350110481292632,1,market_ingress,0,1024,11,0,0
7350110481292632,1,trader_request,0,1024,1,0,0
7350110481292632,1,trading_callback,0,1024,4,0,0
7350110481292632,1,trace,0,8192,37,0,0
7350110481292632,1,latency,0,4096,15,0,0
7350110481292632,2,market_ingress,0,1024,9,0,0
7350110481292632,2,trader_request,0,1024,1,0,0
7350110481292632,2,trading_callback,0,1024,3,0,0
7350110481292632,2,trace,1,8192,18,392276,0
7350110481292632,2,latency,0,4096,34,0,0
7350110481292632,3,market_ingress,0,1024,11,0,0
7350110481292632,3,trader_request,0,1024,3,0,0
7350110481292632,3,trading_callback,0,1024,5,0,0
7350110481292632,3,trace,0,8192,23,0,0
7350110481292632,3,latency,0,4096,24,0,0
7350110581798872,0,market_ingress,0,1024,9,0,0
7350110581798872,0,trader_request,0,1024,1,0,0
7350110581798872,0,trading_callback,0,1024,4,0,0
7350110581798872,0,trace,0,8192,22,0,0
7350110581798872,0,latency,0,4096,19,0,0
7350110581798872,1,market_ingress,0,1024,11,0,0
7350110581798872,1,trader_request,0,1024,1,0,0
7350110581798872,1,trading_callback,0,1024,4,0,0
7350110581798872,1,trace,0,8192,37,0,0
7350110581798872,1,latency,0,4096,15,0,0
7350110581798872,2,market_ingress,0,1024,9,0,0
7350110581798872,2,trader_request,0,1024,1,0,0
7350110581798872,2,trading_callback,0,1024,3,0,0
7350110581798872,2,trace,0,8192,18,0,0
7350110581798872,2,latency,0,4096,34,0,0
7350110581798872,3,market_ingress,0,1024,11,0,0
7350110581798872,3,trader_request,0,1024,3,0,0
7350110581798872,3,trading_callback,0,1024,5,0,0
7350110581798872,3,trace,0,8192,23,0,0
7350110581798872,3,latency,0,4096,24,0,0
7350110682273407,0,market_ingress,0,1024,9,0,0
7350110682273407,0,trader_request,0,1024,1,0,0
7350110682273407,0,trading_callback,0,1024,4,0,0
7350110682273407,0,trace,0,8192,22,0,0
7350110682273407,0,latency,0,4096,19,0,0
7350110682273407,1,market_ingress,0,1024,11,0,0
7350110682273407,1,trader_request,0,1024,1,0,0
7350110682273407,1,trading_callback,0,1024,4,0,0
7350110682273407,1,trace,0,8192,37,0,0
7350110682273407,1,latency,0,4096,15,0,0
7350110682273407,2,market_ingress,0,1024,9,0,0
7350110682273407,2,trader_request,0,1024,1,0,0
7350110682273407,2,trading_callback,0,1024,3,0,0
7350110682273407,2,trace,1,8192,18,396543,0
7350110682273407,2,latency,0,4096,34,0,0
7350110682273407,3,market_ingress,0,1024,11,0,0
7350110682273407,3,trader_request,0,1024,3,0,0
7350110682273407,3,trading_callback,0,1024,5,0,0
7350110682273407,3,trace,0,8192,23,0,0
7350110682273407,3,latency,0,4096,24,0,0
7350110782803166,0,market_ingress,0,1024,9,0,0
7350110782803166,0,trader_request,0,1024,1,0,0
7350110782803166,0,trading_callback,1,1024,4,7978,0
7350110782803166,0,trace,0,8192,22,0,0
7350110782803166,0,latency,0,4096,19,0,0
7350110782803166,1,market_ingress,0,1024,11,0,0
7350110782803166,1,trader_request,0,1024,1,0,0
7350110782803166,1,trading_callback,1,1024,4,5934,0
7350110782803166,1,trace,0,8192,37,0,0
7350110782803166,1,latency,0,4096,15,0,0
7350110782803166,2,market_ingress,0,1024,9,0,0
7350110782803166,2,trader_request,0,1024,1,0,0
7350110782803166,2,trading_callback,1,1024,3,16403,0
7350110782803166,2,trace,5,8192,18,129840,0
7350110782803166,2,latency,0,4096,34,0,0
7350110782803166,3,market_ingress,0,1024,11,0,0
7350110782803166,3,trader_request,0,1024,3,0,0
7350110782803166,3,trading_callback,1,1024,5,28110,0
7350110782803166,3,trace,0,8192,23,0,0
7350110782803166,3,latency,0,4096,24,0,0
7350110883538445,0,market_ingress,0,1024,9,0,0
7350110883538445,0,trader_request,0,1024,1,0,0
7350110883538445,0,trading_callback,0,1024,4,0,0
7350110883538445,0,trace,0,8192,22,0,0
7350110883538445,0,latency,0,4096,19,0,0
7350110883538445,1,market_ingress,0,1024,11,0,0
7350110883538445,1,trader_request,0,1024,1,0,0
7350110883538445,1,trading_callback,0,1024,4,0,0
7350110883538445,1,trace,0,8192,37,0,0
7350110883538445,1,latency,0,4096,15,0,0
7350110883538445,2,market_ingress,0,1024,9,0,0
7350110883538445,2,trader_request,0,1024,1,0,0
7350110883538445,2,trading_callback,0,1024,3,0,0
7350110883538445,2,trace,0,8192,27,0,0
7350110883538445,2,latency,0,4096,34,0,0
7350110883538445,3,market_ingress,0,1024,11,0,0
7350110883538445,3,trader_request,0,1024,3,0,0
7350110883538445,3,trading_callback,0,1024,5,0,0
7350110883538445,3,trace,0,8192,23,0,0
7350110883538445,3,latency,0,4096,24,0,0
7350110984100907,0,market_ingress,0,1024,9,0,0
7350110984100907,0,trader_request,0,1024,1,0,0
7350110984100907,0,trading_callback,0,1024,4,0,0
7350110984100907,0,trace,0,8192,22,0,0
7350110984100907,0,latency,0,4096,19,0,0
7350110984100907,1,market_ingress,0,1024,11,0,0
7350110984100907,1,trader_request,0,1024,1,0,0
7350110984100907,1,trading_callback,0,1024,4,0,0
7350110984100907,1,trace,0,8192,37,0,0
7350110984100907,1,latency,0,4096,15,0,0
7350110984100907,2,market_ingress,0,1024,9,0,0
7350110984100907,2,trader_request,0,1024,1,0,0
7350110984100907,2,trading_callback,0,1024,3,0,0
7350110984100907,2,trace,7,8192,27,221602,0
7350110984100907,2,latency,0,4096,34,0,0
7350110984100907,3,market_ingress,0,1024,11,0,0
7350110984100907,3,trader_request,0,1024,3,0,0
7350110984100907,3,trading_callback,0,1024,5,0,0
7350110984100907,3,trace,0,8192,23,0,0
7350110984100907,3,latency,0,4096,24,0,0
7350111084649579,0,market_ingress,0,1024,9,0,0
7350111084649579,0,trader_request,0,1024,1,0,0
7350111084649579,0,trading_callback,0,1024,4,0,0
7350111084649579,0,trace,0,8192,22,0,0
7350111084649579,0,latency,0,4096,19,0,0
7350111084649579,1,market_ingress,0,1024,11,0,0
7350111084649579,1,trader_request,0,1024,1,0,0
7350111084649579,1,trading_callback,0,1024,4,0,0
7350111084649579,1,trace,0,8192,37,0,0
7350111084649579,1,latency,0,4096,15,0,0
7350111084649579,2,market_ingress,0,1024,9,0,0
7350111084649579,2,trader_request,0,1024,1,0,0
7350111084649579,2,trading_callback,0,1024,3,0,0
7350111084649579,2,trace,0,8192,27,0,0
7350111084649579,2,latency,0,4096,34,0,0
7350111084649579,3,market_ingress,0,1024,11,0,0
7350111084649579,3,trader_request,0,1024,3,0,0
7350111084649579,3,trading_callback,0,1024,5,0,0
7350111084649579,3,trace,0,8192,23,0,0
7350111084649579,3,latency,0,4096,24,0,0
7350111185186119,0,market_ingress,0,1024,9,0,0
7350111185186119,0,trader_request,0,1024,1,0,0
7350111185186119,0,trading_callback,0,1024,4,0,0
7350111185186119,0,trace,0,8192,22,0,0
7350111185186119,0,latency,0,4096,19,0,0
7350111185186119,1,market_ingress,0,1024,11,0,0
7350111185186119,1,trader_request,0,1024,1,0,0
7350111185186119,1,trading_callback,0,1024,4,0,0
7350111185186119,1,trace,0,8192,37,0,0
7350111185186119,1,latency,0,4096,15,0,0
7350111185186119,2,market_ingress,0,1024,9,0,0
7350111185186119,2,trader_request,0,1024,1,0,0
7350111185186119,2,trading_callback,0,1024,3,0,0
7350111185186119,2,trace,0,8192,27,0,0
7350111185186119,2,latency,0,4096,34,0,0
7350111185186119,3,market_ingress,0,1024,11,0,0
7350111185186119,3,trader_request,0,1024,3,0,0
7350111185186119,3,trading_callback,0,1024,5,0,0
7350111185186119,3,trace,0,8192,23,0,0
7350111185186119,3,latency,0,4096,24,0,0
7350111285755076,0,market_ingress,0,1024,9,0,0
7350111285755076,0,trader_request,0,1024,1,0,0
7350111285755076,0,trading_callback,0,1024,4,0,0
7350111285755076,0,trace,0,8192,22,0,0
7350111285755076,0,latency,0,4096,19,0,0
7350111285755076,1,market_ingress,0,1024,11,0,0
7350111285755076,1,trader_request,0,1024,1,0,0
7350111285755076,1,trading_callback,0,1024,4,0,0
7350111285755076,1,trace,0,8192,37,0,0
7350111285755076,1,latency,0,4096,15,0,0
7350111285755076,2,market_ingress,0,1024,9,0,0
7350111285755076,2,trader_request,0,1024,1,0,0
7350111285755076,2,trading_callback,0,1024,3,0,0
7350111285755076,2,trace,0,8192,27,0,0
7350111285755076,2,latency,0,4096,34,0,0
7350111285755076,3,market_ingress,0,1024,11,0,0
7350111285755076,3,trader_request,0,1024,3,0,0
7350111285755076,3,trading_callback,0,1024,5,0,0
7350111285755076,3,trace,0,8192,23,0,0
7350111285755076,3,latency,0,4096,24,0,0
7350111386301529,0,market_ingress,0,1024,9,0,0
7350111386301529,0,trader_request,0,1024,1,0,0
7350111386301529,0,trading_callback,0,1024,4,0,0
7350111386301529,0,trace,7,8192,22,414163,0
7350111386301529,0,latency,0,4096,19,0,0
7350111386301529,1,market_ingress,0,1024,11,0,0
7350111386301529,1,trader_request,0,1024,1,0,0
7350111386301529,1,trading_callback,0,1024,4,0,0
7350111386301529,1,trace,0,8192,37,0,0
7350111386301529,1,latency,0,4096,15,0,0
7350111386301529,2,market_ingress,0,1024,9,0,0
7350111386301529,2,trader_request,0,1024,1,0,0
7350111386301529,2,trading_callback,0,1024,3,0,0
7350111386301529,2,trace,0,8192,27,0,0
7350111386301529,2,latency,0,4096,34,0,0
7350111386301529,3,market_ingress,0,1024,11,0,0
7350111386301529,3,trader_request,0,1024,3,0,0
7350111386301529,3,trading_callback,0,1024,5,0,0
7350111386301529,3,trace,0,8192,23,0,0
7350111386301529,3,latency,0,4096,24,0,0
7350111486836195,0,market_ingress,0,1024,9,0,0
7350111486836195,0,trader_request,0,1024,1,0,0
7350111486836195,0,trading_callback,0,1024,4,0,0
7350111486836195,0,trace,0,8192,26,0,0
7350111486836195,0,latency,0,4096,19,0,0
7350111486836195,1,market_ingress,0,1024,11,0,0
7350111486836195,1,trader_request,0,1024,1,0,0
7350111486836195,1,trading_callback,0,1024,4,0,0
7350111486836195,1,trace,0,8192,37,0,0
7350111486836195,1,latency,0,4096,15,0,0
7350111486836195,2,market_ingress,0,1024,9,0,0
7350111486836195,2,trader_request,0,1024,1,0,0
7350111486836195,2,trading_callback,0,1024,3,0,0
7350111486836195,2,trace,21,8192,27,7852914,0
7350111486836195,2,latency,0,4096,34,0,0
7350111486836195,3,market_ingress,0,1024,11,0,0
7350111486836195,3,trader_request,0,1024,3,0,0
7350111486836195,3,trading_callback,0,1024,5,0,0
7350111486836195,3,trace,0,8192,23,0,0
7350111486836195,3,latency,0,4096,24,0,0
7350111587402343,0,market_ingress,0,1024,9,0,0
7350111587402343,0,trader_request,0,1024,1,0,0
7350111587402343,0,trading_callback,0,1024,4,0,0
7350111587402343,0,trace,4,8192,26,420316,0
7350111587402343,0,latency,0,4096,19,0,0
7350111587402343,1,market_ingress,0,1024,11,0,0
7350111587402343,1,trader_request,0,1024,1,0,0
7350111587402343,1,trading_callback,0,1024,4,0,0
7350111587402343,1,trace,0,8192,37,0,0
7350111587402343,1,latency,0,4096,15,0,0
7350111587402343,2,market_ingress,0,1024,9,0,0
7350111587402343,2,trader_request,0,1024,1,0,0
7350111587402343,2,trading_callback,0,1024,3,0,0
7350111587402343,2,trace,0,8192,27,0,0
7350111587402343,2,latency,0,4096,34,0,0
7350111587402343,3,market_ingress,0,1024,11,0,0
7350111587402343,3,trader_request,0,1024,3,0,0
7350111587402343,3,trading_callback,0,1024,5,0,0
7350111587402343,3,trace,0,8192,23,0,0
7350111587402343,3,latency,0,4096,24,0,0
7350111687959717,0,market_ingress,0,1024,9,0,0
7350111687959717,0,trader_request,0,1024,1,0,0
7350111687959717,0,trading_callback,0,1024,4,0,0
7350111687959717,0,trace,3,8192,26,79778,0
7350111687959717,0,latency,0,4096,19,0,0
7350111687959717,1,market_ingress,0,1024,11,0,0
7350111687959717,1,trader_request,0,1024,1,0,0
7350111687959717,1,trading_callback,0,1024,4,0,0
7350111687959717,1,trace,0,8192,37,0,0
7350111687959717,1,latency,0,4096,15,0,0
7350111687959717,2,market_ingress,0,1024,9,0,0
7350111687959717,2,trader_request,0,1024,1,0,0
7350111687959717,2,trading_callback,0,1024,3,0,0
7350111687959717,2,trace,0,8192,27,0,0
7350111687959717,2,latency,0,4096,34,0,0
7350111687959717,3,market_ingress,0,1024,11,0,0
7350111687959717,3,trader_request,0,1024,3,0,0
7350111687959717,3,trading_callback,1,1024,5,2562,0
7350111687959717,3,trace,0,8192,23,0,0
7350111687959717,3,latency,0,4096,24,0,0
7350111788500249,0,market_ingress,0,1024,9,0,0
7350111788500249,0,trader_request,0,1024,1,0,0
7350111788500249,0,trading_callback,0,1024,4,0,0
7350111788500249,0,trace,0,8192,26,0,0
7350111788500249,0,latency,0,4096,19,0,0
7350111788500249,1,market_ingress,0,1024,11,0,0
7350111788500249,1,trader_request,0,1024,1,0,0
7350111788500249,1,trading_callback,0,1024,4,0,0
7350111788500249,1,trace,0,8192,37,0,0
7350111788500249,1,latency,0,4096,15,0,0
7350111788500249,2,market_ingress,0,1024,9,0,0
7350111788500249,2,trader_request,0,1024,1,0,0
7350111788500249,2,trading_callback,0,1024,3,0,0
7350111788500249,2,trace,0,8192,27,0,0
7350111788500249,2,latency,0,4096,34,0,0
7350111788500249,3,market_ingress,0,1024,11,0,0
7350111788500249,3,trader_request,0,1024,3,0,0
7350111788500249,3,trading_callback,0,1024,5,0,0
7350111788500249,3,trace,0,8192,23,0,0
7350111788500249,3,latency,0,4096,24,0,0
7350111889022497,0,market_ingress,0,1024,9,0,0
7350111889022497,0,trader_request,0,1024,1,0,0
7350111889022497,0,trading_callback,0,1024,4,0,0
7350111889022497,0,trace,0,8192,26,0,0
7350111889022497,0,latency,0,4096,19,0,0
7350111889022497,1,market_ingress,0,1024,11,0,0
7350111889022497,1,trader_request,0,1024,1,0,0
7350111889022497,1,trading_callback,0,1024,4,0,0
7350111889022497,1,trace,0,8192,37,0,0
7350111889022497,1,latency,0,4096,15,0,0
7350111889022497,2,market_ingress,0,1024,9,0,0
7350111889022497,2,trader_request,0,1024,1,0,0
7350111889022497,2,trading_callback,0,1024,3,0,0
7350111889022497,2,trace,0,8192,27,0,0
7350111889022497,2,latency,0,4096,34,0,0
7350111889022497,3,market_ingress,0,1024,11,0,0
7350111889022497,3,trader_request,0,1024,3,0,0
7350111889022497,3,trading_callback,0,1024,5,0,0
7350111889022497,3,trace,0,8192,23,0,0
7350111889022497,3,latency,0,4096,24,0,0
7350111989543685,0,market_ingress,0,1024,9,0,0
7350111989543685,0,trader_request,0,1024,1,0,0
7350111989543685,0,trading_callback,0,1024,4,0,0
7350111989543685,0,trace,0,8192,26,0,0
7350111989543685,0,latency,0,4096,19,0,0
7350111989543685,1,market_ingress,0,1024,11,0,0
7350111989543685,1,trader_request,0,1024,1,0,0
7350111989543685,1,trading_callback,0,1024,4,0,0
7350111989543685,1,trace,0,8192,37,0,0
7350111989543685,1,latency,0,4096,15,0,0
7350111989543685,2,market_ingress,0,1024,9,0,0
7350111989543685,2,trader_request,0,1024,1,0,0
7350111989543685,2,trading_callback,0,1024,3,0,0
7350111989543685,2,trace,0,8192,27,0,0
7350111989543685,2,latency,0,4096,34,0,0
7350111989543685,3,market_ingress,0,1024,11,0,0
7350111989543685,3,trader_request,0,1024,3,0,0
7350111989543685,3,trading_callback,0,1024,5,0,0
7350111989543685,3,trace,0,8192,23,0,0
7350111989543685,3,latency,0,4096,24,0,0
7350112090974801,0,market_ingress,0,1024,9,0,0
7350112090974801,0,trader_request,0,1024,1,0,0
7350112090974801,0,trading_callback,0,1024,4,0,0
7350112090974801,0,trace,0,8192,26,0,0
7350112090974801,0,latency,0,4096,19,0,0
7350112090974801,1,market_ingress,0,1024,11,0,0
7350112090974801,1,trader_request,0,1024,1,0,0
7350112090974801,1,trading_callback,0,1024,4,0,0
7350112090974801,1,trace,0,8192,37,0,0
7350112090974801,1,latency,0,4096,15,0,0
7350112090974801,2,market_ingress,0,1024,9,0,0
7350112090974801,2,trader_request,0,1024,1,0,0
7350112090974801,2,trading_callback,0,1024,3,0,0
7350112090974801,2,trace,0,8192,27,0,0
7350112090974801,2,latency,0,4096,34,0,0
7350112090974801,3,market_ingress,0,1024,11,0,0
7350112090974801,3,trader_request,0,1024,3,0,0
7350112090974801,3,trading_callback,1,1024,5,7429,0
7350112090974801,3,trace,0,8192,23,0,0
7350112090974801,3,latency,0,4096,24,0,0
7350112191500057,0,market_ingress,0,1024,9,0,0
7350112191500057,0,trader_request,0,1024,1,0,0
7350112191500057,0,trading_callback,0,1024,4,0,0
7350112191500057,0,trace,0,8192,26,0,0
7350112191500057,0,latency,0,4096,19,0,0
7350112191500057,1,market_ingress,0,1024,11,0,0
7350112191500057,1,trader_request,0,1024,1,0,0
7350112191500057,1,trading_callback,0,1024,4,0,0
7350112191500057,1,trace,0,8192,37,0,0
7350112191500057,1,latency,0,4096,15,0,0
7350112191500057,2,market_ingress,0,1024,9,0,0
7350112191500057,2,trader_request,0,1024,1,0,0
7350112191500057,2,trading_callback,0,1024,3,0,0
7350112191500057,2,trace,0,8192,27,0,0
7350112191500057,2,latency,0,4096,34,0,0
7350112191500057,3,market_ingress,0,1024,11,0,0
7350112191500057,3,trader_request,0,1024,3,0,0
7350112191500057,3,trading_callback,0,1024,5,0,0
7350112191500057,3,trace,0,8192,23,0,0
7350112191500057,3,latency,0,4096,24,0,0
7350112292015863,0,market_ingress,0,1024,9,0,0
7350112292015863,0,trader_request,0,1024,1,0,0
7350112292015863,0,trading_callback,0,1024,4,0,0
7350112292015863,0,trace,0,8192,26,0,0
7350112292015863,0,latency,0,4096,19,0,0
7350112292015863,1,market_ingress,0,1024,11,0,0
7350112292015863,1,trader_request,0,1024,1,0,0
7350112292015863,1,trading_callback,0,1024,4,0,0
7350112292015863,1,trace,0,8192,37,0,0
7350112292015863,1,latency,0,4096,15,0,0
7350112292015863,2,market_ingress,0,1024,9,0,0
7350112292015863,2,trader_request,0,1024,1,0,0
7350112292015863,2,trading_callback,0,1024,3,0,0
7350112292015863,2,trace,1,8192,27,129031,0
7350112292015863,2,latency,0,4096,34,0,0
7350112292015863,3,market_ingress,0,1024,11,0,0
7350112292015863,3,trader_request,0,1024,3,0,0
7350112292015863,3,trading_callback,0,1024,5,0,0
7350112292015863,3,trace,0,8192,23,0,0
7350112292015863,3,latency,0,4096,24,0,0
7350112392537394,0,market_ingress,0,1024,9,0,0
7350112392537394,0,trader_request,0,1024,1,0,0
7350112392537394,0,trading_callback,0,1024,4,0,0
7350112392537394,0,trace,0,8192,26,0,0
7350112392537394,0,latency,0,4096,19,0,0
7350112392537394,1,market_ingress,0,1024,11,0,0
7350112392537394,1,trader_request,0,1024,1,0,0
7350112392537394,1,trading_callback,0,1024,4,0,0
7350112392537394,1,trace,0,8192,37,0,0
7350112392537394,1,latency,0,4096,15,0,0
7350112392537394,2,market_ingress,0,1024,9,0,0
7350112392537394,2,trader_request,0,1024,1,0,0
7350112392537394,2,trading_callback,0,1024,3,0,0
7350112392537394,2,trace,0,8192,27,0,0
7350112392537394,2,latency,0,4096,34,0,0
7350112392537394,3,market_ingress,0,1024,11,0,0
7350112392537394,3,trader_request,0,1024,3,0,0
7350112392537394,3,trading_callback,0,1024,5,0,0
7350112392537394,3,trace,0,8192,23,0,0
7350112392537394,3,latency,0,4096,24,0,0
7350112493041497,0,market_ingress,0,1024,9,0,0
7350112493041497,0,trader_request,0,1024,1,0,0
7350112493041497,0,trading_callback,0,1024,4,0,0
7350112493041497,0,trace,0,8192,26,0,0
7350112493041497,0,latency,0,4096,19,0,0
7350112493041497,1,market_ingress,0,1024,11,0,0
7350112493041497,1,trader_request,0,1024,1,0,0
7350112493041497,1,trading_callback,0,1024,4,0,0
7350112493041497,1,trace,0,8192,37,0,0
7350112493041497,1,latency,0,4096,15,0,0
7350112493041497,2,market_ingress,0,1024,9,0,0
7350112493041497,2,trader_request,0,1024,1,0,0
7350112493041497,2,trading_callback,0,1024,3,0,0
7350112493041497,2,trace,0,8192,27,0,0
7350112493041497,2,latency,0,4096,34,0,0
7350112493041497,3,market_ingress,0,1024,11,0,0
7350112493041497,3,trader_request,0,1024,3,0,0
7350112493041497,3,trading_callback,0,1024,5,0,0
7350112493041497,3,trace,0,8192,23,0,0
7350112493041497,3,latency,0,4096,24,0,0
7350112593741894,0,market_ingress,0,1024,9,0,0
7350112593741894,0,trader_request,0,1024,1,0,0
7350112593741894,0,trading_callback,0,1024,4,0,0
7350112593741894,0,trace,0,8192,26,0,0
7350112593741894,0,latency,0,4096,19,0,0
7350112593741894,1,market_ingress,0,1024,11,0,0
7350112593741894,1,trader_request,0,1024,1,0,0
7350112593741894,1,trading_callback,0,1024,4,0,0
7350112593741894,1,trace,0,8192,37,0,0
7350112593741894,1,latency,0,4096,15,0,0
7350112593741894,2,market_ingress,0,1024,9,0,0
7350112593741894,2,trader_request,0,1024,1,0,0
7350112593741894,2,trading_callback,0,1024,3,0,0
7350112593741894,2,trace,0,8192,27,0,0
7350112593741894,2,latency,0,4096,34,0,0
7350112593741894,3,market_ingress,0,1024,11,0,0
7350112593741894,3,trader_request,0,1024,3,0,0
7350112593741894,3,trading_callback,0,1024,5,0,0
7350112593741894,3,trace,0,8192,23,0,0
7350112593741894,3,latency,0,4096,24,0,0
7350112694245970,0,market_ingress,0,1024,9,0,0
7350112694245970,0,trader_request,0,1024,1,0,0
7350112694245970,0,trading_callback,0,1024,4,0,0
7350112694245970,0,trace,0,8192,26,0,0
7350112694245970,0,latency,0,4096,19,0,0
7350112694245970,1,market_ingress,0,1024,11,0,0
7350112694245970,1,trader_request,0,1024,1,0,0
7350112694245970,1,trading_callback,0,1024,4,0,0
7350112694245970,1,trace,7,8192,37,353579,0
7350112694245970,1,latency,0,4096,15,0,0
7350112694245970,2,market_ingress,0,1024,9,0,0
7350112694245970,2,trader_request,0,1024,1,0,0
7350112694245970,2,trading_callback,0,1024,3,0,0
7350112694245970,2,trace,0,8192,27,0,0
7350112694245970,2,latency,0,4096,34,0,0
7350112694245970,3,market_ingress,0,1024,11,0,0
7350112694245970,3,trader_request,0,1024,3,0,0
7350112694245970,3,trading_callback,0,1024,5,0,0
7350112694245970,3,trace,0,8192,23,0,0
7350112694245970,3,latency,0,4096,24,0,0
7350112794790341,0,market_ingress,0,1024,9,0,0
7350112794790341,0,trader_request,0,1024,1,0,0
7350112794790341,0,trading_callback,0,1024,4,0,0
7350112794790341,0,trace,0,8192,26,0,0
7350112794790341,0,latency,0,4096,19,0,0
7350112794790341,1,market_ingress,0,1024,11,0,0
7350112794790341,1,trader_request,0,1024,1,0,0
7350112794790341,1,trading_callback,0,1024,4,0,0
7350112794790341,1,trace,0,8192,37,0,0
7350112794790341,1,latency,0,4096,15,0,0
7350112794790341,2,market_ingress,0,1024,9,0,0
7350112794790341,2,trader_request,0,1024,1,0,0
7350112794790341,2,trading_callback,0,1024,3,0,0
7350112794790341,2,trace,0,8192,27,0,0
7350112794790341,2,latency,0,4096,34,0,0
7350112794790341,3,market_ingress,0,1024,11,0,0
7350112794790341,3,trader_request,0,1024,3,0,0
7350112794790341,3,trading_callback,0,1024,5,0,0
7350112794790341,3,trace,0,8192,23,0,0
7350112794790341,3,latency,0,4096,24,0,0
7350112895299398,0,market_ingress,0,1024,9,0,0
7350112895299398,0,trader_request,0,1024,1,0,0
7350112895299398,0,trading_callback,0,1024,4,0,0
7350112895299398,0,trace,0,8192,29,0,0
7350112895299398,0,latency,0,4096,19,0,0
7350112895299398,1,market_ingress,0,1024,11,0,0
7350112895299398,1,trader_request,0,1024,1,0,0
7350112895299398,1,trading_callback,0,1024,4,0,0
7350112895299398,1,trace,1,8192,37,410362,0
7350112895299398,1,latency,0,4096,15,0,0
7350112895299398,2,market_ingress,0,1024,9,0,0
7350112895299398,2,trader_request,0,1024,1,0,0
7350112895299398,2,trading_callback,0,1024,3,0,0
7350112895299398,2,trace,0,8192,27,0,0
7350112895299398,2,latency,0,4096,34,0,0
7350112895299398,3,market_ingress,0,1024,11,0,0
7350112895299398,3,trader_request,0,1024,3,0,0
7350112895299398,3,trading_callback,0,1024,5,0,0
7350112895299398,3,trace,0,8192,23,0,0
7350112895299398,3,latency,0,4096,24,0,0
7350112995821736,0,market_ingress,0,1024,9,0,0
7350112995821736,0,trader_request,0,1024,1,0,0
7350112995821736,0,trading_callback,0,1024,4,0,0
7350112995821736,0,trace,0,8192,29,0,0
7350112995821736,0,latency,0,4096,19,0,0
7350112995821736,1,market_ingress,0,1024,11,0,0
7350112995821736,1,trader_request,0,1024,1,0,0
7350112995821736,1,trading_callback,0,1024,4,0,0
7350112995821736,1,trace,0,8192,37,0,0
7350112995821736,1,latency,0,4096,15,0,0
7350112995821736,2,market_ingress,0,1024,9,0,0
7350112995821736,2,trader_request,0,1024,1,0,0
7350112995821736,2,trading_callback,0,1024,3,0,0
7350112995821736,2,trace,0,8192,27,0,0
7350112995821736,2,latency,0,4096,34,0,0
7350112995821736,3,market_ingress,0,1024,11,0,0
7350112995821736,3,trader_request,0,1024,3,0,0
7350112995821736,3,trading_callback,0,1024,5,0,0
7350112995821736,3,trace,0,8192,23,0,0
7350112995821736,3,latency,0,4096,24,0,0
7350113096388945,0,market_ingress,0,1024,9,0,0
7350113096388945,0,trader_request,0,1024,1,0,0
7350113096388945,0,trading_callback,0,1024,4,0,0
7350113096388945,0,trace,0,8192,29,0,0
7350113096388945,0,latency,0,4096,19,0,0
7350113096388945,1,market_ingress,0,1024,11,0,0
7350113096388945,1,trader_request,0,1024,1,0,0
7350113096388945,1,trading_callback,0,1024,4,0,0
7350113096388945,1,trace,4,8192,37,373046,0
7350113096388945,1,latency,0,4096,15,0,0
7350113096388945,2,market_ingress,0,1024,9,0,0
7350113096388945,2,trader_request,0,1024,1,0,0
7350113096388945,2,trading_callback,0,1024,3,0,0
7350113096388945,2,trace,0,8192,27,0,0
7350113096388945,2,latency,0,4096,34,0,0
7350113096388945,3,market_ingress,0,1024,11,0,0
7350113096388945,3,trader_request,0,1024,3,0,0
7350113096388945,3,trading_callback,0,1024,5,0,0
7350113096388945,3,trace,0,8192,23,0,0
7350113096388945,3,latency,0,4096,24,0,0
7350113196881532,0,market_ingress,0,1024,9,0,0
7350113196881532,0,trader_request,0,1024,1,0,0
7350113196881532,0,trading_callback,0,1024,4,0,0
7350113196881532,0,trace,0,8192,29,0,0
7350113196881532,0,latency,0,4096,19,0,0
7350113196881532,1,market_ingress,0,1024,11,0,0
7350113196881532,1,trader_request,0,1024,1,0,0
7350113196881532,1,trading_callback,0,1024,4,0,0
7350113196881532,1,trace,0,8192,37,0,0
7350113196881532,1,latency,0,4096,15,0,0
7350113196881532,2,market_ingress,0,1024,9,0,0
7350113196881532,2,trader_request,0,1024,1,0,0
7350113196881532,2,trading_callback,0,1024,3,0,0
7350113196881532,2,trace,0,8192,27,0,0
7350113196881532,2,latency,0,4096,34,0,0
7350113196881532,3,market_ingress,0,1024,11,0,0
7350113196881532,3,trader_request,0,1024,3,0,0
7350113196881532,3,trading_callback,0,1024,5,0,0
7350113196881532,3,trace,0,8192,23,0,0
7350113196881532,3,latency,0,4096,24,0,0
7350113297363556,0,market_ingress,0,1024,9,0,0
7350113297363556,0,trader_request,0,1024,1,0,0
7350113297363556,0,trading_callback,0,1024,4,0,0
7350113297363556,0,trace,0,8192,29,0,0
7350113297363556,0,latency,0,4096,19,0,0
7350113297363556,1,market_ingress,0,1024,11,0,0
7350113297363556,1,trader_request,0,1024,1,0,0
7350113297363556,1,trading_callback,0,1024,4,0,0
7350113297363556,1,trace,4,8192,37,351373,0
7350113297363556,1,latency,0,4096,15,0,0
7350113297363556,2,market_ingress,0,1024,9,0,0
7350113297363556,2,trader_request,0,1024,1,0,0
7350113297363556,2,trading_callback,0,1024,3,0,0
7350113297363556,2,trace,0,8192,27,0,0
7350113297363556,2,latency,0,4096,34,0,0
7350113297363556,3,market_ingress,0,1024,11,0,0
7350113297363556,3,trader_request,0,1024,3,0,0
7350113297363556,3,trading_callback,0,1024,5,0,0
7350113297363556,3,trace,0,8192,23,0,0
7350113297363556,3,latency,0,4096,24,0,0
7350113397868566,0,market_ingress,0,1024,9,0,0
7350113397868566,0,trader_request,0,1024,1,0,0
7350113397868566,0,trading_callback,0,1024,4,0,0
7350113397868566,0,trace,0,8192,29,0,0
7350113397868566,0,latency,0,4096,19,0,0
7350113397868566,1,market_ingress,0,1024,11,0,0
7350113397868566,1,trader_request,0,1024,1,0,0
7350113397868566,1,trading_callback,0,1024,4,0,0
7350113397868566,1,trace,0,8192,37,0,0
7350113397868566,1,latency,0,4096,15,0,0
7350113397868566,2,market_ingress,0,1024,9,0,0
7350113397868566,2,trader_request,0,1024,1,0,0
7350113397868566,2,trading_callback,0,1024,3,0,0
7350113397868566,2,trace,0,8192,27,0,0
7350113397868566,2,latency,0,4096,34,0,0
7350113397868566,3,market_ingress,0,1024,11,0,0
7350113397868566,3,trader_request,0,1024,3,0,0
7350113397868566,3,trading_callback,0,1024,5,0,0
7350113397868566,3,trace,0,8192,23,0,0
7350113397868566,3,latency,0,4096,24,0,0
7350113498408118,0,market_ingress,0,1024,9,0,0
7350113498408118,0,trader_request,0,1024,1,0,0
7350113498408118,0,trading_callback,0,1024,4,0,0
7350113498408118,0,trace,0,8192,29,0,0
7350113498408118,0,latency,0,4096,19,0,0
7350113498408118,1,market_ingress,0,1024,11,0,0
7350113498408118,1,trader_request,0,1024,1,0,0
7350113498408118,1,trading_callback,0,1024,4,0,0
7350113498408118,1,trace,0,8192,37,0,0
7350113498408118,1,latency,0,4096,15,0,0
7350113498408118,2,market_ingress,0,1024,9,0,0
7350113498408118,2,trader_request,0,1024,1,0,0
7350113498408118,2,trading_callback,0,1024,3,0,0
7350113498408118,2,trace,0,8192,27,0,0
7350113498408118,2,latency,0,4096,34,0,0
7350113498408118,3,market_ingress,0,1024,11,0,0
7350113498408118,3,trader_request,0,1024,3,0,0
7350113498408118,3,trading_callback,0,1024,5,0,0
7350113498408118,3,trace,0,8192,23,0,0
7350113498408118,3,latency,0,4096,24,0,0
7350113598928250,0,market_ingress,0,1024,9,0,0
7350113598928250,0,trader_request,0,1024,1,0,0
7350113598928250,0,trading_callback,0,1024,4,0,0
7350113598928250,0,trace,0,8192,35,0,0
7350113598928250,0,latency,0,4096,19,0,0
7350113598928250,1,market_ingress,0,1024,11,0,0
7350113598928250,1,trader_request,0,1024,1,0,0
7350113598928250,1,trading_callback,0,1024,4,0,0
7350113598928250,1,trace,1,8192,37,7789,0
7350113598928250,1,latency,0,4096,15,0,0
7350113598928250,2,market_ingress,0,1024,9,0,0
7350113598928250,2,trader_request,0,1024,1,0,0
7350113598928250,2,trading_callback,0,1024,3,0,0
7350113598928250,2,trace,0,8192,35,0,0
7350113598928250,2,latency,0,4096,34,0,0
7350113598928250,3,market_ingress,0,1024,11,0,0
7350113598928250,3,trader_request,0,1024,3,0,0
7350113598928250,3,trading_callback,0,1024,5,0,0
7350113598928250,3,trace,0,8192,23,0,0
7350113598928250,3,latency,0,4096,24,0,0
7350113699420421,0,market_ingress,0,1024,9,0,0
7350113699420421,0,trader_request,0,1024,1,0,0
7350113699420421,0,trading_callback,0,1024,4,0,0
7350113699420421,0,trace,0,8192,35,0,0
7350113699420421,0,latency,0,4096,19,0,0
7350113699420421,1,market_ingress,0,1024,11,0,0
7350113699420421,1,trader_request,0,1024,1,0,0
7350113699420421,1,trading_callback,0,1024,4,0,0
7350113699420421,1,trace,4,8192,37,418905,0
7350113699420421,1,latency,0,4096,15,0,0
7350113699420421,2,market_ingress,0,1024,9,0,0
7350113699420421,2,trader_request,0,1024,1,0,0
7350113699420421,2,trading_callback,0,1024,3,0,0
7350113699420421,2,trace,0,8192,35,0,0
7350113699420421,2,latency,0,4096,34,0,0
7350113699420421,3,market_ingress,0,1024,11,0,0
7350113699420421,3,trader_request,0,1024,3,0,0
7350113699420421,3,trading_callback,0,1024,5,0,0
7350113699420421,3,trace,0,8192,23,0,0
7350113699420421,3,latency,0,4096,24,0,0
